station,variable,gap_start,gap_end,n_steps,duration_h,method_used,accepted,rejection_reason,n_values_imputed,imputed_timestamps,n_values_remaining,interstation_r2,source_station,distance_km,predictor_coverage,training_pairs,model_intercept,model_coefficient,acceptance_threshold,validation_scheme,n_donors,rejected_timestamps
CAMPO_DE_MARTE,TEMP,2025-03-11 22:00:00,2025-03-11 22:00:00,1,1,short_linear,True,,1,2025-03-11T22:00:00,0,,,,,,,,,,,
CAMPO_DE_MARTE,TEMP,2025-03-13 23:00:00,2025-03-13 23:00:00,1,1,short_linear,True,,1,2025-03-13T23:00:00,0,,,,,,,,,,,
CAMPO_DE_MARTE,TEMP,2025-04-01 16:00:00,2025-04-01 16:00:00,1,1,short_linear,True,,1,2025-04-01T16:00:00,0,,,,,,,,,,,
CAMPO_DE_MARTE,TEMP,2025-04-11 15:00:00,2025-04-11 15:00:00,1,1,short_linear,True,,1,2025-04-11T15:00:00,0,,,,,,,,,,,
CAMPO_DE_MARTE,TEMP,2025-05-04 18:00:00,2025-05-04 18:00:00,1,1,short_linear,True,,1,2025-05-04T18:00:00,0,,,,,,,,,,,
CAMPO_DE_MARTE,TEMP,2025-07-21 12:00:00,2025-07-21 13:00:00,2,2,short_linear,True,,2,2025-07-21T12:00:00|2025-07-21T13:00:00,0,,,,,,,,,,,
CAMPO_DE_MARTE,TEMP,2025-08-20 16:00:00,2025-08-20 16:00:00,1,1,short_linear,True,,1,2025-08-20T16:00:00,0,,,,,,,,,,,
CAMPO_DE_MARTE,TEMP,2025-08-22 04:00:00,2025-08-22 04:00:00,1,1,short_linear,True,,1,2025-08-22T04:00:00,0,,,,,,,,,,,
CAMPO_DE_MARTE,TEMP,2025-08-25 20:00:00,2025-08-25 22:00:00,3,3,short_linear,True,,3,2025-08-25T20:00:00|2025-08-25T21:00:00|2025-08-25T22:00:00,0,,,,,,,,,,,
CAMPO_DE_MARTE,TEMP,2025-08-26 02:00:00,2025-08-26 02:00:00,1,1,short_linear,True,,1,2025-08-26T02:00:00,0,,,,,,,,,,,
CAMPO_DE_MARTE,TEMP,2025-09-26 22:00:00,2025-10-01 16:00:00,115,115,weekly_seasonal,True,,115,2025-09-26T22:00:00|2025-09-26T23:00:00|2025-09-27T00:00:00|2025-09-27T01:00:00|2025-09-27T02:00:00|2025-09-27T03:00:00|2025-09-27T04:00:00|2025-09-27T05:00:00|2025-09-27T06:00:00|2025-09-27T07:00:00|2025-09-27T08:00:00|2025-09-27T09:00:00|2025-09-27T10:00:00|2025-09-27T11:00:00|2025-09-27T12:00:00|2025-09-27T13:00:00|2025-09-27T14:00:00|2025-09-27T15:00:00|2025-09-27T16:00:00|2025-09-27T17:00:00|2025-09-27T18:00:00|2025-09-27T19:00:00|2025-09-27T20:00:00|2025-09-27T21:00:00|2025-09-27T22:00:00|2025-09-27T23:00:00|2025-09-28T00:00:00|2025-09-28T01:00:00|2025-09-28T02:00:00|2025-09-28T03:00:00|2025-09-28T04:00:00|2025-09-28T05:00:00|2025-09-28T06:00:00|2025-09-28T07:00:00|2025-09-28T08:00:00|2025-09-28T09:00:00|2025-09-28T10:00:00|2025-09-28T11:00:00|2025-09-28T12:00:00|2025-09-28T13:00:00|2025-09-28T14:00:00|2025-09-28T15:00:00|2025-09-28T16:00:00|2025-09-28T17:00:00|2025-09-28T18:00:00|2025-09-28T19:00:00|2025-09-28T20:00:00|2025-09-28T21:00:00|2025-09-28T22:00:00|2025-09-28T23:00:00|2025-09-29T00:00:00|2025-09-29T01:00:00|2025-09-29T02:00:00|2025-09-29T03:00:00|2025-09-29T04:00:00|2025-09-29T05:00:00|2025-09-29T06:00:00|2025-09-29T07:00:00|2025-09-29T08:00:00|2025-09-29T09:00:00|2025-09-29T10:00:00|2025-09-29T11:00:00|2025-09-29T12:00:00|2025-09-29T13:00:00|2025-09-29T14:00:00|2025-09-29T15:00:00|2025-09-29T16:00:00|2025-09-29T17:00:00|2025-09-29T18:00:00|2025-09-29T19:00:00|2025-09-29T20:00:00|2025-09-29T21:00:00|2025-09-29T22:00:00|2025-09-29T23:00:00|2025-09-30T00:00:00|2025-09-30T01:00:00|2025-09-30T02:00:00|2025-09-30T03:00:00|2025-09-30T04:00:00|2025-09-30T05:00:00|2025-09-30T06:00:00|2025-09-30T07:00:00|2025-09-30T08:00:00|2025-09-30T09:00:00|2025-09-30T10:00:00|2025-09-30T11:00:00|2025-09-30T12:00:00|2025-09-30T13:00:00|2025-09-30T14:00:00|2025-09-30T15:00:00|2025-09-30T16:00:00|2025-09-30T17:00:00|2025-09-30T18:00:00|2025-09-30T19:00:00|2025-09-30T20:00:00|2025-09-30T21:00:00|2025-09-30T22:00:00|2025-09-30T23:00:00|2025-10-01T00:00:00|2025-10-01T01:00:00|2025-10-01T02:00:00|2025-10-01T03:00:00|2025-10-01T04:00:00|2025-10-01T05:00:00|2025-10-01T06:00:00|2025-10-01T07:00:00|2025-10-01T08:00:00|2025-10-01T09:00:00|2025-10-01T10:00:00|2025-10-01T11:00:00|2025-10-01T12:00:00|2025-10-01T13:00:00|2025-10-01T14:00:00|2025-10-01T15:00:00|2025-10-01T16:00:00,0,,,,,,,,,,4.0,
CAMPO_DE_MARTE,TEMP,2025-10-28 08:00:00,2025-10-28 08:00:00,1,1,short_linear,True,,1,2025-10-28T08:00:00,0,,,,,,,,,,,
CAMPO_DE_MARTE,TEMP,2025-12-07 00:00:00,2025-12-07 00:00:00,1,1,short_linear,True,,1,2025-12-07T00:00:00,0,,,,,,,,,,,
CAMPO_DE_MARTE,TEMP,2026-01-04 20:00:00,2026-01-04 20:00:00,1,1,short_linear,True,,1,2026-01-04T20:00:00,0,,,,,,,,,,,
CAMPO_DE_MARTE,TEMP,2026-02-03 07:00:00,2026-02-03 07:00:00,1,1,short_linear,True,,1,2026-02-03T07:00:00,0,,,,,,,,,,,
CAMPO_DE_MARTE,TEMP,2026-02-11 01:00:00,2026-02-11 03:00:00,3,3,short_linear,True,,3,2026-02-11T01:00:00|2026-02-11T02:00:00|2026-02-11T03:00:00,0,,,,,,,,,,,
CAMPO_DE_MARTE,TEMP,2026-03-08 13:00:00,2026-03-08 13:00:00,1,1,short_linear,True,,1,2026-03-08T13:00:00,0,,,,,,,,,,,
CAMPO_DE_MARTE,TEMP,2026-03-25 11:00:00,2026-03-27 11:00:00,49,49,weekly_seasonal,True,,49,2026-03-25T11:00:00|2026-03-25T12:00:00|2026-03-25T13:00:00|2026-03-25T14:00:00|2026-03-25T15:00:00|2026-03-25T16:00:00|2026-03-25T17:00:00|2026-03-25T18:00:00|2026-03-25T19:00:00|2026-03-25T20:00:00|2026-03-25T21:00:00|2026-03-25T22:00:00|2026-03-25T23:00:00|2026-03-26T00:00:00|2026-03-26T01:00:00|2026-03-26T02:00:00|2026-03-26T03:00:00|2026-03-26T04:00:00|2026-03-26T05:00:00|2026-03-26T06:00:00|2026-03-26T07:00:00|2026-03-26T08:00:00|2026-03-26T09:00:00|2026-03-26T10:00:00|2026-03-26T11:00:00|2026-03-26T12:00:00|2026-03-26T13:00:00|2026-03-26T14:00:00|2026-03-26T15:00:00|2026-03-26T16:00:00|2026-03-26T17:00:00|2026-03-26T18:00:00|2026-03-26T19:00:00|2026-03-26T20:00:00|2026-03-26T21:00:00|2026-03-26T22:00:00|2026-03-26T23:00:00|2026-03-27T00:00:00|2026-03-27T01:00:00|2026-03-27T02:00:00|2026-03-27T03:00:00|2026-03-27T04:00:00|2026-03-27T05:00:00|2026-03-27T06:00:00|2026-03-27T07:00:00|2026-03-27T08:00:00|2026-03-27T09:00:00|2026-03-27T10:00:00|2026-03-27T11:00:00,0,,,,,,,,,,4.0,
CAMPO_DE_MARTE,TEMP,2026-03-27 14:00:00,2026-03-27 18:00:00,5,5,weekly_seasonal,True,,5,2026-03-27T14:00:00|2026-03-27T15:00:00|2026-03-27T16:00:00|2026-03-27T17:00:00|2026-03-27T18:00:00,0,,,,,,,,,,3.0,
CAMPO_DE_MARTE,TEMP,2026-04-10 15:00:00,2026-04-10 15:00:00,1,1,short_linear,True,,1,2026-04-10T15:00:00,0,,,,,,,,,,,
CAMPO_DE_MARTE,TEMP,2026-04-23 19:00:00,2026-04-23 19:00:00,1,1,short_linear,True,,1,2026-04-23T19:00:00,0,,,,,,,,,,,
CAMPO_DE_MARTE,TEMP,2026-05-07 08:00:00,2026-05-07 08:00:00,1,1,short_linear,True,,1,2026-05-07T08:00:00,0,,,,,,,,,,,
CAMPO_DE_MARTE,TEMP,2026-05-07 15:00:00,2026-05-07 16:00:00,2,2,short_linear,True,,2,2026-05-07T15:00:00|2026-05-07T16:00:00,0,,,,,,,,,,,
CAMPO_DE_MARTE,HR,2025-03-11 22:00:00,2025-03-11 22:00:00,1,1,short_linear,True,,1,2025-03-11T22:00:00,0,,,,,,,,,,,
CAMPO_DE_MARTE,HR,2025-03-13 23:00:00,2025-03-13 23:00:00,1,1,short_linear,True,,1,2025-03-13T23:00:00,0,,,,,,,,,,,
CAMPO_DE_MARTE,HR,2025-04-01 16:00:00,2025-04-01 16:00:00,1,1,short_linear,True,,1,2025-04-01T16:00:00,0,,,,,,,,,,,
CAMPO_DE_MARTE,HR,2025-04-11 15:00:00,2025-04-11 15:00:00,1,1,short_linear,True,,1,2025-04-11T15:00:00,0,,,,,,,,,,,
CAMPO_DE_MARTE,HR,2025-05-04 18:00:00,2025-05-04 18:00:00,1,1,short_linear,True,,1,2025-05-04T18:00:00,0,,,,,,,,,,,
CAMPO_DE_MARTE,HR,2025-07-21 12:00:00,2025-07-21 13:00:00,2,2,short_linear,True,,2,2025-07-21T12:00:00|2025-07-21T13:00:00,0,,,,,,,,,,,
CAMPO_DE_MARTE,HR,2025-08-20 16:00:00,2025-08-20 16:00:00,1,1,short_linear,True,,1,2025-08-20T16:00:00,0,,,,,,,,,,,
CAMPO_DE_MARTE,HR,2025-08-22 04:00:00,2025-08-22 04:00:00,1,1,short_linear,True,,1,2025-08-22T04:00:00,0,,,,,,,,,,,
CAMPO_DE_MARTE,HR,2025-08-25 20:00:00,2025-08-25 22:00:00,3,3,short_linear,True,,3,2025-08-25T20:00:00|2025-08-25T21:00:00|2025-08-25T22:00:00,0,,,,,,,,,,,
CAMPO_DE_MARTE,HR,2025-08-26 02:00:00,2025-08-26 02:00:00,1,1,short_linear,True,,1,2025-08-26T02:00:00,0,,,,,,,,,,,
CAMPO_DE_MARTE,HR,2025-09-26 22:00:00,2025-10-01 16:00:00,115,115,weekly_seasonal,True,,115,2025-09-26T22:00:00|2025-09-26T23:00:00|2025-09-27T00:00:00|2025-09-27T01:00:00|2025-09-27T02:00:00|2025-09-27T03:00:00|2025-09-27T04:00:00|2025-09-27T05:00:00|2025-09-27T06:00:00|2025-09-27T07:00:00|2025-09-27T08:00:00|2025-09-27T09:00:00|2025-09-27T10:00:00|2025-09-27T11:00:00|2025-09-27T12:00:00|2025-09-27T13:00:00|2025-09-27T14:00:00|2025-09-27T15:00:00|2025-09-27T16:00:00|2025-09-27T17:00:00|2025-09-27T18:00:00|2025-09-27T19:00:00|2025-09-27T20:00:00|2025-09-27T21:00:00|2025-09-27T22:00:00|2025-09-27T23:00:00|2025-09-28T00:00:00|2025-09-28T01:00:00|2025-09-28T02:00:00|2025-09-28T03:00:00|2025-09-28T04:00:00|2025-09-28T05:00:00|2025-09-28T06:00:00|2025-09-28T07:00:00|2025-09-28T08:00:00|2025-09-28T09:00:00|2025-09-28T10:00:00|2025-09-28T11:00:00|2025-09-28T12:00:00|2025-09-28T13:00:00|2025-09-28T14:00:00|2025-09-28T15:00:00|2025-09-28T16:00:00|2025-09-28T17:00:00|2025-09-28T18:00:00|2025-09-28T19:00:00|2025-09-28T20:00:00|2025-09-28T21:00:00|2025-09-28T22:00:00|2025-09-28T23:00:00|2025-09-29T00:00:00|2025-09-29T01:00:00|2025-09-29T02:00:00|2025-09-29T03:00:00|2025-09-29T04:00:00|2025-09-29T05:00:00|2025-09-29T06:00:00|2025-09-29T07:00:00|2025-09-29T08:00:00|2025-09-29T09:00:00|2025-09-29T10:00:00|2025-09-29T11:00:00|2025-09-29T12:00:00|2025-09-29T13:00:00|2025-09-29T14:00:00|2025-09-29T15:00:00|2025-09-29T16:00:00|2025-09-29T17:00:00|2025-09-29T18:00:00|2025-09-29T19:00:00|2025-09-29T20:00:00|2025-09-29T21:00:00|2025-09-29T22:00:00|2025-09-29T23:00:00|2025-09-30T00:00:00|2025-09-30T01:00:00|2025-09-30T02:00:00|2025-09-30T03:00:00|2025-09-30T04:00:00|2025-09-30T05:00:00|2025-09-30T06:00:00|2025-09-30T07:00:00|2025-09-30T08:00:00|2025-09-30T09:00:00|2025-09-30T10:00:00|2025-09-30T11:00:00|2025-09-30T12:00:00|2025-09-30T13:00:00|2025-09-30T14:00:00|2025-09-30T15:00:00|2025-09-30T16:00:00|2025-09-30T17:00:00|2025-09-30T18:00:00|2025-09-30T19:00:00|2025-09-30T20:00:00|2025-09-30T21:00:00|2025-09-30T22:00:00|2025-09-30T23:00:00|2025-10-01T00:00:00|2025-10-01T01:00:00|2025-10-01T02:00:00|2025-10-01T03:00:00|2025-10-01T04:00:00|2025-10-01T05:00:00|2025-10-01T06:00:00|2025-10-01T07:00:00|2025-10-01T08:00:00|2025-10-01T09:00:00|2025-10-01T10:00:00|2025-10-01T11:00:00|2025-10-01T12:00:00|2025-10-01T13:00:00|2025-10-01T14:00:00|2025-10-01T15:00:00|2025-10-01T16:00:00,0,,,,,,,,,,4.0,
CAMPO_DE_MARTE,HR,2025-10-28 08:00:00,2025-10-28 08:00:00,1,1,short_linear,True,,1,2025-10-28T08:00:00,0,,,,,,,,,,,
CAMPO_DE_MARTE,HR,2025-12-07 00:00:00,2025-12-07 00:00:00,1,1,short_linear,True,,1,2025-12-07T00:00:00,0,,,,,,,,,,,
CAMPO_DE_MARTE,HR,2026-01-04 20:00:00,2026-01-04 20:00:00,1,1,short_linear,True,,1,2026-01-04T20:00:00,0,,,,,,,,,,,
CAMPO_DE_MARTE,HR,2026-02-11 01:00:00,2026-02-11 03:00:00,3,3,short_linear,True,,3,2026-02-11T01:00:00|2026-02-11T02:00:00|2026-02-11T03:00:00,0,,,,,,,,,,,
CAMPO_DE_MARTE,HR,2026-03-08 13:00:00,2026-03-08 13:00:00,1,1,short_linear,True,,1,2026-03-08T13:00:00,0,,,,,,,,,,,
CAMPO_DE_MARTE,HR,2026-03-25 11:00:00,2026-03-27 11:00:00,49,49,weekly_seasonal,True,,49,2026-03-25T11:00:00|2026-03-25T12:00:00|2026-03-25T13:00:00|2026-03-25T14:00:00|2026-03-25T15:00:00|2026-03-25T16:00:00|2026-03-25T17:00:00|2026-03-25T18:00:00|2026-03-25T19:00:00|2026-03-25T20:00:00|2026-03-25T21:00:00|2026-03-25T22:00:00|2026-03-25T23:00:00|2026-03-26T00:00:00|2026-03-26T01:00:00|2026-03-26T02:00:00|2026-03-26T03:00:00|2026-03-26T04:00:00|2026-03-26T05:00:00|2026-03-26T06:00:00|2026-03-26T07:00:00|2026-03-26T08:00:00|2026-03-26T09:00:00|2026-03-26T10:00:00|2026-03-26T11:00:00|2026-03-26T12:00:00|2026-03-26T13:00:00|2026-03-26T14:00:00|2026-03-26T15:00:00|2026-03-26T16:00:00|2026-03-26T17:00:00|2026-03-26T18:00:00|2026-03-26T19:00:00|2026-03-26T20:00:00|2026-03-26T21:00:00|2026-03-26T22:00:00|2026-03-26T23:00:00|2026-03-27T00:00:00|2026-03-27T01:00:00|2026-03-27T02:00:00|2026-03-27T03:00:00|2026-03-27T04:00:00|2026-03-27T05:00:00|2026-03-27T06:00:00|2026-03-27T07:00:00|2026-03-27T08:00:00|2026-03-27T09:00:00|2026-03-27T10:00:00|2026-03-27T11:00:00,0,,,,,,,,,,4.0,
CAMPO_DE_MARTE,HR,2026-03-27 14:00:00,2026-03-27 18:00:00,5,5,weekly_seasonal,True,,5,2026-03-27T14:00:00|2026-03-27T15:00:00|2026-03-27T16:00:00|2026-03-27T17:00:00|2026-03-27T18:00:00,0,,,,,,,,,,3.0,
CAMPO_DE_MARTE,HR,2026-04-10 15:00:00,2026-04-10 15:00:00,1,1,short_linear,True,,1,2026-04-10T15:00:00,0,,,,,,,,,,,
CAMPO_DE_MARTE,HR,2026-04-23 19:00:00,2026-04-23 19:00:00,1,1,short_linear,True,,1,2026-04-23T19:00:00,0,,,,,,,,,,,
CAMPO_DE_MARTE,HR,2026-05-07 08:00:00,2026-05-07 08:00:00,1,1,short_linear,True,,1,2026-05-07T08:00:00,0,,,,,,,,,,,
CAMPO_DE_MARTE,HR,2026-05-07 15:00:00,2026-05-07 16:00:00,2,2,short_linear,True,,2,2026-05-07T15:00:00|2026-05-07T16:00:00,0,,,,,,,,,,,
CAMPO_DE_MARTE,PP,2025-01-23 22:00:00,2025-01-23 22:00:00,1,1,short_zero,True,,1,2025-01-23T22:00:00,0,,,,,,,,,,,
CAMPO_DE_MARTE,PP,2025-01-30 22:00:00,2025-01-30 22:00:00,1,1,short_zero,True,,1,2025-01-30T22:00:00,0,,,,,,,,,,,
CAMPO_DE_MARTE,PP,2025-01-31 22:00:00,2025-01-31 22:00:00,1,1,short_zero,True,,1,2025-01-31T22:00:00,0,,,,,,,,,,,
CAMPO_DE_MARTE,PP,2025-03-02 21:00:00,2025-03-02 21:00:00,1,1,short_zero,True,,1,2025-03-02T21:00:00,0,,,,,,,,,,,
CAMPO_DE_MARTE,PP,2025-03-13 21:00:00,2025-03-13 21:00:00,1,1,short_zero,True,,1,2025-03-13T21:00:00,0,,,,,,,,,,,
CAMPO_DE_MARTE,PP,2025-03-13 23:00:00,2025-03-13 23:00:00,1,1,short_zero,True,,1,2025-03-13T23:00:00,0,,,,,,,,,,,
CAMPO_DE_MARTE,PP,2025-04-01 16:00:00,2025-04-01 16:00:00,1,1,short_zero,True,,1,2025-04-01T16:00:00,0,,,,,,,,,,,
CAMPO_DE_MARTE,PP,2025-04-11 15:00:00,2025-04-11 15:00:00,1,1,short_zero,True,,1,2025-04-11T15:00:00,0,,,,,,,,,,,
CAMPO_DE_MARTE,PP,2025-05-04 18:00:00,2025-05-04 18:00:00,1,1,short_zero,True,,1,2025-05-04T18:00:00,0,,,,,,,,,,,
CAMPO_DE_MARTE,PP,2025-07-21 12:00:00,2025-07-21 13:00:00,2,2,short_zero,True,,2,2025-07-21T12:00:00|2025-07-21T13:00:00,0,,,,,,,,,,,
CAMPO_DE_MARTE,PP,2025-08-20 16:00:00,2025-08-20 16:00:00,1,1,short_zero,True,,1,2025-08-20T16:00:00,0,,,,,,,,,,,
CAMPO_DE_MARTE,PP,2025-08-22 04:00:00,2025-08-22 04:00:00,1,1,short_linear,True,,1,2025-08-22T04:00:00,0,,,,,,,,,,,
CAMPO_DE_MARTE,PP,2025-08-25 20:00:00,2025-08-25 22:00:00,3,3,short_zero,True,,3,2025-08-25T20:00:00|2025-08-25T21:00:00|2025-08-25T22:00:00,0,,,,,,,,,,,
CAMPO_DE_MARTE,PP,2025-08-26 02:00:00,2025-08-26 02:00:00,1,1,short_zero,True,,1,2025-08-26T02:00:00,0,,,,,,,,,,,
CAMPO_DE_MARTE,PP,2025-09-26 22:00:00,2025-10-01 16:00:00,115,115,weekly_seasonal,True,,115,2025-09-26T22:00:00|2025-09-26T23:00:00|2025-09-27T00:00:00|2025-09-27T01:00:00|2025-09-27T02:00:00|2025-09-27T03:00:00|2025-09-27T04:00:00|2025-09-27T05:00:00|2025-09-27T06:00:00|2025-09-27T07:00:00|2025-09-27T08:00:00|2025-09-27T09:00:00|2025-09-27T10:00:00|2025-09-27T11:00:00|2025-09-27T12:00:00|2025-09-27T13:00:00|2025-09-27T14:00:00|2025-09-27T15:00:00|2025-09-27T16:00:00|2025-09-27T17:00:00|2025-09-27T18:00:00|2025-09-27T19:00:00|2025-09-27T20:00:00|2025-09-27T21:00:00|2025-09-27T22:00:00|2025-09-27T23:00:00|2025-09-28T00:00:00|2025-09-28T01:00:00|2025-09-28T02:00:00|2025-09-28T03:00:00|2025-09-28T04:00:00|2025-09-28T05:00:00|2025-09-28T06:00:00|2025-09-28T07:00:00|2025-09-28T08:00:00|2025-09-28T09:00:00|2025-09-28T10:00:00|2025-09-28T11:00:00|2025-09-28T12:00:00|2025-09-28T13:00:00|2025-09-28T14:00:00|2025-09-28T15:00:00|2025-09-28T16:00:00|2025-09-28T17:00:00|2025-09-28T18:00:00|2025-09-28T19:00:00|2025-09-28T20:00:00|2025-09-28T21:00:00|2025-09-28T22:00:00|2025-09-28T23:00:00|2025-09-29T00:00:00|2025-09-29T01:00:00|2025-09-29T02:00:00|2025-09-29T03:00:00|2025-09-29T04:00:00|2025-09-29T05:00:00|2025-09-29T06:00:00|2025-09-29T07:00:00|2025-09-29T08:00:00|2025-09-29T09:00:00|2025-09-29T10:00:00|2025-09-29T11:00:00|2025-09-29T12:00:00|2025-09-29T13:00:00|2025-09-29T14:00:00|2025-09-29T15:00:00|2025-09-29T16:00:00|2025-09-29T17:00:00|2025-09-29T18:00:00|2025-09-29T19:00:00|2025-09-29T20:00:00|2025-09-29T21:00:00|2025-09-29T22:00:00|2025-09-29T23:00:00|2025-09-30T00:00:00|2025-09-30T01:00:00|2025-09-30T02:00:00|2025-09-30T03:00:00|2025-09-30T04:00:00|2025-09-30T05:00:00|2025-09-30T06:00:00|2025-09-30T07:00:00|2025-09-30T08:00:00|2025-09-30T09:00:00|2025-09-30T10:00:00|2025-09-30T11:00:00|2025-09-30T12:00:00|2025-09-30T13:00:00|2025-09-30T14:00:00|2025-09-30T15:00:00|2025-09-30T16:00:00|2025-09-30T17:00:00|2025-09-30T18:00:00|2025-09-30T19:00:00|2025-09-30T20:00:00|2025-09-30T21:00:00|2025-09-30T22:00:00|2025-09-30T23:00:00|2025-10-01T00:00:00|2025-10-01T01:00:00|2025-10-01T02:00:00|2025-10-01T03:00:00|2025-10-01T04:00:00|2025-10-01T05:00:00|2025-10-01T06:00:00|2025-10-01T07:00:00|2025-10-01T08:00:00|2025-10-01T09:00:00|2025-10-01T10:00:00|2025-10-01T11:00:00|2025-10-01T12:00:00|2025-10-01T13:00:00|2025-10-01T14:00:00|2025-10-01T15:00:00|2025-10-01T16:00:00,0,,,,,,,,,,4.0,
CAMPO_DE_MARTE,PP,2025-12-07 00:00:00,2025-12-07 00:00:00,1,1,short_zero,True,,1,2025-12-07T00:00:00,0,,,,,,,,,,,
CAMPO_DE_MARTE,PP,2026-01-04 20:00:00,2026-01-04 20:00:00,1,1,short_zero,True,,1,2026-01-04T20:00:00,0,,,,,,,,,,,
CAMPO_DE_MARTE,PP,2026-02-10 21:00:00,2026-02-10 21:00:00,1,1,short_zero,True,,1,2026-02-10T21:00:00,0,,,,,,,,,,,
CAMPO_DE_MARTE,PP,2026-02-11 01:00:00,2026-02-11 03:00:00,3,3,short_zero,True,,3,2026-02-11T01:00:00|2026-02-11T02:00:00|2026-02-11T03:00:00,0,,,,,,,,,,,
CAMPO_DE_MARTE,PP,2026-03-08 13:00:00,2026-03-08 13:00:00,1,1,short_zero,True,,1,2026-03-08T13:00:00,0,,,,,,,,,,,
CAMPO_DE_MARTE,PP,2026-03-25 11:00:00,2026-03-27 11:00:00,49,49,weekly_seasonal,True,,49,2026-03-25T11:00:00|2026-03-25T12:00:00|2026-03-25T13:00:00|2026-03-25T14:00:00|2026-03-25T15:00:00|2026-03-25T16:00:00|2026-03-25T17:00:00|2026-03-25T18:00:00|2026-03-25T19:00:00|2026-03-25T20:00:00|2026-03-25T21:00:00|2026-03-25T22:00:00|2026-03-25T23:00:00|2026-03-26T00:00:00|2026-03-26T01:00:00|2026-03-26T02:00:00|2026-03-26T03:00:00|2026-03-26T04:00:00|2026-03-26T05:00:00|2026-03-26T06:00:00|2026-03-26T07:00:00|2026-03-26T08:00:00|2026-03-26T09:00:00|2026-03-26T10:00:00|2026-03-26T11:00:00|2026-03-26T12:00:00|2026-03-26T13:00:00|2026-03-26T14:00:00|2026-03-26T15:00:00|2026-03-26T16:00:00|2026-03-26T17:00:00|2026-03-26T18:00:00|2026-03-26T19:00:00|2026-03-26T20:00:00|2026-03-26T21:00:00|2026-03-26T22:00:00|2026-03-26T23:00:00|2026-03-27T00:00:00|2026-03-27T01:00:00|2026-03-27T02:00:00|2026-03-27T03:00:00|2026-03-27T04:00:00|2026-03-27T05:00:00|2026-03-27T06:00:00|2026-03-27T07:00:00|2026-03-27T08:00:00|2026-03-27T09:00:00|2026-03-27T10:00:00|2026-03-27T11:00:00,0,,,,,,,,,,4.0,
CAMPO_DE_MARTE,PP,2026-03-27 14:00:00,2026-03-27 18:00:00,5,5,weekly_seasonal,True,,5,2026-03-27T14:00:00|2026-03-27T15:00:00|2026-03-27T16:00:00|2026-03-27T17:00:00|2026-03-27T18:00:00,0,,,,,,,,,,3.0,
CAMPO_DE_MARTE,PP,2026-04-10 15:00:00,2026-04-10 15:00:00,1,1,short_zero,True,,1,2026-04-10T15:00:00,0,,,,,,,,,,,
CAMPO_DE_MARTE,PP,2026-04-20 06:00:00,2026-04-20 06:00:00,1,1,short_zero,True,,1,2026-04-20T06:00:00,0,,,,,,,,,,,
CAMPO_DE_MARTE,PP,2026-05-07 08:00:00,2026-05-07 08:00:00,1,1,short_zero,True,,1,2026-05-07T08:00:00,0,,,,,,,,,,,
CAMPO_DE_MARTE,PP,2026-05-07 15:00:00,2026-05-07 16:00:00,2,2,short_zero,True,,2,2026-05-07T15:00:00|2026-05-07T16:00:00,0,,,,,,,,,,,
CAMPO_DE_MARTE,DIR_VIENTO,2025-01-23 22:00:00,2025-01-23 22:00:00,1,1,short_vector_linear,True,,1,2025-01-23T22:00:00,0,,,,,,,,,,,
CAMPO_DE_MARTE,VEL_VIENTO,2025-01-23 22:00:00,2025-01-23 22:00:00,1,1,short_vector_linear,True,,1,2025-01-23T22:00:00,0,,,,,,,,,,,
CAMPO_DE_MARTE,DIR_VIENTO,2025-01-30 22:00:00,2025-01-30 22:00:00,1,1,short_vector_linear,True,,1,2025-01-30T22:00:00,0,,,,,,,,,,,
CAMPO_DE_MARTE,VEL_VIENTO,2025-01-30 22:00:00,2025-01-30 22:00:00,1,1,short_vector_linear,True,,1,2025-01-30T22:00:00,0,,,,,,,,,,,
CAMPO_DE_MARTE,DIR_VIENTO,2025-03-13 21:00:00,2025-03-13 21:00:00,1,1,short_vector_linear,True,,1,2025-03-13T21:00:00,0,,,,,,,,,,,
CAMPO_DE_MARTE,VEL_VIENTO,2025-03-13 21:00:00,2025-03-13 21:00:00,1,1,short_vector_linear,True,,1,2025-03-13T21:00:00,0,,,,,,,,,,,
CAMPO_DE_MARTE,DIR_VIENTO,2025-03-13 23:00:00,2025-03-13 23:00:00,1,1,short_vector_linear,True,,1,2025-03-13T23:00:00,0,,,,,,,,,,,
CAMPO_DE_MARTE,VEL_VIENTO,2025-03-13 23:00:00,2025-03-13 23:00:00,1,1,short_vector_linear,True,,1,2025-03-13T23:00:00,0,,,,,,,,,,,
CAMPO_DE_MARTE,DIR_VIENTO,2025-03-31 19:00:00,2025-03-31 19:00:00,1,1,short_vector_linear,True,,1,2025-03-31T19:00:00,0,,,,,,,,,,,
CAMPO_DE_MARTE,VEL_VIENTO,2025-03-31 19:00:00,2025-03-31 19:00:00,1,1,short_vector_linear,True,,1,2025-03-31T19:00:00,0,,,,,,,,,,,
CAMPO_DE_MARTE,DIR_VIENTO,2025-04-01 16:00:00,2025-04-01 16:00:00,1,1,short_vector_linear,True,,1,2025-04-01T16:00:00,0,,,,,,,,,,,
CAMPO_DE_MARTE,VEL_VIENTO,2025-04-01 16:00:00,2025-04-01 16:00:00,1,1,short_vector_linear,True,,1,2025-04-01T16:00:00,0,,,,,,,,,,,
CAMPO_DE_MARTE,DIR_VIENTO,2025-04-11 15:00:00,2025-04-11 16:00:00,2,2,short_vector_linear,True,,2,2025-04-11T15:00:00|2025-04-11T16:00:00,0,,,,,,,,,,,
CAMPO_DE_MARTE,VEL_VIENTO,2025-04-11 15:00:00,2025-04-11 16:00:00,2,2,short_vector_linear,True,,2,2025-04-11T15:00:00|2025-04-11T16:00:00,0,,,,,,,,,,,
CAMPO_DE_MARTE,DIR_VIENTO,2025-05-04 18:00:00,2025-05-04 18:00:00,1,1,short_vector_linear,True,,1,2025-05-04T18:00:00,0,,,,,,,,,,,
CAMPO_DE_MARTE,VEL_VIENTO,2025-05-04 18:00:00,2025-05-04 18:00:00,1,1,short_vector_linear,True,,1,2025-05-04T18:00:00,0,,,,,,,,,,,
CAMPO_DE_MARTE,DIR_VIENTO,2025-05-09 15:00:00,2025-05-09 15:00:00,1,1,short_vector_linear,True,,1,2025-05-09T15:00:00,0,,,,,,,,,,,
CAMPO_DE_MARTE,VEL_VIENTO,2025-05-09 15:00:00,2025-05-09 15:00:00,1,1,short_vector_linear,True,,1,2025-05-09T15:00:00,0,,,,,,,,,,,
CAMPO_DE_MARTE,DIR_VIENTO,2025-07-21 12:00:00,2025-07-21 13:00:00,2,2,short_vector_linear,True,,2,2025-07-21T12:00:00|2025-07-21T13:00:00,0,,,,,,,,,,,
CAMPO_DE_MARTE,VEL_VIENTO,2025-07-21 12:00:00,2025-07-21 13:00:00,2,2,short_vector_linear,True,,2,2025-07-21T12:00:00|2025-07-21T13:00:00,0,,,,,,,,,,,
CAMPO_DE_MARTE,DIR_VIENTO,2025-08-20 16:00:00,2025-08-20 16:00:00,1,1,short_vector_linear,True,,1,2025-08-20T16:00:00,0,,,,,,,,,,,
CAMPO_DE_MARTE,VEL_VIENTO,2025-08-20 16:00:00,2025-08-20 16:00:00,1,1,short_vector_linear,True,,1,2025-08-20T16:00:00,0,,,,,,,,,,,
CAMPO_DE_MARTE,DIR_VIENTO,2025-08-22 04:00:00,2025-08-22 04:00:00,1,1,short_vector_linear,True,,1,2025-08-22T04:00:00,0,,,,,,,,,,,
CAMPO_DE_MARTE,VEL_VIENTO,2025-08-22 04:00:00,2025-08-22 04:00:00,1,1,short_vector_linear,True,,1,2025-08-22T04:00:00,0,,,,,,,,,,,
CAMPO_DE_MARTE,DIR_VIENTO,2025-08-25 20:00:00,2025-08-25 22:00:00,3,3,short_vector_linear,True,,3,2025-08-25T20:00:00|2025-08-25T21:00:00|2025-08-25T22:00:00,0,,,,,,,,,,,
CAMPO_DE_MARTE,VEL_VIENTO,2025-08-25 20:00:00,2025-08-25 22:00:00,3,3,short_vector_linear,True,,3,2025-08-25T20:00:00|2025-08-25T21:00:00|2025-08-25T22:00:00,0,,,,,,,,,,,
CAMPO_DE_MARTE,DIR_VIENTO,2025-08-26 02:00:00,2025-08-26 02:00:00,1,1,short_vector_linear,True,,1,2025-08-26T02:00:00,0,,,,,,,,,,,
CAMPO_DE_MARTE,VEL_VIENTO,2025-08-26 02:00:00,2025-08-26 02:00:00,1,1,short_vector_linear,True,,1,2025-08-26T02:00:00,0,,,,,,,,,,,
CAMPO_DE_MARTE,DIR_VIENTO,2025-09-26 22:00:00,2025-10-01 17:00:00,116,116,weekly_vector_seasonal,True,,116,2025-09-26T22:00:00|2025-09-26T23:00:00|2025-09-27T00:00:00|2025-09-27T01:00:00|2025-09-27T02:00:00|2025-09-27T03:00:00|2025-09-27T04:00:00|2025-09-27T05:00:00|2025-09-27T06:00:00|2025-09-27T07:00:00|2025-09-27T08:00:00|2025-09-27T09:00:00|2025-09-27T10:00:00|2025-09-27T11:00:00|2025-09-27T12:00:00|2025-09-27T13:00:00|2025-09-27T14:00:00|2025-09-27T15:00:00|2025-09-27T16:00:00|2025-09-27T17:00:00|2025-09-27T18:00:00|2025-09-27T19:00:00|2025-09-27T20:00:00|2025-09-27T21:00:00|2025-09-27T22:00:00|2025-09-27T23:00:00|2025-09-28T00:00:00|2025-09-28T01:00:00|2025-09-28T02:00:00|2025-09-28T03:00:00|2025-09-28T04:00:00|2025-09-28T05:00:00|2025-09-28T06:00:00|2025-09-28T07:00:00|2025-09-28T08:00:00|2025-09-28T09:00:00|2025-09-28T10:00:00|2025-09-28T11:00:00|2025-09-28T12:00:00|2025-09-28T13:00:00|2025-09-28T14:00:00|2025-09-28T15:00:00|2025-09-28T16:00:00|2025-09-28T17:00:00|2025-09-28T18:00:00|2025-09-28T19:00:00|2025-09-28T20:00:00|2025-09-28T21:00:00|2025-09-28T22:00:00|2025-09-28T23:00:00|2025-09-29T00:00:00|2025-09-29T01:00:00|2025-09-29T02:00:00|2025-09-29T03:00:00|2025-09-29T04:00:00|2025-09-29T05:00:00|2025-09-29T06:00:00|2025-09-29T07:00:00|2025-09-29T08:00:00|2025-09-29T09:00:00|2025-09-29T10:00:00|2025-09-29T11:00:00|2025-09-29T12:00:00|2025-09-29T13:00:00|2025-09-29T14:00:00|2025-09-29T15:00:00|2025-09-29T16:00:00|2025-09-29T17:00:00|2025-09-29T18:00:00|2025-09-29T19:00:00|2025-09-29T20:00:00|2025-09-29T21:00:00|2025-09-29T22:00:00|2025-09-29T23:00:00|2025-09-30T00:00:00|2025-09-30T01:00:00|2025-09-30T02:00:00|2025-09-30T03:00:00|2025-09-30T04:00:00|2025-09-30T05:00:00|2025-09-30T06:00:00|2025-09-30T07:00:00|2025-09-30T08:00:00|2025-09-30T09:00:00|2025-09-30T10:00:00|2025-09-30T11:00:00|2025-09-30T12:00:00|2025-09-30T13:00:00|2025-09-30T14:00:00|2025-09-30T15:00:00|2025-09-30T16:00:00|2025-09-30T17:00:00|2025-09-30T18:00:00|2025-09-30T19:00:00|2025-09-30T20:00:00|2025-09-30T21:00:00|2025-09-30T22:00:00|2025-09-30T23:00:00|2025-10-01T00:00:00|2025-10-01T01:00:00|2025-10-01T02:00:00|2025-10-01T03:00:00|2025-10-01T04:00:00|2025-10-01T05:00:00|2025-10-01T06:00:00|2025-10-01T07:00:00|2025-10-01T08:00:00|2025-10-01T09:00:00|2025-10-01T10:00:00|2025-10-01T11:00:00|2025-10-01T12:00:00|2025-10-01T13:00:00|2025-10-01T14:00:00|2025-10-01T15:00:00|2025-10-01T16:00:00|2025-10-01T17:00:00,0,,,,,,,,,,4.0,
CAMPO_DE_MARTE,VEL_VIENTO,2025-09-26 22:00:00,2025-10-01 17:00:00,116,116,weekly_vector_seasonal,True,,116,2025-09-26T22:00:00|2025-09-26T23:00:00|2025-09-27T00:00:00|2025-09-27T01:00:00|2025-09-27T02:00:00|2025-09-27T03:00:00|2025-09-27T04:00:00|2025-09-27T05:00:00|2025-09-27T06:00:00|2025-09-27T07:00:00|2025-09-27T08:00:00|2025-09-27T09:00:00|2025-09-27T10:00:00|2025-09-27T11:00:00|2025-09-27T12:00:00|2025-09-27T13:00:00|2025-09-27T14:00:00|2025-09-27T15:00:00|2025-09-27T16:00:00|2025-09-27T17:00:00|2025-09-27T18:00:00|2025-09-27T19:00:00|2025-09-27T20:00:00|2025-09-27T21:00:00|2025-09-27T22:00:00|2025-09-27T23:00:00|2025-09-28T00:00:00|2025-09-28T01:00:00|2025-09-28T02:00:00|2025-09-28T03:00:00|2025-09-28T04:00:00|2025-09-28T05:00:00|2025-09-28T06:00:00|2025-09-28T07:00:00|2025-09-28T08:00:00|2025-09-28T09:00:00|2025-09-28T10:00:00|2025-09-28T11:00:00|2025-09-28T12:00:00|2025-09-28T13:00:00|2025-09-28T14:00:00|2025-09-28T15:00:00|2025-09-28T16:00:00|2025-09-28T17:00:00|2025-09-28T18:00:00|2025-09-28T19:00:00|2025-09-28T20:00:00|2025-09-28T21:00:00|2025-09-28T22:00:00|2025-09-28T23:00:00|2025-09-29T00:00:00|2025-09-29T01:00:00|2025-09-29T02:00:00|2025-09-29T03:00:00|2025-09-29T04:00:00|2025-09-29T05:00:00|2025-09-29T06:00:00|2025-09-29T07:00:00|2025-09-29T08:00:00|2025-09-29T09:00:00|2025-09-29T10:00:00|2025-09-29T11:00:00|2025-09-29T12:00:00|2025-09-29T13:00:00|2025-09-29T14:00:00|2025-09-29T15:00:00|2025-09-29T16:00:00|2025-09-29T17:00:00|2025-09-29T18:00:00|2025-09-29T19:00:00|2025-09-29T20:00:00|2025-09-29T21:00:00|2025-09-29T22:00:00|2025-09-29T23:00:00|2025-09-30T00:00:00|2025-09-30T01:00:00|2025-09-30T02:00:00|2025-09-30T03:00:00|2025-09-30T04:00:00|2025-09-30T05:00:00|2025-09-30T06:00:00|2025-09-30T07:00:00|2025-09-30T08:00:00|2025-09-30T09:00:00|2025-09-30T10:00:00|2025-09-30T11:00:00|2025-09-30T12:00:00|2025-09-30T13:00:00|2025-09-30T14:00:00|2025-09-30T15:00:00|2025-09-30T16:00:00|2025-09-30T17:00:00|2025-09-30T18:00:00|2025-09-30T19:00:00|2025-09-30T20:00:00|2025-09-30T21:00:00|2025-09-30T22:00:00|2025-09-30T23:00:00|2025-10-01T00:00:00|2025-10-01T01:00:00|2025-10-01T02:00:00|2025-10-01T03:00:00|2025-10-01T04:00:00|2025-10-01T05:00:00|2025-10-01T06:00:00|2025-10-01T07:00:00|2025-10-01T08:00:00|2025-10-01T09:00:00|2025-10-01T10:00:00|2025-10-01T11:00:00|2025-10-01T12:00:00|2025-10-01T13:00:00|2025-10-01T14:00:00|2025-10-01T15:00:00|2025-10-01T16:00:00|2025-10-01T17:00:00,0,,,,,,,,,,4.0,
CAMPO_DE_MARTE,DIR_VIENTO,2025-10-28 08:00:00,2025-10-28 08:00:00,1,1,short_vector_linear,True,,1,2025-10-28T08:00:00,0,,,,,,,,,,,
CAMPO_DE_MARTE,VEL_VIENTO,2025-10-28 08:00:00,2025-10-28 08:00:00,1,1,short_vector_linear,True,,1,2025-10-28T08:00:00,0,,,,,,,,,,,
CAMPO_DE_MARTE,DIR_VIENTO,2025-12-07 00:00:00,2025-12-07 00:00:00,1,1,short_vector_linear,True,,1,2025-12-07T00:00:00,0,,,,,,,,,,,
CAMPO_DE_MARTE,VEL_VIENTO,2025-12-07 00:00:00,2025-12-07 00:00:00,1,1,short_vector_linear,True,,1,2025-12-07T00:00:00,0,,,,,,,,,,,
CAMPO_DE_MARTE,DIR_VIENTO,2026-01-04 20:00:00,2026-01-04 20:00:00,1,1,short_vector_linear,True,,1,2026-01-04T20:00:00,0,,,,,,,,,,,
CAMPO_DE_MARTE,VEL_VIENTO,2026-01-04 20:00:00,2026-01-04 20:00:00,1,1,short_vector_linear,True,,1,2026-01-04T20:00:00,0,,,,,,,,,,,
CAMPO_DE_MARTE,DIR_VIENTO,2026-02-11 01:00:00,2026-02-11 03:00:00,3,3,short_vector_linear,True,,3,2026-02-11T01:00:00|2026-02-11T02:00:00|2026-02-11T03:00:00,0,,,,,,,,,,,
CAMPO_DE_MARTE,VEL_VIENTO,2026-02-11 01:00:00,2026-02-11 03:00:00,3,3,short_vector_linear,True,,3,2026-02-11T01:00:00|2026-02-11T02:00:00|2026-02-11T03:00:00,0,,,,,,,,,,,
CAMPO_DE_MARTE,DIR_VIENTO,2026-02-28 12:00:00,2026-02-28 12:00:00,1,1,short_vector_linear,True,,1,2026-02-28T12:00:00,0,,,,,,,,,,,
CAMPO_DE_MARTE,VEL_VIENTO,2026-02-28 12:00:00,2026-02-28 12:00:00,1,1,short_vector_linear,True,,1,2026-02-28T12:00:00,0,,,,,,,,,,,
CAMPO_DE_MARTE,DIR_VIENTO,2026-03-08 13:00:00,2026-03-08 13:00:00,1,1,short_vector_linear,True,,1,2026-03-08T13:00:00,0,,,,,,,,,,,
CAMPO_DE_MARTE,VEL_VIENTO,2026-03-08 13:00:00,2026-03-08 13:00:00,1,1,short_vector_linear,True,,1,2026-03-08T13:00:00,0,,,,,,,,,,,
CAMPO_DE_MARTE,DIR_VIENTO,2026-03-24 17:00:00,2026-03-24 17:00:00,1,1,short_vector_linear,True,,1,2026-03-24T17:00:00,0,,,,,,,,,,,
CAMPO_DE_MARTE,VEL_VIENTO,2026-03-24 17:00:00,2026-03-24 17:00:00,1,1,short_vector_linear,True,,1,2026-03-24T17:00:00,0,,,,,,,,,,,
CAMPO_DE_MARTE,DIR_VIENTO,2026-03-25 11:00:00,2026-03-27 11:00:00,49,49,weekly_vector_seasonal,True,,49,2026-03-25T11:00:00|2026-03-25T12:00:00|2026-03-25T13:00:00|2026-03-25T14:00:00|2026-03-25T15:00:00|2026-03-25T16:00:00|2026-03-25T17:00:00|2026-03-25T18:00:00|2026-03-25T19:00:00|2026-03-25T20:00:00|2026-03-25T21:00:00|2026-03-25T22:00:00|2026-03-25T23:00:00|2026-03-26T00:00:00|2026-03-26T01:00:00|2026-03-26T02:00:00|2026-03-26T03:00:00|2026-03-26T04:00:00|2026-03-26T05:00:00|2026-03-26T06:00:00|2026-03-26T07:00:00|2026-03-26T08:00:00|2026-03-26T09:00:00|2026-03-26T10:00:00|2026-03-26T11:00:00|2026-03-26T12:00:00|2026-03-26T13:00:00|2026-03-26T14:00:00|2026-03-26T15:00:00|2026-03-26T16:00:00|2026-03-26T17:00:00|2026-03-26T18:00:00|2026-03-26T19:00:00|2026-03-26T20:00:00|2026-03-26T21:00:00|2026-03-26T22:00:00|2026-03-26T23:00:00|2026-03-27T00:00:00|2026-03-27T01:00:00|2026-03-27T02:00:00|2026-03-27T03:00:00|2026-03-27T04:00:00|2026-03-27T05:00:00|2026-03-27T06:00:00|2026-03-27T07:00:00|2026-03-27T08:00:00|2026-03-27T09:00:00|2026-03-27T10:00:00|2026-03-27T11:00:00,0,,,,,,,,,,4.0,
CAMPO_DE_MARTE,VEL_VIENTO,2026-03-25 11:00:00,2026-03-27 11:00:00,49,49,weekly_vector_seasonal,True,,49,2026-03-25T11:00:00|2026-03-25T12:00:00|2026-03-25T13:00:00|2026-03-25T14:00:00|2026-03-25T15:00:00|2026-03-25T16:00:00|2026-03-25T17:00:00|2026-03-25T18:00:00|2026-03-25T19:00:00|2026-03-25T20:00:00|2026-03-25T21:00:00|2026-03-25T22:00:00|2026-03-25T23:00:00|2026-03-26T00:00:00|2026-03-26T01:00:00|2026-03-26T02:00:00|2026-03-26T03:00:00|2026-03-26T04:00:00|2026-03-26T05:00:00|2026-03-26T06:00:00|2026-03-26T07:00:00|2026-03-26T08:00:00|2026-03-26T09:00:00|2026-03-26T10:00:00|2026-03-26T11:00:00|2026-03-26T12:00:00|2026-03-26T13:00:00|2026-03-26T14:00:00|2026-03-26T15:00:00|2026-03-26T16:00:00|2026-03-26T17:00:00|2026-03-26T18:00:00|2026-03-26T19:00:00|2026-03-26T20:00:00|2026-03-26T21:00:00|2026-03-26T22:00:00|2026-03-26T23:00:00|2026-03-27T00:00:00|2026-03-27T01:00:00|2026-03-27T02:00:00|2026-03-27T03:00:00|2026-03-27T04:00:00|2026-03-27T05:00:00|2026-03-27T06:00:00|2026-03-27T07:00:00|2026-03-27T08:00:00|2026-03-27T09:00:00|2026-03-27T10:00:00|2026-03-27T11:00:00,0,,,,,,,,,,4.0,
CAMPO_DE_MARTE,DIR_VIENTO,2026-03-27 14:00:00,2026-03-27 18:00:00,5,5,weekly_vector_seasonal,True,,5,2026-03-27T14:00:00|2026-03-27T15:00:00|2026-03-27T16:00:00|2026-03-27T17:00:00|2026-03-27T18:00:00,0,,,,,,,,,,3.0,
CAMPO_DE_MARTE,VEL_VIENTO,2026-03-27 14:00:00,2026-03-27 18:00:00,5,5,weekly_vector_seasonal,True,,5,2026-03-27T14:00:00|2026-03-27T15:00:00|2026-03-27T16:00:00|2026-03-27T17:00:00|2026-03-27T18:00:00,0,,,,,,,,,,3.0,
CAMPO_DE_MARTE,DIR_VIENTO,2026-04-07 12:00:00,2026-04-07 12:00:00,1,1,short_vector_linear,True,,1,2026-04-07T12:00:00,0,,,,,,,,,,,
CAMPO_DE_MARTE,VEL_VIENTO,2026-04-07 12:00:00,2026-04-07 12:00:00,1,1,short_vector_linear,True,,1,2026-04-07T12:00:00,0,,,,,,,,,,,
CAMPO_DE_MARTE,DIR_VIENTO,2026-04-10 15:00:00,2026-04-10 15:00:00,1,1,short_vector_linear,True,,1,2026-04-10T15:00:00,0,,,,,,,,,,,
CAMPO_DE_MARTE,VEL_VIENTO,2026-04-10 15:00:00,2026-04-10 15:00:00,1,1,short_vector_linear,True,,1,2026-04-10T15:00:00,0,,,,,,,,,,,
CAMPO_DE_MARTE,DIR_VIENTO,2026-04-20 06:00:00,2026-04-20 06:00:00,1,1,short_vector_linear,True,,1,2026-04-20T06:00:00,0,,,,,,,,,,,
CAMPO_DE_MARTE,VEL_VIENTO,2026-04-20 06:00:00,2026-04-20 06:00:00,1,1,short_vector_linear,True,,1,2026-04-20T06:00:00,0,,,,,,,,,,,
CAMPO_DE_MARTE,DIR_VIENTO,2026-04-25 00:00:00,2026-04-25 00:00:00,1,1,short_vector_linear,True,,1,2026-04-25T00:00:00,0,,,,,,,,,,,
CAMPO_DE_MARTE,VEL_VIENTO,2026-04-25 00:00:00,2026-04-25 00:00:00,1,1,short_vector_linear,True,,1,2026-04-25T00:00:00,0,,,,,,,,,,,
CAMPO_DE_MARTE,DIR_VIENTO,2026-05-07 08:00:00,2026-05-07 08:00:00,1,1,short_vector_linear,True,,1,2026-05-07T08:00:00,0,,,,,,,,,,,
CAMPO_DE_MARTE,VEL_VIENTO,2026-05-07 08:00:00,2026-05-07 08:00:00,1,1,short_vector_linear,True,,1,2026-05-07T08:00:00,0,,,,,,,,,,,
CAMPO_DE_MARTE,DIR_VIENTO,2026-05-07 15:00:00,2026-05-07 16:00:00,2,2,short_vector_linear,True,,2,2026-05-07T15:00:00|2026-05-07T16:00:00,0,,,,,,,,,,,
CAMPO_DE_MARTE,VEL_VIENTO,2026-05-07 15:00:00,2026-05-07 16:00:00,2,2,short_vector_linear,True,,2,2026-05-07T15:00:00|2026-05-07T16:00:00,0,,,,,,,,,,,
CARABAYLLO,TEMP,2025-03-05 15:00:00,2025-03-05 21:00:00,7,7,weekly_seasonal,True,,7,2025-03-05T15:00:00|2025-03-05T16:00:00|2025-03-05T17:00:00|2025-03-05T18:00:00|2025-03-05T19:00:00|2025-03-05T20:00:00|2025-03-05T21:00:00,0,,,,,,,,,,4.0,
CARABAYLLO,TEMP,2025-03-20 22:00:00,2025-03-20 22:00:00,1,1,short_linear,True,,1,2025-03-20T22:00:00,0,,,,,,,,,,,
CARABAYLLO,TEMP,2025-05-07 00:00:00,2025-05-07 04:00:00,5,5,weekly_seasonal,True,,5,2025-05-07T00:00:00|2025-05-07T01:00:00|2025-05-07T02:00:00|2025-05-07T03:00:00|2025-05-07T04:00:00,0,,,,,,,,,,4.0,
CARABAYLLO,TEMP,2025-06-03 00:00:00,2025-06-03 01:00:00,2,2,short_linear,True,,2,2025-06-03T00:00:00|2025-06-03T01:00:00,0,,,,,,,,,,,
CARABAYLLO,TEMP,2025-06-03 06:00:00,2025-06-03 09:00:00,4,4,short_linear,True,,4,2025-06-03T06:00:00|2025-06-03T07:00:00|2025-06-03T08:00:00|2025-06-03T09:00:00,0,,,,,,,,,,,
CARABAYLLO,TEMP,2025-06-03 13:00:00,2025-06-03 14:00:00,2,2,short_linear,True,,2,2025-06-03T13:00:00|2025-06-03T14:00:00,0,,,,,,,,,,,
CARABAYLLO,TEMP,2025-06-16 12:00:00,2025-06-16 12:00:00,1,1,short_linear,True,,1,2025-06-16T12:00:00,0,,,,,,,,,,,
CARABAYLLO,TEMP,2025-07-08 18:00:00,2025-07-08 18:00:00,1,1,short_linear,True,,1,2025-07-08T18:00:00,0,,,,,,,,,,,
CARABAYLLO,TEMP,2025-08-15 10:00:00,2025-08-15 10:00:00,1,1,short_linear,True,,1,2025-08-15T10:00:00,0,,,,,,,,,,,
CARABAYLLO,TEMP,2025-08-16 07:00:00,2025-08-16 07:00:00,1,1,short_linear,True,,1,2025-08-16T07:00:00,0,,,,,,,,,,,
CARABAYLLO,TEMP,2025-08-31 16:00:00,2025-08-31 16:00:00,1,1,short_linear,True,,1,2025-08-31T16:00:00,0,,,,,,,,,,,
CARABAYLLO,TEMP,2025-09-26 23:00:00,2025-09-27 21:00:00,23,23,weekly_seasonal,True,,23,2025-09-26T23:00:00|2025-09-27T00:00:00|2025-09-27T01:00:00|2025-09-27T02:00:00|2025-09-27T03:00:00|2025-09-27T04:00:00|2025-09-27T05:00:00|2025-09-27T06:00:00|2025-09-27T07:00:00|2025-09-27T08:00:00|2025-09-27T09:00:00|2025-09-27T10:00:00|2025-09-27T11:00:00|2025-09-27T12:00:00|2025-09-27T13:00:00|2025-09-27T14:00:00|2025-09-27T15:00:00|2025-09-27T16:00:00|2025-09-27T17:00:00|2025-09-27T18:00:00|2025-09-27T19:00:00|2025-09-27T20:00:00|2025-09-27T21:00:00,0,,,,,,,,,,4.0,
CARABAYLLO,TEMP,2025-09-30 03:00:00,2025-09-30 06:00:00,4,4,short_linear,True,,4,2025-09-30T03:00:00|2025-09-30T04:00:00|2025-09-30T05:00:00|2025-09-30T06:00:00,0,,,,,,,,,,,
CARABAYLLO,TEMP,2025-10-08 18:00:00,2025-10-09 09:00:00,16,16,weekly_seasonal,True,,16,2025-10-08T18:00:00|2025-10-08T19:00:00|2025-10-08T20:00:00|2025-10-08T21:00:00|2025-10-08T22:00:00|2025-10-08T23:00:00|2025-10-09T00:00:00|2025-10-09T01:00:00|2025-10-09T02:00:00|2025-10-09T03:00:00|2025-10-09T04:00:00|2025-10-09T05:00:00|2025-10-09T06:00:00|2025-10-09T07:00:00|2025-10-09T08:00:00|2025-10-09T09:00:00,0,,,,,,,,,,4.0,
CARABAYLLO,TEMP,2025-10-09 11:00:00,2025-10-09 12:00:00,2,2,short_linear,True,,2,2025-10-09T11:00:00|2025-10-09T12:00:00,0,,,,,,,,,,,
CARABAYLLO,TEMP,2025-11-16 10:00:00,2025-11-16 14:00:00,5,5,weekly_seasonal,True,,5,2025-11-16T10:00:00|2025-11-16T11:00:00|2025-11-16T12:00:00|2025-11-16T13:00:00|2025-11-16T14:00:00,0,,,,,,,,,,4.0,
CARABAYLLO,TEMP,2025-11-30 23:00:00,2025-11-30 23:00:00,1,1,short_linear,True,,1,2025-11-30T23:00:00,0,,,,,,,,,,,
CARABAYLLO,TEMP,2025-12-03 15:00:00,2025-12-03 15:00:00,1,1,short_linear,True,,1,2025-12-03T15:00:00,0,,,,,,,,,,,
CARABAYLLO,TEMP,2025-12-05 09:00:00,2025-12-05 09:00:00,1,1,short_linear,True,,1,2025-12-05T09:00:00,0,,,,,,,,,,,
CARABAYLLO,TEMP,2025-12-16 12:00:00,2025-12-16 12:00:00,1,1,short_linear,True,,1,2025-12-16T12:00:00,0,,,,,,,,,,,
CARABAYLLO,TEMP,2025-12-31 23:00:00,2025-12-31 23:00:00,1,1,short_linear,True,,1,2025-12-31T23:00:00,0,,,,,,,,,,,
CARABAYLLO,TEMP,2026-01-07 22:00:00,2026-01-07 22:00:00,1,1,short_linear,True,,1,2026-01-07T22:00:00,0,,,,,,,,,,,
CARABAYLLO,TEMP,2026-01-15 12:00:00,2026-01-15 15:00:00,4,4,short_linear,True,,4,2026-01-15T12:00:00|2026-01-15T13:00:00|2026-01-15T14:00:00|2026-01-15T15:00:00,0,,,,,,,,,,,
CARABAYLLO,TEMP,2026-01-16 01:00:00,2026-01-16 01:00:00,1,1,short_linear,True,,1,2026-01-16T01:00:00,0,,,,,,,,,,,
CARABAYLLO,TEMP,2026-01-31 23:00:00,2026-01-31 23:00:00,1,1,short_linear,True,,1,2026-01-31T23:00:00,0,,,,,,,,,,,
CARABAYLLO,TEMP,2026-02-11 01:00:00,2026-02-11 03:00:00,3,3,short_linear,True,,3,2026-02-11T01:00:00|2026-02-11T02:00:00|2026-02-11T03:00:00,0,,,,,,,,,,,
CARABAYLLO,TEMP,2026-02-12 20:00:00,2026-02-12 20:00:00,1,1,short_linear,True,,1,2026-02-12T20:00:00,0,,,,,,,,,,,
CARABAYLLO,TEMP,2026-02-24 11:00:00,2026-02-24 12:00:00,2,2,short_linear,True,,2,2026-02-24T11:00:00|2026-02-24T12:00:00,0,,,,,,,,,,,
CARABAYLLO,TEMP,2026-02-28 23:00:00,2026-02-28 23:00:00,1,1,short_linear,True,,1,2026-02-28T23:00:00,0,,,,,,,,,,,
CARABAYLLO,TEMP,2026-03-17 02:00:00,2026-03-18 10:00:00,33,33,weekly_seasonal,True,,33,2026-03-17T02:00:00|2026-03-17T03:00:00|2026-03-17T04:00:00|2026-03-17T05:00:00|2026-03-17T06:00:00|2026-03-17T07:00:00|2026-03-17T08:00:00|2026-03-17T09:00:00|2026-03-17T10:00:00|2026-03-17T11:00:00|2026-03-17T12:00:00|2026-03-17T13:00:00|2026-03-17T14:00:00|2026-03-17T15:00:00|2026-03-17T16:00:00|2026-03-17T17:00:00|2026-03-17T18:00:00|2026-03-17T19:00:00|2026-03-17T20:00:00|2026-03-17T21:00:00|2026-03-17T22:00:00|2026-03-17T23:00:00|2026-03-18T00:00:00|2026-03-18T01:00:00|2026-03-18T02:00:00|2026-03-18T03:00:00|2026-03-18T04:00:00|2026-03-18T05:00:00|2026-03-18T06:00:00|2026-03-18T07:00:00|2026-03-18T08:00:00|2026-03-18T09:00:00|2026-03-18T10:00:00,0,,,,,,,,,,3.0,
CARABAYLLO,TEMP,2026-03-22 17:00:00,2026-03-22 17:00:00,1,1,short_linear,True,,1,2026-03-22T17:00:00,0,,,,,,,,,,,
CARABAYLLO,TEMP,2026-03-26 03:00:00,2026-03-26 15:00:00,13,13,weekly_seasonal,True,,13,2026-03-26T03:00:00|2026-03-26T04:00:00|2026-03-26T05:00:00|2026-03-26T06:00:00|2026-03-26T07:00:00|2026-03-26T08:00:00|2026-03-26T09:00:00|2026-03-26T10:00:00|2026-03-26T11:00:00|2026-03-26T12:00:00|2026-03-26T13:00:00|2026-03-26T14:00:00|2026-03-26T15:00:00,0,,,,,,,,,,4.0,
CARABAYLLO,TEMP,2026-03-31 23:00:00,2026-03-31 23:00:00,1,1,short_linear,True,,1,2026-03-31T23:00:00,0,,,,,,,,,,,
CARABAYLLO,TEMP,2026-04-29 09:00:00,2026-05-04 08:00:00,120,120,weekly_seasonal,True,,120,2026-04-29T09:00:00|2026-04-29T10:00:00|2026-04-29T11:00:00|2026-04-29T12:00:00|2026-04-29T13:00:00|2026-04-29T14:00:00|2026-04-29T15:00:00|2026-04-29T16:00:00|2026-04-29T17:00:00|2026-04-29T18:00:00|2026-04-29T19:00:00|2026-04-29T20:00:00|2026-04-29T21:00:00|2026-04-29T22:00:00|2026-04-29T23:00:00|2026-04-30T00:00:00|2026-04-30T01:00:00|2026-04-30T02:00:00|2026-04-30T03:00:00|2026-04-30T04:00:00|2026-04-30T05:00:00|2026-04-30T06:00:00|2026-04-30T07:00:00|2026-04-30T08:00:00|2026-04-30T09:00:00|2026-04-30T10:00:00|2026-04-30T11:00:00|2026-04-30T12:00:00|2026-04-30T13:00:00|2026-04-30T14:00:00|2026-04-30T15:00:00|2026-04-30T16:00:00|2026-04-30T17:00:00|2026-04-30T18:00:00|2026-04-30T19:00:00|2026-04-30T20:00:00|2026-04-30T21:00:00|2026-04-30T22:00:00|2026-04-30T23:00:00|2026-05-01T00:00:00|2026-05-01T01:00:00|2026-05-01T02:00:00|2026-05-01T03:00:00|2026-05-01T04:00:00|2026-05-01T05:00:00|2026-05-01T06:00:00|2026-05-01T07:00:00|2026-05-01T08:00:00|2026-05-01T09:00:00|2026-05-01T10:00:00|2026-05-01T11:00:00|2026-05-01T12:00:00|2026-05-01T13:00:00|2026-05-01T14:00:00|2026-05-01T15:00:00|2026-05-01T16:00:00|2026-05-01T17:00:00|2026-05-01T18:00:00|2026-05-01T19:00:00|2026-05-01T20:00:00|2026-05-01T21:00:00|2026-05-01T22:00:00|2026-05-01T23:00:00|2026-05-02T00:00:00|2026-05-02T01:00:00|2026-05-02T02:00:00|2026-05-02T03:00:00|2026-05-02T04:00:00|2026-05-02T05:00:00|2026-05-02T06:00:00|2026-05-02T07:00:00|2026-05-02T08:00:00|2026-05-02T09:00:00|2026-05-02T10:00:00|2026-05-02T11:00:00|2026-05-02T12:00:00|2026-05-02T13:00:00|2026-05-02T14:00:00|2026-05-02T15:00:00|2026-05-02T16:00:00|2026-05-02T17:00:00|2026-05-02T18:00:00|2026-05-02T19:00:00|2026-05-02T20:00:00|2026-05-02T21:00:00|2026-05-02T22:00:00|2026-05-02T23:00:00|2026-05-03T00:00:00|2026-05-03T01:00:00|2026-05-03T02:00:00|2026-05-03T03:00:00|2026-05-03T04:00:00|2026-05-03T05:00:00|2026-05-03T06:00:00|2026-05-03T07:00:00|2026-05-03T08:00:00|2026-05-03T09:00:00|2026-05-03T10:00:00|2026-05-03T11:00:00|2026-05-03T12:00:00|2026-05-03T13:00:00|2026-05-03T14:00:00|2026-05-03T15:00:00|2026-05-03T16:00:00|2026-05-03T17:00:00|2026-05-03T18:00:00|2026-05-03T19:00:00|2026-05-03T20:00:00|2026-05-03T21:00:00|2026-05-03T22:00:00|2026-05-03T23:00:00|2026-05-04T00:00:00|2026-05-04T01:00:00|2026-05-04T02:00:00|2026-05-04T03:00:00|2026-05-04T04:00:00|2026-05-04T05:00:00|2026-05-04T06:00:00|2026-05-04T07:00:00|2026-05-04T08:00:00,0,,,,,,,,,,4.0,
CARABAYLLO,TEMP,2026-05-31 23:00:00,2026-05-31 23:00:00,1,1,short_linear,True,,1,2026-05-31T23:00:00,0,,,,,,,,,,,
CARABAYLLO,TEMP,2026-06-04 22:00:00,2026-06-04 22:00:00,1,1,short_linear,True,,1,2026-06-04T22:00:00,0,,,,,,,,,,,
CARABAYLLO,TEMP,2026-06-08 19:00:00,2026-06-10 12:00:00,42,42,weekly_seasonal,True,,42,2026-06-08T19:00:00|2026-06-08T20:00:00|2026-06-08T21:00:00|2026-06-08T22:00:00|2026-06-08T23:00:00|2026-06-09T00:00:00|2026-06-09T01:00:00|2026-06-09T02:00:00|2026-06-09T03:00:00|2026-06-09T04:00:00|2026-06-09T05:00:00|2026-06-09T06:00:00|2026-06-09T07:00:00|2026-06-09T08:00:00|2026-06-09T09:00:00|2026-06-09T10:00:00|2026-06-09T11:00:00|2026-06-09T12:00:00|2026-06-09T13:00:00|2026-06-09T14:00:00|2026-06-09T15:00:00|2026-06-09T16:00:00|2026-06-09T17:00:00|2026-06-09T18:00:00|2026-06-09T19:00:00|2026-06-09T20:00:00|2026-06-09T21:00:00|2026-06-09T22:00:00|2026-06-09T23:00:00|2026-06-10T00:00:00|2026-06-10T01:00:00|2026-06-10T02:00:00|2026-06-10T03:00:00|2026-06-10T04:00:00|2026-06-10T05:00:00|2026-06-10T06:00:00|2026-06-10T07:00:00|2026-06-10T08:00:00|2026-06-10T09:00:00|2026-06-10T10:00:00|2026-06-10T11:00:00|2026-06-10T12:00:00,0,,,,,,,,,,4.0,
CARABAYLLO,TEMP,2026-06-19 03:00:00,2026-06-19 03:00:00,1,1,short_linear,True,,1,2026-06-19T03:00:00,0,,,,,,,,,,,
CARABAYLLO,TEMP,2026-06-22 10:00:00,2026-06-22 13:00:00,4,4,short_linear,True,,4,2026-06-22T10:00:00|2026-06-22T11:00:00|2026-06-22T12:00:00|2026-06-22T13:00:00,0,,,,,,,,,,,
CARABAYLLO,HR,2025-03-05 15:00:00,2025-03-05 21:00:00,7,7,weekly_seasonal,True,,7,2025-03-05T15:00:00|2025-03-05T16:00:00|2025-03-05T17:00:00|2025-03-05T18:00:00|2025-03-05T19:00:00|2025-03-05T20:00:00|2025-03-05T21:00:00,0,,,,,,,,,,4.0,
CARABAYLLO,HR,2025-03-20 22:00:00,2025-03-20 22:00:00,1,1,short_linear,True,,1,2025-03-20T22:00:00,0,,,,,,,,,,,
CARABAYLLO,HR,2025-05-07 00:00:00,2025-05-07 04:00:00,5,5,weekly_seasonal,True,,5,2025-05-07T00:00:00|2025-05-07T01:00:00|2025-05-07T02:00:00|2025-05-07T03:00:00|2025-05-07T04:00:00,0,,,,,,,,,,4.0,
CARABAYLLO,HR,2025-06-03 00:00:00,2025-06-03 01:00:00,2,2,short_linear,True,,2,2025-06-03T00:00:00|2025-06-03T01:00:00,0,,,,,,,,,,,
CARABAYLLO,HR,2025-06-03 06:00:00,2025-06-03 09:00:00,4,4,short_linear,True,,4,2025-06-03T06:00:00|2025-06-03T07:00:00|2025-06-03T08:00:00|2025-06-03T09:00:00,0,,,,,,,,,,,
CARABAYLLO,HR,2025-06-03 13:00:00,2025-06-03 14:00:00,2,2,short_linear,True,,2,2025-06-03T13:00:00|2025-06-03T14:00:00,0,,,,,,,,,,,
CARABAYLLO,HR,2025-06-16 12:00:00,2025-06-16 12:00:00,1,1,short_linear,True,,1,2025-06-16T12:00:00,0,,,,,,,,,,,
CARABAYLLO,HR,2025-07-08 18:00:00,2025-07-08 18:00:00,1,1,short_linear,True,,1,2025-07-08T18:00:00,0,,,,,,,,,,,
CARABAYLLO,HR,2025-08-15 10:00:00,2025-08-15 10:00:00,1,1,short_linear,True,,1,2025-08-15T10:00:00,0,,,,,,,,,,,
CARABAYLLO,HR,2025-08-16 07:00:00,2025-08-16 07:00:00,1,1,short_linear,True,,1,2025-08-16T07:00:00,0,,,,,,,,,,,
CARABAYLLO,HR,2025-08-31 16:00:00,2025-08-31 16:00:00,1,1,short_linear,True,,1,2025-08-31T16:00:00,0,,,,,,,,,,,
CARABAYLLO,HR,2025-09-26 23:00:00,2025-09-27 21:00:00,23,23,weekly_seasonal,True,,23,2025-09-26T23:00:00|2025-09-27T00:00:00|2025-09-27T01:00:00|2025-09-27T02:00:00|2025-09-27T03:00:00|2025-09-27T04:00:00|2025-09-27T05:00:00|2025-09-27T06:00:00|2025-09-27T07:00:00|2025-09-27T08:00:00|2025-09-27T09:00:00|2025-09-27T10:00:00|2025-09-27T11:00:00|2025-09-27T12:00:00|2025-09-27T13:00:00|2025-09-27T14:00:00|2025-09-27T15:00:00|2025-09-27T16:00:00|2025-09-27T17:00:00|2025-09-27T18:00:00|2025-09-27T19:00:00|2025-09-27T20:00:00|2025-09-27T21:00:00,0,,,,,,,,,,4.0,
CARABAYLLO,HR,2025-09-30 03:00:00,2025-09-30 06:00:00,4,4,short_linear,True,,4,2025-09-30T03:00:00|2025-09-30T04:00:00|2025-09-30T05:00:00|2025-09-30T06:00:00,0,,,,,,,,,,,
CARABAYLLO,HR,2025-10-08 18:00:00,2025-10-09 09:00:00,16,16,weekly_seasonal,True,,16,2025-10-08T18:00:00|2025-10-08T19:00:00|2025-10-08T20:00:00|2025-10-08T21:00:00|2025-10-08T22:00:00|2025-10-08T23:00:00|2025-10-09T00:00:00|2025-10-09T01:00:00|2025-10-09T02:00:00|2025-10-09T03:00:00|2025-10-09T04:00:00|2025-10-09T05:00:00|2025-10-09T06:00:00|2025-10-09T07:00:00|2025-10-09T08:00:00|2025-10-09T09:00:00,0,,,,,,,,,,4.0,
CARABAYLLO,HR,2025-10-09 11:00:00,2025-10-09 12:00:00,2,2,short_linear,True,,2,2025-10-09T11:00:00|2025-10-09T12:00:00,0,,,,,,,,,,,
CARABAYLLO,HR,2025-11-16 10:00:00,2025-11-16 14:00:00,5,5,weekly_seasonal,True,,5,2025-11-16T10:00:00|2025-11-16T11:00:00|2025-11-16T12:00:00|2025-11-16T13:00:00|2025-11-16T14:00:00,0,,,,,,,,,,4.0,
CARABAYLLO,HR,2025-11-30 23:00:00,2025-11-30 23:00:00,1,1,short_linear,True,,1,2025-11-30T23:00:00,0,,,,,,,,,,,
CARABAYLLO,HR,2025-12-03 15:00:00,2025-12-03 15:00:00,1,1,short_linear,True,,1,2025-12-03T15:00:00,0,,,,,,,,,,,
CARABAYLLO,HR,2025-12-05 09:00:00,2025-12-05 09:00:00,1,1,short_linear,True,,1,2025-12-05T09:00:00,0,,,,,,,,,,,
CARABAYLLO,HR,2025-12-16 12:00:00,2025-12-16 12:00:00,1,1,short_linear,True,,1,2025-12-16T12:00:00,0,,,,,,,,,,,
CARABAYLLO,HR,2025-12-31 23:00:00,2025-12-31 23:00:00,1,1,short_linear,True,,1,2025-12-31T23:00:00,0,,,,,,,,,,,
CARABAYLLO,HR,2026-01-07 22:00:00,2026-01-07 22:00:00,1,1,short_linear,True,,1,2026-01-07T22:00:00,0,,,,,,,,,,,
CARABAYLLO,HR,2026-01-15 12:00:00,2026-01-15 15:00:00,4,4,short_linear,True,,4,2026-01-15T12:00:00|2026-01-15T13:00:00|2026-01-15T14:00:00|2026-01-15T15:00:00,0,,,,,,,,,,,
CARABAYLLO,HR,2026-01-16 01:00:00,2026-01-16 01:00:00,1,1,short_linear,True,,1,2026-01-16T01:00:00,0,,,,,,,,,,,
CARABAYLLO,HR,2026-01-31 23:00:00,2026-01-31 23:00:00,1,1,short_linear,True,,1,2026-01-31T23:00:00,0,,,,,,,,,,,
CARABAYLLO,HR,2026-02-11 01:00:00,2026-02-11 03:00:00,3,3,short_linear,True,,3,2026-02-11T01:00:00|2026-02-11T02:00:00|2026-02-11T03:00:00,0,,,,,,,,,,,
CARABAYLLO,HR,2026-02-12 20:00:00,2026-02-12 20:00:00,1,1,short_linear,True,,1,2026-02-12T20:00:00,0,,,,,,,,,,,
CARABAYLLO,HR,2026-02-24 11:00:00,2026-02-24 12:00:00,2,2,short_linear,True,,2,2026-02-24T11:00:00|2026-02-24T12:00:00,0,,,,,,,,,,,
CARABAYLLO,HR,2026-02-28 23:00:00,2026-02-28 23:00:00,1,1,short_linear,True,,1,2026-02-28T23:00:00,0,,,,,,,,,,,
CARABAYLLO,HR,2026-03-17 02:00:00,2026-03-18 17:00:00,40,40,weekly_seasonal,True,,40,2026-03-17T02:00:00|2026-03-17T03:00:00|2026-03-17T04:00:00|2026-03-17T05:00:00|2026-03-17T06:00:00|2026-03-17T07:00:00|2026-03-17T08:00:00|2026-03-17T09:00:00|2026-03-17T10:00:00|2026-03-17T11:00:00|2026-03-17T12:00:00|2026-03-17T13:00:00|2026-03-17T14:00:00|2026-03-17T15:00:00|2026-03-17T16:00:00|2026-03-17T17:00:00|2026-03-17T18:00:00|2026-03-17T19:00:00|2026-03-17T20:00:00|2026-03-17T21:00:00|2026-03-17T22:00:00|2026-03-17T23:00:00|2026-03-18T00:00:00|2026-03-18T01:00:00|2026-03-18T02:00:00|2026-03-18T03:00:00|2026-03-18T04:00:00|2026-03-18T05:00:00|2026-03-18T06:00:00|2026-03-18T07:00:00|2026-03-18T08:00:00|2026-03-18T09:00:00|2026-03-18T10:00:00|2026-03-18T11:00:00|2026-03-18T12:00:00|2026-03-18T13:00:00|2026-03-18T14:00:00|2026-03-18T15:00:00|2026-03-18T16:00:00|2026-03-18T17:00:00,0,,,,,,,,,,3.0,
CARABAYLLO,HR,2026-03-22 17:00:00,2026-03-22 17:00:00,1,1,short_linear,True,,1,2026-03-22T17:00:00,0,,,,,,,,,,,
CARABAYLLO,HR,2026-03-24 14:00:00,2026-03-24 18:00:00,5,5,weekly_seasonal,True,,5,2026-03-24T14:00:00|2026-03-24T15:00:00|2026-03-24T16:00:00|2026-03-24T17:00:00|2026-03-24T18:00:00,0,,,,,,,,,,3.0,
CARABAYLLO,HR,2026-03-26 03:00:00,2026-03-26 16:00:00,14,14,weekly_seasonal,True,,14,2026-03-26T03:00:00|2026-03-26T04:00:00|2026-03-26T05:00:00|2026-03-26T06:00:00|2026-03-26T07:00:00|2026-03-26T08:00:00|2026-03-26T09:00:00|2026-03-26T10:00:00|2026-03-26T11:00:00|2026-03-26T12:00:00|2026-03-26T13:00:00|2026-03-26T14:00:00|2026-03-26T15:00:00|2026-03-26T16:00:00,0,,,,,,,,,,4.0,
CARABAYLLO,HR,2026-03-27 13:00:00,2026-03-27 17:00:00,5,5,weekly_seasonal,True,,5,2026-03-27T13:00:00|2026-03-27T14:00:00|2026-03-27T15:00:00|2026-03-27T16:00:00|2026-03-27T17:00:00,0,,,,,,,,,,4.0,
CARABAYLLO,HR,2026-03-31 23:00:00,2026-03-31 23:00:00,1,1,short_linear,True,,1,2026-03-31T23:00:00,0,,,,,,,,,,,
CARABAYLLO,HR,2026-04-29 09:00:00,2026-05-04 08:00:00,120,120,weekly_seasonal,True,,120,2026-04-29T09:00:00|2026-04-29T10:00:00|2026-04-29T11:00:00|2026-04-29T12:00:00|2026-04-29T13:00:00|2026-04-29T14:00:00|2026-04-29T15:00:00|2026-04-29T16:00:00|2026-04-29T17:00:00|2026-04-29T18:00:00|2026-04-29T19:00:00|2026-04-29T20:00:00|2026-04-29T21:00:00|2026-04-29T22:00:00|2026-04-29T23:00:00|2026-04-30T00:00:00|2026-04-30T01:00:00|2026-04-30T02:00:00|2026-04-30T03:00:00|2026-04-30T04:00:00|2026-04-30T05:00:00|2026-04-30T06:00:00|2026-04-30T07:00:00|2026-04-30T08:00:00|2026-04-30T09:00:00|2026-04-30T10:00:00|2026-04-30T11:00:00|2026-04-30T12:00:00|2026-04-30T13:00:00|2026-04-30T14:00:00|2026-04-30T15:00:00|2026-04-30T16:00:00|2026-04-30T17:00:00|2026-04-30T18:00:00|2026-04-30T19:00:00|2026-04-30T20:00:00|2026-04-30T21:00:00|2026-04-30T22:00:00|2026-04-30T23:00:00|2026-05-01T00:00:00|2026-05-01T01:00:00|2026-05-01T02:00:00|2026-05-01T03:00:00|2026-05-01T04:00:00|2026-05-01T05:00:00|2026-05-01T06:00:00|2026-05-01T07:00:00|2026-05-01T08:00:00|2026-05-01T09:00:00|2026-05-01T10:00:00|2026-05-01T11:00:00|2026-05-01T12:00:00|2026-05-01T13:00:00|2026-05-01T14:00:00|2026-05-01T15:00:00|2026-05-01T16:00:00|2026-05-01T17:00:00|2026-05-01T18:00:00|2026-05-01T19:00:00|2026-05-01T20:00:00|2026-05-01T21:00:00|2026-05-01T22:00:00|2026-05-01T23:00:00|2026-05-02T00:00:00|2026-05-02T01:00:00|2026-05-02T02:00:00|2026-05-02T03:00:00|2026-05-02T04:00:00|2026-05-02T05:00:00|2026-05-02T06:00:00|2026-05-02T07:00:00|2026-05-02T08:00:00|2026-05-02T09:00:00|2026-05-02T10:00:00|2026-05-02T11:00:00|2026-05-02T12:00:00|2026-05-02T13:00:00|2026-05-02T14:00:00|2026-05-02T15:00:00|2026-05-02T16:00:00|2026-05-02T17:00:00|2026-05-02T18:00:00|2026-05-02T19:00:00|2026-05-02T20:00:00|2026-05-02T21:00:00|2026-05-02T22:00:00|2026-05-02T23:00:00|2026-05-03T00:00:00|2026-05-03T01:00:00|2026-05-03T02:00:00|2026-05-03T03:00:00|2026-05-03T04:00:00|2026-05-03T05:00:00|2026-05-03T06:00:00|2026-05-03T07:00:00|2026-05-03T08:00:00|2026-05-03T09:00:00|2026-05-03T10:00:00|2026-05-03T11:00:00|2026-05-03T12:00:00|2026-05-03T13:00:00|2026-05-03T14:00:00|2026-05-03T15:00:00|2026-05-03T16:00:00|2026-05-03T17:00:00|2026-05-03T18:00:00|2026-05-03T19:00:00|2026-05-03T20:00:00|2026-05-03T21:00:00|2026-05-03T22:00:00|2026-05-03T23:00:00|2026-05-04T00:00:00|2026-05-04T01:00:00|2026-05-04T02:00:00|2026-05-04T03:00:00|2026-05-04T04:00:00|2026-05-04T05:00:00|2026-05-04T06:00:00|2026-05-04T07:00:00|2026-05-04T08:00:00,0,,,,,,,,,,4.0,
CARABAYLLO,HR,2026-05-31 23:00:00,2026-05-31 23:00:00,1,1,short_linear,True,,1,2026-05-31T23:00:00,0,,,,,,,,,,,
CARABAYLLO,HR,2026-06-04 22:00:00,2026-06-04 22:00:00,1,1,short_linear,True,,1,2026-06-04T22:00:00,0,,,,,,,,,,,
CARABAYLLO,HR,2026-06-08 19:00:00,2026-06-10 12:00:00,42,42,weekly_seasonal,True,,42,2026-06-08T19:00:00|2026-06-08T20:00:00|2026-06-08T21:00:00|2026-06-08T22:00:00|2026-06-08T23:00:00|2026-06-09T00:00:00|2026-06-09T01:00:00|2026-06-09T02:00:00|2026-06-09T03:00:00|2026-06-09T04:00:00|2026-06-09T05:00:00|2026-06-09T06:00:00|2026-06-09T07:00:00|2026-06-09T08:00:00|2026-06-09T09:00:00|2026-06-09T10:00:00|2026-06-09T11:00:00|2026-06-09T12:00:00|2026-06-09T13:00:00|2026-06-09T14:00:00|2026-06-09T15:00:00|2026-06-09T16:00:00|2026-06-09T17:00:00|2026-06-09T18:00:00|2026-06-09T19:00:00|2026-06-09T20:00:00|2026-06-09T21:00:00|2026-06-09T22:00:00|2026-06-09T23:00:00|2026-06-10T00:00:00|2026-06-10T01:00:00|2026-06-10T02:00:00|2026-06-10T03:00:00|2026-06-10T04:00:00|2026-06-10T05:00:00|2026-06-10T06:00:00|2026-06-10T07:00:00|2026-06-10T08:00:00|2026-06-10T09:00:00|2026-06-10T10:00:00|2026-06-10T11:00:00|2026-06-10T12:00:00,0,,,,,,,,,,4.0,
CARABAYLLO,HR,2026-06-19 03:00:00,2026-06-19 03:00:00,1,1,short_linear,True,,1,2026-06-19T03:00:00,0,,,,,,,,,,,
CARABAYLLO,HR,2026-06-22 10:00:00,2026-06-22 13:00:00,4,4,short_linear,True,,4,2026-06-22T10:00:00|2026-06-22T11:00:00|2026-06-22T12:00:00|2026-06-22T13:00:00,0,,,,,,,,,,,
CARABAYLLO,DIR_VIENTO,2025-03-05 15:00:00,2025-03-05 21:00:00,7,7,weekly_vector_seasonal,True,,7,2025-03-05T15:00:00|2025-03-05T16:00:00|2025-03-05T17:00:00|2025-03-05T18:00:00|2025-03-05T19:00:00|2025-03-05T20:00:00|2025-03-05T21:00:00,0,,,,,,,,,,4.0,
CARABAYLLO,VEL_VIENTO,2025-03-05 15:00:00,2025-03-05 21:00:00,7,7,weekly_vector_seasonal,True,,7,2025-03-05T15:00:00|2025-03-05T16:00:00|2025-03-05T17:00:00|2025-03-05T18:00:00|2025-03-05T19:00:00|2025-03-05T20:00:00|2025-03-05T21:00:00,0,,,,,,,,,,4.0,
CARABAYLLO,DIR_VIENTO,2025-03-20 22:00:00,2025-03-20 22:00:00,1,1,short_vector_linear,True,,1,2025-03-20T22:00:00,0,,,,,,,,,,,
CARABAYLLO,VEL_VIENTO,2025-03-20 22:00:00,2025-03-20 22:00:00,1,1,short_vector_linear,True,,1,2025-03-20T22:00:00,0,,,,,,,,,,,
CARABAYLLO,DIR_VIENTO,2025-05-07 00:00:00,2025-05-07 04:00:00,5,5,weekly_vector_seasonal,True,,5,2025-05-07T00:00:00|2025-05-07T01:00:00|2025-05-07T02:00:00|2025-05-07T03:00:00|2025-05-07T04:00:00,0,,,,,,,,,,4.0,
CARABAYLLO,VEL_VIENTO,2025-05-07 00:00:00,2025-05-07 04:00:00,5,5,weekly_vector_seasonal,True,,5,2025-05-07T00:00:00|2025-05-07T01:00:00|2025-05-07T02:00:00|2025-05-07T03:00:00|2025-05-07T04:00:00,0,,,,,,,,,,4.0,
CARABAYLLO,DIR_VIENTO,2025-06-03 00:00:00,2025-06-03 01:00:00,2,2,short_vector_linear,True,,2,2025-06-03T00:00:00|2025-06-03T01:00:00,0,,,,,,,,,,,
CARABAYLLO,VEL_VIENTO,2025-06-03 00:00:00,2025-06-03 01:00:00,2,2,short_vector_linear,True,,2,2025-06-03T00:00:00|2025-06-03T01:00:00,0,,,,,,,,,,,
CARABAYLLO,DIR_VIENTO,2025-06-03 06:00:00,2025-06-03 09:00:00,4,4,short_vector_linear,True,,4,2025-06-03T06:00:00|2025-06-03T07:00:00|2025-06-03T08:00:00|2025-06-03T09:00:00,0,,,,,,,,,,,
CARABAYLLO,VEL_VIENTO,2025-06-03 06:00:00,2025-06-03 09:00:00,4,4,short_vector_linear,True,,4,2025-06-03T06:00:00|2025-06-03T07:00:00|2025-06-03T08:00:00|2025-06-03T09:00:00,0,,,,,,,,,,,
CARABAYLLO,DIR_VIENTO,2025-06-03 13:00:00,2025-06-03 14:00:00,2,2,short_vector_linear,True,,2,2025-06-03T13:00:00|2025-06-03T14:00:00,0,,,,,,,,,,,
CARABAYLLO,VEL_VIENTO,2025-06-03 13:00:00,2025-06-03 14:00:00,2,2,short_vector_linear,True,,2,2025-06-03T13:00:00|2025-06-03T14:00:00,0,,,,,,,,,,,
CARABAYLLO,DIR_VIENTO,2025-06-16 12:00:00,2025-06-16 12:00:00,1,1,short_vector_linear,True,,1,2025-06-16T12:00:00,0,,,,,,,,,,,
CARABAYLLO,VEL_VIENTO,2025-06-16 12:00:00,2025-06-16 12:00:00,1,1,short_vector_linear,True,,1,2025-06-16T12:00:00,0,,,,,,,,,,,
CARABAYLLO,DIR_VIENTO,2025-07-08 18:00:00,2025-07-08 18:00:00,1,1,short_vector_linear,True,,1,2025-07-08T18:00:00,0,,,,,,,,,,,
CARABAYLLO,VEL_VIENTO,2025-07-08 18:00:00,2025-07-08 18:00:00,1,1,short_vector_linear,True,,1,2025-07-08T18:00:00,0,,,,,,,,,,,
CARABAYLLO,DIR_VIENTO,2025-08-15 10:00:00,2025-08-15 10:00:00,1,1,short_vector_linear,True,,1,2025-08-15T10:00:00,0,,,,,,,,,,,
CARABAYLLO,VEL_VIENTO,2025-08-15 10:00:00,2025-08-15 10:00:00,1,1,short_vector_linear,True,,1,2025-08-15T10:00:00,0,,,,,,,,,,,
CARABAYLLO,DIR_VIENTO,2025-08-16 07:00:00,2025-08-16 07:00:00,1,1,short_vector_linear,True,,1,2025-08-16T07:00:00,0,,,,,,,,,,,
CARABAYLLO,VEL_VIENTO,2025-08-16 07:00:00,2025-08-16 07:00:00,1,1,short_vector_linear,True,,1,2025-08-16T07:00:00,0,,,,,,,,,,,
CARABAYLLO,DIR_VIENTO,2025-08-31 16:00:00,2025-08-31 16:00:00,1,1,short_vector_linear,True,,1,2025-08-31T16:00:00,0,,,,,,,,,,,
CARABAYLLO,VEL_VIENTO,2025-08-31 16:00:00,2025-08-31 16:00:00,1,1,short_vector_linear,True,,1,2025-08-31T16:00:00,0,,,,,,,,,,,
CARABAYLLO,DIR_VIENTO,2025-09-26 23:00:00,2025-09-27 21:00:00,23,23,weekly_vector_seasonal,True,,23,2025-09-26T23:00:00|2025-09-27T00:00:00|2025-09-27T01:00:00|2025-09-27T02:00:00|2025-09-27T03:00:00|2025-09-27T04:00:00|2025-09-27T05:00:00|2025-09-27T06:00:00|2025-09-27T07:00:00|2025-09-27T08:00:00|2025-09-27T09:00:00|2025-09-27T10:00:00|2025-09-27T11:00:00|2025-09-27T12:00:00|2025-09-27T13:00:00|2025-09-27T14:00:00|2025-09-27T15:00:00|2025-09-27T16:00:00|2025-09-27T17:00:00|2025-09-27T18:00:00|2025-09-27T19:00:00|2025-09-27T20:00:00|2025-09-27T21:00:00,0,,,,,,,,,,4.0,
CARABAYLLO,VEL_VIENTO,2025-09-26 23:00:00,2025-09-27 21:00:00,23,23,weekly_vector_seasonal,True,,23,2025-09-26T23:00:00|2025-09-27T00:00:00|2025-09-27T01:00:00|2025-09-27T02:00:00|2025-09-27T03:00:00|2025-09-27T04:00:00|2025-09-27T05:00:00|2025-09-27T06:00:00|2025-09-27T07:00:00|2025-09-27T08:00:00|2025-09-27T09:00:00|2025-09-27T10:00:00|2025-09-27T11:00:00|2025-09-27T12:00:00|2025-09-27T13:00:00|2025-09-27T14:00:00|2025-09-27T15:00:00|2025-09-27T16:00:00|2025-09-27T17:00:00|2025-09-27T18:00:00|2025-09-27T19:00:00|2025-09-27T20:00:00|2025-09-27T21:00:00,0,,,,,,,,,,4.0,
CARABAYLLO,DIR_VIENTO,2025-09-30 03:00:00,2025-09-30 06:00:00,4,4,short_vector_linear,True,,4,2025-09-30T03:00:00|2025-09-30T04:00:00|2025-09-30T05:00:00|2025-09-30T06:00:00,0,,,,,,,,,,,
CARABAYLLO,VEL_VIENTO,2025-09-30 03:00:00,2025-09-30 06:00:00,4,4,short_vector_linear,True,,4,2025-09-30T03:00:00|2025-09-30T04:00:00|2025-09-30T05:00:00|2025-09-30T06:00:00,0,,,,,,,,,,,
CARABAYLLO,DIR_VIENTO,2025-10-08 18:00:00,2025-10-09 09:00:00,16,16,weekly_vector_seasonal,True,,16,2025-10-08T18:00:00|2025-10-08T19:00:00|2025-10-08T20:00:00|2025-10-08T21:00:00|2025-10-08T22:00:00|2025-10-08T23:00:00|2025-10-09T00:00:00|2025-10-09T01:00:00|2025-10-09T02:00:00|2025-10-09T03:00:00|2025-10-09T04:00:00|2025-10-09T05:00:00|2025-10-09T06:00:00|2025-10-09T07:00:00|2025-10-09T08:00:00|2025-10-09T09:00:00,0,,,,,,,,,,4.0,
CARABAYLLO,VEL_VIENTO,2025-10-08 18:00:00,2025-10-09 09:00:00,16,16,weekly_vector_seasonal,True,,16,2025-10-08T18:00:00|2025-10-08T19:00:00|2025-10-08T20:00:00|2025-10-08T21:00:00|2025-10-08T22:00:00|2025-10-08T23:00:00|2025-10-09T00:00:00|2025-10-09T01:00:00|2025-10-09T02:00:00|2025-10-09T03:00:00|2025-10-09T04:00:00|2025-10-09T05:00:00|2025-10-09T06:00:00|2025-10-09T07:00:00|2025-10-09T08:00:00|2025-10-09T09:00:00,0,,,,,,,,,,4.0,
CARABAYLLO,DIR_VIENTO,2025-10-09 11:00:00,2025-10-09 12:00:00,2,2,short_vector_linear,True,,2,2025-10-09T11:00:00|2025-10-09T12:00:00,0,,,,,,,,,,,
CARABAYLLO,VEL_VIENTO,2025-10-09 11:00:00,2025-10-09 12:00:00,2,2,short_vector_linear,True,,2,2025-10-09T11:00:00|2025-10-09T12:00:00,0,,,,,,,,,,,
CARABAYLLO,DIR_VIENTO,2025-11-16 10:00:00,2025-11-16 14:00:00,5,5,weekly_vector_seasonal,True,,5,2025-11-16T10:00:00|2025-11-16T11:00:00|2025-11-16T12:00:00|2025-11-16T13:00:00|2025-11-16T14:00:00,0,,,,,,,,,,4.0,
CARABAYLLO,VEL_VIENTO,2025-11-16 10:00:00,2025-11-16 14:00:00,5,5,weekly_vector_seasonal,True,,5,2025-11-16T10:00:00|2025-11-16T11:00:00|2025-11-16T12:00:00|2025-11-16T13:00:00|2025-11-16T14:00:00,0,,,,,,,,,,4.0,
CARABAYLLO,DIR_VIENTO,2025-11-30 23:00:00,2025-11-30 23:00:00,1,1,short_vector_linear,True,,1,2025-11-30T23:00:00,0,,,,,,,,,,,
CARABAYLLO,VEL_VIENTO,2025-11-30 23:00:00,2025-11-30 23:00:00,1,1,short_vector_linear,True,,1,2025-11-30T23:00:00,0,,,,,,,,,,,
CARABAYLLO,DIR_VIENTO,2025-12-03 15:00:00,2025-12-03 15:00:00,1,1,short_vector_linear,True,,1,2025-12-03T15:00:00,0,,,,,,,,,,,
CARABAYLLO,VEL_VIENTO,2025-12-03 15:00:00,2025-12-03 15:00:00,1,1,short_vector_linear,True,,1,2025-12-03T15:00:00,0,,,,,,,,,,,
CARABAYLLO,DIR_VIENTO,2025-12-05 09:00:00,2025-12-05 09:00:00,1,1,short_vector_linear,True,,1,2025-12-05T09:00:00,0,,,,,,,,,,,
CARABAYLLO,VEL_VIENTO,2025-12-05 09:00:00,2025-12-05 09:00:00,1,1,short_vector_linear,True,,1,2025-12-05T09:00:00,0,,,,,,,,,,,
CARABAYLLO,DIR_VIENTO,2025-12-16 12:00:00,2025-12-16 12:00:00,1,1,short_vector_linear,True,,1,2025-12-16T12:00:00,0,,,,,,,,,,,
CARABAYLLO,VEL_VIENTO,2025-12-16 12:00:00,2025-12-16 12:00:00,1,1,short_vector_linear,True,,1,2025-12-16T12:00:00,0,,,,,,,,,,,
CARABAYLLO,DIR_VIENTO,2025-12-31 23:00:00,2025-12-31 23:00:00,1,1,short_vector_linear,True,,1,2025-12-31T23:00:00,0,,,,,,,,,,,
CARABAYLLO,VEL_VIENTO,2025-12-31 23:00:00,2025-12-31 23:00:00,1,1,short_vector_linear,True,,1,2025-12-31T23:00:00,0,,,,,,,,,,,
CARABAYLLO,DIR_VIENTO,2026-01-07 22:00:00,2026-01-07 22:00:00,1,1,short_vector_linear,True,,1,2026-01-07T22:00:00,0,,,,,,,,,,,
CARABAYLLO,VEL_VIENTO,2026-01-07 22:00:00,2026-01-07 22:00:00,1,1,short_vector_linear,True,,1,2026-01-07T22:00:00,0,,,,,,,,,,,
CARABAYLLO,DIR_VIENTO,2026-01-15 12:00:00,2026-01-15 15:00:00,4,4,short_vector_linear,True,,4,2026-01-15T12:00:00|2026-01-15T13:00:00|2026-01-15T14:00:00|2026-01-15T15:00:00,0,,,,,,,,,,,
CARABAYLLO,VEL_VIENTO,2026-01-15 12:00:00,2026-01-15 15:00:00,4,4,short_vector_linear,True,,4,2026-01-15T12:00:00|2026-01-15T13:00:00|2026-01-15T14:00:00|2026-01-15T15:00:00,0,,,,,,,,,,,
CARABAYLLO,DIR_VIENTO,2026-01-16 01:00:00,2026-01-16 01:00:00,1,1,short_vector_linear,True,,1,2026-01-16T01:00:00,0,,,,,,,,,,,
CARABAYLLO,VEL_VIENTO,2026-01-16 01:00:00,2026-01-16 01:00:00,1,1,short_vector_linear,True,,1,2026-01-16T01:00:00,0,,,,,,,,,,,
CARABAYLLO,DIR_VIENTO,2026-01-31 23:00:00,2026-01-31 23:00:00,1,1,short_vector_linear,True,,1,2026-01-31T23:00:00,0,,,,,,,,,,,
CARABAYLLO,VEL_VIENTO,2026-01-31 23:00:00,2026-01-31 23:00:00,1,1,short_vector_linear,True,,1,2026-01-31T23:00:00,0,,,,,,,,,,,
CARABAYLLO,DIR_VIENTO,2026-02-11 01:00:00,2026-02-11 03:00:00,3,3,short_vector_linear,True,,3,2026-02-11T01:00:00|2026-02-11T02:00:00|2026-02-11T03:00:00,0,,,,,,,,,,,
CARABAYLLO,VEL_VIENTO,2026-02-11 01:00:00,2026-02-11 03:00:00,3,3,short_vector_linear,True,,3,2026-02-11T01:00:00|2026-02-11T02:00:00|2026-02-11T03:00:00,0,,,,,,,,,,,
CARABAYLLO,DIR_VIENTO,2026-02-12 20:00:00,2026-02-12 20:00:00,1,1,short_vector_linear,True,,1,2026-02-12T20:00:00,0,,,,,,,,,,,
CARABAYLLO,VEL_VIENTO,2026-02-12 20:00:00,2026-02-12 20:00:00,1,1,short_vector_linear,True,,1,2026-02-12T20:00:00,0,,,,,,,,,,,
CARABAYLLO,DIR_VIENTO,2026-02-24 11:00:00,2026-02-24 12:00:00,2,2,short_vector_linear,True,,2,2026-02-24T11:00:00|2026-02-24T12:00:00,0,,,,,,,,,,,
CARABAYLLO,VEL_VIENTO,2026-02-24 11:00:00,2026-02-24 12:00:00,2,2,short_vector_linear,True,,2,2026-02-24T11:00:00|2026-02-24T12:00:00,0,,,,,,,,,,,
CARABAYLLO,DIR_VIENTO,2026-02-28 23:00:00,2026-02-28 23:00:00,1,1,short_vector_linear,True,,1,2026-02-28T23:00:00,0,,,,,,,,,,,
CARABAYLLO,VEL_VIENTO,2026-02-28 23:00:00,2026-02-28 23:00:00,1,1,short_vector_linear,True,,1,2026-02-28T23:00:00,0,,,,,,,,,,,
CARABAYLLO,VEL_VIENTO,2026-03-13 08:00:00,2026-03-13 08:00:00,1,1,short_vector_linear,True,,1,2026-03-13T08:00:00,0,,,,,,,,,,,
CARABAYLLO,VEL_VIENTO,2026-03-14 01:00:00,2026-03-14 01:00:00,1,1,short_vector_linear,True,,1,2026-03-14T01:00:00,0,,,,,,,,,,,
CARABAYLLO,VEL_VIENTO,2026-03-14 03:00:00,2026-03-14 03:00:00,1,1,short_vector_linear,True,,1,2026-03-14T03:00:00,0,,,,,,,,,,,
CARABAYLLO,VEL_VIENTO,2026-03-14 05:00:00,2026-03-14 05:00:00,1,1,short_vector_linear,True,,1,2026-03-14T05:00:00,0,,,,,,,,,,,
CARABAYLLO,DIR_VIENTO,2026-03-17 02:00:00,2026-03-18 18:00:00,41,41,weekly_vector_seasonal,True,,33,2026-03-17T02:00:00|2026-03-17T03:00:00|2026-03-17T04:00:00|2026-03-17T05:00:00|2026-03-17T06:00:00|2026-03-17T07:00:00|2026-03-17T08:00:00|2026-03-17T09:00:00|2026-03-17T10:00:00|2026-03-17T11:00:00|2026-03-17T12:00:00|2026-03-17T13:00:00|2026-03-17T14:00:00|2026-03-17T15:00:00|2026-03-17T16:00:00|2026-03-17T17:00:00|2026-03-17T18:00:00|2026-03-17T19:00:00|2026-03-17T20:00:00|2026-03-17T21:00:00|2026-03-17T22:00:00|2026-03-17T23:00:00|2026-03-18T00:00:00|2026-03-18T01:00:00|2026-03-18T02:00:00|2026-03-18T03:00:00|2026-03-18T04:00:00|2026-03-18T05:00:00|2026-03-18T06:00:00|2026-03-18T07:00:00|2026-03-18T08:00:00|2026-03-18T09:00:00|2026-03-18T10:00:00,0,,,,,,,,,,3.0,
CARABAYLLO,VEL_VIENTO,2026-03-17 02:00:00,2026-03-18 18:00:00,41,41,weekly_vector_seasonal,True,,41,2026-03-17T02:00:00|2026-03-17T03:00:00|2026-03-17T04:00:00|2026-03-17T05:00:00|2026-03-17T06:00:00|2026-03-17T07:00:00|2026-03-17T08:00:00|2026-03-17T09:00:00|2026-03-17T10:00:00|2026-03-17T11:00:00|2026-03-17T12:00:00|2026-03-17T13:00:00|2026-03-17T14:00:00|2026-03-17T15:00:00|2026-03-17T16:00:00|2026-03-17T17:00:00|2026-03-17T18:00:00|2026-03-17T19:00:00|2026-03-17T20:00:00|2026-03-17T21:00:00|2026-03-17T22:00:00|2026-03-17T23:00:00|2026-03-18T00:00:00|2026-03-18T01:00:00|2026-03-18T02:00:00|2026-03-18T03:00:00|2026-03-18T04:00:00|2026-03-18T05:00:00|2026-03-18T06:00:00|2026-03-18T07:00:00|2026-03-18T08:00:00|2026-03-18T09:00:00|2026-03-18T10:00:00|2026-03-18T11:00:00|2026-03-18T12:00:00|2026-03-18T13:00:00|2026-03-18T14:00:00|2026-03-18T15:00:00|2026-03-18T16:00:00|2026-03-18T17:00:00|2026-03-18T18:00:00,0,,,,,,,,,,3.0,
CARABAYLLO,DIR_VIENTO,2026-03-22 17:00:00,2026-03-22 17:00:00,1,1,short_vector_linear,True,,1,2026-03-22T17:00:00,0,,,,,,,,,,,
CARABAYLLO,VEL_VIENTO,2026-03-22 17:00:00,2026-03-22 17:00:00,1,1,short_vector_linear,True,,1,2026-03-22T17:00:00,0,,,,,,,,,,,
CARABAYLLO,VEL_VIENTO,2026-03-24 15:00:00,2026-03-24 18:00:00,4,4,short_vector_linear,True,,4,2026-03-24T15:00:00|2026-03-24T16:00:00|2026-03-24T17:00:00|2026-03-24T18:00:00,0,,,,,,,,,,,
CARABAYLLO,DIR_VIENTO,2026-03-26 03:00:00,2026-03-26 16:00:00,14,14,weekly_vector_seasonal,True,,13,2026-03-26T03:00:00|2026-03-26T04:00:00|2026-03-26T05:00:00|2026-03-26T06:00:00|2026-03-26T07:00:00|2026-03-26T08:00:00|2026-03-26T09:00:00|2026-03-26T10:00:00|2026-03-26T11:00:00|2026-03-26T12:00:00|2026-03-26T13:00:00|2026-03-26T14:00:00|2026-03-26T15:00:00,0,,,,,,,,,,4.0,
CARABAYLLO,VEL_VIENTO,2026-03-26 03:00:00,2026-03-26 16:00:00,14,14,weekly_vector_seasonal,True,,14,2026-03-26T03:00:00|2026-03-26T04:00:00|2026-03-26T05:00:00|2026-03-26T06:00:00|2026-03-26T07:00:00|2026-03-26T08:00:00|2026-03-26T09:00:00|2026-03-26T10:00:00|2026-03-26T11:00:00|2026-03-26T12:00:00|2026-03-26T13:00:00|2026-03-26T14:00:00|2026-03-26T15:00:00|2026-03-26T16:00:00,0,,,,,,,,,,4.0,
CARABAYLLO,VEL_VIENTO,2026-03-27 13:00:00,2026-03-27 18:00:00,6,6,weekly_vector_seasonal,True,,6,2026-03-27T13:00:00|2026-03-27T14:00:00|2026-03-27T15:00:00|2026-03-27T16:00:00|2026-03-27T17:00:00|2026-03-27T18:00:00,0,,,,,,,,,,4.0,
CARABAYLLO,DIR_VIENTO,2026-03-31 23:00:00,2026-03-31 23:00:00,1,1,short_vector_linear,True,,1,2026-03-31T23:00:00,0,,,,,,,,,,,
CARABAYLLO,VEL_VIENTO,2026-03-31 23:00:00,2026-03-31 23:00:00,1,1,short_vector_linear,True,,1,2026-03-31T23:00:00,0,,,,,,,,,,,
CARABAYLLO,DIR_VIENTO,2026-04-29 09:00:00,2026-05-04 08:00:00,120,120,weekly_vector_seasonal,True,,120,2026-04-29T09:00:00|2026-04-29T10:00:00|2026-04-29T11:00:00|2026-04-29T12:00:00|2026-04-29T13:00:00|2026-04-29T14:00:00|2026-04-29T15:00:00|2026-04-29T16:00:00|2026-04-29T17:00:00|2026-04-29T18:00:00|2026-04-29T19:00:00|2026-04-29T20:00:00|2026-04-29T21:00:00|2026-04-29T22:00:00|2026-04-29T23:00:00|2026-04-30T00:00:00|2026-04-30T01:00:00|2026-04-30T02:00:00|2026-04-30T03:00:00|2026-04-30T04:00:00|2026-04-30T05:00:00|2026-04-30T06:00:00|2026-04-30T07:00:00|2026-04-30T08:00:00|2026-04-30T09:00:00|2026-04-30T10:00:00|2026-04-30T11:00:00|2026-04-30T12:00:00|2026-04-30T13:00:00|2026-04-30T14:00:00|2026-04-30T15:00:00|2026-04-30T16:00:00|2026-04-30T17:00:00|2026-04-30T18:00:00|2026-04-30T19:00:00|2026-04-30T20:00:00|2026-04-30T21:00:00|2026-04-30T22:00:00|2026-04-30T23:00:00|2026-05-01T00:00:00|2026-05-01T01:00:00|2026-05-01T02:00:00|2026-05-01T03:00:00|2026-05-01T04:00:00|2026-05-01T05:00:00|2026-05-01T06:00:00|2026-05-01T07:00:00|2026-05-01T08:00:00|2026-05-01T09:00:00|2026-05-01T10:00:00|2026-05-01T11:00:00|2026-05-01T12:00:00|2026-05-01T13:00:00|2026-05-01T14:00:00|2026-05-01T15:00:00|2026-05-01T16:00:00|2026-05-01T17:00:00|2026-05-01T18:00:00|2026-05-01T19:00:00|2026-05-01T20:00:00|2026-05-01T21:00:00|2026-05-01T22:00:00|2026-05-01T23:00:00|2026-05-02T00:00:00|2026-05-02T01:00:00|2026-05-02T02:00:00|2026-05-02T03:00:00|2026-05-02T04:00:00|2026-05-02T05:00:00|2026-05-02T06:00:00|2026-05-02T07:00:00|2026-05-02T08:00:00|2026-05-02T09:00:00|2026-05-02T10:00:00|2026-05-02T11:00:00|2026-05-02T12:00:00|2026-05-02T13:00:00|2026-05-02T14:00:00|2026-05-02T15:00:00|2026-05-02T16:00:00|2026-05-02T17:00:00|2026-05-02T18:00:00|2026-05-02T19:00:00|2026-05-02T20:00:00|2026-05-02T21:00:00|2026-05-02T22:00:00|2026-05-02T23:00:00|2026-05-03T00:00:00|2026-05-03T01:00:00|2026-05-03T02:00:00|2026-05-03T03:00:00|2026-05-03T04:00:00|2026-05-03T05:00:00|2026-05-03T06:00:00|2026-05-03T07:00:00|2026-05-03T08:00:00|2026-05-03T09:00:00|2026-05-03T10:00:00|2026-05-03T11:00:00|2026-05-03T12:00:00|2026-05-03T13:00:00|2026-05-03T14:00:00|2026-05-03T15:00:00|2026-05-03T16:00:00|2026-05-03T17:00:00|2026-05-03T18:00:00|2026-05-03T19:00:00|2026-05-03T20:00:00|2026-05-03T21:00:00|2026-05-03T22:00:00|2026-05-03T23:00:00|2026-05-04T00:00:00|2026-05-04T01:00:00|2026-05-04T02:00:00|2026-05-04T03:00:00|2026-05-04T04:00:00|2026-05-04T05:00:00|2026-05-04T06:00:00|2026-05-04T07:00:00|2026-05-04T08:00:00,0,,,,,,,,,,3.0,
CARABAYLLO,VEL_VIENTO,2026-04-29 09:00:00,2026-05-04 08:00:00,120,120,weekly_vector_seasonal,True,,120,2026-04-29T09:00:00|2026-04-29T10:00:00|2026-04-29T11:00:00|2026-04-29T12:00:00|2026-04-29T13:00:00|2026-04-29T14:00:00|2026-04-29T15:00:00|2026-04-29T16:00:00|2026-04-29T17:00:00|2026-04-29T18:00:00|2026-04-29T19:00:00|2026-04-29T20:00:00|2026-04-29T21:00:00|2026-04-29T22:00:00|2026-04-29T23:00:00|2026-04-30T00:00:00|2026-04-30T01:00:00|2026-04-30T02:00:00|2026-04-30T03:00:00|2026-04-30T04:00:00|2026-04-30T05:00:00|2026-04-30T06:00:00|2026-04-30T07:00:00|2026-04-30T08:00:00|2026-04-30T09:00:00|2026-04-30T10:00:00|2026-04-30T11:00:00|2026-04-30T12:00:00|2026-04-30T13:00:00|2026-04-30T14:00:00|2026-04-30T15:00:00|2026-04-30T16:00:00|2026-04-30T17:00:00|2026-04-30T18:00:00|2026-04-30T19:00:00|2026-04-30T20:00:00|2026-04-30T21:00:00|2026-04-30T22:00:00|2026-04-30T23:00:00|2026-05-01T00:00:00|2026-05-01T01:00:00|2026-05-01T02:00:00|2026-05-01T03:00:00|2026-05-01T04:00:00|2026-05-01T05:00:00|2026-05-01T06:00:00|2026-05-01T07:00:00|2026-05-01T08:00:00|2026-05-01T09:00:00|2026-05-01T10:00:00|2026-05-01T11:00:00|2026-05-01T12:00:00|2026-05-01T13:00:00|2026-05-01T14:00:00|2026-05-01T15:00:00|2026-05-01T16:00:00|2026-05-01T17:00:00|2026-05-01T18:00:00|2026-05-01T19:00:00|2026-05-01T20:00:00|2026-05-01T21:00:00|2026-05-01T22:00:00|2026-05-01T23:00:00|2026-05-02T00:00:00|2026-05-02T01:00:00|2026-05-02T02:00:00|2026-05-02T03:00:00|2026-05-02T04:00:00|2026-05-02T05:00:00|2026-05-02T06:00:00|2026-05-02T07:00:00|2026-05-02T08:00:00|2026-05-02T09:00:00|2026-05-02T10:00:00|2026-05-02T11:00:00|2026-05-02T12:00:00|2026-05-02T13:00:00|2026-05-02T14:00:00|2026-05-02T15:00:00|2026-05-02T16:00:00|2026-05-02T17:00:00|2026-05-02T18:00:00|2026-05-02T19:00:00|2026-05-02T20:00:00|2026-05-02T21:00:00|2026-05-02T22:00:00|2026-05-02T23:00:00|2026-05-03T00:00:00|2026-05-03T01:00:00|2026-05-03T02:00:00|2026-05-03T03:00:00|2026-05-03T04:00:00|2026-05-03T05:00:00|2026-05-03T06:00:00|2026-05-03T07:00:00|2026-05-03T08:00:00|2026-05-03T09:00:00|2026-05-03T10:00:00|2026-05-03T11:00:00|2026-05-03T12:00:00|2026-05-03T13:00:00|2026-05-03T14:00:00|2026-05-03T15:00:00|2026-05-03T16:00:00|2026-05-03T17:00:00|2026-05-03T18:00:00|2026-05-03T19:00:00|2026-05-03T20:00:00|2026-05-03T21:00:00|2026-05-03T22:00:00|2026-05-03T23:00:00|2026-05-04T00:00:00|2026-05-04T01:00:00|2026-05-04T02:00:00|2026-05-04T03:00:00|2026-05-04T04:00:00|2026-05-04T05:00:00|2026-05-04T06:00:00|2026-05-04T07:00:00|2026-05-04T08:00:00,0,,,,,,,,,,3.0,
CARABAYLLO,VEL_VIENTO,2026-05-15 03:00:00,2026-05-15 03:00:00,1,1,short_vector_linear,True,,1,2026-05-15T03:00:00,0,,,,,,,,,,,
CARABAYLLO,DIR_VIENTO,2026-05-31 23:00:00,2026-05-31 23:00:00,1,1,short_vector_linear,True,,1,2026-05-31T23:00:00,0,,,,,,,,,,,
CARABAYLLO,VEL_VIENTO,2026-05-31 23:00:00,2026-05-31 23:00:00,1,1,short_vector_linear,True,,1,2026-05-31T23:00:00,0,,,,,,,,,,,
CARABAYLLO,DIR_VIENTO,2026-06-04 22:00:00,2026-06-04 22:00:00,1,1,short_vector_linear,True,,1,2026-06-04T22:00:00,0,,,,,,,,,,,
CARABAYLLO,VEL_VIENTO,2026-06-04 22:00:00,2026-06-04 22:00:00,1,1,short_vector_linear,True,,1,2026-06-04T22:00:00,0,,,,,,,,,,,
CARABAYLLO,DIR_VIENTO,2026-06-08 19:00:00,2026-06-10 12:00:00,42,42,weekly_vector_seasonal,True,,42,2026-06-08T19:00:00|2026-06-08T20:00:00|2026-06-08T21:00:00|2026-06-08T22:00:00|2026-06-08T23:00:00|2026-06-09T00:00:00|2026-06-09T01:00:00|2026-06-09T02:00:00|2026-06-09T03:00:00|2026-06-09T04:00:00|2026-06-09T05:00:00|2026-06-09T06:00:00|2026-06-09T07:00:00|2026-06-09T08:00:00|2026-06-09T09:00:00|2026-06-09T10:00:00|2026-06-09T11:00:00|2026-06-09T12:00:00|2026-06-09T13:00:00|2026-06-09T14:00:00|2026-06-09T15:00:00|2026-06-09T16:00:00|2026-06-09T17:00:00|2026-06-09T18:00:00|2026-06-09T19:00:00|2026-06-09T20:00:00|2026-06-09T21:00:00|2026-06-09T22:00:00|2026-06-09T23:00:00|2026-06-10T00:00:00|2026-06-10T01:00:00|2026-06-10T02:00:00|2026-06-10T03:00:00|2026-06-10T04:00:00|2026-06-10T05:00:00|2026-06-10T06:00:00|2026-06-10T07:00:00|2026-06-10T08:00:00|2026-06-10T09:00:00|2026-06-10T10:00:00|2026-06-10T11:00:00|2026-06-10T12:00:00,0,,,,,,,,,,3.0,
CARABAYLLO,VEL_VIENTO,2026-06-08 19:00:00,2026-06-10 12:00:00,42,42,weekly_vector_seasonal,True,,42,2026-06-08T19:00:00|2026-06-08T20:00:00|2026-06-08T21:00:00|2026-06-08T22:00:00|2026-06-08T23:00:00|2026-06-09T00:00:00|2026-06-09T01:00:00|2026-06-09T02:00:00|2026-06-09T03:00:00|2026-06-09T04:00:00|2026-06-09T05:00:00|2026-06-09T06:00:00|2026-06-09T07:00:00|2026-06-09T08:00:00|2026-06-09T09:00:00|2026-06-09T10:00:00|2026-06-09T11:00:00|2026-06-09T12:00:00|2026-06-09T13:00:00|2026-06-09T14:00:00|2026-06-09T15:00:00|2026-06-09T16:00:00|2026-06-09T17:00:00|2026-06-09T18:00:00|2026-06-09T19:00:00|2026-06-09T20:00:00|2026-06-09T21:00:00|2026-06-09T22:00:00|2026-06-09T23:00:00|2026-06-10T00:00:00|2026-06-10T01:00:00|2026-06-10T02:00:00|2026-06-10T03:00:00|2026-06-10T04:00:00|2026-06-10T05:00:00|2026-06-10T06:00:00|2026-06-10T07:00:00|2026-06-10T08:00:00|2026-06-10T09:00:00|2026-06-10T10:00:00|2026-06-10T11:00:00|2026-06-10T12:00:00,0,,,,,,,,,,3.0,
CARABAYLLO,DIR_VIENTO,2026-06-19 03:00:00,2026-06-19 03:00:00,1,1,short_vector_linear,True,,1,2026-06-19T03:00:00,0,,,,,,,,,,,
CARABAYLLO,VEL_VIENTO,2026-06-19 03:00:00,2026-06-19 03:00:00,1,1,short_vector_linear,True,,1,2026-06-19T03:00:00,0,,,,,,,,,,,
CARABAYLLO,DIR_VIENTO,2026-06-22 10:00:00,2026-06-22 13:00:00,4,4,short_vector_linear,True,,4,2026-06-22T10:00:00|2026-06-22T11:00:00|2026-06-22T12:00:00|2026-06-22T13:00:00,0,,,,,,,,,,,
CARABAYLLO,VEL_VIENTO,2026-06-22 10:00:00,2026-06-22 13:00:00,4,4,short_vector_linear,True,,4,2026-06-22T10:00:00|2026-06-22T11:00:00|2026-06-22T12:00:00|2026-06-22T13:00:00,0,,,,,,,,,,,
CARABAYLLO,VEL_VIENTO,2026-06-22 23:00:00,2026-06-22 23:00:00,1,1,short_vector_linear,True,,1,2026-06-22T23:00:00,0,,,,,,,,,,,
CARABAYLLO,VEL_VIENTO,2026-06-23 02:00:00,2026-06-23 03:00:00,2,2,short_vector_linear,True,,2,2026-06-23T02:00:00|2026-06-23T03:00:00,0,,,,,,,,,,,
CARABAYLLO,VEL_VIENTO,2026-06-29 01:00:00,2026-06-29 01:00:00,1,1,short_vector_linear,True,,1,2026-06-29T01:00:00,0,,,,,,,,,,,
CARABAYLLO,VEL_VIENTO,2026-06-29 06:00:00,2026-06-29 06:00:00,1,1,short_vector_linear,True,,1,2026-06-29T06:00:00,0,,,,,,,,,,,
CARABAYLLO,VEL_VIENTO,2026-06-30 07:00:00,2026-06-30 07:00:00,1,1,short_vector_linear,True,,1,2026-06-30T07:00:00,0,,,,,,,,,,,
CERES,TEMP,2025-01-29 09:00:00,2025-01-29 12:00:00,4,4,short_linear,True,,4,2025-01-29T09:00:00|2025-01-29T10:00:00|2025-01-29T11:00:00|2025-01-29T12:00:00,0,,,,,,,,,,,
CERES,TEMP,2025-03-05 15:00:00,2025-03-05 21:00:00,7,7,weekly_seasonal,True,,7,2025-03-05T15:00:00|2025-03-05T16:00:00|2025-03-05T17:00:00|2025-03-05T18:00:00|2025-03-05T19:00:00|2025-03-05T20:00:00|2025-03-05T21:00:00,0,,,,,,,,,,4.0,
CERES,TEMP,2025-06-04 07:00:00,2025-06-04 07:00:00,1,1,short_linear,True,,1,2025-06-04T07:00:00,0,,,,,,,,,,,
CERES,TEMP,2025-06-29 14:00:00,2025-06-29 14:00:00,1,1,short_linear,True,,1,2025-06-29T14:00:00,0,,,,,,,,,,,
CERES,TEMP,2025-07-08 18:00:00,2025-07-08 18:00:00,1,1,short_linear,True,,1,2025-07-08T18:00:00,0,,,,,,,,,,,
CERES,TEMP,2025-07-29 19:00:00,2025-07-29 19:00:00,1,1,short_linear,True,,1,2025-07-29T19:00:00,0,,,,,,,,,,,
CERES,TEMP,2025-08-15 10:00:00,2025-08-15 10:00:00,1,1,short_linear,True,,1,2025-08-15T10:00:00,0,,,,,,,,,,,
CERES,TEMP,2025-08-15 23:00:00,2025-08-15 23:00:00,1,1,short_linear,True,,1,2025-08-15T23:00:00,0,,,,,,,,,,,
CERES,TEMP,2025-08-16 07:00:00,2025-08-16 08:00:00,2,2,short_linear,True,,2,2025-08-16T07:00:00|2025-08-16T08:00:00,0,,,,,,,,,,,
CERES,TEMP,2025-11-30 23:00:00,2025-11-30 23:00:00,1,1,short_linear,True,,1,2025-11-30T23:00:00,0,,,,,,,,,,,
CERES,TEMP,2025-12-16 12:00:00,2025-12-16 12:00:00,1,1,short_linear,True,,1,2025-12-16T12:00:00,0,,,,,,,,,,,
CERES,TEMP,2025-12-31 23:00:00,2025-12-31 23:00:00,1,1,short_linear,True,,1,2025-12-31T23:00:00,0,,,,,,,,,,,
CERES,TEMP,2026-01-31 23:00:00,2026-01-31 23:00:00,1,1,short_linear,True,,1,2026-01-31T23:00:00,0,,,,,,,,,,,
CERES,TEMP,2026-02-11 01:00:00,2026-02-11 03:00:00,3,3,short_linear,True,,3,2026-02-11T01:00:00|2026-02-11T02:00:00|2026-02-11T03:00:00,0,,,,,,,,,,,
CERES,TEMP,2026-02-28 23:00:00,2026-02-28 23:00:00,1,1,short_linear,True,,1,2026-02-28T23:00:00,0,,,,,,,,,,,
CERES,TEMP,2026-03-31 23:00:00,2026-03-31 23:00:00,1,1,short_linear,True,,1,2026-03-31T23:00:00,0,,,,,,,,,,,
CERES,TEMP,2026-04-30 23:00:00,2026-04-30 23:00:00,1,1,short_linear,True,,1,2026-04-30T23:00:00,0,,,,,,,,,,,
CERES,TEMP,2026-05-31 23:00:00,2026-05-31 23:00:00,1,1,short_linear,True,,1,2026-05-31T23:00:00,0,,,,,,,,,,,
CERES,TEMP,2026-06-24 13:00:00,2026-06-24 13:00:00,1,1,short_linear,True,,1,2026-06-24T13:00:00,0,,,,,,,,,,,
CERES,TEMP,2026-06-24 15:00:00,2026-06-24 15:00:00,1,1,short_linear,True,,1,2026-06-24T15:00:00,0,,,,,,,,,,,
CERES,TEMP,2026-06-25 13:00:00,2026-06-25 14:00:00,2,2,short_linear,True,,2,2026-06-25T13:00:00|2026-06-25T14:00:00,0,,,,,,,,,,,
CERES,DIR_VIENTO,2025-01-29 09:00:00,2025-01-29 12:00:00,4,4,short_vector_linear,True,,4,2025-01-29T09:00:00|2025-01-29T10:00:00|2025-01-29T11:00:00|2025-01-29T12:00:00,0,,,,,,,,,,,
CERES,VEL_VIENTO,2025-01-29 09:00:00,2025-01-29 12:00:00,4,4,short_vector_linear,True,,4,2025-01-29T09:00:00|2025-01-29T10:00:00|2025-01-29T11:00:00|2025-01-29T12:00:00,0,,,,,,,,,,,
CERES,DIR_VIENTO,2025-03-05 15:00:00,2025-03-05 21:00:00,7,7,weekly_vector_seasonal,True,,7,2025-03-05T15:00:00|2025-03-05T16:00:00|2025-03-05T17:00:00|2025-03-05T18:00:00|2025-03-05T19:00:00|2025-03-05T20:00:00|2025-03-05T21:00:00,0,,,,,,,,,,4.0,
CERES,VEL_VIENTO,2025-03-05 15:00:00,2025-03-05 21:00:00,7,7,weekly_vector_seasonal,True,,7,2025-03-05T15:00:00|2025-03-05T16:00:00|2025-03-05T17:00:00|2025-03-05T18:00:00|2025-03-05T19:00:00|2025-03-05T20:00:00|2025-03-05T21:00:00,0,,,,,,,,,,4.0,
CERES,DIR_VIENTO,2025-06-04 07:00:00,2025-06-04 07:00:00,1,1,short_vector_linear,True,,1,2025-06-04T07:00:00,0,,,,,,,,,,,
CERES,VEL_VIENTO,2025-06-04 07:00:00,2025-06-04 07:00:00,1,1,short_vector_linear,True,,1,2025-06-04T07:00:00,0,,,,,,,,,,,
CERES,DIR_VIENTO,2025-06-29 14:00:00,2025-06-29 14:00:00,1,1,short_vector_linear,True,,1,2025-06-29T14:00:00,0,,,,,,,,,,,
CERES,VEL_VIENTO,2025-06-29 14:00:00,2025-06-29 14:00:00,1,1,short_vector_linear,True,,1,2025-06-29T14:00:00,0,,,,,,,,,,,
CERES,DIR_VIENTO,2025-07-08 18:00:00,2025-07-08 18:00:00,1,1,short_vector_linear,True,,1,2025-07-08T18:00:00,0,,,,,,,,,,,
CERES,VEL_VIENTO,2025-07-08 18:00:00,2025-07-08 18:00:00,1,1,short_vector_linear,True,,1,2025-07-08T18:00:00,0,,,,,,,,,,,
CERES,DIR_VIENTO,2025-07-29 19:00:00,2025-07-29 19:00:00,1,1,short_vector_linear,True,,1,2025-07-29T19:00:00,0,,,,,,,,,,,
CERES,VEL_VIENTO,2025-07-29 19:00:00,2025-07-29 19:00:00,1,1,short_vector_linear,True,,1,2025-07-29T19:00:00,0,,,,,,,,,,,
CERES,DIR_VIENTO,2025-08-15 10:00:00,2025-08-15 10:00:00,1,1,short_vector_linear,True,,1,2025-08-15T10:00:00,0,,,,,,,,,,,
CERES,VEL_VIENTO,2025-08-15 10:00:00,2025-08-15 10:00:00,1,1,short_vector_linear,True,,1,2025-08-15T10:00:00,0,,,,,,,,,,,
CERES,DIR_VIENTO,2025-08-15 23:00:00,2025-08-15 23:00:00,1,1,short_vector_linear,True,,1,2025-08-15T23:00:00,0,,,,,,,,,,,
CERES,VEL_VIENTO,2025-08-15 23:00:00,2025-08-15 23:00:00,1,1,short_vector_linear,True,,1,2025-08-15T23:00:00,0,,,,,,,,,,,
CERES,DIR_VIENTO,2025-08-16 07:00:00,2025-08-16 08:00:00,2,2,short_vector_linear,True,,2,2025-08-16T07:00:00|2025-08-16T08:00:00,0,,,,,,,,,,,
CERES,VEL_VIENTO,2025-08-16 07:00:00,2025-08-16 08:00:00,2,2,short_vector_linear,True,,2,2025-08-16T07:00:00|2025-08-16T08:00:00,0,,,,,,,,,,,
CERES,DIR_VIENTO,2025-11-30 23:00:00,2025-11-30 23:00:00,1,1,short_vector_linear,True,,1,2025-11-30T23:00:00,0,,,,,,,,,,,
CERES,VEL_VIENTO,2025-11-30 23:00:00,2025-11-30 23:00:00,1,1,short_vector_linear,True,,1,2025-11-30T23:00:00,0,,,,,,,,,,,
CERES,DIR_VIENTO,2025-12-16 12:00:00,2025-12-16 12:00:00,1,1,short_vector_linear,True,,1,2025-12-16T12:00:00,0,,,,,,,,,,,
CERES,VEL_VIENTO,2025-12-16 12:00:00,2025-12-16 12:00:00,1,1,short_vector_linear,True,,1,2025-12-16T12:00:00,0,,,,,,,,,,,
CERES,DIR_VIENTO,2025-12-31 23:00:00,2025-12-31 23:00:00,1,1,short_vector_linear,True,,1,2025-12-31T23:00:00,0,,,,,,,,,,,
CERES,VEL_VIENTO,2025-12-31 23:00:00,2025-12-31 23:00:00,1,1,short_vector_linear,True,,1,2025-12-31T23:00:00,0,,,,,,,,,,,
CERES,DIR_VIENTO,2026-01-31 23:00:00,2026-01-31 23:00:00,1,1,short_vector_linear,True,,1,2026-01-31T23:00:00,0,,,,,,,,,,,
CERES,VEL_VIENTO,2026-01-31 23:00:00,2026-01-31 23:00:00,1,1,short_vector_linear,True,,1,2026-01-31T23:00:00,0,,,,,,,,,,,
CERES,DIR_VIENTO,2026-02-11 01:00:00,2026-02-11 03:00:00,3,3,short_vector_linear,True,,3,2026-02-11T01:00:00|2026-02-11T02:00:00|2026-02-11T03:00:00,0,,,,,,,,,,,
CERES,VEL_VIENTO,2026-02-11 01:00:00,2026-02-11 03:00:00,3,3,short_vector_linear,True,,3,2026-02-11T01:00:00|2026-02-11T02:00:00|2026-02-11T03:00:00,0,,,,,,,,,,,
CERES,DIR_VIENTO,2026-02-28 23:00:00,2026-02-28 23:00:00,1,1,short_vector_linear,True,,1,2026-02-28T23:00:00,0,,,,,,,,,,,
CERES,VEL_VIENTO,2026-02-28 23:00:00,2026-02-28 23:00:00,1,1,short_vector_linear,True,,1,2026-02-28T23:00:00,0,,,,,,,,,,,
CERES,DIR_VIENTO,2026-03-31 23:00:00,2026-03-31 23:00:00,1,1,short_vector_linear,True,,1,2026-03-31T23:00:00,0,,,,,,,,,,,
CERES,VEL_VIENTO,2026-03-31 23:00:00,2026-03-31 23:00:00,1,1,short_vector_linear,True,,1,2026-03-31T23:00:00,0,,,,,,,,,,,
CERES,DIR_VIENTO,2026-04-30 23:00:00,2026-04-30 23:00:00,1,1,short_vector_linear,True,,1,2026-04-30T23:00:00,0,,,,,,,,,,,
CERES,VEL_VIENTO,2026-04-30 23:00:00,2026-04-30 23:00:00,1,1,short_vector_linear,True,,1,2026-04-30T23:00:00,0,,,,,,,,,,,
CERES,DIR_VIENTO,2026-05-31 23:00:00,2026-05-31 23:00:00,1,1,short_vector_linear,True,,1,2026-05-31T23:00:00,0,,,,,,,,,,,
CERES,VEL_VIENTO,2026-05-31 23:00:00,2026-05-31 23:00:00,1,1,short_vector_linear,True,,1,2026-05-31T23:00:00,0,,,,,,,,,,,
CERES,DIR_VIENTO,2026-06-24 13:00:00,2026-06-24 13:00:00,1,1,short_vector_linear,True,,1,2026-06-24T13:00:00,0,,,,,,,,,,,
CERES,VEL_VIENTO,2026-06-24 13:00:00,2026-06-24 13:00:00,1,1,short_vector_linear,True,,1,2026-06-24T13:00:00,0,,,,,,,,,,,
CERES,DIR_VIENTO,2026-06-24 15:00:00,2026-06-24 15:00:00,1,1,short_vector_linear,True,,1,2026-06-24T15:00:00,0,,,,,,,,,,,
CERES,VEL_VIENTO,2026-06-24 15:00:00,2026-06-24 15:00:00,1,1,short_vector_linear,True,,1,2026-06-24T15:00:00,0,,,,,,,,,,,
CERES,DIR_VIENTO,2026-06-25 13:00:00,2026-06-25 14:00:00,2,2,short_vector_linear,True,,2,2026-06-25T13:00:00|2026-06-25T14:00:00,0,,,,,,,,,,,
CERES,VEL_VIENTO,2026-06-25 13:00:00,2026-06-25 14:00:00,2,2,short_vector_linear,True,,2,2026-06-25T13:00:00|2026-06-25T14:00:00,0,,,,,,,,,,,
SANTA_ANITA,TEMP,2025-07-07 19:00:00,2025-07-09 15:00:00,45,45,interstation_regression,True,,44,2025-07-07T19:00:00|2025-07-07T20:00:00|2025-07-07T21:00:00|2025-07-07T22:00:00|2025-07-07T23:00:00|2025-07-08T00:00:00|2025-07-08T01:00:00|2025-07-08T02:00:00|2025-07-08T03:00:00|2025-07-08T04:00:00|2025-07-08T05:00:00|2025-07-08T06:00:00|2025-07-08T07:00:00|2025-07-08T08:00:00|2025-07-08T09:00:00|2025-07-08T10:00:00|2025-07-08T11:00:00|2025-07-08T12:00:00|2025-07-08T13:00:00|2025-07-08T14:00:00|2025-07-08T15:00:00|2025-07-08T16:00:00|2025-07-08T17:00:00|2025-07-08T19:00:00|2025-07-08T20:00:00|2025-07-08T21:00:00|2025-07-08T22:00:00|2025-07-08T23:00:00|2025-07-09T00:00:00|2025-07-09T01:00:00|2025-07-09T02:00:00|2025-07-09T03:00:00|2025-07-09T04:00:00|2025-07-09T05:00:00|2025-07-09T06:00:00|2025-07-09T07:00:00|2025-07-09T08:00:00|2025-07-09T09:00:00|2025-07-09T10:00:00|2025-07-09T11:00:00|2025-07-09T12:00:00|2025-07-09T13:00:00|2025-07-09T14:00:00|2025-07-09T15:00:00,0,0.8541840635381664,CERES,5.078125565147413,0.9777777777777777,8256.0,0.07815977056563383,0.9766043037664903,0.5,TimeSeriesSplit(5),,
SANTA_ANITA,TEMP,2025-07-07 19:00:00,2025-07-09 15:00:00,45,45,interstation_regression,False,insufficient_gap_coverage,0,,0,,SAN_JUAN_DE_LURIGANCHO,7.4653240754465795,0.0,,,,0.5,TimeSeriesSplit(5),,
SANTA_ANITA,TEMP,2025-07-07 19:00:00,2025-07-09 15:00:00,45,45,interstation_regression,False,insufficient_gap_coverage,0,,0,,SAN_BORJA,8.28830455630402,0.0,,,,0.5,TimeSeriesSplit(5),,
SANTA_ANITA,TEMP,2025-07-07 19:00:00,2025-07-09 15:00:00,45,45,interstation_regression,True,,1,2025-07-08T18:00:00,0,0.6190664774739693,CAMPO_DE_MARTE,8.376641847195035,1.0,8087.0,-0.5847537009742751,1.049210536623642,0.5,TimeSeriesSplit(5),,
SANTA_ANITA,TEMP,2025-07-09 18:00:00,2025-07-10 13:00:00,20,20,interstation_regression,True,,20,2025-07-09T18:00:00|2025-07-09T19:00:00|2025-07-09T20:00:00|2025-07-09T21:00:00|2025-07-09T22:00:00|2025-07-09T23:00:00|2025-07-10T00:00:00|2025-07-10T01:00:00|2025-07-10T02:00:00|2025-07-10T03:00:00|2025-07-10T04:00:00|2025-07-10T05:00:00|2025-07-10T06:00:00|2025-07-10T07:00:00|2025-07-10T08:00:00|2025-07-10T09:00:00|2025-07-10T10:00:00|2025-07-10T11:00:00|2025-07-10T12:00:00|2025-07-10T13:00:00,0,0.8541840635381664,CERES,5.078125565147413,1.0,8256.0,0.07815977056563383,0.9766043037664903,0.5,TimeSeriesSplit(5),,
SANTA_ANITA,TEMP,2025-09-03 17:00:00,2025-09-08 12:00:00,116,116,weekly_seasonal,True,,116,2025-09-03T17:00:00|2025-09-03T18:00:00|2025-09-03T19:00:00|2025-09-03T20:00:00|2025-09-03T21:00:00|2025-09-03T22:00:00|2025-09-03T23:00:00|2025-09-04T00:00:00|2025-09-04T01:00:00|2025-09-04T02:00:00|2025-09-04T03:00:00|2025-09-04T04:00:00|2025-09-04T05:00:00|2025-09-04T06:00:00|2025-09-04T07:00:00|2025-09-04T08:00:00|2025-09-04T09:00:00|2025-09-04T10:00:00|2025-09-04T11:00:00|2025-09-04T12:00:00|2025-09-04T13:00:00|2025-09-04T14:00:00|2025-09-04T15:00:00|2025-09-04T16:00:00|2025-09-04T17:00:00|2025-09-04T18:00:00|2025-09-04T19:00:00|2025-09-04T20:00:00|2025-09-04T21:00:00|2025-09-04T22:00:00|2025-09-04T23:00:00|2025-09-05T00:00:00|2025-09-05T01:00:00|2025-09-05T02:00:00|2025-09-05T03:00:00|2025-09-05T04:00:00|2025-09-05T05:00:00|2025-09-05T06:00:00|2025-09-05T07:00:00|2025-09-05T08:00:00|2025-09-05T09:00:00|2025-09-05T10:00:00|2025-09-05T11:00:00|2025-09-05T12:00:00|2025-09-05T13:00:00|2025-09-05T14:00:00|2025-09-05T15:00:00|2025-09-05T16:00:00|2025-09-05T17:00:00|2025-09-05T18:00:00|2025-09-05T19:00:00|2025-09-05T20:00:00|2025-09-05T21:00:00|2025-09-05T22:00:00|2025-09-05T23:00:00|2025-09-06T00:00:00|2025-09-06T01:00:00|2025-09-06T02:00:00|2025-09-06T03:00:00|2025-09-06T04:00:00|2025-09-06T05:00:00|2025-09-06T06:00:00|2025-09-06T07:00:00|2025-09-06T08:00:00|2025-09-06T09:00:00|2025-09-06T10:00:00|2025-09-06T11:00:00|2025-09-06T12:00:00|2025-09-06T13:00:00|2025-09-06T14:00:00|2025-09-06T15:00:00|2025-09-06T16:00:00|2025-09-06T17:00:00|2025-09-06T18:00:00|2025-09-06T19:00:00|2025-09-06T20:00:00|2025-09-06T21:00:00|2025-09-06T22:00:00|2025-09-06T23:00:00|2025-09-07T00:00:00|2025-09-07T01:00:00|2025-09-07T02:00:00|2025-09-07T03:00:00|2025-09-07T04:00:00|2025-09-07T05:00:00|2025-09-07T06:00:00|2025-09-07T07:00:00|2025-09-07T08:00:00|2025-09-07T09:00:00|2025-09-07T10:00:00|2025-09-07T11:00:00|2025-09-07T12:00:00|2025-09-07T13:00:00|2025-09-07T14:00:00|2025-09-07T15:00:00|2025-09-07T16:00:00|2025-09-07T17:00:00|2025-09-07T18:00:00|2025-09-07T19:00:00|2025-09-07T20:00:00|2025-09-07T21:00:00|2025-09-07T22:00:00|2025-09-07T23:00:00|2025-09-08T00:00:00|2025-09-08T01:00:00|2025-09-08T02:00:00|2025-09-08T03:00:00|2025-09-08T04:00:00|2025-09-08T05:00:00|2025-09-08T06:00:00|2025-09-08T07:00:00|2025-09-08T08:00:00|2025-09-08T09:00:00|2025-09-08T10:00:00|2025-09-08T11:00:00|2025-09-08T12:00:00,0,,,,,,,,,,4.0,
SANTA_ANITA,TEMP,2025-11-19 06:00:00,2025-11-19 15:00:00,10,10,weekly_seasonal,True,,10,2025-11-19T06:00:00|2025-11-19T07:00:00|2025-11-19T08:00:00|2025-11-19T09:00:00|2025-11-19T10:00:00|2025-11-19T11:00:00|2025-11-19T12:00:00|2025-11-19T13:00:00|2025-11-19T14:00:00|2025-11-19T15:00:00,0,,,,,,,,,,3.0,
SANTA_ANITA,TEMP,2025-11-20 18:00:00,2025-11-22 10:00:00,41,41,weekly_seasonal,True,,41,2025-11-20T18:00:00|2025-11-20T19:00:00|2025-11-20T20:00:00|2025-11-20T21:00:00|2025-11-20T22:00:00|2025-11-20T23:00:00|2025-11-21T00:00:00|2025-11-21T01:00:00|2025-11-21T02:00:00|2025-11-21T03:00:00|2025-11-21T04:00:00|2025-11-21T05:00:00|2025-11-21T06:00:00|2025-11-21T07:00:00|2025-11-21T08:00:00|2025-11-21T09:00:00|2025-11-21T10:00:00|2025-11-21T11:00:00|2025-11-21T12:00:00|2025-11-21T13:00:00|2025-11-21T14:00:00|2025-11-21T15:00:00|2025-11-21T16:00:00|2025-11-21T17:00:00|2025-11-21T18:00:00|2025-11-21T19:00:00|2025-11-21T20:00:00|2025-11-21T21:00:00|2025-11-21T22:00:00|2025-11-21T23:00:00|2025-11-22T00:00:00|2025-11-22T01:00:00|2025-11-22T02:00:00|2025-11-22T03:00:00|2025-11-22T04:00:00|2025-11-22T05:00:00|2025-11-22T06:00:00|2025-11-22T07:00:00|2025-11-22T08:00:00|2025-11-22T09:00:00|2025-11-22T10:00:00,0,,,,,,,,,,3.0,
SANTA_ANITA,TEMP,2025-12-01 21:00:00,2025-12-04 13:00:00,65,65,weekly_seasonal,True,,65,2025-12-01T21:00:00|2025-12-01T22:00:00|2025-12-01T23:00:00|2025-12-02T00:00:00|2025-12-02T01:00:00|2025-12-02T02:00:00|2025-12-02T03:00:00|2025-12-02T04:00:00|2025-12-02T05:00:00|2025-12-02T06:00:00|2025-12-02T07:00:00|2025-12-02T08:00:00|2025-12-02T09:00:00|2025-12-02T10:00:00|2025-12-02T11:00:00|2025-12-02T12:00:00|2025-12-02T13:00:00|2025-12-02T14:00:00|2025-12-02T15:00:00|2025-12-02T16:00:00|2025-12-02T17:00:00|2025-12-02T18:00:00|2025-12-02T19:00:00|2025-12-02T20:00:00|2025-12-02T21:00:00|2025-12-02T22:00:00|2025-12-02T23:00:00|2025-12-03T00:00:00|2025-12-03T01:00:00|2025-12-03T02:00:00|2025-12-03T03:00:00|2025-12-03T04:00:00|2025-12-03T05:00:00|2025-12-03T06:00:00|2025-12-03T07:00:00|2025-12-03T08:00:00|2025-12-03T09:00:00|2025-12-03T10:00:00|2025-12-03T11:00:00|2025-12-03T12:00:00|2025-12-03T13:00:00|2025-12-03T14:00:00|2025-12-03T15:00:00|2025-12-03T16:00:00|2025-12-03T17:00:00|2025-12-03T18:00:00|2025-12-03T19:00:00|2025-12-03T20:00:00|2025-12-03T21:00:00|2025-12-03T22:00:00|2025-12-03T23:00:00|2025-12-04T00:00:00|2025-12-04T01:00:00|2025-12-04T02:00:00|2025-12-04T03:00:00|2025-12-04T04:00:00|2025-12-04T05:00:00|2025-12-04T06:00:00|2025-12-04T07:00:00|2025-12-04T08:00:00|2025-12-04T09:00:00|2025-12-04T10:00:00|2025-12-04T11:00:00|2025-12-04T12:00:00|2025-12-04T13:00:00,0,,,,,,,,,,3.0,
SANTA_ANITA,TEMP,2025-12-05 11:00:00,2025-12-05 11:00:00,1,1,short_linear,True,,1,2025-12-05T11:00:00,0,,,,,,,,,,,
SANTA_ANITA,TEMP,2025-12-16 13:00:00,2025-12-16 13:00:00,1,1,short_linear,True,,1,2025-12-16T13:00:00,0,,,,,,,,,,,
SANTA_ANITA,TEMP,2026-01-15 12:00:00,2026-01-16 09:00:00,22,22,weekly_seasonal,True,,22,2026-01-15T12:00:00|2026-01-15T13:00:00|2026-01-15T14:00:00|2026-01-15T15:00:00|2026-01-15T16:00:00|2026-01-15T17:00:00|2026-01-15T18:00:00|2026-01-15T19:00:00|2026-01-15T20:00:00|2026-01-15T21:00:00|2026-01-15T22:00:00|2026-01-15T23:00:00|2026-01-16T00:00:00|2026-01-16T01:00:00|2026-01-16T02:00:00|2026-01-16T03:00:00|2026-01-16T04:00:00|2026-01-16T05:00:00|2026-01-16T06:00:00|2026-01-16T07:00:00|2026-01-16T08:00:00|2026-01-16T09:00:00,0,,,,,,,,,,4.0,
SANTA_ANITA,TEMP,2026-02-11 01:00:00,2026-02-11 04:00:00,4,4,short_linear,True,,4,2026-02-11T01:00:00|2026-02-11T02:00:00|2026-02-11T03:00:00|2026-02-11T04:00:00,0,,,,,,,,,,,
SANTA_ANITA,TEMP,2026-03-17 12:00:00,2026-03-17 13:00:00,2,2,short_linear,True,,2,2026-03-17T12:00:00|2026-03-17T13:00:00,0,,,,,,,,,,,
SANTA_ANITA,HR,2025-09-03 17:00:00,2025-09-08 12:00:00,116,116,weekly_seasonal,True,,116,2025-09-03T17:00:00|2025-09-03T18:00:00|2025-09-03T19:00:00|2025-09-03T20:00:00|2025-09-03T21:00:00|2025-09-03T22:00:00|2025-09-03T23:00:00|2025-09-04T00:00:00|2025-09-04T01:00:00|2025-09-04T02:00:00|2025-09-04T03:00:00|2025-09-04T04:00:00|2025-09-04T05:00:00|2025-09-04T06:00:00|2025-09-04T07:00:00|2025-09-04T08:00:00|2025-09-04T09:00:00|2025-09-04T10:00:00|2025-09-04T11:00:00|2025-09-04T12:00:00|2025-09-04T13:00:00|2025-09-04T14:00:00|2025-09-04T15:00:00|2025-09-04T16:00:00|2025-09-04T17:00:00|2025-09-04T18:00:00|2025-09-04T19:00:00|2025-09-04T20:00:00|2025-09-04T21:00:00|2025-09-04T22:00:00|2025-09-04T23:00:00|2025-09-05T00:00:00|2025-09-05T01:00:00|2025-09-05T02:00:00|2025-09-05T03:00:00|2025-09-05T04:00:00|2025-09-05T05:00:00|2025-09-05T06:00:00|2025-09-05T07:00:00|2025-09-05T08:00:00|2025-09-05T09:00:00|2025-09-05T10:00:00|2025-09-05T11:00:00|2025-09-05T12:00:00|2025-09-05T13:00:00|2025-09-05T14:00:00|2025-09-05T15:00:00|2025-09-05T16:00:00|2025-09-05T17:00:00|2025-09-05T18:00:00|2025-09-05T19:00:00|2025-09-05T20:00:00|2025-09-05T21:00:00|2025-09-05T22:00:00|2025-09-05T23:00:00|2025-09-06T00:00:00|2025-09-06T01:00:00|2025-09-06T02:00:00|2025-09-06T03:00:00|2025-09-06T04:00:00|2025-09-06T05:00:00|2025-09-06T06:00:00|2025-09-06T07:00:00|2025-09-06T08:00:00|2025-09-06T09:00:00|2025-09-06T10:00:00|2025-09-06T11:00:00|2025-09-06T12:00:00|2025-09-06T13:00:00|2025-09-06T14:00:00|2025-09-06T15:00:00|2025-09-06T16:00:00|2025-09-06T17:00:00|2025-09-06T18:00:00|2025-09-06T19:00:00|2025-09-06T20:00:00|2025-09-06T21:00:00|2025-09-06T22:00:00|2025-09-06T23:00:00|2025-09-07T00:00:00|2025-09-07T01:00:00|2025-09-07T02:00:00|2025-09-07T03:00:00|2025-09-07T04:00:00|2025-09-07T05:00:00|2025-09-07T06:00:00|2025-09-07T07:00:00|2025-09-07T08:00:00|2025-09-07T09:00:00|2025-09-07T10:00:00|2025-09-07T11:00:00|2025-09-07T12:00:00|2025-09-07T13:00:00|2025-09-07T14:00:00|2025-09-07T15:00:00|2025-09-07T16:00:00|2025-09-07T17:00:00|2025-09-07T18:00:00|2025-09-07T19:00:00|2025-09-07T20:00:00|2025-09-07T21:00:00|2025-09-07T22:00:00|2025-09-07T23:00:00|2025-09-08T00:00:00|2025-09-08T01:00:00|2025-09-08T02:00:00|2025-09-08T03:00:00|2025-09-08T04:00:00|2025-09-08T05:00:00|2025-09-08T06:00:00|2025-09-08T07:00:00|2025-09-08T08:00:00|2025-09-08T09:00:00|2025-09-08T10:00:00|2025-09-08T11:00:00|2025-09-08T12:00:00,0,,,,,,,,,,4.0,
SANTA_ANITA,HR,2025-11-19 06:00:00,2025-11-19 15:00:00,10,10,weekly_seasonal,True,,10,2025-11-19T06:00:00|2025-11-19T07:00:00|2025-11-19T08:00:00|2025-11-19T09:00:00|2025-11-19T10:00:00|2025-11-19T11:00:00|2025-11-19T12:00:00|2025-11-19T13:00:00|2025-11-19T14:00:00|2025-11-19T15:00:00,0,,,,,,,,,,3.0,
SANTA_ANITA,HR,2025-11-20 18:00:00,2025-11-22 10:00:00,41,41,weekly_seasonal,True,,41,2025-11-20T18:00:00|2025-11-20T19:00:00|2025-11-20T20:00:00|2025-11-20T21:00:00|2025-11-20T22:00:00|2025-11-20T23:00:00|2025-11-21T00:00:00|2025-11-21T01:00:00|2025-11-21T02:00:00|2025-11-21T03:00:00|2025-11-21T04:00:00|2025-11-21T05:00:00|2025-11-21T06:00:00|2025-11-21T07:00:00|2025-11-21T08:00:00|2025-11-21T09:00:00|2025-11-21T10:00:00|2025-11-21T11:00:00|2025-11-21T12:00:00|2025-11-21T13:00:00|2025-11-21T14:00:00|2025-11-21T15:00:00|2025-11-21T16:00:00|2025-11-21T17:00:00|2025-11-21T18:00:00|2025-11-21T19:00:00|2025-11-21T20:00:00|2025-11-21T21:00:00|2025-11-21T22:00:00|2025-11-21T23:00:00|2025-11-22T00:00:00|2025-11-22T01:00:00|2025-11-22T02:00:00|2025-11-22T03:00:00|2025-11-22T04:00:00|2025-11-22T05:00:00|2025-11-22T06:00:00|2025-11-22T07:00:00|2025-11-22T08:00:00|2025-11-22T09:00:00|2025-11-22T10:00:00,0,,,,,,,,,,3.0,
SANTA_ANITA,HR,2025-12-01 21:00:00,2025-12-04 13:00:00,65,65,weekly_seasonal,True,,65,2025-12-01T21:00:00|2025-12-01T22:00:00|2025-12-01T23:00:00|2025-12-02T00:00:00|2025-12-02T01:00:00|2025-12-02T02:00:00|2025-12-02T03:00:00|2025-12-02T04:00:00|2025-12-02T05:00:00|2025-12-02T06:00:00|2025-12-02T07:00:00|2025-12-02T08:00:00|2025-12-02T09:00:00|2025-12-02T10:00:00|2025-12-02T11:00:00|2025-12-02T12:00:00|2025-12-02T13:00:00|2025-12-02T14:00:00|2025-12-02T15:00:00|2025-12-02T16:00:00|2025-12-02T17:00:00|2025-12-02T18:00:00|2025-12-02T19:00:00|2025-12-02T20:00:00|2025-12-02T21:00:00|2025-12-02T22:00:00|2025-12-02T23:00:00|2025-12-03T00:00:00|2025-12-03T01:00:00|2025-12-03T02:00:00|2025-12-03T03:00:00|2025-12-03T04:00:00|2025-12-03T05:00:00|2025-12-03T06:00:00|2025-12-03T07:00:00|2025-12-03T08:00:00|2025-12-03T09:00:00|2025-12-03T10:00:00|2025-12-03T11:00:00|2025-12-03T12:00:00|2025-12-03T13:00:00|2025-12-03T14:00:00|2025-12-03T15:00:00|2025-12-03T16:00:00|2025-12-03T17:00:00|2025-12-03T18:00:00|2025-12-03T19:00:00|2025-12-03T20:00:00|2025-12-03T21:00:00|2025-12-03T22:00:00|2025-12-03T23:00:00|2025-12-04T00:00:00|2025-12-04T01:00:00|2025-12-04T02:00:00|2025-12-04T03:00:00|2025-12-04T04:00:00|2025-12-04T05:00:00|2025-12-04T06:00:00|2025-12-04T07:00:00|2025-12-04T08:00:00|2025-12-04T09:00:00|2025-12-04T10:00:00|2025-12-04T11:00:00|2025-12-04T12:00:00|2025-12-04T13:00:00,0,,,,,,,,,,3.0,
SANTA_ANITA,HR,2025-12-05 11:00:00,2025-12-05 11:00:00,1,1,short_linear,True,,1,2025-12-05T11:00:00,0,,,,,,,,,,,
SANTA_ANITA,HR,2025-12-16 13:00:00,2025-12-16 13:00:00,1,1,short_linear,True,,1,2025-12-16T13:00:00,0,,,,,,,,,,,
SANTA_ANITA,HR,2026-01-15 12:00:00,2026-01-16 09:00:00,22,22,weekly_seasonal,True,,22,2026-01-15T12:00:00|2026-01-15T13:00:00|2026-01-15T14:00:00|2026-01-15T15:00:00|2026-01-15T16:00:00|2026-01-15T17:00:00|2026-01-15T18:00:00|2026-01-15T19:00:00|2026-01-15T20:00:00|2026-01-15T21:00:00|2026-01-15T22:00:00|2026-01-15T23:00:00|2026-01-16T00:00:00|2026-01-16T01:00:00|2026-01-16T02:00:00|2026-01-16T03:00:00|2026-01-16T04:00:00|2026-01-16T05:00:00|2026-01-16T06:00:00|2026-01-16T07:00:00|2026-01-16T08:00:00|2026-01-16T09:00:00,0,,,,,,,,,,4.0,
SANTA_ANITA,HR,2026-02-11 01:00:00,2026-02-11 04:00:00,4,4,short_linear,True,,4,2026-02-11T01:00:00|2026-02-11T02:00:00|2026-02-11T03:00:00|2026-02-11T04:00:00,0,,,,,,,,,,,
SANTA_ANITA,HR,2026-03-17 12:00:00,2026-03-17 13:00:00,2,2,short_linear,True,,2,2026-03-17T12:00:00|2026-03-17T13:00:00,0,,,,,,,,,,,
SANTA_ANITA,DIR_VIENTO,2025-01-17 12:00:00,2025-07-07 13:00:00,4106,4106,cross_year_vector_analog,True,,3887,2025-01-17T12:00:00|2025-01-17T13:00:00|2025-01-17T14:00:00|2025-01-17T15:00:00|2025-01-17T16:00:00|2025-01-17T17:00:00|2025-01-17T18:00:00|2025-01-17T19:00:00|2025-01-17T20:00:00|2025-01-17T21:00:00|2025-01-17T22:00:00|2025-01-17T23:00:00|2025-01-18T00:00:00|2025-01-18T01:00:00|2025-01-18T02:00:00|2025-01-18T03:00:00|2025-01-18T04:00:00|2025-01-18T05:00:00|2025-01-18T06:00:00|2025-01-18T07:00:00|2025-01-18T08:00:00|2025-01-18T09:00:00|2025-01-18T10:00:00|2025-01-18T11:00:00|2025-01-18T12:00:00|2025-01-18T13:00:00|2025-01-18T14:00:00|2025-01-18T15:00:00|2025-01-18T16:00:00|2025-01-18T17:00:00|2025-01-18T18:00:00|2025-01-18T19:00:00|2025-01-18T20:00:00|2025-01-18T21:00:00|2025-01-18T22:00:00|2025-01-18T23:00:00|2025-01-19T00:00:00|2025-01-19T01:00:00|2025-01-19T02:00:00|2025-01-19T03:00:00|2025-01-19T04:00:00|2025-01-19T05:00:00|2025-01-19T06:00:00|2025-01-19T07:00:00|2025-01-19T08:00:00|2025-01-19T09:00:00|2025-01-19T10:00:00|2025-01-19T11:00:00|2025-01-19T12:00:00|2025-01-19T13:00:00|2025-01-19T14:00:00|2025-01-19T15:00:00|2025-01-19T16:00:00|2025-01-19T17:00:00|2025-01-19T18:00:00|2025-01-19T19:00:00|2025-01-19T20:00:00|2025-01-19T21:00:00|2025-01-19T22:00:00|2025-01-19T23:00:00|2025-01-20T00:00:00|2025-01-20T01:00:00|2025-01-20T02:00:00|2025-01-20T03:00:00|2025-01-20T04:00:00|2025-01-20T05:00:00|2025-01-20T06:00:00|2025-01-20T07:00:00|2025-01-20T08:00:00|2025-01-20T09:00:00|2025-01-20T10:00:00|2025-01-20T11:00:00|2025-01-20T12:00:00|2025-01-20T13:00:00|2025-01-20T14:00:00|2025-01-20T15:00:00|2025-01-20T16:00:00|2025-01-20T17:00:00|2025-01-20T18:00:00|2025-01-20T19:00:00|2025-01-20T20:00:00|2025-01-20T21:00:00|2025-01-20T22:00:00|2025-01-20T23:00:00|2025-01-21T00:00:00|2025-01-21T01:00:00|2025-01-21T02:00:00|2025-01-21T03:00:00|2025-01-21T04:00:00|2025-01-21T05:00:00|2025-01-21T06:00:00|2025-01-21T07:00:00|2025-01-21T08:00:00|2025-01-21T09:00:00|2025-01-21T10:00:00|2025-01-21T11:00:00|2025-01-21T12:00:00|2025-01-21T13:00:00|2025-01-21T14:00:00|2025-01-21T15:00:00|2025-01-21T16:00:00|2025-01-21T17:00:00|2025-01-21T18:00:00|2025-01-21T19:00:00|2025-01-21T20:00:00|2025-01-21T21:00:00|2025-01-21T22:00:00|2025-01-21T23:00:00|2025-01-22T00:00:00|2025-01-22T01:00:00|2025-01-22T02:00:00|2025-01-22T03:00:00|2025-01-22T04:00:00|2025-01-22T05:00:00|2025-01-22T06:00:00|2025-01-22T07:00:00|2025-01-22T08:00:00|2025-01-22T09:00:00|2025-01-22T10:00:00|2025-01-22T11:00:00|2025-01-22T12:00:00|2025-01-22T13:00:00|2025-01-22T14:00:00|2025-01-22T15:00:00|2025-01-22T16:00:00|2025-01-22T17:00:00|2025-01-22T18:00:00|2025-01-22T19:00:00|2025-01-22T20:00:00|2025-01-22T21:00:00|2025-01-22T22:00:00|2025-01-22T23:00:00|2025-01-23T00:00:00|2025-01-23T01:00:00|2025-01-23T02:00:00|2025-01-23T03:00:00|2025-01-23T04:00:00|2025-01-23T05:00:00|2025-01-23T06:00:00|2025-01-23T07:00:00|2025-01-23T08:00:00|2025-01-23T09:00:00|2025-01-23T10:00:00|2025-01-23T11:00:00|2025-01-23T12:00:00|2025-01-23T13:00:00|2025-01-23T14:00:00|2025-01-23T15:00:00|2025-01-23T16:00:00|2025-01-23T17:00:00|2025-01-23T18:00:00|2025-01-23T19:00:00|2025-01-23T20:00:00|2025-01-23T21:00:00|2025-01-23T22:00:00|2025-01-23T23:00:00|2025-01-24T00:00:00|2025-01-24T01:00:00|2025-01-24T02:00:00|2025-01-24T03:00:00|2025-01-24T05:00:00|2025-01-24T06:00:00|2025-01-24T07:00:00|2025-01-24T08:00:00|2025-01-24T09:00:00|2025-01-24T10:00:00|2025-01-24T11:00:00|2025-01-24T12:00:00|2025-01-24T13:00:00|2025-01-24T14:00:00|2025-01-24T15:00:00|2025-01-24T16:00:00|2025-01-24T17:00:00|2025-01-24T18:00:00|2025-01-24T19:00:00|2025-01-24T20:00:00|2025-01-24T21:00:00|2025-01-24T22:00:00|2025-01-24T23:00:00|2025-01-25T00:00:00|2025-01-25T01:00:00|2025-01-25T02:00:00|2025-01-25T03:00:00|2025-01-25T04:00:00|2025-01-25T05:00:00|2025-01-25T06:00:00|2025-01-25T07:00:00|2025-01-25T08:00:00|2025-01-25T09:00:00|2025-01-25T10:00:00|2025-01-25T11:00:00|2025-01-25T12:00:00|2025-01-25T13:00:00|2025-01-25T14:00:00|2025-01-25T15:00:00|2025-01-25T16:00:00|2025-01-25T17:00:00|2025-01-25T18:00:00|2025-01-25T19:00:00|2025-01-25T20:00:00|2025-01-25T21:00:00|2025-01-25T22:00:00|2025-01-25T23:00:00|2025-01-26T00:00:00|2025-01-26T01:00:00|2025-01-26T02:00:00|2025-01-26T03:00:00|2025-01-26T04:00:00|2025-01-26T05:00:00|2025-01-26T06:00:00|2025-01-26T07:00:00|2025-01-26T08:00:00|2025-01-26T09:00:00|2025-01-26T10:00:00|2025-01-26T11:00:00|2025-01-26T12:00:00|2025-01-26T13:00:00|2025-01-26T14:00:00|2025-01-26T15:00:00|2025-01-26T16:00:00|2025-01-26T17:00:00|2025-01-26T18:00:00|2025-01-26T19:00:00|2025-01-26T20:00:00|2025-01-26T21:00:00|2025-01-26T22:00:00|2025-01-26T23:00:00|2025-01-27T00:00:00|2025-01-27T01:00:00|2025-01-27T02:00:00|2025-01-27T03:00:00|2025-01-27T04:00:00|2025-01-27T06:00:00|2025-01-27T07:00:00|2025-01-27T08:00:00|2025-01-27T09:00:00|2025-01-27T10:00:00|2025-01-27T11:00:00|2025-01-27T12:00:00|2025-01-27T13:00:00|2025-01-27T14:00:00|2025-01-27T15:00:00|2025-01-27T16:00:00|2025-01-27T17:00:00|2025-01-27T18:00:00|2025-01-27T19:00:00|2025-01-27T20:00:00|2025-01-27T21:00:00|2025-01-27T22:00:00|2025-01-27T23:00:00|2025-01-28T00:00:00|2025-01-28T01:00:00|2025-01-28T02:00:00|2025-01-28T03:00:00|2025-01-28T04:00:00|2025-01-28T05:00:00|2025-01-28T06:00:00|2025-01-28T07:00:00|2025-01-28T08:00:00|2025-01-28T09:00:00|2025-01-28T10:00:00|2025-01-28T11:00:00|2025-01-28T12:00:00|2025-01-28T13:00:00|2025-01-28T14:00:00|2025-01-28T15:00:00|2025-01-28T16:00:00|2025-01-28T17:00:00|2025-01-28T18:00:00|2025-01-28T19:00:00|2025-01-28T20:00:00|2025-01-28T21:00:00|2025-01-28T22:00:00|2025-01-28T23:00:00|2025-01-29T00:00:00|2025-01-29T01:00:00|2025-01-29T02:00:00|2025-01-29T03:00:00|2025-01-29T04:00:00|2025-01-29T05:00:00|2025-01-29T06:00:00|2025-01-29T07:00:00|2025-01-29T08:00:00|2025-01-29T09:00:00|2025-01-29T10:00:00|2025-01-29T11:00:00|2025-01-29T12:00:00|2025-01-29T13:00:00|2025-01-29T14:00:00|2025-01-29T15:00:00|2025-01-29T16:00:00|2025-01-29T17:00:00|2025-01-29T18:00:00|2025-01-29T19:00:00|2025-01-29T20:00:00|2025-01-29T21:00:00|2025-01-29T22:00:00|2025-01-29T23:00:00|2025-01-30T00:00:00|2025-01-30T01:00:00|2025-01-30T02:00:00|2025-01-30T03:00:00|2025-01-30T04:00:00|2025-01-30T05:00:00|2025-01-30T06:00:00|2025-01-30T08:00:00|2025-01-30T09:00:00|2025-01-30T10:00:00|2025-01-30T11:00:00|2025-01-30T12:00:00|2025-01-30T13:00:00|2025-01-30T14:00:00|2025-01-30T15:00:00|2025-01-30T16:00:00|2025-01-30T17:00:00|2025-01-30T18:00:00|2025-01-30T19:00:00|2025-01-30T20:00:00|2025-01-30T21:00:00|2025-01-30T22:00:00|2025-01-30T23:00:00|2025-01-31T00:00:00|2025-01-31T01:00:00|2025-01-31T02:00:00|2025-01-31T03:00:00|2025-01-31T04:00:00|2025-01-31T05:00:00|2025-01-31T06:00:00|2025-01-31T08:00:00|2025-01-31T09:00:00|2025-01-31T10:00:00|2025-01-31T11:00:00|2025-01-31T12:00:00|2025-01-31T13:00:00|2025-01-31T14:00:00|2025-01-31T15:00:00|2025-01-31T16:00:00|2025-01-31T17:00:00|2025-01-31T18:00:00|2025-01-31T19:00:00|2025-01-31T20:00:00|2025-01-31T21:00:00|2025-01-31T22:00:00|2025-01-31T23:00:00|2025-02-01T00:00:00|2025-02-01T01:00:00|2025-02-01T02:00:00|2025-02-01T03:00:00|2025-02-01T04:00:00|2025-02-01T05:00:00|2025-02-01T06:00:00|2025-02-01T08:00:00|2025-02-01T09:00:00|2025-02-01T10:00:00|2025-02-01T11:00:00|2025-02-01T12:00:00|2025-02-01T13:00:00|2025-02-01T14:00:00|2025-02-01T15:00:00|2025-02-01T16:00:00|2025-02-01T17:00:00|2025-02-01T18:00:00|2025-02-01T19:00:00|2025-02-01T20:00:00|2025-02-01T21:00:00|2025-02-01T22:00:00|2025-02-01T23:00:00|2025-02-02T00:00:00|2025-02-02T01:00:00|2025-02-02T02:00:00|2025-02-02T03:00:00|2025-02-02T04:00:00|2025-02-02T05:00:00|2025-02-02T06:00:00|2025-02-02T07:00:00|2025-02-02T08:00:00|2025-02-02T09:00:00|2025-02-02T10:00:00|2025-02-02T11:00:00|2025-02-02T12:00:00|2025-02-02T13:00:00|2025-02-02T14:00:00|2025-02-02T15:00:00|2025-02-02T16:00:00|2025-02-02T17:00:00|2025-02-02T18:00:00|2025-02-02T19:00:00|2025-02-02T20:00:00|2025-02-02T21:00:00|2025-02-02T22:00:00|2025-02-02T23:00:00|2025-02-03T00:00:00|2025-02-03T01:00:00|2025-02-03T02:00:00|2025-02-03T03:00:00|2025-02-03T04:00:00|2025-02-03T05:00:00|2025-02-03T06:00:00|2025-02-03T07:00:00|2025-02-03T09:00:00|2025-02-03T10:00:00|2025-02-03T11:00:00|2025-02-03T12:00:00|2025-02-03T13:00:00|2025-02-03T14:00:00|2025-02-03T15:00:00|2025-02-03T16:00:00|2025-02-03T17:00:00|2025-02-03T18:00:00|2025-02-03T19:00:00|2025-02-03T20:00:00|2025-02-03T21:00:00|2025-02-03T22:00:00|2025-02-03T23:00:00|2025-02-04T00:00:00|2025-02-04T01:00:00|2025-02-04T02:00:00|2025-02-04T03:00:00|2025-02-04T04:00:00|2025-02-04T05:00:00|2025-02-04T06:00:00|2025-02-04T07:00:00|2025-02-04T08:00:00|2025-02-04T09:00:00|2025-02-04T10:00:00|2025-02-04T11:00:00|2025-02-04T12:00:00|2025-02-04T13:00:00|2025-02-04T14:00:00|2025-02-04T15:00:00|2025-02-04T16:00:00|2025-02-04T17:00:00|2025-02-04T18:00:00|2025-02-04T19:00:00|2025-02-04T20:00:00|2025-02-04T21:00:00|2025-02-04T22:00:00|2025-02-04T23:00:00|2025-02-05T00:00:00|2025-02-05T01:00:00|2025-02-05T02:00:00|2025-02-05T03:00:00|2025-02-05T04:00:00|2025-02-05T05:00:00|2025-02-05T06:00:00|2025-02-05T08:00:00|2025-02-05T09:00:00|2025-02-05T10:00:00|2025-02-05T11:00:00|2025-02-05T12:00:00|2025-02-05T13:00:00|2025-02-05T14:00:00|2025-02-05T15:00:00|2025-02-05T16:00:00|2025-02-05T17:00:00|2025-02-05T18:00:00|2025-02-05T19:00:00|2025-02-05T20:00:00|2025-02-05T21:00:00|2025-02-05T22:00:00|2025-02-05T23:00:00|2025-02-06T00:00:00|2025-02-06T01:00:00|2025-02-06T02:00:00|2025-02-06T03:00:00|2025-02-06T04:00:00|2025-02-06T05:00:00|2025-02-06T06:00:00|2025-02-06T07:00:00|2025-02-06T08:00:00|2025-02-06T09:00:00|2025-02-06T10:00:00|2025-02-06T11:00:00|2025-02-06T12:00:00|2025-02-06T13:00:00|2025-02-06T14:00:00|2025-02-06T15:00:00|2025-02-06T16:00:00|2025-02-06T17:00:00|2025-02-06T18:00:00|2025-02-06T19:00:00|2025-02-06T20:00:00|2025-02-06T21:00:00|2025-02-06T22:00:00|2025-02-06T23:00:00|2025-02-07T00:00:00|2025-02-07T01:00:00|2025-02-07T02:00:00|2025-02-07T03:00:00|2025-02-07T04:00:00|2025-02-07T06:00:00|2025-02-07T07:00:00|2025-02-07T08:00:00|2025-02-07T09:00:00|2025-02-07T10:00:00|2025-02-07T11:00:00|2025-02-07T12:00:00|2025-02-07T13:00:00|2025-02-07T14:00:00|2025-02-07T15:00:00|2025-02-07T16:00:00|2025-02-07T17:00:00|2025-02-07T18:00:00|2025-02-07T19:00:00|2025-02-07T20:00:00|2025-02-07T21:00:00|2025-02-07T22:00:00|2025-02-07T23:00:00|2025-02-08T00:00:00|2025-02-08T01:00:00|2025-02-08T02:00:00|2025-02-08T03:00:00|2025-02-08T04:00:00|2025-02-08T05:00:00|2025-02-08T06:00:00|2025-02-08T07:00:00|2025-02-08T08:00:00|2025-02-08T09:00:00|2025-02-08T10:00:00|2025-02-08T11:00:00|2025-02-08T12:00:00|2025-02-08T13:00:00|2025-02-08T14:00:00|2025-02-08T15:00:00|2025-02-08T16:00:00|2025-02-08T17:00:00|2025-02-08T18:00:00|2025-02-08T19:00:00|2025-02-08T20:00:00|2025-02-08T21:00:00|2025-02-08T22:00:00|2025-02-08T23:00:00|2025-02-09T00:00:00|2025-02-09T01:00:00|2025-02-09T02:00:00|2025-02-09T03:00:00|2025-02-09T04:00:00|2025-02-09T05:00:00|2025-02-09T06:00:00|2025-02-09T07:00:00|2025-02-09T08:00:00|2025-02-09T09:00:00|2025-02-09T10:00:00|2025-02-09T11:00:00|2025-02-09T12:00:00|2025-02-09T13:00:00|2025-02-09T14:00:00|2025-02-09T15:00:00|2025-02-09T16:00:00|2025-02-09T17:00:00|2025-02-09T18:00:00|2025-02-09T19:00:00|2025-02-09T20:00:00|2025-02-09T21:00:00|2025-02-09T22:00:00|2025-02-09T23:00:00|2025-02-10T00:00:00|2025-02-10T01:00:00|2025-02-10T02:00:00|2025-02-10T03:00:00|2025-02-10T04:00:00|2025-02-10T06:00:00|2025-02-10T07:00:00|2025-02-10T08:00:00|2025-02-10T09:00:00|2025-02-10T10:00:00|2025-02-10T11:00:00|2025-02-10T12:00:00|2025-02-10T13:00:00|2025-02-10T14:00:00|2025-02-10T15:00:00|2025-02-10T16:00:00|2025-02-10T17:00:00|2025-02-10T18:00:00|2025-02-10T19:00:00|2025-02-10T20:00:00|2025-02-10T21:00:00|2025-02-10T22:00:00|2025-02-10T23:00:00|2025-02-11T00:00:00|2025-02-11T05:00:00|2025-02-11T06:00:00|2025-02-11T07:00:00|2025-02-11T08:00:00|2025-02-11T09:00:00|2025-02-11T10:00:00|2025-02-11T11:00:00|2025-02-11T12:00:00|2025-02-11T13:00:00|2025-02-11T14:00:00|2025-02-11T15:00:00|2025-02-11T16:00:00|2025-02-11T17:00:00|2025-02-11T18:00:00|2025-02-11T19:00:00|2025-02-11T20:00:00|2025-02-11T21:00:00|2025-02-11T22:00:00|2025-02-11T23:00:00|2025-02-12T00:00:00|2025-02-12T02:00:00|2025-02-12T03:00:00|2025-02-12T05:00:00|2025-02-12T06:00:00|2025-02-12T07:00:00|2025-02-12T08:00:00|2025-02-12T09:00:00|2025-02-12T10:00:00|2025-02-12T11:00:00|2025-02-12T12:00:00|2025-02-12T13:00:00|2025-02-12T14:00:00|2025-02-12T15:00:00|2025-02-12T16:00:00|2025-02-12T17:00:00|2025-02-12T18:00:00|2025-02-12T19:00:00|2025-02-12T20:00:00|2025-02-12T21:00:00|2025-02-12T22:00:00|2025-02-12T23:00:00|2025-02-13T00:00:00|2025-02-13T02:00:00|2025-02-13T03:00:00|2025-02-13T04:00:00|2025-02-13T05:00:00|2025-02-13T06:00:00|2025-02-13T07:00:00|2025-02-13T08:00:00|2025-02-13T09:00:00|2025-02-13T10:00:00|2025-02-13T11:00:00|2025-02-13T12:00:00|2025-02-13T13:00:00|2025-02-13T14:00:00|2025-02-13T15:00:00|2025-02-13T16:00:00|2025-02-13T17:00:00|2025-02-13T18:00:00|2025-02-13T19:00:00|2025-02-13T20:00:00|2025-02-13T21:00:00|2025-02-13T22:00:00|2025-02-13T23:00:00|2025-02-14T00:00:00|2025-02-14T01:00:00|2025-02-14T02:00:00|2025-02-14T03:00:00|2025-02-14T04:00:00|2025-02-14T05:00:00|2025-02-14T06:00:00|2025-02-14T07:00:00|2025-02-14T08:00:00|2025-02-14T09:00:00|2025-02-14T10:00:00|2025-02-14T11:00:00|2025-02-14T12:00:00|2025-02-14T13:00:00|2025-02-14T14:00:00|2025-02-14T15:00:00|2025-02-14T16:00:00|2025-02-14T17:00:00|2025-02-14T18:00:00|2025-02-14T19:00:00|2025-02-14T20:00:00|2025-02-14T21:00:00|2025-02-14T22:00:00|2025-02-14T23:00:00|2025-02-15T00:00:00|2025-02-15T01:00:00|2025-02-15T02:00:00|2025-02-15T03:00:00|2025-02-15T04:00:00|2025-02-15T05:00:00|2025-02-15T06:00:00|2025-02-15T07:00:00|2025-02-15T08:00:00|2025-02-15T09:00:00|2025-02-15T10:00:00|2025-02-15T11:00:00|2025-02-15T12:00:00|2025-02-15T13:00:00|2025-02-15T14:00:00|2025-02-15T15:00:00|2025-02-15T16:00:00|2025-02-15T17:00:00|2025-02-15T18:00:00|2025-02-15T19:00:00|2025-02-15T20:00:00|2025-02-15T21:00:00|2025-02-15T22:00:00|2025-02-15T23:00:00|2025-02-16T00:00:00|2025-02-16T01:00:00|2025-02-16T02:00:00|2025-02-16T03:00:00|2025-02-16T06:00:00|2025-02-16T07:00:00|2025-02-16T08:00:00|2025-02-16T09:00:00|2025-02-16T10:00:00|2025-02-16T11:00:00|2025-02-16T12:00:00|2025-02-16T13:00:00|2025-02-16T14:00:00|2025-02-16T15:00:00|2025-02-16T16:00:00|2025-02-16T17:00:00|2025-02-16T18:00:00|2025-02-16T19:00:00|2025-02-16T20:00:00|2025-02-16T21:00:00|2025-02-16T22:00:00|2025-02-16T23:00:00|2025-02-17T00:00:00|2025-02-17T01:00:00|2025-02-17T02:00:00|2025-02-17T04:00:00|2025-02-17T05:00:00|2025-02-17T06:00:00|2025-02-17T07:00:00|2025-02-17T08:00:00|2025-02-17T09:00:00|2025-02-17T10:00:00|2025-02-17T11:00:00|2025-02-17T12:00:00|2025-02-17T13:00:00|2025-02-17T14:00:00|2025-02-17T15:00:00|2025-02-17T16:00:00|2025-02-17T17:00:00|2025-02-17T18:00:00|2025-02-17T19:00:00|2025-02-17T20:00:00|2025-02-17T21:00:00|2025-02-17T22:00:00|2025-02-17T23:00:00|2025-02-18T00:00:00|2025-02-18T01:00:00|2025-02-18T02:00:00|2025-02-18T03:00:00|2025-02-18T05:00:00|2025-02-18T06:00:00|2025-02-18T07:00:00|2025-02-18T08:00:00|2025-02-18T09:00:00|2025-02-18T10:00:00|2025-02-18T11:00:00|2025-02-18T12:00:00|2025-02-18T13:00:00|2025-02-18T14:00:00|2025-02-18T15:00:00|2025-02-18T16:00:00|2025-02-18T17:00:00|2025-02-18T18:00:00|2025-02-18T19:00:00|2025-02-18T20:00:00|2025-02-18T21:00:00|2025-02-18T22:00:00|2025-02-18T23:00:00|2025-02-19T00:00:00|2025-02-19T01:00:00|2025-02-19T03:00:00|2025-02-19T04:00:00|2025-02-19T05:00:00|2025-02-19T06:00:00|2025-02-19T07:00:00|2025-02-19T08:00:00|2025-02-19T09:00:00|2025-02-19T10:00:00|2025-02-19T11:00:00|2025-02-19T12:00:00|2025-02-19T13:00:00|2025-02-19T14:00:00|2025-02-19T15:00:00|2025-02-19T16:00:00|2025-02-19T17:00:00|2025-02-19T18:00:00|2025-02-19T19:00:00|2025-02-19T20:00:00|2025-02-19T21:00:00|2025-02-19T22:00:00|2025-02-19T23:00:00|2025-02-20T00:00:00|2025-02-20T01:00:00|2025-02-20T02:00:00|2025-02-20T04:00:00|2025-02-20T05:00:00|2025-02-20T06:00:00|2025-02-20T07:00:00|2025-02-20T08:00:00|2025-02-20T09:00:00|2025-02-20T10:00:00|2025-02-20T11:00:00|2025-02-20T12:00:00|2025-02-20T13:00:00|2025-02-20T14:00:00|2025-02-20T15:00:00|2025-02-20T16:00:00|2025-02-20T17:00:00|2025-02-20T18:00:00|2025-02-20T19:00:00|2025-02-20T20:00:00|2025-02-20T21:00:00|2025-02-20T22:00:00|2025-02-20T23:00:00|2025-02-21T00:00:00|2025-02-21T01:00:00|2025-02-21T02:00:00|2025-02-21T03:00:00|2025-02-21T04:00:00|2025-02-21T05:00:00|2025-02-21T06:00:00|2025-02-21T07:00:00|2025-02-21T08:00:00|2025-02-21T09:00:00|2025-02-21T10:00:00|2025-02-21T11:00:00|2025-02-21T12:00:00|2025-02-21T13:00:00|2025-02-21T14:00:00|2025-02-21T15:00:00|2025-02-21T16:00:00|2025-02-21T17:00:00|2025-02-21T18:00:00|2025-02-21T19:00:00|2025-02-21T20:00:00|2025-02-21T21:00:00|2025-02-21T22:00:00|2025-02-21T23:00:00|2025-02-22T00:00:00|2025-02-22T01:00:00|2025-02-22T02:00:00|2025-02-22T03:00:00|2025-02-22T04:00:00|2025-02-22T05:00:00|2025-02-22T06:00:00|2025-02-22T07:00:00|2025-02-22T08:00:00|2025-02-22T09:00:00|2025-02-22T10:00:00|2025-02-22T11:00:00|2025-02-22T12:00:00|2025-02-22T13:00:00|2025-02-22T14:00:00|2025-02-22T15:00:00|2025-02-22T16:00:00|2025-02-22T17:00:00|2025-02-22T18:00:00|2025-02-22T19:00:00|2025-02-22T20:00:00|2025-02-22T21:00:00|2025-02-22T22:00:00|2025-02-22T23:00:00|2025-02-23T00:00:00|2025-02-23T01:00:00|2025-02-23T02:00:00|2025-02-23T03:00:00|2025-02-23T04:00:00|2025-02-23T05:00:00|2025-02-23T06:00:00|2025-02-23T07:00:00|2025-02-23T08:00:00|2025-02-23T09:00:00|2025-02-23T10:00:00|2025-02-23T11:00:00|2025-02-23T12:00:00|2025-02-23T13:00:00|2025-02-23T14:00:00|2025-02-23T15:00:00|2025-02-23T16:00:00|2025-02-23T17:00:00|2025-02-23T18:00:00|2025-02-23T19:00:00|2025-02-23T20:00:00|2025-02-23T21:00:00|2025-02-23T22:00:00|2025-02-23T23:00:00|2025-02-24T00:00:00|2025-02-24T01:00:00|2025-02-24T02:00:00|2025-02-24T03:00:00|2025-02-24T04:00:00|2025-02-24T05:00:00|2025-02-24T06:00:00|2025-02-24T07:00:00|2025-02-24T08:00:00|2025-02-24T09:00:00|2025-02-24T10:00:00|2025-02-24T11:00:00|2025-02-24T12:00:00|2025-02-24T13:00:00|2025-02-24T14:00:00|2025-02-24T15:00:00|2025-02-24T16:00:00|2025-02-24T17:00:00|2025-02-24T18:00:00|2025-02-24T19:00:00|2025-02-24T20:00:00|2025-02-24T21:00:00|2025-02-24T22:00:00|2025-02-24T23:00:00|2025-02-25T00:00:00|2025-02-25T01:00:00|2025-02-25T02:00:00|2025-02-25T03:00:00|2025-02-25T04:00:00|2025-02-25T05:00:00|2025-02-25T06:00:00|2025-02-25T07:00:00|2025-02-25T08:00:00|2025-02-25T09:00:00|2025-02-25T10:00:00|2025-02-25T11:00:00|2025-02-25T12:00:00|2025-02-25T13:00:00|2025-02-25T14:00:00|2025-02-25T15:00:00|2025-02-25T16:00:00|2025-02-25T17:00:00|2025-02-25T18:00:00|2025-02-25T19:00:00|2025-02-25T20:00:00|2025-02-25T21:00:00|2025-02-25T22:00:00|2025-02-25T23:00:00|2025-02-26T01:00:00|2025-02-26T02:00:00|2025-02-26T03:00:00|2025-02-26T04:00:00|2025-02-26T05:00:00|2025-02-26T06:00:00|2025-02-26T07:00:00|2025-02-26T08:00:00|2025-02-26T09:00:00|2025-02-26T10:00:00|2025-02-26T11:00:00|2025-02-26T12:00:00|2025-02-26T13:00:00|2025-02-26T14:00:00|2025-02-26T15:00:00|2025-02-26T16:00:00|2025-02-26T17:00:00|2025-02-26T18:00:00|2025-02-26T19:00:00|2025-02-26T20:00:00|2025-02-26T21:00:00|2025-02-26T22:00:00|2025-02-26T23:00:00|2025-02-27T00:00:00|2025-02-27T01:00:00|2025-02-27T02:00:00|2025-02-27T03:00:00|2025-02-27T04:00:00|2025-02-27T05:00:00|2025-02-27T06:00:00|2025-02-27T07:00:00|2025-02-27T08:00:00|2025-02-27T09:00:00|2025-02-27T10:00:00|2025-02-27T11:00:00|2025-02-27T12:00:00|2025-02-27T13:00:00|2025-02-27T14:00:00|2025-02-27T15:00:00|2025-02-27T16:00:00|2025-02-27T17:00:00|2025-02-27T18:00:00|2025-02-27T19:00:00|2025-02-27T20:00:00|2025-02-27T21:00:00|2025-02-27T22:00:00|2025-02-27T23:00:00|2025-02-28T00:00:00|2025-02-28T01:00:00|2025-02-28T02:00:00|2025-02-28T03:00:00|2025-02-28T04:00:00|2025-02-28T05:00:00|2025-02-28T06:00:00|2025-02-28T07:00:00|2025-02-28T08:00:00|2025-02-28T09:00:00|2025-02-28T10:00:00|2025-02-28T11:00:00|2025-02-28T12:00:00|2025-02-28T13:00:00|2025-02-28T14:00:00|2025-02-28T15:00:00|2025-02-28T16:00:00|2025-02-28T17:00:00|2025-02-28T18:00:00|2025-02-28T19:00:00|2025-02-28T20:00:00|2025-02-28T21:00:00|2025-02-28T22:00:00|2025-02-28T23:00:00|2025-03-01T00:00:00|2025-03-01T01:00:00|2025-03-01T02:00:00|2025-03-01T03:00:00|2025-03-01T04:00:00|2025-03-01T05:00:00|2025-03-01T06:00:00|2025-03-01T07:00:00|2025-03-01T08:00:00|2025-03-01T09:00:00|2025-03-01T10:00:00|2025-03-01T11:00:00|2025-03-01T12:00:00|2025-03-01T13:00:00|2025-03-01T14:00:00|2025-03-01T15:00:00|2025-03-01T16:00:00|2025-03-01T17:00:00|2025-03-01T18:00:00|2025-03-01T19:00:00|2025-03-01T20:00:00|2025-03-01T21:00:00|2025-03-01T22:00:00|2025-03-01T23:00:00|2025-03-02T00:00:00|2025-03-02T01:00:00|2025-03-02T02:00:00|2025-03-02T03:00:00|2025-03-02T04:00:00|2025-03-02T05:00:00|2025-03-02T06:00:00|2025-03-02T07:00:00|2025-03-02T08:00:00|2025-03-02T09:00:00|2025-03-02T10:00:00|2025-03-02T11:00:00|2025-03-02T12:00:00|2025-03-02T13:00:00|2025-03-02T14:00:00|2025-03-02T15:00:00|2025-03-02T16:00:00|2025-03-02T17:00:00|2025-03-02T18:00:00|2025-03-02T19:00:00|2025-03-02T20:00:00|2025-03-02T21:00:00|2025-03-02T22:00:00|2025-03-02T23:00:00|2025-03-03T00:00:00|2025-03-03T01:00:00|2025-03-03T02:00:00|2025-03-03T03:00:00|2025-03-03T04:00:00|2025-03-03T05:00:00|2025-03-03T06:00:00|2025-03-03T07:00:00|2025-03-03T08:00:00|2025-03-03T09:00:00|2025-03-03T10:00:00|2025-03-03T11:00:00|2025-03-03T12:00:00|2025-03-03T13:00:00|2025-03-03T14:00:00|2025-03-03T15:00:00|2025-03-03T16:00:00|2025-03-03T17:00:00|2025-03-03T18:00:00|2025-03-03T19:00:00|2025-03-03T20:00:00|2025-03-03T21:00:00|2025-03-03T22:00:00|2025-03-03T23:00:00|2025-03-04T00:00:00|2025-03-04T01:00:00|2025-03-04T02:00:00|2025-03-04T03:00:00|2025-03-04T04:00:00|2025-03-04T05:00:00|2025-03-04T06:00:00|2025-03-04T07:00:00|2025-03-04T08:00:00|2025-03-04T09:00:00|2025-03-04T10:00:00|2025-03-04T11:00:00|2025-03-04T12:00:00|2025-03-04T13:00:00|2025-03-04T14:00:00|2025-03-04T15:00:00|2025-03-04T16:00:00|2025-03-04T17:00:00|2025-03-04T18:00:00|2025-03-04T19:00:00|2025-03-04T20:00:00|2025-03-04T21:00:00|2025-03-04T22:00:00|2025-03-04T23:00:00|2025-03-05T01:00:00|2025-03-05T02:00:00|2025-03-05T03:00:00|2025-03-05T04:00:00|2025-03-05T05:00:00|2025-03-05T07:00:00|2025-03-05T08:00:00|2025-03-05T09:00:00|2025-03-05T10:00:00|2025-03-05T11:00:00|2025-03-05T12:00:00|2025-03-05T13:00:00|2025-03-05T14:00:00|2025-03-05T15:00:00|2025-03-05T16:00:00|2025-03-05T17:00:00|2025-03-05T18:00:00|2025-03-05T19:00:00|2025-03-05T20:00:00|2025-03-05T21:00:00|2025-03-05T22:00:00|2025-03-05T23:00:00|2025-03-06T00:00:00|2025-03-06T01:00:00|2025-03-06T02:00:00|2025-03-06T03:00:00|2025-03-06T04:00:00|2025-03-06T05:00:00|2025-03-06T06:00:00|2025-03-06T07:00:00|2025-03-06T08:00:00|2025-03-06T09:00:00|2025-03-06T10:00:00|2025-03-06T11:00:00|2025-03-06T12:00:00|2025-03-06T13:00:00|2025-03-06T14:00:00|2025-03-06T15:00:00|2025-03-06T16:00:00|2025-03-06T17:00:00|2025-03-06T18:00:00|2025-03-06T19:00:00|2025-03-06T20:00:00|2025-03-06T21:00:00|2025-03-06T22:00:00|2025-03-06T23:00:00|2025-03-07T00:00:00|2025-03-07T01:00:00|2025-03-07T02:00:00|2025-03-07T03:00:00|2025-03-07T04:00:00|2025-03-07T05:00:00|2025-03-07T06:00:00|2025-03-07T07:00:00|2025-03-07T08:00:00|2025-03-07T09:00:00|2025-03-07T10:00:00|2025-03-07T11:00:00|2025-03-07T12:00:00|2025-03-07T13:00:00|2025-03-07T14:00:00|2025-03-07T15:00:00|2025-03-07T16:00:00|2025-03-07T17:00:00|2025-03-07T18:00:00|2025-03-07T19:00:00|2025-03-07T20:00:00|2025-03-07T21:00:00|2025-03-07T22:00:00|2025-03-07T23:00:00|2025-03-08T00:00:00|2025-03-08T01:00:00|2025-03-08T02:00:00|2025-03-08T03:00:00|2025-03-08T04:00:00|2025-03-08T05:00:00|2025-03-08T07:00:00|2025-03-08T08:00:00|2025-03-08T09:00:00|2025-03-08T10:00:00|2025-03-08T11:00:00|2025-03-08T12:00:00|2025-03-08T13:00:00|2025-03-08T14:00:00|2025-03-08T15:00:00|2025-03-08T16:00:00|2025-03-08T17:00:00|2025-03-08T18:00:00|2025-03-08T19:00:00|2025-03-08T20:00:00|2025-03-08T21:00:00|2025-03-08T22:00:00|2025-03-08T23:00:00|2025-03-09T00:00:00|2025-03-09T01:00:00|2025-03-09T02:00:00|2025-03-09T03:00:00|2025-03-09T05:00:00|2025-03-09T06:00:00|2025-03-09T07:00:00|2025-03-09T08:00:00|2025-03-09T09:00:00|2025-03-09T10:00:00|2025-03-09T11:00:00|2025-03-09T12:00:00|2025-03-09T13:00:00|2025-03-09T14:00:00|2025-03-09T15:00:00|2025-03-09T16:00:00|2025-03-09T17:00:00|2025-03-09T18:00:00|2025-03-09T19:00:00|2025-03-09T20:00:00|2025-03-09T21:00:00|2025-03-09T22:00:00|2025-03-09T23:00:00|2025-03-10T00:00:00|2025-03-10T01:00:00|2025-03-10T02:00:00|2025-03-10T04:00:00|2025-03-10T05:00:00|2025-03-10T06:00:00|2025-03-10T07:00:00|2025-03-10T08:00:00|2025-03-10T09:00:00|2025-03-10T10:00:00|2025-03-10T11:00:00|2025-03-10T12:00:00|2025-03-10T13:00:00|2025-03-10T14:00:00|2025-03-10T15:00:00|2025-03-10T16:00:00|2025-03-10T17:00:00|2025-03-10T18:00:00|2025-03-10T19:00:00|2025-03-10T20:00:00|2025-03-10T21:00:00|2025-03-10T22:00:00|2025-03-10T23:00:00|2025-03-11T00:00:00|2025-03-11T01:00:00|2025-03-11T02:00:00|2025-03-11T03:00:00|2025-03-11T04:00:00|2025-03-11T05:00:00|2025-03-11T06:00:00|2025-03-11T07:00:00|2025-03-11T08:00:00|2025-03-11T09:00:00|2025-03-11T10:00:00|2025-03-11T11:00:00|2025-03-11T12:00:00|2025-03-11T13:00:00|2025-03-11T14:00:00|2025-03-11T15:00:00|2025-03-11T16:00:00|2025-03-11T17:00:00|2025-03-11T18:00:00|2025-03-11T19:00:00|2025-03-11T20:00:00|2025-03-11T21:00:00|2025-03-11T22:00:00|2025-03-11T23:00:00|2025-03-12T00:00:00|2025-03-12T01:00:00|2025-03-12T02:00:00|2025-03-12T03:00:00|2025-03-12T04:00:00|2025-03-12T05:00:00|2025-03-12T06:00:00|2025-03-12T07:00:00|2025-03-12T08:00:00|2025-03-12T09:00:00|2025-03-12T10:00:00|2025-03-12T11:00:00|2025-03-12T12:00:00|2025-03-12T13:00:00|2025-03-12T14:00:00|2025-03-12T15:00:00|2025-03-12T16:00:00|2025-03-12T17:00:00|2025-03-12T18:00:00|2025-03-12T19:00:00|2025-03-12T20:00:00|2025-03-12T21:00:00|2025-03-12T22:00:00|2025-03-12T23:00:00|2025-03-13T00:00:00|2025-03-13T01:00:00|2025-03-13T02:00:00|2025-03-13T03:00:00|2025-03-13T04:00:00|2025-03-13T05:00:00|2025-03-13T07:00:00|2025-03-13T08:00:00|2025-03-13T09:00:00|2025-03-13T10:00:00|2025-03-13T11:00:00|2025-03-13T12:00:00|2025-03-13T13:00:00|2025-03-13T14:00:00|2025-03-13T15:00:00|2025-03-13T16:00:00|2025-03-13T17:00:00|2025-03-13T18:00:00|2025-03-13T19:00:00|2025-03-13T20:00:00|2025-03-13T21:00:00|2025-03-13T22:00:00|2025-03-13T23:00:00|2025-03-14T00:00:00|2025-03-14T01:00:00|2025-03-14T02:00:00|2025-03-14T03:00:00|2025-03-14T05:00:00|2025-03-14T06:00:00|2025-03-14T07:00:00|2025-03-14T08:00:00|2025-03-14T09:00:00|2025-03-14T10:00:00|2025-03-14T11:00:00|2025-03-14T12:00:00|2025-03-14T13:00:00|2025-03-14T14:00:00|2025-03-14T15:00:00|2025-03-14T16:00:00|2025-03-14T17:00:00|2025-03-14T18:00:00|2025-03-14T19:00:00|2025-03-14T20:00:00|2025-03-14T21:00:00|2025-03-14T22:00:00|2025-03-14T23:00:00|2025-03-15T00:00:00|2025-03-15T01:00:00|2025-03-15T02:00:00|2025-03-15T03:00:00|2025-03-15T04:00:00|2025-03-15T05:00:00|2025-03-15T06:00:00|2025-03-15T07:00:00|2025-03-15T08:00:00|2025-03-15T09:00:00|2025-03-15T10:00:00|2025-03-15T11:00:00|2025-03-15T12:00:00|2025-03-15T13:00:00|2025-03-15T14:00:00|2025-03-15T15:00:00|2025-03-15T16:00:00|2025-03-15T17:00:00|2025-03-15T18:00:00|2025-03-15T19:00:00|2025-03-15T20:00:00|2025-03-15T21:00:00|2025-03-15T22:00:00|2025-03-16T01:00:00|2025-03-16T03:00:00|2025-03-16T04:00:00|2025-03-16T05:00:00|2025-03-16T06:00:00|2025-03-16T07:00:00|2025-03-16T08:00:00|2025-03-16T09:00:00|2025-03-16T10:00:00|2025-03-16T11:00:00|2025-03-16T12:00:00|2025-03-16T13:00:00|2025-03-16T14:00:00|2025-03-16T15:00:00|2025-03-16T16:00:00|2025-03-16T17:00:00|2025-03-16T18:00:00|2025-03-16T19:00:00|2025-03-16T20:00:00|2025-03-16T21:00:00|2025-03-16T22:00:00|2025-03-16T23:00:00|2025-03-17T00:00:00|2025-03-17T01:00:00|2025-03-17T02:00:00|2025-03-17T03:00:00|2025-03-17T04:00:00|2025-03-17T05:00:00|2025-03-17T06:00:00|2025-03-17T07:00:00|2025-03-17T08:00:00|2025-03-17T09:00:00|2025-03-17T10:00:00|2025-03-17T11:00:00|2025-03-17T14:00:00|2025-03-17T15:00:00|2025-03-17T16:00:00|2025-03-17T17:00:00|2025-03-17T18:00:00|2025-03-17T19:00:00|2025-03-17T20:00:00|2025-03-17T21:00:00|2025-03-17T22:00:00|2025-03-17T23:00:00|2025-03-18T00:00:00|2025-03-18T01:00:00|2025-03-18T02:00:00|2025-03-18T03:00:00|2025-03-18T04:00:00|2025-03-18T05:00:00|2025-03-18T06:00:00|2025-03-18T07:00:00|2025-03-18T08:00:00|2025-03-18T09:00:00|2025-03-18T10:00:00|2025-03-18T11:00:00|2025-03-18T12:00:00|2025-03-18T13:00:00|2025-03-18T14:00:00|2025-03-18T15:00:00|2025-03-18T16:00:00|2025-03-18T17:00:00|2025-03-18T18:00:00|2025-03-18T19:00:00|2025-03-18T20:00:00|2025-03-18T21:00:00|2025-03-18T22:00:00|2025-03-18T23:00:00|2025-03-19T00:00:00|2025-03-19T01:00:00|2025-03-19T02:00:00|2025-03-19T03:00:00|2025-03-19T04:00:00|2025-03-19T05:00:00|2025-03-19T06:00:00|2025-03-19T07:00:00|2025-03-19T08:00:00|2025-03-19T09:00:00|2025-03-19T10:00:00|2025-03-19T11:00:00|2025-03-19T12:00:00|2025-03-19T13:00:00|2025-03-19T14:00:00|2025-03-19T15:00:00|2025-03-19T16:00:00|2025-03-19T17:00:00|2025-03-19T18:00:00|2025-03-19T19:00:00|2025-03-19T20:00:00|2025-03-19T21:00:00|2025-03-19T22:00:00|2025-03-19T23:00:00|2025-03-20T00:00:00|2025-03-20T01:00:00|2025-03-20T02:00:00|2025-03-20T03:00:00|2025-03-20T04:00:00|2025-03-20T05:00:00|2025-03-20T06:00:00|2025-03-20T07:00:00|2025-03-20T08:00:00|2025-03-20T09:00:00|2025-03-20T10:00:00|2025-03-20T11:00:00|2025-03-20T12:00:00|2025-03-20T13:00:00|2025-03-20T14:00:00|2025-03-20T15:00:00|2025-03-20T16:00:00|2025-03-20T17:00:00|2025-03-20T18:00:00|2025-03-20T19:00:00|2025-03-20T20:00:00|2025-03-20T21:00:00|2025-03-20T22:00:00|2025-03-20T23:00:00|2025-03-21T00:00:00|2025-03-21T01:00:00|2025-03-21T02:00:00|2025-03-21T03:00:00|2025-03-21T04:00:00|2025-03-21T05:00:00|2025-03-21T06:00:00|2025-03-21T07:00:00|2025-03-21T08:00:00|2025-03-21T09:00:00|2025-03-21T10:00:00|2025-03-21T11:00:00|2025-03-21T12:00:00|2025-03-21T13:00:00|2025-03-21T14:00:00|2025-03-21T15:00:00|2025-03-21T16:00:00|2025-03-21T17:00:00|2025-03-21T18:00:00|2025-03-21T19:00:00|2025-03-21T20:00:00|2025-03-21T21:00:00|2025-03-21T22:00:00|2025-03-21T23:00:00|2025-03-22T00:00:00|2025-03-22T01:00:00|2025-03-22T02:00:00|2025-03-22T03:00:00|2025-03-22T04:00:00|2025-03-22T05:00:00|2025-03-22T06:00:00|2025-03-22T07:00:00|2025-03-22T08:00:00|2025-03-22T09:00:00|2025-03-22T10:00:00|2025-03-22T11:00:00|2025-03-22T12:00:00|2025-03-22T13:00:00|2025-03-22T14:00:00|2025-03-22T15:00:00|2025-03-22T16:00:00|2025-03-22T17:00:00|2025-03-22T18:00:00|2025-03-22T19:00:00|2025-03-22T20:00:00|2025-03-22T21:00:00|2025-03-22T22:00:00|2025-03-22T23:00:00|2025-03-23T00:00:00|2025-03-23T01:00:00|2025-03-23T02:00:00|2025-03-23T03:00:00|2025-03-23T04:00:00|2025-03-23T05:00:00|2025-03-23T06:00:00|2025-03-23T07:00:00|2025-03-23T08:00:00|2025-03-23T09:00:00|2025-03-23T10:00:00|2025-03-23T11:00:00|2025-03-23T12:00:00|2025-03-23T13:00:00|2025-03-23T14:00:00|2025-03-23T15:00:00|2025-03-23T16:00:00|2025-03-23T17:00:00|2025-03-23T18:00:00|2025-03-23T19:00:00|2025-03-23T20:00:00|2025-03-23T21:00:00|2025-03-23T22:00:00|2025-03-23T23:00:00|2025-03-24T00:00:00|2025-03-24T01:00:00|2025-03-24T02:00:00|2025-03-24T03:00:00|2025-03-24T04:00:00|2025-03-24T05:00:00|2025-03-24T06:00:00|2025-03-24T07:00:00|2025-03-24T08:00:00|2025-03-24T09:00:00|2025-03-24T10:00:00|2025-03-24T11:00:00|2025-03-24T12:00:00|2025-03-24T13:00:00|2025-03-24T14:00:00|2025-03-24T15:00:00|2025-03-24T16:00:00|2025-03-24T17:00:00|2025-03-24T18:00:00|2025-03-24T19:00:00|2025-03-24T20:00:00|2025-03-24T21:00:00|2025-03-24T22:00:00|2025-03-24T23:00:00|2025-03-25T00:00:00|2025-03-25T01:00:00|2025-03-25T02:00:00|2025-03-25T03:00:00|2025-03-25T04:00:00|2025-03-25T06:00:00|2025-03-25T07:00:00|2025-03-25T08:00:00|2025-03-25T09:00:00|2025-03-25T10:00:00|2025-03-25T11:00:00|2025-03-25T12:00:00|2025-03-25T13:00:00|2025-03-25T14:00:00|2025-03-25T15:00:00|2025-03-25T16:00:00|2025-03-25T17:00:00|2025-03-25T18:00:00|2025-03-25T19:00:00|2025-03-25T20:00:00|2025-03-25T21:00:00|2025-03-25T22:00:00|2025-03-25T23:00:00|2025-03-26T00:00:00|2025-03-26T01:00:00|2025-03-26T02:00:00|2025-03-26T03:00:00|2025-03-26T04:00:00|2025-03-26T05:00:00|2025-03-26T06:00:00|2025-03-26T07:00:00|2025-03-26T08:00:00|2025-03-26T09:00:00|2025-03-26T10:00:00|2025-03-26T11:00:00|2025-03-26T12:00:00|2025-03-26T13:00:00|2025-03-26T14:00:00|2025-03-26T15:00:00|2025-03-26T16:00:00|2025-03-26T17:00:00|2025-03-26T18:00:00|2025-03-26T19:00:00|2025-03-26T20:00:00|2025-03-26T21:00:00|2025-03-26T22:00:00|2025-03-26T23:00:00|2025-03-27T00:00:00|2025-03-27T01:00:00|2025-03-27T02:00:00|2025-03-27T03:00:00|2025-03-27T04:00:00|2025-03-27T05:00:00|2025-03-27T06:00:00|2025-03-27T07:00:00|2025-03-27T08:00:00|2025-03-27T09:00:00|2025-03-27T10:00:00|2025-03-27T11:00:00|2025-03-27T12:00:00|2025-03-27T13:00:00|2025-03-27T14:00:00|2025-03-27T15:00:00|2025-03-27T16:00:00|2025-03-27T17:00:00|2025-03-27T18:00:00|2025-03-27T19:00:00|2025-03-27T20:00:00|2025-03-27T21:00:00|2025-03-27T22:00:00|2025-03-27T23:00:00|2025-03-28T00:00:00|2025-03-28T01:00:00|2025-03-28T02:00:00|2025-03-28T03:00:00|2025-03-28T04:00:00|2025-03-28T06:00:00|2025-03-28T07:00:00|2025-03-28T08:00:00|2025-03-28T09:00:00|2025-03-28T10:00:00|2025-03-28T11:00:00|2025-03-28T12:00:00|2025-03-28T13:00:00|2025-03-28T14:00:00|2025-03-28T15:00:00|2025-03-28T16:00:00|2025-03-28T17:00:00|2025-03-28T18:00:00|2025-03-28T19:00:00|2025-03-28T20:00:00|2025-03-28T21:00:00|2025-03-28T22:00:00|2025-03-28T23:00:00|2025-03-29T00:00:00|2025-03-29T01:00:00|2025-03-29T02:00:00|2025-03-29T03:00:00|2025-03-29T04:00:00|2025-03-29T05:00:00|2025-03-29T06:00:00|2025-03-29T07:00:00|2025-03-29T08:00:00|2025-03-29T09:00:00|2025-03-29T10:00:00|2025-03-29T11:00:00|2025-03-29T12:00:00|2025-03-29T13:00:00|2025-03-29T14:00:00|2025-03-29T15:00:00|2025-03-29T16:00:00|2025-03-29T17:00:00|2025-03-29T18:00:00|2025-03-29T19:00:00|2025-03-29T20:00:00|2025-03-29T21:00:00|2025-03-29T22:00:00|2025-03-29T23:00:00|2025-03-30T00:00:00|2025-03-30T01:00:00|2025-03-30T02:00:00|2025-03-30T03:00:00|2025-03-30T04:00:00|2025-03-30T05:00:00|2025-03-30T06:00:00|2025-03-30T07:00:00|2025-03-30T08:00:00|2025-03-30T09:00:00|2025-03-30T10:00:00|2025-03-30T11:00:00|2025-03-30T12:00:00|2025-03-30T13:00:00|2025-03-30T14:00:00|2025-03-30T15:00:00|2025-03-30T16:00:00|2025-03-30T17:00:00|2025-03-30T18:00:00|2025-03-30T19:00:00|2025-03-30T20:00:00|2025-03-30T21:00:00|2025-03-30T22:00:00|2025-03-30T23:00:00|2025-03-31T00:00:00|2025-03-31T01:00:00|2025-03-31T02:00:00|2025-03-31T03:00:00|2025-03-31T04:00:00|2025-03-31T05:00:00|2025-03-31T06:00:00|2025-03-31T07:00:00|2025-03-31T08:00:00|2025-03-31T09:00:00|2025-03-31T10:00:00|2025-03-31T11:00:00|2025-03-31T12:00:00|2025-03-31T13:00:00|2025-03-31T14:00:00|2025-03-31T15:00:00|2025-03-31T16:00:00|2025-03-31T17:00:00|2025-03-31T18:00:00|2025-03-31T19:00:00|2025-03-31T20:00:00|2025-03-31T21:00:00|2025-03-31T22:00:00|2025-03-31T23:00:00|2025-04-01T00:00:00|2025-04-01T01:00:00|2025-04-01T02:00:00|2025-04-01T03:00:00|2025-04-01T04:00:00|2025-04-01T05:00:00|2025-04-01T06:00:00|2025-04-01T07:00:00|2025-04-01T08:00:00|2025-04-01T09:00:00|2025-04-01T10:00:00|2025-04-01T11:00:00|2025-04-01T12:00:00|2025-04-01T13:00:00|2025-04-01T14:00:00|2025-04-01T15:00:00|2025-04-01T16:00:00|2025-04-01T17:00:00|2025-04-01T18:00:00|2025-04-01T19:00:00|2025-04-01T20:00:00|2025-04-01T21:00:00|2025-04-01T22:00:00|2025-04-01T23:00:00|2025-04-02T00:00:00|2025-04-02T01:00:00|2025-04-02T02:00:00|2025-04-02T03:00:00|2025-04-02T04:00:00|2025-04-02T05:00:00|2025-04-02T06:00:00|2025-04-02T07:00:00|2025-04-02T08:00:00|2025-04-02T09:00:00|2025-04-02T10:00:00|2025-04-02T11:00:00|2025-04-02T12:00:00|2025-04-02T13:00:00|2025-04-02T14:00:00|2025-04-02T15:00:00|2025-04-02T16:00:00|2025-04-02T17:00:00|2025-04-02T18:00:00|2025-04-02T19:00:00|2025-04-02T20:00:00|2025-04-02T21:00:00|2025-04-02T22:00:00|2025-04-02T23:00:00|2025-04-03T00:00:00|2025-04-03T01:00:00|2025-04-03T02:00:00|2025-04-03T03:00:00|2025-04-03T04:00:00|2025-04-03T05:00:00|2025-04-03T06:00:00|2025-04-03T07:00:00|2025-04-03T08:00:00|2025-04-03T09:00:00|2025-04-03T10:00:00|2025-04-03T11:00:00|2025-04-03T12:00:00|2025-04-03T13:00:00|2025-04-03T14:00:00|2025-04-03T15:00:00|2025-04-03T16:00:00|2025-04-03T17:00:00|2025-04-03T18:00:00|2025-04-03T19:00:00|2025-04-03T20:00:00|2025-04-03T21:00:00|2025-04-03T22:00:00|2025-04-03T23:00:00|2025-04-04T00:00:00|2025-04-04T01:00:00|2025-04-04T02:00:00|2025-04-04T03:00:00|2025-04-04T04:00:00|2025-04-04T05:00:00|2025-04-04T06:00:00|2025-04-04T07:00:00|2025-04-04T08:00:00|2025-04-04T09:00:00|2025-04-04T10:00:00|2025-04-04T11:00:00|2025-04-04T12:00:00|2025-04-04T13:00:00|2025-04-04T14:00:00|2025-04-04T15:00:00|2025-04-04T16:00:00|2025-04-04T17:00:00|2025-04-04T18:00:00|2025-04-04T19:00:00|2025-04-04T20:00:00|2025-04-04T21:00:00|2025-04-04T22:00:00|2025-04-04T23:00:00|2025-04-05T00:00:00|2025-04-05T01:00:00|2025-04-05T02:00:00|2025-04-05T03:00:00|2025-04-05T04:00:00|2025-04-05T05:00:00|2025-04-05T06:00:00|2025-04-05T07:00:00|2025-04-05T08:00:00|2025-04-05T09:00:00|2025-04-05T10:00:00|2025-04-05T11:00:00|2025-04-05T12:00:00|2025-04-05T13:00:00|2025-04-05T14:00:00|2025-04-05T15:00:00|2025-04-05T16:00:00|2025-04-05T17:00:00|2025-04-05T18:00:00|2025-04-05T19:00:00|2025-04-05T20:00:00|2025-04-05T21:00:00|2025-04-05T22:00:00|2025-04-05T23:00:00|2025-04-06T00:00:00|2025-04-06T01:00:00|2025-04-06T02:00:00|2025-04-06T03:00:00|2025-04-06T04:00:00|2025-04-06T05:00:00|2025-04-06T06:00:00|2025-04-06T07:00:00|2025-04-06T08:00:00|2025-04-06T09:00:00|2025-04-06T10:00:00|2025-04-06T11:00:00|2025-04-06T12:00:00|2025-04-06T13:00:00|2025-04-06T14:00:00|2025-04-06T15:00:00|2025-04-06T16:00:00|2025-04-06T17:00:00|2025-04-06T18:00:00|2025-04-06T19:00:00|2025-04-06T20:00:00|2025-04-06T21:00:00|2025-04-06T22:00:00|2025-04-06T23:00:00|2025-04-07T00:00:00|2025-04-07T01:00:00|2025-04-07T02:00:00|2025-04-07T03:00:00|2025-04-07T04:00:00|2025-04-07T05:00:00|2025-04-07T06:00:00|2025-04-07T07:00:00|2025-04-07T08:00:00|2025-04-07T09:00:00|2025-04-07T10:00:00|2025-04-07T11:00:00|2025-04-07T12:00:00|2025-04-07T13:00:00|2025-04-07T14:00:00|2025-04-07T15:00:00|2025-04-07T16:00:00|2025-04-07T17:00:00|2025-04-07T18:00:00|2025-04-07T19:00:00|2025-04-07T20:00:00|2025-04-07T21:00:00|2025-04-07T22:00:00|2025-04-07T23:00:00|2025-04-08T00:00:00|2025-04-08T01:00:00|2025-04-08T02:00:00|2025-04-08T03:00:00|2025-04-08T04:00:00|2025-04-08T05:00:00|2025-04-08T06:00:00|2025-04-08T07:00:00|2025-04-08T08:00:00|2025-04-08T09:00:00|2025-04-08T10:00:00|2025-04-08T11:00:00|2025-04-08T12:00:00|2025-04-08T13:00:00|2025-04-08T14:00:00|2025-04-08T15:00:00|2025-04-08T16:00:00|2025-04-08T17:00:00|2025-04-08T18:00:00|2025-04-08T19:00:00|2025-04-08T20:00:00|2025-04-08T21:00:00|2025-04-08T22:00:00|2025-04-08T23:00:00|2025-04-09T00:00:00|2025-04-09T01:00:00|2025-04-09T02:00:00|2025-04-09T03:00:00|2025-04-09T04:00:00|2025-04-09T05:00:00|2025-04-09T06:00:00|2025-04-09T07:00:00|2025-04-09T08:00:00|2025-04-09T09:00:00|2025-04-09T10:00:00|2025-04-09T11:00:00|2025-04-09T12:00:00|2025-04-09T13:00:00|2025-04-09T14:00:00|2025-04-09T15:00:00|2025-04-09T16:00:00|2025-04-09T17:00:00|2025-04-09T18:00:00|2025-04-09T19:00:00|2025-04-09T20:00:00|2025-04-09T21:00:00|2025-04-09T22:00:00|2025-04-09T23:00:00|2025-04-10T01:00:00|2025-04-10T02:00:00|2025-04-10T03:00:00|2025-04-10T05:00:00|2025-04-10T06:00:00|2025-04-10T07:00:00|2025-04-10T08:00:00|2025-04-10T09:00:00|2025-04-10T10:00:00|2025-04-10T11:00:00|2025-04-10T12:00:00|2025-04-10T13:00:00|2025-04-10T14:00:00|2025-04-10T15:00:00|2025-04-10T16:00:00|2025-04-10T17:00:00|2025-04-10T18:00:00|2025-04-10T19:00:00|2025-04-10T20:00:00|2025-04-10T21:00:00|2025-04-10T22:00:00|2025-04-10T23:00:00|2025-04-11T00:00:00|2025-04-11T01:00:00|2025-04-11T02:00:00|2025-04-11T03:00:00|2025-04-11T04:00:00|2025-04-11T05:00:00|2025-04-11T06:00:00|2025-04-11T07:00:00|2025-04-11T08:00:00|2025-04-11T09:00:00|2025-04-11T10:00:00|2025-04-11T11:00:00|2025-04-11T12:00:00|2025-04-11T13:00:00|2025-04-11T14:00:00|2025-04-11T15:00:00|2025-04-11T16:00:00|2025-04-11T17:00:00|2025-04-11T18:00:00|2025-04-11T19:00:00|2025-04-11T20:00:00|2025-04-11T21:00:00|2025-04-11T22:00:00|2025-04-11T23:00:00|2025-04-12T00:00:00|2025-04-12T01:00:00|2025-04-12T02:00:00|2025-04-12T03:00:00|2025-04-12T04:00:00|2025-04-12T05:00:00|2025-04-12T06:00:00|2025-04-12T07:00:00|2025-04-12T08:00:00|2025-04-12T09:00:00|2025-04-12T10:00:00|2025-04-12T11:00:00|2025-04-12T12:00:00|2025-04-12T13:00:00|2025-04-12T14:00:00|2025-04-12T15:00:00|2025-04-12T16:00:00|2025-04-12T17:00:00|2025-04-12T18:00:00|2025-04-12T19:00:00|2025-04-12T20:00:00|2025-04-12T21:00:00|2025-04-12T22:00:00|2025-04-12T23:00:00|2025-04-13T00:00:00|2025-04-13T01:00:00|2025-04-13T02:00:00|2025-04-13T03:00:00|2025-04-13T04:00:00|2025-04-13T05:00:00|2025-04-13T06:00:00|2025-04-13T07:00:00|2025-04-13T08:00:00|2025-04-13T09:00:00|2025-04-13T10:00:00|2025-04-13T11:00:00|2025-04-13T12:00:00|2025-04-13T13:00:00|2025-04-13T14:00:00|2025-04-13T15:00:00|2025-04-13T16:00:00|2025-04-13T17:00:00|2025-04-13T18:00:00|2025-04-13T19:00:00|2025-04-13T20:00:00|2025-04-13T21:00:00|2025-04-13T22:00:00|2025-04-13T23:00:00|2025-04-14T00:00:00|2025-04-14T01:00:00|2025-04-14T02:00:00|2025-04-14T03:00:00|2025-04-14T04:00:00|2025-04-14T05:00:00|2025-04-14T07:00:00|2025-04-14T08:00:00|2025-04-14T09:00:00|2025-04-14T10:00:00|2025-04-14T11:00:00|2025-04-14T12:00:00|2025-04-14T13:00:00|2025-04-14T14:00:00|2025-04-14T15:00:00|2025-04-14T16:00:00|2025-04-14T17:00:00|2025-04-14T18:00:00|2025-04-14T19:00:00|2025-04-14T20:00:00|2025-04-14T21:00:00|2025-04-14T22:00:00|2025-04-14T23:00:00|2025-04-15T00:00:00|2025-04-15T01:00:00|2025-04-15T02:00:00|2025-04-15T03:00:00|2025-04-15T04:00:00|2025-04-15T05:00:00|2025-04-15T06:00:00|2025-04-15T07:00:00|2025-04-15T08:00:00|2025-04-15T09:00:00|2025-04-15T10:00:00|2025-04-15T11:00:00|2025-04-15T12:00:00|2025-04-15T13:00:00|2025-04-15T14:00:00|2025-04-15T15:00:00|2025-04-15T16:00:00|2025-04-15T17:00:00|2025-04-15T18:00:00|2025-04-15T19:00:00|2025-04-15T20:00:00|2025-04-15T21:00:00|2025-04-15T22:00:00|2025-04-15T23:00:00|2025-04-16T00:00:00|2025-04-16T01:00:00|2025-04-16T02:00:00|2025-04-16T03:00:00|2025-04-16T04:00:00|2025-04-16T05:00:00|2025-04-16T06:00:00|2025-04-16T07:00:00|2025-04-16T08:00:00|2025-04-16T09:00:00|2025-04-16T10:00:00|2025-04-16T11:00:00|2025-04-16T12:00:00|2025-04-16T13:00:00|2025-04-16T14:00:00|2025-04-16T15:00:00|2025-04-16T16:00:00|2025-04-16T17:00:00|2025-04-16T18:00:00|2025-04-16T19:00:00|2025-04-16T20:00:00|2025-04-16T21:00:00|2025-04-16T22:00:00|2025-04-16T23:00:00|2025-04-17T00:00:00|2025-04-17T01:00:00|2025-04-17T02:00:00|2025-04-17T03:00:00|2025-04-17T04:00:00|2025-04-17T05:00:00|2025-04-17T06:00:00|2025-04-17T07:00:00|2025-04-17T08:00:00|2025-04-17T09:00:00|2025-04-17T10:00:00|2025-04-17T11:00:00|2025-04-17T12:00:00|2025-04-17T13:00:00|2025-04-17T14:00:00|2025-04-17T15:00:00|2025-04-17T16:00:00|2025-04-17T17:00:00|2025-04-17T18:00:00|2025-04-17T19:00:00|2025-04-17T20:00:00|2025-04-17T21:00:00|2025-04-17T22:00:00|2025-04-17T23:00:00|2025-04-18T00:00:00|2025-04-18T01:00:00|2025-04-18T02:00:00|2025-04-18T03:00:00|2025-04-18T04:00:00|2025-04-18T05:00:00|2025-04-18T06:00:00|2025-04-18T07:00:00|2025-04-18T08:00:00|2025-04-18T09:00:00|2025-04-18T10:00:00|2025-04-18T11:00:00|2025-04-18T12:00:00|2025-04-18T13:00:00|2025-04-18T14:00:00|2025-04-18T15:00:00|2025-04-18T16:00:00|2025-04-18T17:00:00|2025-04-18T18:00:00|2025-04-18T19:00:00|2025-04-18T20:00:00|2025-04-18T21:00:00|2025-04-18T22:00:00|2025-04-18T23:00:00|2025-04-19T00:00:00|2025-04-19T01:00:00|2025-04-19T02:00:00|2025-04-19T03:00:00|2025-04-19T04:00:00|2025-04-19T05:00:00|2025-04-19T07:00:00|2025-04-19T08:00:00|2025-04-19T09:00:00|2025-04-19T10:00:00|2025-04-19T11:00:00|2025-04-19T12:00:00|2025-04-19T13:00:00|2025-04-19T14:00:00|2025-04-19T15:00:00|2025-04-19T16:00:00|2025-04-19T17:00:00|2025-04-19T18:00:00|2025-04-19T19:00:00|2025-04-19T20:00:00|2025-04-19T21:00:00|2025-04-19T22:00:00|2025-04-19T23:00:00|2025-04-20T00:00:00|2025-04-20T01:00:00|2025-04-20T02:00:00|2025-04-20T03:00:00|2025-04-20T04:00:00|2025-04-20T05:00:00|2025-04-20T06:00:00|2025-04-20T07:00:00|2025-04-20T08:00:00|2025-04-20T09:00:00|2025-04-20T10:00:00|2025-04-20T11:00:00|2025-04-20T12:00:00|2025-04-20T13:00:00|2025-04-20T14:00:00|2025-04-20T15:00:00|2025-04-20T16:00:00|2025-04-20T17:00:00|2025-04-20T18:00:00|2025-04-20T19:00:00|2025-04-20T20:00:00|2025-04-20T21:00:00|2025-04-20T22:00:00|2025-04-20T23:00:00|2025-04-21T00:00:00|2025-04-21T01:00:00|2025-04-21T02:00:00|2025-04-21T03:00:00|2025-04-21T05:00:00|2025-04-21T06:00:00|2025-04-21T07:00:00|2025-04-21T08:00:00|2025-04-21T09:00:00|2025-04-21T10:00:00|2025-04-21T11:00:00|2025-04-21T12:00:00|2025-04-21T13:00:00|2025-04-21T14:00:00|2025-04-21T15:00:00|2025-04-21T16:00:00|2025-04-21T17:00:00|2025-04-21T18:00:00|2025-04-21T19:00:00|2025-04-21T20:00:00|2025-04-21T21:00:00|2025-04-21T22:00:00|2025-04-21T23:00:00|2025-04-22T00:00:00|2025-04-22T01:00:00|2025-04-22T02:00:00|2025-04-22T03:00:00|2025-04-22T04:00:00|2025-04-22T05:00:00|2025-04-22T06:00:00|2025-04-22T07:00:00|2025-04-22T08:00:00|2025-04-22T09:00:00|2025-04-22T10:00:00|2025-04-22T11:00:00|2025-04-22T12:00:00|2025-04-22T13:00:00|2025-04-22T14:00:00|2025-04-22T15:00:00|2025-04-22T16:00:00|2025-04-22T17:00:00|2025-04-22T18:00:00|2025-04-22T19:00:00|2025-04-22T20:00:00|2025-04-22T21:00:00|2025-04-22T22:00:00|2025-04-22T23:00:00|2025-04-23T00:00:00|2025-04-23T01:00:00|2025-04-23T02:00:00|2025-04-23T03:00:00|2025-04-23T04:00:00|2025-04-23T05:00:00|2025-04-23T06:00:00|2025-04-23T07:00:00|2025-04-23T08:00:00|2025-04-23T09:00:00|2025-04-23T10:00:00|2025-04-23T11:00:00|2025-04-23T12:00:00|2025-04-23T13:00:00|2025-04-23T14:00:00|2025-04-23T15:00:00|2025-04-23T16:00:00|2025-04-23T17:00:00|2025-04-23T18:00:00|2025-04-23T19:00:00|2025-04-23T20:00:00|2025-04-23T21:00:00|2025-04-23T22:00:00|2025-04-23T23:00:00|2025-04-24T00:00:00|2025-04-24T01:00:00|2025-04-24T02:00:00|2025-04-24T03:00:00|2025-04-24T04:00:00|2025-04-24T05:00:00|2025-04-24T06:00:00|2025-04-24T07:00:00|2025-04-24T08:00:00|2025-04-24T09:00:00|2025-04-24T10:00:00|2025-04-24T11:00:00|2025-04-24T12:00:00|2025-04-24T13:00:00|2025-04-24T14:00:00|2025-04-24T15:00:00|2025-04-24T16:00:00|2025-04-24T17:00:00|2025-04-24T18:00:00|2025-04-24T19:00:00|2025-04-24T20:00:00|2025-04-24T21:00:00|2025-04-24T22:00:00|2025-04-24T23:00:00|2025-04-25T00:00:00|2025-04-25T01:00:00|2025-04-25T02:00:00|2025-04-25T03:00:00|2025-04-25T04:00:00|2025-04-25T05:00:00|2025-04-25T06:00:00|2025-04-25T07:00:00|2025-04-25T08:00:00|2025-04-25T09:00:00|2025-04-25T10:00:00|2025-04-25T11:00:00|2025-04-25T12:00:00|2025-04-25T13:00:00|2025-04-25T14:00:00|2025-04-25T15:00:00|2025-04-25T16:00:00|2025-04-25T17:00:00|2025-04-25T18:00:00|2025-04-25T19:00:00|2025-04-25T20:00:00|2025-04-25T21:00:00|2025-04-25T22:00:00|2025-04-25T23:00:00|2025-04-26T00:00:00|2025-04-26T01:00:00|2025-04-26T02:00:00|2025-04-26T03:00:00|2025-04-26T04:00:00|2025-04-26T05:00:00|2025-04-26T06:00:00|2025-04-26T07:00:00|2025-04-26T08:00:00|2025-04-26T09:00:00|2025-04-26T10:00:00|2025-04-26T11:00:00|2025-04-26T12:00:00|2025-04-26T13:00:00|2025-04-26T14:00:00|2025-04-26T15:00:00|2025-04-26T16:00:00|2025-04-26T17:00:00|2025-04-26T18:00:00|2025-04-26T19:00:00|2025-04-26T20:00:00|2025-04-26T21:00:00|2025-04-26T22:00:00|2025-04-26T23:00:00|2025-04-27T00:00:00|2025-04-27T01:00:00|2025-04-27T02:00:00|2025-04-27T03:00:00|2025-04-27T04:00:00|2025-04-27T05:00:00|2025-04-27T06:00:00|2025-04-27T07:00:00|2025-04-27T08:00:00|2025-04-27T09:00:00|2025-04-27T10:00:00|2025-04-27T11:00:00|2025-04-27T12:00:00|2025-04-27T13:00:00|2025-04-27T14:00:00|2025-04-27T15:00:00|2025-04-27T16:00:00|2025-04-27T17:00:00|2025-04-27T18:00:00|2025-04-27T19:00:00|2025-04-27T20:00:00|2025-04-27T21:00:00|2025-04-27T22:00:00|2025-04-27T23:00:00|2025-04-28T00:00:00|2025-04-28T01:00:00|2025-04-28T02:00:00|2025-04-28T04:00:00|2025-04-28T05:00:00|2025-04-28T06:00:00|2025-04-28T07:00:00|2025-04-28T08:00:00|2025-04-28T09:00:00|2025-04-28T10:00:00|2025-04-28T11:00:00|2025-04-28T12:00:00|2025-04-28T13:00:00|2025-04-28T14:00:00|2025-04-28T15:00:00|2025-04-28T16:00:00|2025-04-28T17:00:00|2025-04-28T18:00:00|2025-04-28T19:00:00|2025-04-28T20:00:00|2025-04-28T21:00:00|2025-04-28T22:00:00|2025-04-28T23:00:00|2025-04-29T00:00:00|2025-04-29T01:00:00|2025-04-29T02:00:00|2025-04-29T03:00:00|2025-04-29T04:00:00|2025-04-29T05:00:00|2025-04-29T06:00:00|2025-04-29T07:00:00|2025-04-29T08:00:00|2025-04-29T09:00:00|2025-04-29T10:00:00|2025-04-29T11:00:00|2025-04-29T12:00:00|2025-04-29T13:00:00|2025-04-29T14:00:00|2025-04-29T15:00:00|2025-04-29T16:00:00|2025-04-29T17:00:00|2025-04-29T18:00:00|2025-04-29T19:00:00|2025-04-29T20:00:00|2025-04-29T21:00:00|2025-04-29T22:00:00|2025-04-29T23:00:00|2025-04-30T00:00:00|2025-04-30T01:00:00|2025-04-30T02:00:00|2025-04-30T03:00:00|2025-04-30T04:00:00|2025-04-30T05:00:00|2025-04-30T06:00:00|2025-04-30T07:00:00|2025-04-30T08:00:00|2025-04-30T09:00:00|2025-04-30T10:00:00|2025-04-30T11:00:00|2025-04-30T12:00:00|2025-04-30T13:00:00|2025-04-30T14:00:00|2025-04-30T15:00:00|2025-04-30T16:00:00|2025-04-30T17:00:00|2025-04-30T18:00:00|2025-04-30T19:00:00|2025-04-30T20:00:00|2025-04-30T21:00:00|2025-04-30T22:00:00|2025-04-30T23:00:00|2025-05-01T00:00:00|2025-05-01T01:00:00|2025-05-01T02:00:00|2025-05-01T03:00:00|2025-05-01T04:00:00|2025-05-01T05:00:00|2025-05-01T06:00:00|2025-05-01T07:00:00|2025-05-01T08:00:00|2025-05-01T09:00:00|2025-05-01T10:00:00|2025-05-01T11:00:00|2025-05-01T12:00:00|2025-05-01T13:00:00|2025-05-01T14:00:00|2025-05-01T15:00:00|2025-05-01T16:00:00|2025-05-01T17:00:00|2025-05-01T18:00:00|2025-05-01T19:00:00|2025-05-01T20:00:00|2025-05-01T21:00:00|2025-05-01T22:00:00|2025-05-01T23:00:00|2025-05-02T00:00:00|2025-05-02T01:00:00|2025-05-02T02:00:00|2025-05-02T03:00:00|2025-05-02T04:00:00|2025-05-02T05:00:00|2025-05-02T06:00:00|2025-05-02T07:00:00|2025-05-02T08:00:00|2025-05-02T09:00:00|2025-05-02T10:00:00|2025-05-02T11:00:00|2025-05-02T12:00:00|2025-05-02T13:00:00|2025-05-02T14:00:00|2025-05-02T15:00:00|2025-05-02T16:00:00|2025-05-02T17:00:00|2025-05-02T18:00:00|2025-05-02T19:00:00|2025-05-02T20:00:00|2025-05-02T21:00:00|2025-05-02T22:00:00|2025-05-02T23:00:00|2025-05-03T00:00:00|2025-05-03T01:00:00|2025-05-03T02:00:00|2025-05-03T03:00:00|2025-05-03T04:00:00|2025-05-03T05:00:00|2025-05-03T06:00:00|2025-05-03T07:00:00|2025-05-03T08:00:00|2025-05-03T09:00:00|2025-05-03T10:00:00|2025-05-03T11:00:00|2025-05-03T12:00:00|2025-05-03T13:00:00|2025-05-03T14:00:00|2025-05-03T15:00:00|2025-05-03T16:00:00|2025-05-03T17:00:00|2025-05-03T18:00:00|2025-05-03T19:00:00|2025-05-03T20:00:00|2025-05-03T21:00:00|2025-05-03T22:00:00|2025-05-03T23:00:00|2025-05-04T00:00:00|2025-05-04T01:00:00|2025-05-04T02:00:00|2025-05-04T03:00:00|2025-05-04T04:00:00|2025-05-04T05:00:00|2025-05-04T06:00:00|2025-05-04T07:00:00|2025-05-04T08:00:00|2025-05-04T09:00:00|2025-05-04T10:00:00|2025-05-04T11:00:00|2025-05-04T12:00:00|2025-05-04T13:00:00|2025-05-04T14:00:00|2025-05-04T15:00:00|2025-05-04T16:00:00|2025-05-04T17:00:00|2025-05-04T18:00:00|2025-05-04T19:00:00|2025-05-04T20:00:00|2025-05-04T21:00:00|2025-05-04T22:00:00|2025-05-04T23:00:00|2025-05-05T00:00:00|2025-05-05T01:00:00|2025-05-05T02:00:00|2025-05-05T03:00:00|2025-05-05T04:00:00|2025-05-05T05:00:00|2025-05-05T06:00:00|2025-05-05T07:00:00|2025-05-05T08:00:00|2025-05-05T09:00:00|2025-05-05T10:00:00|2025-05-05T11:00:00|2025-05-05T12:00:00|2025-05-05T13:00:00|2025-05-05T14:00:00|2025-05-05T15:00:00|2025-05-05T16:00:00|2025-05-05T17:00:00|2025-05-05T18:00:00|2025-05-05T19:00:00|2025-05-05T20:00:00|2025-05-05T21:00:00|2025-05-05T22:00:00|2025-05-05T23:00:00|2025-05-06T00:00:00|2025-05-06T01:00:00|2025-05-06T02:00:00|2025-05-06T03:00:00|2025-05-06T04:00:00|2025-05-06T05:00:00|2025-05-06T06:00:00|2025-05-06T07:00:00|2025-05-06T08:00:00|2025-05-06T09:00:00|2025-05-06T10:00:00|2025-05-06T11:00:00|2025-05-06T12:00:00|2025-05-06T13:00:00|2025-05-06T14:00:00|2025-05-06T15:00:00|2025-05-06T16:00:00|2025-05-06T17:00:00|2025-05-06T18:00:00|2025-05-06T19:00:00|2025-05-06T20:00:00|2025-05-06T21:00:00|2025-05-06T22:00:00|2025-05-06T23:00:00|2025-05-07T00:00:00|2025-05-07T01:00:00|2025-05-07T02:00:00|2025-05-07T03:00:00|2025-05-07T04:00:00|2025-05-07T05:00:00|2025-05-07T06:00:00|2025-05-07T07:00:00|2025-05-07T08:00:00|2025-05-07T09:00:00|2025-05-07T10:00:00|2025-05-07T11:00:00|2025-05-07T12:00:00|2025-05-07T13:00:00|2025-05-07T14:00:00|2025-05-07T15:00:00|2025-05-07T16:00:00|2025-05-07T17:00:00|2025-05-07T18:00:00|2025-05-07T19:00:00|2025-05-07T20:00:00|2025-05-07T21:00:00|2025-05-07T22:00:00|2025-05-07T23:00:00|2025-05-08T00:00:00|2025-05-08T01:00:00|2025-05-08T02:00:00|2025-05-08T03:00:00|2025-05-08T04:00:00|2025-05-08T05:00:00|2025-05-08T06:00:00|2025-05-08T08:00:00|2025-05-08T09:00:00|2025-05-08T10:00:00|2025-05-08T11:00:00|2025-05-08T12:00:00|2025-05-08T13:00:00|2025-05-08T14:00:00|2025-05-08T15:00:00|2025-05-08T16:00:00|2025-05-08T17:00:00|2025-05-08T18:00:00|2025-05-08T19:00:00|2025-05-08T20:00:00|2025-05-08T21:00:00|2025-05-08T22:00:00|2025-05-08T23:00:00|2025-05-09T00:00:00|2025-05-09T01:00:00|2025-05-09T02:00:00|2025-05-09T03:00:00|2025-05-09T04:00:00|2025-05-09T05:00:00|2025-05-09T06:00:00|2025-05-09T07:00:00|2025-05-09T08:00:00|2025-05-09T09:00:00|2025-05-09T10:00:00|2025-05-09T11:00:00|2025-05-09T12:00:00|2025-05-09T13:00:00|2025-05-09T14:00:00|2025-05-09T15:00:00|2025-05-09T16:00:00|2025-05-09T17:00:00|2025-05-09T18:00:00|2025-05-09T19:00:00|2025-05-09T20:00:00|2025-05-09T21:00:00|2025-05-09T22:00:00|2025-05-09T23:00:00|2025-05-10T00:00:00|2025-05-10T01:00:00|2025-05-10T02:00:00|2025-05-10T03:00:00|2025-05-10T04:00:00|2025-05-10T05:00:00|2025-05-10T06:00:00|2025-05-10T07:00:00|2025-05-10T08:00:00|2025-05-10T09:00:00|2025-05-10T10:00:00|2025-05-10T11:00:00|2025-05-10T12:00:00|2025-05-10T13:00:00|2025-05-10T14:00:00|2025-05-10T15:00:00|2025-05-10T16:00:00|2025-05-10T17:00:00|2025-05-10T18:00:00|2025-05-10T19:00:00|2025-05-10T20:00:00|2025-05-10T21:00:00|2025-05-10T22:00:00|2025-05-10T23:00:00|2025-05-11T00:00:00|2025-05-11T02:00:00|2025-05-11T03:00:00|2025-05-11T04:00:00|2025-05-11T05:00:00|2025-05-11T06:00:00|2025-05-11T08:00:00|2025-05-11T09:00:00|2025-05-11T10:00:00|2025-05-11T11:00:00|2025-05-11T12:00:00|2025-05-11T13:00:00|2025-05-11T14:00:00|2025-05-11T15:00:00|2025-05-11T16:00:00|2025-05-11T17:00:00|2025-05-11T18:00:00|2025-05-11T19:00:00|2025-05-11T20:00:00|2025-05-11T21:00:00|2025-05-11T22:00:00|2025-05-11T23:00:00|2025-05-12T00:00:00|2025-05-12T01:00:00|2025-05-12T02:00:00|2025-05-12T03:00:00|2025-05-12T04:00:00|2025-05-12T05:00:00|2025-05-12T06:00:00|2025-05-12T07:00:00|2025-05-12T08:00:00|2025-05-12T09:00:00|2025-05-12T10:00:00|2025-05-12T11:00:00|2025-05-12T12:00:00|2025-05-12T13:00:00|2025-05-12T14:00:00|2025-05-12T15:00:00|2025-05-12T16:00:00|2025-05-12T17:00:00|2025-05-12T18:00:00|2025-05-12T19:00:00|2025-05-12T20:00:00|2025-05-12T21:00:00|2025-05-12T22:00:00|2025-05-12T23:00:00|2025-05-13T00:00:00|2025-05-13T01:00:00|2025-05-13T02:00:00|2025-05-13T03:00:00|2025-05-13T04:00:00|2025-05-13T05:00:00|2025-05-13T06:00:00|2025-05-13T07:00:00|2025-05-13T08:00:00|2025-05-13T09:00:00|2025-05-13T10:00:00|2025-05-13T11:00:00|2025-05-13T12:00:00|2025-05-13T13:00:00|2025-05-13T14:00:00|2025-05-13T15:00:00|2025-05-13T16:00:00|2025-05-13T17:00:00|2025-05-13T18:00:00|2025-05-13T19:00:00|2025-05-13T20:00:00|2025-05-13T21:00:00|2025-05-13T22:00:00|2025-05-13T23:00:00|2025-05-14T00:00:00|2025-05-14T01:00:00|2025-05-14T02:00:00|2025-05-14T03:00:00|2025-05-14T04:00:00|2025-05-14T05:00:00|2025-05-14T06:00:00|2025-05-14T07:00:00|2025-05-14T08:00:00|2025-05-14T09:00:00|2025-05-14T10:00:00|2025-05-14T11:00:00|2025-05-14T12:00:00|2025-05-14T13:00:00|2025-05-14T14:00:00|2025-05-14T15:00:00|2025-05-14T16:00:00|2025-05-14T17:00:00|2025-05-14T18:00:00|2025-05-14T19:00:00|2025-05-14T20:00:00|2025-05-14T21:00:00|2025-05-14T22:00:00|2025-05-14T23:00:00|2025-05-15T00:00:00|2025-05-15T01:00:00|2025-05-15T02:00:00|2025-05-15T03:00:00|2025-05-15T04:00:00|2025-05-15T05:00:00|2025-05-15T06:00:00|2025-05-15T07:00:00|2025-05-15T08:00:00|2025-05-15T09:00:00|2025-05-15T10:00:00|2025-05-15T11:00:00|2025-05-15T12:00:00|2025-05-15T13:00:00|2025-05-15T14:00:00|2025-05-15T15:00:00|2025-05-15T16:00:00|2025-05-15T17:00:00|2025-05-15T18:00:00|2025-05-15T19:00:00|2025-05-15T20:00:00|2025-05-15T21:00:00|2025-05-15T22:00:00|2025-05-15T23:00:00|2025-05-16T00:00:00|2025-05-16T01:00:00|2025-05-16T02:00:00|2025-05-16T03:00:00|2025-05-16T04:00:00|2025-05-16T05:00:00|2025-05-16T06:00:00|2025-05-16T07:00:00|2025-05-16T08:00:00|2025-05-16T09:00:00|2025-05-16T10:00:00|2025-05-16T11:00:00|2025-05-16T12:00:00|2025-05-16T13:00:00|2025-05-16T14:00:00|2025-05-16T15:00:00|2025-05-16T16:00:00|2025-05-16T17:00:00|2025-05-16T18:00:00|2025-05-16T19:00:00|2025-05-16T20:00:00|2025-05-16T21:00:00|2025-05-16T22:00:00|2025-05-16T23:00:00|2025-05-17T00:00:00|2025-05-17T01:00:00|2025-05-17T02:00:00|2025-05-17T03:00:00|2025-05-17T04:00:00|2025-05-17T05:00:00|2025-05-17T07:00:00|2025-05-17T08:00:00|2025-05-17T09:00:00|2025-05-17T10:00:00|2025-05-17T11:00:00|2025-05-17T12:00:00|2025-05-17T13:00:00|2025-05-17T14:00:00|2025-05-17T15:00:00|2025-05-17T16:00:00|2025-05-17T17:00:00|2025-05-17T18:00:00|2025-05-17T19:00:00|2025-05-17T20:00:00|2025-05-17T21:00:00|2025-05-17T22:00:00|2025-05-17T23:00:00|2025-05-18T00:00:00|2025-05-18T01:00:00|2025-05-18T02:00:00|2025-05-18T04:00:00|2025-05-18T06:00:00|2025-05-18T07:00:00|2025-05-18T08:00:00|2025-05-18T09:00:00|2025-05-18T10:00:00|2025-05-18T11:00:00|2025-05-18T12:00:00|2025-05-18T13:00:00|2025-05-18T14:00:00|2025-05-18T15:00:00|2025-05-18T16:00:00|2025-05-18T17:00:00|2025-05-18T18:00:00|2025-05-18T19:00:00|2025-05-18T20:00:00|2025-05-18T21:00:00|2025-05-18T22:00:00|2025-05-18T23:00:00|2025-05-19T00:00:00|2025-05-19T01:00:00|2025-05-19T02:00:00|2025-05-19T03:00:00|2025-05-19T04:00:00|2025-05-19T05:00:00|2025-05-19T06:00:00|2025-05-19T07:00:00|2025-05-19T08:00:00|2025-05-19T09:00:00|2025-05-19T10:00:00|2025-05-19T11:00:00|2025-05-19T12:00:00|2025-05-19T13:00:00|2025-05-19T14:00:00|2025-05-19T15:00:00|2025-05-19T16:00:00|2025-05-19T17:00:00|2025-05-19T18:00:00|2025-05-19T19:00:00|2025-05-19T20:00:00|2025-05-19T21:00:00|2025-05-19T22:00:00|2025-05-19T23:00:00|2025-05-20T00:00:00|2025-05-20T01:00:00|2025-05-20T02:00:00|2025-05-20T03:00:00|2025-05-20T04:00:00|2025-05-20T05:00:00|2025-05-20T06:00:00|2025-05-20T07:00:00|2025-05-20T08:00:00|2025-05-20T09:00:00|2025-05-20T10:00:00|2025-05-20T11:00:00|2025-05-20T12:00:00|2025-05-20T13:00:00|2025-05-20T14:00:00|2025-05-20T15:00:00|2025-05-20T16:00:00|2025-05-20T17:00:00|2025-05-20T18:00:00|2025-05-20T19:00:00|2025-05-20T20:00:00|2025-05-20T21:00:00|2025-05-20T22:00:00|2025-05-20T23:00:00|2025-05-21T00:00:00|2025-05-21T01:00:00|2025-05-21T02:00:00|2025-05-21T03:00:00|2025-05-21T04:00:00|2025-05-21T05:00:00|2025-05-21T06:00:00|2025-05-21T07:00:00|2025-05-21T08:00:00|2025-05-21T09:00:00|2025-05-21T10:00:00|2025-05-21T11:00:00|2025-05-21T12:00:00|2025-05-21T13:00:00|2025-05-21T14:00:00|2025-05-21T15:00:00|2025-05-21T16:00:00|2025-05-21T17:00:00|2025-05-21T18:00:00|2025-05-21T19:00:00|2025-05-21T20:00:00|2025-05-21T21:00:00|2025-05-21T22:00:00|2025-05-21T23:00:00|2025-05-22T00:00:00|2025-05-22T01:00:00|2025-05-22T02:00:00|2025-05-22T05:00:00|2025-05-22T06:00:00|2025-05-22T07:00:00|2025-05-22T08:00:00|2025-05-22T09:00:00|2025-05-22T10:00:00|2025-05-22T11:00:00|2025-05-22T12:00:00|2025-05-22T13:00:00|2025-05-22T14:00:00|2025-05-22T15:00:00|2025-05-22T16:00:00|2025-05-22T17:00:00|2025-05-22T18:00:00|2025-05-22T19:00:00|2025-05-22T20:00:00|2025-05-22T21:00:00|2025-05-22T22:00:00|2025-05-22T23:00:00|2025-05-23T00:00:00|2025-05-23T01:00:00|2025-05-23T02:00:00|2025-05-23T03:00:00|2025-05-23T04:00:00|2025-05-23T05:00:00|2025-05-23T06:00:00|2025-05-23T07:00:00|2025-05-23T08:00:00|2025-05-23T09:00:00|2025-05-23T10:00:00|2025-05-23T11:00:00|2025-05-23T12:00:00|2025-05-23T13:00:00|2025-05-23T14:00:00|2025-05-23T15:00:00|2025-05-23T16:00:00|2025-05-23T17:00:00|2025-05-23T18:00:00|2025-05-23T19:00:00|2025-05-23T20:00:00|2025-05-23T21:00:00|2025-05-23T22:00:00|2025-05-23T23:00:00|2025-05-24T00:00:00|2025-05-24T01:00:00|2025-05-24T02:00:00|2025-05-24T03:00:00|2025-05-24T04:00:00|2025-05-24T05:00:00|2025-05-24T06:00:00|2025-05-24T07:00:00|2025-05-24T08:00:00|2025-05-24T09:00:00|2025-05-24T10:00:00|2025-05-24T11:00:00|2025-05-24T12:00:00|2025-05-24T13:00:00|2025-05-24T14:00:00|2025-05-24T15:00:00|2025-05-24T16:00:00|2025-05-24T17:00:00|2025-05-24T18:00:00|2025-05-24T19:00:00|2025-05-24T20:00:00|2025-05-24T21:00:00|2025-05-24T22:00:00|2025-05-24T23:00:00|2025-05-25T00:00:00|2025-05-25T01:00:00|2025-05-25T02:00:00|2025-05-25T03:00:00|2025-05-25T04:00:00|2025-05-25T05:00:00|2025-05-25T06:00:00|2025-05-25T07:00:00|2025-05-25T08:00:00|2025-05-25T09:00:00|2025-05-25T10:00:00|2025-05-25T11:00:00|2025-05-25T12:00:00|2025-05-25T13:00:00|2025-05-25T14:00:00|2025-05-25T15:00:00|2025-05-25T16:00:00|2025-05-25T17:00:00|2025-05-25T18:00:00|2025-05-25T19:00:00|2025-05-25T20:00:00|2025-05-25T21:00:00|2025-05-25T22:00:00|2025-05-25T23:00:00|2025-05-26T00:00:00|2025-05-26T01:00:00|2025-05-26T02:00:00|2025-05-26T03:00:00|2025-05-26T04:00:00|2025-05-26T05:00:00|2025-05-26T06:00:00|2025-05-26T07:00:00|2025-05-26T08:00:00|2025-05-26T09:00:00|2025-05-26T10:00:00|2025-05-26T11:00:00|2025-05-26T12:00:00|2025-05-26T13:00:00|2025-05-26T14:00:00|2025-05-26T15:00:00|2025-05-26T16:00:00|2025-05-26T17:00:00|2025-05-26T18:00:00|2025-05-26T19:00:00|2025-05-26T20:00:00|2025-05-26T21:00:00|2025-05-26T22:00:00|2025-05-26T23:00:00|2025-05-27T00:00:00|2025-05-27T01:00:00|2025-05-27T02:00:00|2025-05-27T03:00:00|2025-05-27T04:00:00|2025-05-27T05:00:00|2025-05-27T06:00:00|2025-05-27T07:00:00|2025-05-27T08:00:00|2025-05-27T09:00:00|2025-05-27T10:00:00|2025-05-27T11:00:00|2025-05-27T12:00:00|2025-05-27T13:00:00|2025-05-27T14:00:00|2025-05-27T15:00:00|2025-05-27T16:00:00|2025-05-27T17:00:00|2025-05-27T18:00:00|2025-05-27T19:00:00|2025-05-27T20:00:00|2025-05-27T21:00:00|2025-05-27T22:00:00|2025-05-27T23:00:00|2025-05-28T00:00:00|2025-05-28T01:00:00|2025-05-28T02:00:00|2025-05-28T03:00:00|2025-05-28T04:00:00|2025-05-28T05:00:00|2025-05-28T06:00:00|2025-05-28T07:00:00|2025-05-28T08:00:00|2025-05-28T09:00:00|2025-05-28T10:00:00|2025-05-28T11:00:00|2025-05-28T12:00:00|2025-05-28T13:00:00|2025-05-28T14:00:00|2025-05-28T15:00:00|2025-05-28T16:00:00|2025-05-28T17:00:00|2025-05-28T18:00:00|2025-05-28T19:00:00|2025-05-28T20:00:00|2025-05-28T21:00:00|2025-05-28T22:00:00|2025-05-28T23:00:00|2025-05-29T00:00:00|2025-05-29T01:00:00|2025-05-29T02:00:00|2025-05-29T03:00:00|2025-05-29T04:00:00|2025-05-29T05:00:00|2025-05-29T06:00:00|2025-05-29T07:00:00|2025-05-29T08:00:00|2025-05-29T09:00:00|2025-05-29T10:00:00|2025-05-29T11:00:00|2025-05-29T12:00:00|2025-05-29T13:00:00|2025-05-29T14:00:00|2025-05-29T15:00:00|2025-05-29T16:00:00|2025-05-29T17:00:00|2025-05-29T18:00:00|2025-05-29T19:00:00|2025-05-29T20:00:00|2025-05-29T21:00:00|2025-05-29T22:00:00|2025-05-29T23:00:00|2025-05-30T00:00:00|2025-05-30T01:00:00|2025-05-30T02:00:00|2025-05-30T04:00:00|2025-05-30T05:00:00|2025-05-30T06:00:00|2025-05-30T08:00:00|2025-05-30T09:00:00|2025-05-30T10:00:00|2025-05-30T11:00:00|2025-05-30T12:00:00|2025-05-30T13:00:00|2025-05-30T14:00:00|2025-05-30T15:00:00|2025-05-30T16:00:00|2025-05-30T17:00:00|2025-05-30T18:00:00|2025-05-30T19:00:00|2025-05-30T20:00:00|2025-05-30T21:00:00|2025-05-30T22:00:00|2025-05-30T23:00:00|2025-05-31T00:00:00|2025-05-31T01:00:00|2025-05-31T02:00:00|2025-05-31T03:00:00|2025-05-31T04:00:00|2025-05-31T06:00:00|2025-05-31T07:00:00|2025-05-31T08:00:00|2025-05-31T09:00:00|2025-05-31T10:00:00|2025-05-31T11:00:00|2025-05-31T12:00:00|2025-05-31T13:00:00|2025-05-31T14:00:00|2025-05-31T15:00:00|2025-05-31T16:00:00|2025-05-31T17:00:00|2025-05-31T18:00:00|2025-05-31T19:00:00|2025-05-31T20:00:00|2025-05-31T21:00:00|2025-05-31T22:00:00|2025-05-31T23:00:00|2025-06-01T00:00:00|2025-06-01T01:00:00|2025-06-01T02:00:00|2025-06-01T03:00:00|2025-06-01T04:00:00|2025-06-01T05:00:00|2025-06-01T06:00:00|2025-06-01T07:00:00|2025-06-01T08:00:00|2025-06-01T09:00:00|2025-06-01T10:00:00|2025-06-01T11:00:00|2025-06-01T12:00:00|2025-06-01T13:00:00|2025-06-01T14:00:00|2025-06-01T15:00:00|2025-06-01T16:00:00|2025-06-01T17:00:00|2025-06-01T18:00:00|2025-06-01T19:00:00|2025-06-01T20:00:00|2025-06-01T21:00:00|2025-06-01T22:00:00|2025-06-01T23:00:00|2025-06-02T00:00:00|2025-06-02T01:00:00|2025-06-02T02:00:00|2025-06-02T03:00:00|2025-06-02T04:00:00|2025-06-02T05:00:00|2025-06-02T06:00:00|2025-06-02T07:00:00|2025-06-02T08:00:00|2025-06-02T09:00:00|2025-06-02T10:00:00|2025-06-02T11:00:00|2025-06-02T12:00:00|2025-06-02T13:00:00|2025-06-02T14:00:00|2025-06-02T15:00:00|2025-06-02T16:00:00|2025-06-02T17:00:00|2025-06-02T18:00:00|2025-06-02T19:00:00|2025-06-02T20:00:00|2025-06-02T21:00:00|2025-06-02T22:00:00|2025-06-02T23:00:00|2025-06-03T00:00:00|2025-06-03T01:00:00|2025-06-03T02:00:00|2025-06-03T03:00:00|2025-06-03T04:00:00|2025-06-03T05:00:00|2025-06-03T06:00:00|2025-06-03T07:00:00|2025-06-03T08:00:00|2025-06-03T10:00:00|2025-06-03T11:00:00|2025-06-03T12:00:00|2025-06-03T13:00:00|2025-06-03T14:00:00|2025-06-03T15:00:00|2025-06-03T16:00:00|2025-06-03T17:00:00|2025-06-03T18:00:00|2025-06-03T19:00:00|2025-06-03T20:00:00|2025-06-03T21:00:00|2025-06-03T22:00:00|2025-06-03T23:00:00|2025-06-04T00:00:00|2025-06-04T01:00:00|2025-06-04T02:00:00|2025-06-04T03:00:00|2025-06-04T04:00:00|2025-06-04T05:00:00|2025-06-04T06:00:00|2025-06-04T07:00:00|2025-06-04T08:00:00|2025-06-04T09:00:00|2025-06-04T10:00:00|2025-06-04T11:00:00|2025-06-04T12:00:00|2025-06-04T13:00:00|2025-06-04T14:00:00|2025-06-04T15:00:00|2025-06-04T16:00:00|2025-06-04T17:00:00|2025-06-04T18:00:00|2025-06-04T19:00:00|2025-06-04T20:00:00|2025-06-04T21:00:00|2025-06-04T22:00:00|2025-06-04T23:00:00|2025-06-05T00:00:00|2025-06-05T02:00:00|2025-06-05T03:00:00|2025-06-05T04:00:00|2025-06-05T05:00:00|2025-06-05T06:00:00|2025-06-05T07:00:00|2025-06-05T08:00:00|2025-06-05T09:00:00|2025-06-05T10:00:00|2025-06-05T11:00:00|2025-06-05T12:00:00|2025-06-05T13:00:00|2025-06-05T14:00:00|2025-06-05T15:00:00|2025-06-05T16:00:00|2025-06-05T17:00:00|2025-06-05T18:00:00|2025-06-05T19:00:00|2025-06-05T20:00:00|2025-06-05T21:00:00|2025-06-05T22:00:00|2025-06-05T23:00:00|2025-06-06T00:00:00|2025-06-06T01:00:00|2025-06-06T02:00:00|2025-06-06T03:00:00|2025-06-06T04:00:00|2025-06-06T05:00:00|2025-06-06T06:00:00|2025-06-06T07:00:00|2025-06-06T08:00:00|2025-06-06T09:00:00|2025-06-06T10:00:00|2025-06-06T11:00:00|2025-06-06T12:00:00|2025-06-06T13:00:00|2025-06-06T14:00:00|2025-06-06T15:00:00|2025-06-06T16:00:00|2025-06-06T17:00:00|2025-06-06T18:00:00|2025-06-06T19:00:00|2025-06-06T20:00:00|2025-06-06T21:00:00|2025-06-06T22:00:00|2025-06-06T23:00:00|2025-06-07T00:00:00|2025-06-07T01:00:00|2025-06-07T02:00:00|2025-06-07T03:00:00|2025-06-07T04:00:00|2025-06-07T05:00:00|2025-06-07T06:00:00|2025-06-07T07:00:00|2025-06-07T08:00:00|2025-06-07T09:00:00|2025-06-07T10:00:00|2025-06-07T11:00:00|2025-06-07T12:00:00|2025-06-07T13:00:00|2025-06-07T14:00:00|2025-06-07T15:00:00|2025-06-07T16:00:00|2025-06-07T17:00:00|2025-06-07T18:00:00|2025-06-07T19:00:00|2025-06-07T20:00:00|2025-06-07T21:00:00|2025-06-07T22:00:00|2025-06-07T23:00:00|2025-06-08T00:00:00|2025-06-08T01:00:00|2025-06-08T02:00:00|2025-06-08T03:00:00|2025-06-08T04:00:00|2025-06-08T05:00:00|2025-06-08T06:00:00|2025-06-08T07:00:00|2025-06-08T08:00:00|2025-06-08T09:00:00|2025-06-08T10:00:00|2025-06-08T11:00:00|2025-06-08T12:00:00|2025-06-08T13:00:00|2025-06-08T14:00:00|2025-06-08T15:00:00|2025-06-08T16:00:00|2025-06-08T17:00:00|2025-06-08T18:00:00|2025-06-08T19:00:00|2025-06-08T20:00:00|2025-06-08T21:00:00|2025-06-08T22:00:00|2025-06-08T23:00:00|2025-06-09T00:00:00|2025-06-09T01:00:00|2025-06-09T02:00:00|2025-06-09T03:00:00|2025-06-09T05:00:00|2025-06-09T06:00:00|2025-06-09T07:00:00|2025-06-09T08:00:00|2025-06-09T09:00:00|2025-06-09T10:00:00|2025-06-09T11:00:00|2025-06-09T12:00:00|2025-06-09T13:00:00|2025-06-09T14:00:00|2025-06-09T15:00:00|2025-06-09T16:00:00|2025-06-09T17:00:00|2025-06-09T18:00:00|2025-06-09T19:00:00|2025-06-09T20:00:00|2025-06-09T21:00:00|2025-06-09T22:00:00|2025-06-09T23:00:00|2025-06-10T00:00:00|2025-06-10T01:00:00|2025-06-10T02:00:00|2025-06-10T03:00:00|2025-06-10T04:00:00|2025-06-10T05:00:00|2025-06-10T06:00:00|2025-06-10T07:00:00|2025-06-10T08:00:00|2025-06-10T09:00:00|2025-06-10T10:00:00|2025-06-10T11:00:00|2025-06-10T12:00:00|2025-06-10T13:00:00|2025-06-10T14:00:00|2025-06-10T15:00:00|2025-06-10T16:00:00|2025-06-10T17:00:00|2025-06-10T18:00:00|2025-06-10T19:00:00|2025-06-10T20:00:00|2025-06-10T21:00:00|2025-06-10T22:00:00|2025-06-10T23:00:00|2025-06-11T00:00:00|2025-06-11T01:00:00|2025-06-11T02:00:00|2025-06-11T03:00:00|2025-06-11T04:00:00|2025-06-11T05:00:00|2025-06-11T06:00:00|2025-06-11T07:00:00|2025-06-11T08:00:00|2025-06-11T09:00:00|2025-06-11T10:00:00|2025-06-11T11:00:00|2025-06-11T12:00:00|2025-06-11T13:00:00|2025-06-11T14:00:00|2025-06-11T15:00:00|2025-06-11T16:00:00|2025-06-11T17:00:00|2025-06-11T18:00:00|2025-06-11T19:00:00|2025-06-11T20:00:00|2025-06-11T21:00:00|2025-06-11T22:00:00|2025-06-11T23:00:00|2025-06-12T00:00:00|2025-06-12T01:00:00|2025-06-12T02:00:00|2025-06-12T03:00:00|2025-06-12T04:00:00|2025-06-12T05:00:00|2025-06-12T06:00:00|2025-06-12T07:00:00|2025-06-12T08:00:00|2025-06-12T09:00:00|2025-06-12T10:00:00|2025-06-12T11:00:00|2025-06-12T12:00:00|2025-06-12T13:00:00|2025-06-12T14:00:00|2025-06-12T15:00:00|2025-06-12T16:00:00|2025-06-12T17:00:00|2025-06-12T18:00:00|2025-06-12T19:00:00|2025-06-12T20:00:00|2025-06-12T21:00:00|2025-06-12T22:00:00|2025-06-12T23:00:00|2025-06-13T00:00:00|2025-06-13T01:00:00|2025-06-13T02:00:00|2025-06-13T03:00:00|2025-06-13T04:00:00|2025-06-13T05:00:00|2025-06-13T06:00:00|2025-06-13T07:00:00|2025-06-13T08:00:00|2025-06-13T09:00:00|2025-06-13T10:00:00|2025-06-13T11:00:00|2025-06-13T12:00:00|2025-06-13T13:00:00|2025-06-13T14:00:00|2025-06-13T15:00:00|2025-06-13T16:00:00|2025-06-13T17:00:00|2025-06-13T18:00:00|2025-06-13T19:00:00|2025-06-13T20:00:00|2025-06-13T21:00:00|2025-06-13T22:00:00|2025-06-13T23:00:00|2025-06-14T01:00:00|2025-06-14T02:00:00|2025-06-14T04:00:00|2025-06-14T05:00:00|2025-06-14T06:00:00|2025-06-14T07:00:00|2025-06-14T08:00:00|2025-06-14T09:00:00|2025-06-14T10:00:00|2025-06-14T11:00:00|2025-06-14T12:00:00|2025-06-14T13:00:00|2025-06-14T14:00:00|2025-06-14T15:00:00|2025-06-14T16:00:00|2025-06-14T17:00:00|2025-06-14T18:00:00|2025-06-14T19:00:00|2025-06-14T20:00:00|2025-06-14T21:00:00|2025-06-14T22:00:00|2025-06-14T23:00:00|2025-06-15T00:00:00|2025-06-15T01:00:00|2025-06-15T02:00:00|2025-06-15T03:00:00|2025-06-15T04:00:00|2025-06-15T05:00:00|2025-06-15T06:00:00|2025-06-15T07:00:00|2025-06-15T08:00:00|2025-06-15T09:00:00|2025-06-15T10:00:00|2025-06-15T11:00:00|2025-06-15T12:00:00|2025-06-15T13:00:00|2025-06-15T14:00:00|2025-06-15T15:00:00|2025-06-15T16:00:00|2025-06-15T17:00:00|2025-06-15T18:00:00|2025-06-15T19:00:00|2025-06-15T20:00:00|2025-06-15T21:00:00|2025-06-15T22:00:00|2025-06-15T23:00:00|2025-06-16T00:00:00|2025-06-16T01:00:00|2025-06-16T02:00:00|2025-06-16T03:00:00|2025-06-16T04:00:00|2025-06-16T05:00:00|2025-06-16T06:00:00|2025-06-16T07:00:00|2025-06-16T08:00:00|2025-06-16T09:00:00|2025-06-16T10:00:00|2025-06-16T11:00:00|2025-06-16T12:00:00|2025-06-16T13:00:00|2025-06-16T14:00:00|2025-06-16T15:00:00|2025-06-16T16:00:00|2025-06-16T17:00:00|2025-06-16T18:00:00|2025-06-16T19:00:00|2025-06-16T20:00:00|2025-06-16T21:00:00|2025-06-16T22:00:00|2025-06-16T23:00:00|2025-06-17T00:00:00|2025-06-17T01:00:00|2025-06-17T02:00:00|2025-06-17T03:00:00|2025-06-17T04:00:00|2025-06-17T05:00:00|2025-06-17T06:00:00|2025-06-17T07:00:00|2025-06-17T08:00:00|2025-06-17T09:00:00|2025-06-17T10:00:00|2025-06-17T11:00:00|2025-06-17T12:00:00|2025-06-17T13:00:00|2025-06-17T14:00:00|2025-06-17T15:00:00|2025-06-17T16:00:00|2025-06-17T17:00:00|2025-06-17T18:00:00|2025-06-17T19:00:00|2025-06-17T20:00:00|2025-06-17T21:00:00|2025-06-17T22:00:00|2025-06-17T23:00:00|2025-06-18T00:00:00|2025-06-18T01:00:00|2025-06-18T02:00:00|2025-06-18T03:00:00|2025-06-18T04:00:00|2025-06-18T05:00:00|2025-06-18T06:00:00|2025-06-18T07:00:00|2025-06-18T08:00:00|2025-06-18T09:00:00|2025-06-18T10:00:00|2025-06-18T11:00:00|2025-06-18T12:00:00|2025-06-18T13:00:00|2025-06-18T14:00:00|2025-06-18T15:00:00|2025-06-18T16:00:00|2025-06-18T17:00:00|2025-06-18T18:00:00|2025-06-18T19:00:00|2025-06-18T20:00:00|2025-06-18T21:00:00|2025-06-18T22:00:00|2025-06-18T23:00:00|2025-06-19T00:00:00|2025-06-19T01:00:00|2025-06-19T02:00:00|2025-06-19T03:00:00|2025-06-19T04:00:00|2025-06-19T05:00:00|2025-06-19T06:00:00|2025-06-19T07:00:00|2025-06-19T08:00:00|2025-06-19T09:00:00|2025-06-19T10:00:00|2025-06-19T11:00:00|2025-06-19T12:00:00|2025-06-19T13:00:00|2025-06-19T14:00:00|2025-06-19T15:00:00|2025-06-19T16:00:00|2025-06-19T17:00:00|2025-06-19T18:00:00|2025-06-19T19:00:00|2025-06-19T20:00:00|2025-06-19T21:00:00|2025-06-19T22:00:00|2025-06-19T23:00:00|2025-06-20T00:00:00|2025-06-20T01:00:00|2025-06-20T02:00:00|2025-06-20T03:00:00|2025-06-20T04:00:00|2025-06-20T05:00:00|2025-06-20T06:00:00|2025-06-20T07:00:00|2025-06-20T08:00:00|2025-06-20T09:00:00|2025-06-20T10:00:00|2025-06-20T11:00:00|2025-06-20T12:00:00|2025-06-20T13:00:00|2025-06-20T14:00:00|2025-06-20T15:00:00|2025-06-20T16:00:00|2025-06-20T17:00:00|2025-06-20T18:00:00|2025-06-20T19:00:00|2025-06-20T20:00:00|2025-06-20T21:00:00|2025-06-20T22:00:00|2025-06-20T23:00:00|2025-06-21T00:00:00|2025-06-21T01:00:00|2025-06-21T02:00:00|2025-06-21T03:00:00|2025-06-21T04:00:00|2025-06-21T05:00:00|2025-06-21T06:00:00|2025-06-21T07:00:00|2025-06-21T08:00:00|2025-06-21T09:00:00|2025-06-21T10:00:00|2025-06-21T11:00:00|2025-06-21T12:00:00|2025-06-21T13:00:00|2025-06-21T14:00:00|2025-06-21T15:00:00|2025-06-21T16:00:00|2025-06-21T17:00:00|2025-06-21T18:00:00|2025-06-21T19:00:00|2025-06-21T20:00:00|2025-06-21T21:00:00|2025-06-21T22:00:00|2025-06-21T23:00:00|2025-06-22T00:00:00|2025-06-22T01:00:00|2025-06-22T02:00:00|2025-06-22T03:00:00|2025-06-22T04:00:00|2025-06-22T05:00:00|2025-06-22T06:00:00|2025-06-22T07:00:00|2025-06-22T08:00:00|2025-06-22T09:00:00|2025-06-22T10:00:00|2025-06-22T11:00:00|2025-06-22T12:00:00|2025-06-22T13:00:00|2025-06-22T14:00:00|2025-06-22T15:00:00|2025-06-22T16:00:00|2025-06-22T17:00:00|2025-06-22T18:00:00|2025-06-22T19:00:00|2025-06-22T20:00:00|2025-06-22T21:00:00|2025-06-22T22:00:00|2025-06-23T00:00:00|2025-06-23T01:00:00|2025-06-23T02:00:00|2025-06-23T03:00:00|2025-06-23T04:00:00|2025-06-23T05:00:00|2025-06-23T06:00:00|2025-06-23T07:00:00|2025-06-23T08:00:00|2025-06-23T09:00:00|2025-06-23T10:00:00|2025-06-23T11:00:00|2025-06-23T12:00:00|2025-06-23T13:00:00|2025-06-23T14:00:00|2025-06-23T15:00:00|2025-06-23T16:00:00|2025-06-23T17:00:00|2025-06-23T18:00:00|2025-06-23T19:00:00|2025-06-23T20:00:00|2025-06-23T21:00:00|2025-06-23T22:00:00|2025-06-23T23:00:00|2025-06-24T00:00:00|2025-06-24T01:00:00|2025-06-24T02:00:00|2025-06-24T03:00:00|2025-06-24T04:00:00|2025-06-24T05:00:00|2025-06-24T06:00:00|2025-06-24T07:00:00|2025-06-24T08:00:00|2025-06-24T09:00:00|2025-06-24T10:00:00|2025-06-24T11:00:00|2025-06-24T12:00:00|2025-06-24T13:00:00|2025-06-24T14:00:00|2025-06-24T15:00:00|2025-06-24T16:00:00|2025-06-24T17:00:00|2025-06-24T18:00:00|2025-06-24T19:00:00|2025-06-24T20:00:00|2025-06-24T21:00:00|2025-06-24T22:00:00|2025-06-24T23:00:00|2025-06-25T00:00:00|2025-06-25T01:00:00|2025-06-25T02:00:00|2025-06-25T03:00:00|2025-06-25T04:00:00|2025-06-25T05:00:00|2025-06-25T06:00:00|2025-06-25T07:00:00|2025-06-25T08:00:00|2025-06-25T09:00:00|2025-06-25T10:00:00|2025-06-25T11:00:00|2025-06-25T12:00:00|2025-06-25T13:00:00|2025-06-25T14:00:00|2025-06-25T15:00:00|2025-06-25T16:00:00|2025-06-25T17:00:00|2025-06-25T18:00:00|2025-06-25T19:00:00|2025-06-25T20:00:00|2025-06-25T21:00:00|2025-06-25T22:00:00|2025-06-25T23:00:00|2025-06-26T00:00:00|2025-06-26T01:00:00|2025-06-26T02:00:00|2025-06-26T03:00:00|2025-06-26T04:00:00|2025-06-26T05:00:00|2025-06-26T06:00:00|2025-06-26T07:00:00|2025-06-26T08:00:00|2025-06-26T09:00:00|2025-06-26T10:00:00|2025-06-26T11:00:00|2025-06-26T12:00:00|2025-06-26T13:00:00|2025-06-26T14:00:00|2025-06-26T15:00:00|2025-06-26T16:00:00|2025-06-26T17:00:00|2025-06-26T18:00:00|2025-06-26T19:00:00|2025-06-26T20:00:00|2025-06-26T21:00:00|2025-06-26T22:00:00|2025-06-26T23:00:00|2025-06-27T00:00:00|2025-06-27T01:00:00|2025-06-27T02:00:00|2025-06-27T03:00:00|2025-06-27T04:00:00|2025-06-27T05:00:00|2025-06-27T06:00:00|2025-06-27T07:00:00|2025-06-27T08:00:00|2025-06-27T09:00:00|2025-06-27T10:00:00|2025-06-27T11:00:00|2025-06-27T12:00:00|2025-06-27T13:00:00|2025-06-27T14:00:00|2025-06-27T15:00:00|2025-06-27T16:00:00|2025-06-27T17:00:00|2025-06-27T18:00:00|2025-06-27T19:00:00|2025-06-27T20:00:00|2025-06-27T21:00:00|2025-06-27T22:00:00|2025-06-27T23:00:00|2025-06-28T00:00:00|2025-06-28T01:00:00|2025-06-28T02:00:00|2025-06-28T03:00:00|2025-06-28T04:00:00|2025-06-28T05:00:00|2025-06-28T06:00:00|2025-06-28T07:00:00|2025-06-28T08:00:00|2025-06-28T09:00:00|2025-06-28T10:00:00|2025-06-28T11:00:00|2025-06-28T12:00:00|2025-06-28T13:00:00|2025-06-28T14:00:00|2025-06-28T15:00:00|2025-06-28T16:00:00|2025-06-28T17:00:00|2025-06-28T18:00:00|2025-06-28T19:00:00|2025-06-28T20:00:00|2025-06-28T21:00:00|2025-06-28T22:00:00|2025-06-28T23:00:00|2025-06-29T00:00:00|2025-06-29T01:00:00|2025-06-29T02:00:00|2025-06-29T03:00:00|2025-06-29T04:00:00|2025-06-29T05:00:00|2025-06-29T06:00:00|2025-06-29T07:00:00|2025-06-29T08:00:00|2025-06-29T09:00:00|2025-06-29T10:00:00|2025-06-29T11:00:00|2025-06-29T12:00:00|2025-06-29T13:00:00|2025-06-29T14:00:00|2025-06-29T15:00:00|2025-06-29T16:00:00|2025-06-29T17:00:00|2025-06-29T18:00:00|2025-06-29T19:00:00|2025-06-29T20:00:00|2025-06-29T21:00:00|2025-06-29T22:00:00|2025-06-29T23:00:00|2025-06-30T00:00:00|2025-06-30T01:00:00|2025-06-30T02:00:00|2025-06-30T03:00:00|2025-06-30T05:00:00|2025-06-30T06:00:00|2025-06-30T07:00:00|2025-06-30T08:00:00|2025-06-30T09:00:00|2025-06-30T10:00:00|2025-06-30T11:00:00|2025-06-30T12:00:00|2025-06-30T13:00:00|2025-06-30T14:00:00|2025-06-30T15:00:00|2025-06-30T16:00:00|2025-06-30T17:00:00|2025-06-30T18:00:00|2025-06-30T19:00:00|2025-06-30T20:00:00|2025-06-30T21:00:00|2025-06-30T22:00:00|2025-06-30T23:00:00,219,,,,,,,,,,1.0,
SANTA_ANITA,VEL_VIENTO,2025-01-17 12:00:00,2025-07-07 13:00:00,4106,4106,cross_year_vector_analog,True,,3942,2025-01-17T12:00:00|2025-01-17T13:00:00|2025-01-17T14:00:00|2025-01-17T15:00:00|2025-01-17T16:00:00|2025-01-17T17:00:00|2025-01-17T18:00:00|2025-01-17T19:00:00|2025-01-17T20:00:00|2025-01-17T21:00:00|2025-01-17T22:00:00|2025-01-17T23:00:00|2025-01-18T00:00:00|2025-01-18T01:00:00|2025-01-18T02:00:00|2025-01-18T03:00:00|2025-01-18T04:00:00|2025-01-18T05:00:00|2025-01-18T06:00:00|2025-01-18T07:00:00|2025-01-18T08:00:00|2025-01-18T09:00:00|2025-01-18T10:00:00|2025-01-18T11:00:00|2025-01-18T12:00:00|2025-01-18T13:00:00|2025-01-18T14:00:00|2025-01-18T15:00:00|2025-01-18T16:00:00|2025-01-18T17:00:00|2025-01-18T18:00:00|2025-01-18T19:00:00|2025-01-18T20:00:00|2025-01-18T21:00:00|2025-01-18T22:00:00|2025-01-18T23:00:00|2025-01-19T00:00:00|2025-01-19T01:00:00|2025-01-19T02:00:00|2025-01-19T03:00:00|2025-01-19T04:00:00|2025-01-19T05:00:00|2025-01-19T06:00:00|2025-01-19T07:00:00|2025-01-19T08:00:00|2025-01-19T09:00:00|2025-01-19T10:00:00|2025-01-19T11:00:00|2025-01-19T12:00:00|2025-01-19T13:00:00|2025-01-19T14:00:00|2025-01-19T15:00:00|2025-01-19T16:00:00|2025-01-19T17:00:00|2025-01-19T18:00:00|2025-01-19T19:00:00|2025-01-19T20:00:00|2025-01-19T21:00:00|2025-01-19T22:00:00|2025-01-19T23:00:00|2025-01-20T00:00:00|2025-01-20T01:00:00|2025-01-20T02:00:00|2025-01-20T03:00:00|2025-01-20T04:00:00|2025-01-20T05:00:00|2025-01-20T06:00:00|2025-01-20T07:00:00|2025-01-20T08:00:00|2025-01-20T09:00:00|2025-01-20T10:00:00|2025-01-20T11:00:00|2025-01-20T12:00:00|2025-01-20T13:00:00|2025-01-20T14:00:00|2025-01-20T15:00:00|2025-01-20T16:00:00|2025-01-20T17:00:00|2025-01-20T18:00:00|2025-01-20T19:00:00|2025-01-20T20:00:00|2025-01-20T21:00:00|2025-01-20T22:00:00|2025-01-20T23:00:00|2025-01-21T00:00:00|2025-01-21T01:00:00|2025-01-21T02:00:00|2025-01-21T03:00:00|2025-01-21T04:00:00|2025-01-21T05:00:00|2025-01-21T06:00:00|2025-01-21T07:00:00|2025-01-21T08:00:00|2025-01-21T09:00:00|2025-01-21T10:00:00|2025-01-21T11:00:00|2025-01-21T12:00:00|2025-01-21T13:00:00|2025-01-21T14:00:00|2025-01-21T15:00:00|2025-01-21T16:00:00|2025-01-21T17:00:00|2025-01-21T18:00:00|2025-01-21T19:00:00|2025-01-21T20:00:00|2025-01-21T21:00:00|2025-01-21T22:00:00|2025-01-21T23:00:00|2025-01-22T00:00:00|2025-01-22T01:00:00|2025-01-22T02:00:00|2025-01-22T03:00:00|2025-01-22T04:00:00|2025-01-22T05:00:00|2025-01-22T06:00:00|2025-01-22T07:00:00|2025-01-22T08:00:00|2025-01-22T09:00:00|2025-01-22T10:00:00|2025-01-22T11:00:00|2025-01-22T12:00:00|2025-01-22T13:00:00|2025-01-22T14:00:00|2025-01-22T15:00:00|2025-01-22T16:00:00|2025-01-22T17:00:00|2025-01-22T18:00:00|2025-01-22T19:00:00|2025-01-22T20:00:00|2025-01-22T21:00:00|2025-01-22T22:00:00|2025-01-22T23:00:00|2025-01-23T00:00:00|2025-01-23T01:00:00|2025-01-23T02:00:00|2025-01-23T03:00:00|2025-01-23T04:00:00|2025-01-23T05:00:00|2025-01-23T06:00:00|2025-01-23T07:00:00|2025-01-23T08:00:00|2025-01-23T09:00:00|2025-01-23T10:00:00|2025-01-23T11:00:00|2025-01-23T12:00:00|2025-01-23T13:00:00|2025-01-23T14:00:00|2025-01-23T15:00:00|2025-01-23T16:00:00|2025-01-23T17:00:00|2025-01-23T18:00:00|2025-01-23T19:00:00|2025-01-23T20:00:00|2025-01-23T21:00:00|2025-01-23T22:00:00|2025-01-23T23:00:00|2025-01-24T00:00:00|2025-01-24T01:00:00|2025-01-24T02:00:00|2025-01-24T03:00:00|2025-01-24T04:00:00|2025-01-24T05:00:00|2025-01-24T06:00:00|2025-01-24T07:00:00|2025-01-24T08:00:00|2025-01-24T09:00:00|2025-01-24T10:00:00|2025-01-24T11:00:00|2025-01-24T12:00:00|2025-01-24T13:00:00|2025-01-24T14:00:00|2025-01-24T15:00:00|2025-01-24T16:00:00|2025-01-24T17:00:00|2025-01-24T18:00:00|2025-01-24T19:00:00|2025-01-24T20:00:00|2025-01-24T21:00:00|2025-01-24T22:00:00|2025-01-24T23:00:00|2025-01-25T00:00:00|2025-01-25T01:00:00|2025-01-25T02:00:00|2025-01-25T03:00:00|2025-01-25T04:00:00|2025-01-25T05:00:00|2025-01-25T06:00:00|2025-01-25T07:00:00|2025-01-25T08:00:00|2025-01-25T09:00:00|2025-01-25T10:00:00|2025-01-25T11:00:00|2025-01-25T12:00:00|2025-01-25T13:00:00|2025-01-25T14:00:00|2025-01-25T15:00:00|2025-01-25T16:00:00|2025-01-25T17:00:00|2025-01-25T18:00:00|2025-01-25T19:00:00|2025-01-25T20:00:00|2025-01-25T21:00:00|2025-01-25T22:00:00|2025-01-25T23:00:00|2025-01-26T00:00:00|2025-01-26T01:00:00|2025-01-26T02:00:00|2025-01-26T03:00:00|2025-01-26T04:00:00|2025-01-26T05:00:00|2025-01-26T06:00:00|2025-01-26T07:00:00|2025-01-26T08:00:00|2025-01-26T09:00:00|2025-01-26T10:00:00|2025-01-26T11:00:00|2025-01-26T12:00:00|2025-01-26T13:00:00|2025-01-26T14:00:00|2025-01-26T15:00:00|2025-01-26T16:00:00|2025-01-26T17:00:00|2025-01-26T18:00:00|2025-01-26T19:00:00|2025-01-26T20:00:00|2025-01-26T21:00:00|2025-01-26T22:00:00|2025-01-26T23:00:00|2025-01-27T00:00:00|2025-01-27T01:00:00|2025-01-27T02:00:00|2025-01-27T03:00:00|2025-01-27T04:00:00|2025-01-27T05:00:00|2025-01-27T06:00:00|2025-01-27T07:00:00|2025-01-27T08:00:00|2025-01-27T09:00:00|2025-01-27T10:00:00|2025-01-27T11:00:00|2025-01-27T12:00:00|2025-01-27T13:00:00|2025-01-27T14:00:00|2025-01-27T15:00:00|2025-01-27T16:00:00|2025-01-27T17:00:00|2025-01-27T18:00:00|2025-01-27T19:00:00|2025-01-27T20:00:00|2025-01-27T21:00:00|2025-01-27T22:00:00|2025-01-27T23:00:00|2025-01-28T00:00:00|2025-01-28T01:00:00|2025-01-28T02:00:00|2025-01-28T03:00:00|2025-01-28T04:00:00|2025-01-28T05:00:00|2025-01-28T06:00:00|2025-01-28T07:00:00|2025-01-28T08:00:00|2025-01-28T09:00:00|2025-01-28T10:00:00|2025-01-28T11:00:00|2025-01-28T12:00:00|2025-01-28T13:00:00|2025-01-28T14:00:00|2025-01-28T15:00:00|2025-01-28T16:00:00|2025-01-28T17:00:00|2025-01-28T18:00:00|2025-01-28T19:00:00|2025-01-28T20:00:00|2025-01-28T21:00:00|2025-01-28T22:00:00|2025-01-28T23:00:00|2025-01-29T00:00:00|2025-01-29T01:00:00|2025-01-29T02:00:00|2025-01-29T03:00:00|2025-01-29T04:00:00|2025-01-29T05:00:00|2025-01-29T06:00:00|2025-01-29T07:00:00|2025-01-29T08:00:00|2025-01-29T09:00:00|2025-01-29T10:00:00|2025-01-29T11:00:00|2025-01-29T12:00:00|2025-01-29T13:00:00|2025-01-29T14:00:00|2025-01-29T15:00:00|2025-01-29T16:00:00|2025-01-29T17:00:00|2025-01-29T18:00:00|2025-01-29T19:00:00|2025-01-29T20:00:00|2025-01-29T21:00:00|2025-01-29T22:00:00|2025-01-29T23:00:00|2025-01-30T00:00:00|2025-01-30T01:00:00|2025-01-30T02:00:00|2025-01-30T03:00:00|2025-01-30T04:00:00|2025-01-30T05:00:00|2025-01-30T06:00:00|2025-01-30T07:00:00|2025-01-30T08:00:00|2025-01-30T09:00:00|2025-01-30T10:00:00|2025-01-30T11:00:00|2025-01-30T12:00:00|2025-01-30T13:00:00|2025-01-30T14:00:00|2025-01-30T15:00:00|2025-01-30T16:00:00|2025-01-30T17:00:00|2025-01-30T18:00:00|2025-01-30T19:00:00|2025-01-30T20:00:00|2025-01-30T21:00:00|2025-01-30T22:00:00|2025-01-30T23:00:00|2025-01-31T00:00:00|2025-01-31T01:00:00|2025-01-31T02:00:00|2025-01-31T03:00:00|2025-01-31T04:00:00|2025-01-31T05:00:00|2025-01-31T06:00:00|2025-01-31T07:00:00|2025-01-31T08:00:00|2025-01-31T09:00:00|2025-01-31T10:00:00|2025-01-31T11:00:00|2025-01-31T12:00:00|2025-01-31T13:00:00|2025-01-31T14:00:00|2025-01-31T15:00:00|2025-01-31T16:00:00|2025-01-31T17:00:00|2025-01-31T18:00:00|2025-01-31T19:00:00|2025-01-31T20:00:00|2025-01-31T21:00:00|2025-01-31T22:00:00|2025-01-31T23:00:00|2025-02-01T00:00:00|2025-02-01T01:00:00|2025-02-01T02:00:00|2025-02-01T03:00:00|2025-02-01T04:00:00|2025-02-01T05:00:00|2025-02-01T06:00:00|2025-02-01T07:00:00|2025-02-01T08:00:00|2025-02-01T09:00:00|2025-02-01T10:00:00|2025-02-01T11:00:00|2025-02-01T12:00:00|2025-02-01T13:00:00|2025-02-01T14:00:00|2025-02-01T15:00:00|2025-02-01T16:00:00|2025-02-01T17:00:00|2025-02-01T18:00:00|2025-02-01T19:00:00|2025-02-01T20:00:00|2025-02-01T21:00:00|2025-02-01T22:00:00|2025-02-01T23:00:00|2025-02-02T00:00:00|2025-02-02T01:00:00|2025-02-02T02:00:00|2025-02-02T03:00:00|2025-02-02T04:00:00|2025-02-02T05:00:00|2025-02-02T06:00:00|2025-02-02T07:00:00|2025-02-02T08:00:00|2025-02-02T09:00:00|2025-02-02T10:00:00|2025-02-02T11:00:00|2025-02-02T12:00:00|2025-02-02T13:00:00|2025-02-02T14:00:00|2025-02-02T15:00:00|2025-02-02T16:00:00|2025-02-02T17:00:00|2025-02-02T18:00:00|2025-02-02T19:00:00|2025-02-02T20:00:00|2025-02-02T21:00:00|2025-02-02T22:00:00|2025-02-02T23:00:00|2025-02-03T00:00:00|2025-02-03T01:00:00|2025-02-03T02:00:00|2025-02-03T03:00:00|2025-02-03T04:00:00|2025-02-03T05:00:00|2025-02-03T06:00:00|2025-02-03T07:00:00|2025-02-03T08:00:00|2025-02-03T09:00:00|2025-02-03T10:00:00|2025-02-03T11:00:00|2025-02-03T12:00:00|2025-02-03T13:00:00|2025-02-03T14:00:00|2025-02-03T15:00:00|2025-02-03T16:00:00|2025-02-03T17:00:00|2025-02-03T18:00:00|2025-02-03T19:00:00|2025-02-03T20:00:00|2025-02-03T21:00:00|2025-02-03T22:00:00|2025-02-03T23:00:00|2025-02-04T00:00:00|2025-02-04T01:00:00|2025-02-04T02:00:00|2025-02-04T03:00:00|2025-02-04T04:00:00|2025-02-04T05:00:00|2025-02-04T06:00:00|2025-02-04T07:00:00|2025-02-04T08:00:00|2025-02-04T09:00:00|2025-02-04T10:00:00|2025-02-04T11:00:00|2025-02-04T12:00:00|2025-02-04T13:00:00|2025-02-04T14:00:00|2025-02-04T15:00:00|2025-02-04T16:00:00|2025-02-04T17:00:00|2025-02-04T18:00:00|2025-02-04T19:00:00|2025-02-04T20:00:00|2025-02-04T21:00:00|2025-02-04T22:00:00|2025-02-04T23:00:00|2025-02-05T00:00:00|2025-02-05T01:00:00|2025-02-05T02:00:00|2025-02-05T03:00:00|2025-02-05T04:00:00|2025-02-05T05:00:00|2025-02-05T06:00:00|2025-02-05T07:00:00|2025-02-05T08:00:00|2025-02-05T09:00:00|2025-02-05T10:00:00|2025-02-05T11:00:00|2025-02-05T12:00:00|2025-02-05T13:00:00|2025-02-05T14:00:00|2025-02-05T15:00:00|2025-02-05T16:00:00|2025-02-05T17:00:00|2025-02-05T18:00:00|2025-02-05T19:00:00|2025-02-05T20:00:00|2025-02-05T21:00:00|2025-02-05T22:00:00|2025-02-05T23:00:00|2025-02-06T00:00:00|2025-02-06T01:00:00|2025-02-06T02:00:00|2025-02-06T03:00:00|2025-02-06T04:00:00|2025-02-06T05:00:00|2025-02-06T06:00:00|2025-02-06T07:00:00|2025-02-06T08:00:00|2025-02-06T09:00:00|2025-02-06T10:00:00|2025-02-06T11:00:00|2025-02-06T12:00:00|2025-02-06T13:00:00|2025-02-06T14:00:00|2025-02-06T15:00:00|2025-02-06T16:00:00|2025-02-06T17:00:00|2025-02-06T18:00:00|2025-02-06T19:00:00|2025-02-06T20:00:00|2025-02-06T21:00:00|2025-02-06T22:00:00|2025-02-06T23:00:00|2025-02-07T00:00:00|2025-02-07T01:00:00|2025-02-07T02:00:00|2025-02-07T03:00:00|2025-02-07T04:00:00|2025-02-07T05:00:00|2025-02-07T06:00:00|2025-02-07T07:00:00|2025-02-07T08:00:00|2025-02-07T09:00:00|2025-02-07T10:00:00|2025-02-07T11:00:00|2025-02-07T12:00:00|2025-02-07T13:00:00|2025-02-07T14:00:00|2025-02-07T15:00:00|2025-02-07T16:00:00|2025-02-07T17:00:00|2025-02-07T18:00:00|2025-02-07T19:00:00|2025-02-07T20:00:00|2025-02-07T21:00:00|2025-02-07T22:00:00|2025-02-07T23:00:00|2025-02-08T00:00:00|2025-02-08T01:00:00|2025-02-08T02:00:00|2025-02-08T03:00:00|2025-02-08T04:00:00|2025-02-08T05:00:00|2025-02-08T06:00:00|2025-02-08T07:00:00|2025-02-08T08:00:00|2025-02-08T09:00:00|2025-02-08T10:00:00|2025-02-08T11:00:00|2025-02-08T12:00:00|2025-02-08T13:00:00|2025-02-08T14:00:00|2025-02-08T15:00:00|2025-02-08T16:00:00|2025-02-08T17:00:00|2025-02-08T18:00:00|2025-02-08T19:00:00|2025-02-08T20:00:00|2025-02-08T21:00:00|2025-02-08T22:00:00|2025-02-08T23:00:00|2025-02-09T00:00:00|2025-02-09T01:00:00|2025-02-09T02:00:00|2025-02-09T03:00:00|2025-02-09T04:00:00|2025-02-09T05:00:00|2025-02-09T06:00:00|2025-02-09T07:00:00|2025-02-09T08:00:00|2025-02-09T09:00:00|2025-02-09T10:00:00|2025-02-09T11:00:00|2025-02-09T12:00:00|2025-02-09T13:00:00|2025-02-09T14:00:00|2025-02-09T15:00:00|2025-02-09T16:00:00|2025-02-09T17:00:00|2025-02-09T18:00:00|2025-02-09T19:00:00|2025-02-09T20:00:00|2025-02-09T21:00:00|2025-02-09T22:00:00|2025-02-09T23:00:00|2025-02-10T00:00:00|2025-02-10T01:00:00|2025-02-10T02:00:00|2025-02-10T03:00:00|2025-02-10T04:00:00|2025-02-10T05:00:00|2025-02-10T06:00:00|2025-02-10T07:00:00|2025-02-10T08:00:00|2025-02-10T09:00:00|2025-02-10T10:00:00|2025-02-10T11:00:00|2025-02-10T12:00:00|2025-02-10T13:00:00|2025-02-10T14:00:00|2025-02-10T15:00:00|2025-02-10T16:00:00|2025-02-10T17:00:00|2025-02-10T18:00:00|2025-02-10T19:00:00|2025-02-10T20:00:00|2025-02-10T21:00:00|2025-02-10T22:00:00|2025-02-10T23:00:00|2025-02-11T00:00:00|2025-02-11T05:00:00|2025-02-11T06:00:00|2025-02-11T07:00:00|2025-02-11T08:00:00|2025-02-11T09:00:00|2025-02-11T10:00:00|2025-02-11T11:00:00|2025-02-11T12:00:00|2025-02-11T13:00:00|2025-02-11T14:00:00|2025-02-11T15:00:00|2025-02-11T16:00:00|2025-02-11T17:00:00|2025-02-11T18:00:00|2025-02-11T19:00:00|2025-02-11T20:00:00|2025-02-11T21:00:00|2025-02-11T22:00:00|2025-02-11T23:00:00|2025-02-12T00:00:00|2025-02-12T01:00:00|2025-02-12T02:00:00|2025-02-12T03:00:00|2025-02-12T04:00:00|2025-02-12T05:00:00|2025-02-12T06:00:00|2025-02-12T07:00:00|2025-02-12T08:00:00|2025-02-12T09:00:00|2025-02-12T10:00:00|2025-02-12T11:00:00|2025-02-12T12:00:00|2025-02-12T13:00:00|2025-02-12T14:00:00|2025-02-12T15:00:00|2025-02-12T16:00:00|2025-02-12T17:00:00|2025-02-12T18:00:00|2025-02-12T19:00:00|2025-02-12T20:00:00|2025-02-12T21:00:00|2025-02-12T22:00:00|2025-02-12T23:00:00|2025-02-13T00:00:00|2025-02-13T01:00:00|2025-02-13T02:00:00|2025-02-13T03:00:00|2025-02-13T04:00:00|2025-02-13T05:00:00|2025-02-13T06:00:00|2025-02-13T07:00:00|2025-02-13T08:00:00|2025-02-13T09:00:00|2025-02-13T10:00:00|2025-02-13T11:00:00|2025-02-13T12:00:00|2025-02-13T13:00:00|2025-02-13T14:00:00|2025-02-13T15:00:00|2025-02-13T16:00:00|2025-02-13T17:00:00|2025-02-13T18:00:00|2025-02-13T19:00:00|2025-02-13T20:00:00|2025-02-13T21:00:00|2025-02-13T22:00:00|2025-02-13T23:00:00|2025-02-14T00:00:00|2025-02-14T01:00:00|2025-02-14T02:00:00|2025-02-14T03:00:00|2025-02-14T04:00:00|2025-02-14T05:00:00|2025-02-14T06:00:00|2025-02-14T07:00:00|2025-02-14T08:00:00|2025-02-14T09:00:00|2025-02-14T10:00:00|2025-02-14T11:00:00|2025-02-14T12:00:00|2025-02-14T13:00:00|2025-02-14T14:00:00|2025-02-14T15:00:00|2025-02-14T16:00:00|2025-02-14T17:00:00|2025-02-14T18:00:00|2025-02-14T19:00:00|2025-02-14T20:00:00|2025-02-14T21:00:00|2025-02-14T22:00:00|2025-02-14T23:00:00|2025-02-15T00:00:00|2025-02-15T01:00:00|2025-02-15T02:00:00|2025-02-15T03:00:00|2025-02-15T04:00:00|2025-02-15T05:00:00|2025-02-15T06:00:00|2025-02-15T07:00:00|2025-02-15T08:00:00|2025-02-15T09:00:00|2025-02-15T10:00:00|2025-02-15T11:00:00|2025-02-15T12:00:00|2025-02-15T13:00:00|2025-02-15T14:00:00|2025-02-15T15:00:00|2025-02-15T16:00:00|2025-02-15T17:00:00|2025-02-15T18:00:00|2025-02-15T19:00:00|2025-02-15T20:00:00|2025-02-15T21:00:00|2025-02-15T22:00:00|2025-02-15T23:00:00|2025-02-16T00:00:00|2025-02-16T01:00:00|2025-02-16T02:00:00|2025-02-16T03:00:00|2025-02-16T04:00:00|2025-02-16T05:00:00|2025-02-16T06:00:00|2025-02-16T07:00:00|2025-02-16T08:00:00|2025-02-16T09:00:00|2025-02-16T10:00:00|2025-02-16T11:00:00|2025-02-16T12:00:00|2025-02-16T13:00:00|2025-02-16T14:00:00|2025-02-16T15:00:00|2025-02-16T16:00:00|2025-02-16T17:00:00|2025-02-16T18:00:00|2025-02-16T19:00:00|2025-02-16T20:00:00|2025-02-16T21:00:00|2025-02-16T22:00:00|2025-02-16T23:00:00|2025-02-17T00:00:00|2025-02-17T01:00:00|2025-02-17T02:00:00|2025-02-17T03:00:00|2025-02-17T04:00:00|2025-02-17T05:00:00|2025-02-17T06:00:00|2025-02-17T07:00:00|2025-02-17T08:00:00|2025-02-17T09:00:00|2025-02-17T10:00:00|2025-02-17T11:00:00|2025-02-17T12:00:00|2025-02-17T13:00:00|2025-02-17T14:00:00|2025-02-17T15:00:00|2025-02-17T16:00:00|2025-02-17T17:00:00|2025-02-17T18:00:00|2025-02-17T19:00:00|2025-02-17T20:00:00|2025-02-17T21:00:00|2025-02-17T22:00:00|2025-02-17T23:00:00|2025-02-18T00:00:00|2025-02-18T01:00:00|2025-02-18T02:00:00|2025-02-18T03:00:00|2025-02-18T04:00:00|2025-02-18T05:00:00|2025-02-18T06:00:00|2025-02-18T07:00:00|2025-02-18T08:00:00|2025-02-18T09:00:00|2025-02-18T10:00:00|2025-02-18T11:00:00|2025-02-18T12:00:00|2025-02-18T13:00:00|2025-02-18T14:00:00|2025-02-18T15:00:00|2025-02-18T16:00:00|2025-02-18T17:00:00|2025-02-18T18:00:00|2025-02-18T19:00:00|2025-02-18T20:00:00|2025-02-18T21:00:00|2025-02-18T22:00:00|2025-02-18T23:00:00|2025-02-19T00:00:00|2025-02-19T01:00:00|2025-02-19T02:00:00|2025-02-19T03:00:00|2025-02-19T04:00:00|2025-02-19T05:00:00|2025-02-19T06:00:00|2025-02-19T07:00:00|2025-02-19T08:00:00|2025-02-19T09:00:00|2025-02-19T10:00:00|2025-02-19T11:00:00|2025-02-19T12:00:00|2025-02-19T13:00:00|2025-02-19T14:00:00|2025-02-19T15:00:00|2025-02-19T16:00:00|2025-02-19T17:00:00|2025-02-19T18:00:00|2025-02-19T19:00:00|2025-02-19T20:00:00|2025-02-19T21:00:00|2025-02-19T22:00:00|2025-02-19T23:00:00|2025-02-20T00:00:00|2025-02-20T01:00:00|2025-02-20T02:00:00|2025-02-20T03:00:00|2025-02-20T04:00:00|2025-02-20T05:00:00|2025-02-20T06:00:00|2025-02-20T07:00:00|2025-02-20T08:00:00|2025-02-20T09:00:00|2025-02-20T10:00:00|2025-02-20T11:00:00|2025-02-20T12:00:00|2025-02-20T13:00:00|2025-02-20T14:00:00|2025-02-20T15:00:00|2025-02-20T16:00:00|2025-02-20T17:00:00|2025-02-20T18:00:00|2025-02-20T19:00:00|2025-02-20T20:00:00|2025-02-20T21:00:00|2025-02-20T22:00:00|2025-02-20T23:00:00|2025-02-21T00:00:00|2025-02-21T01:00:00|2025-02-21T02:00:00|2025-02-21T03:00:00|2025-02-21T04:00:00|2025-02-21T05:00:00|2025-02-21T06:00:00|2025-02-21T07:00:00|2025-02-21T08:00:00|2025-02-21T09:00:00|2025-02-21T10:00:00|2025-02-21T11:00:00|2025-02-21T12:00:00|2025-02-21T13:00:00|2025-02-21T14:00:00|2025-02-21T15:00:00|2025-02-21T16:00:00|2025-02-21T17:00:00|2025-02-21T18:00:00|2025-02-21T19:00:00|2025-02-21T20:00:00|2025-02-21T21:00:00|2025-02-21T22:00:00|2025-02-21T23:00:00|2025-02-22T00:00:00|2025-02-22T01:00:00|2025-02-22T02:00:00|2025-02-22T03:00:00|2025-02-22T04:00:00|2025-02-22T05:00:00|2025-02-22T06:00:00|2025-02-22T07:00:00|2025-02-22T08:00:00|2025-02-22T09:00:00|2025-02-22T10:00:00|2025-02-22T11:00:00|2025-02-22T12:00:00|2025-02-22T13:00:00|2025-02-22T14:00:00|2025-02-22T15:00:00|2025-02-22T16:00:00|2025-02-22T17:00:00|2025-02-22T18:00:00|2025-02-22T19:00:00|2025-02-22T20:00:00|2025-02-22T21:00:00|2025-02-22T22:00:00|2025-02-22T23:00:00|2025-02-23T00:00:00|2025-02-23T01:00:00|2025-02-23T02:00:00|2025-02-23T03:00:00|2025-02-23T04:00:00|2025-02-23T05:00:00|2025-02-23T06:00:00|2025-02-23T07:00:00|2025-02-23T08:00:00|2025-02-23T09:00:00|2025-02-23T10:00:00|2025-02-23T11:00:00|2025-02-23T12:00:00|2025-02-23T13:00:00|2025-02-23T14:00:00|2025-02-23T15:00:00|2025-02-23T16:00:00|2025-02-23T17:00:00|2025-02-23T18:00:00|2025-02-23T19:00:00|2025-02-23T20:00:00|2025-02-23T21:00:00|2025-02-23T22:00:00|2025-02-23T23:00:00|2025-02-24T00:00:00|2025-02-24T01:00:00|2025-02-24T02:00:00|2025-02-24T03:00:00|2025-02-24T04:00:00|2025-02-24T05:00:00|2025-02-24T06:00:00|2025-02-24T07:00:00|2025-02-24T08:00:00|2025-02-24T09:00:00|2025-02-24T10:00:00|2025-02-24T11:00:00|2025-02-24T12:00:00|2025-02-24T13:00:00|2025-02-24T14:00:00|2025-02-24T15:00:00|2025-02-24T16:00:00|2025-02-24T17:00:00|2025-02-24T18:00:00|2025-02-24T19:00:00|2025-02-24T20:00:00|2025-02-24T21:00:00|2025-02-24T22:00:00|2025-02-24T23:00:00|2025-02-25T00:00:00|2025-02-25T01:00:00|2025-02-25T02:00:00|2025-02-25T03:00:00|2025-02-25T04:00:00|2025-02-25T05:00:00|2025-02-25T06:00:00|2025-02-25T07:00:00|2025-02-25T08:00:00|2025-02-25T09:00:00|2025-02-25T10:00:00|2025-02-25T11:00:00|2025-02-25T12:00:00|2025-02-25T13:00:00|2025-02-25T14:00:00|2025-02-25T15:00:00|2025-02-25T16:00:00|2025-02-25T17:00:00|2025-02-25T18:00:00|2025-02-25T19:00:00|2025-02-25T20:00:00|2025-02-25T21:00:00|2025-02-25T22:00:00|2025-02-25T23:00:00|2025-02-26T00:00:00|2025-02-26T01:00:00|2025-02-26T02:00:00|2025-02-26T03:00:00|2025-02-26T04:00:00|2025-02-26T05:00:00|2025-02-26T06:00:00|2025-02-26T07:00:00|2025-02-26T08:00:00|2025-02-26T09:00:00|2025-02-26T10:00:00|2025-02-26T11:00:00|2025-02-26T12:00:00|2025-02-26T13:00:00|2025-02-26T14:00:00|2025-02-26T15:00:00|2025-02-26T16:00:00|2025-02-26T17:00:00|2025-02-26T18:00:00|2025-02-26T19:00:00|2025-02-26T20:00:00|2025-02-26T21:00:00|2025-02-26T22:00:00|2025-02-26T23:00:00|2025-02-27T00:00:00|2025-02-27T01:00:00|2025-02-27T02:00:00|2025-02-27T03:00:00|2025-02-27T04:00:00|2025-02-27T05:00:00|2025-02-27T06:00:00|2025-02-27T07:00:00|2025-02-27T08:00:00|2025-02-27T09:00:00|2025-02-27T10:00:00|2025-02-27T11:00:00|2025-02-27T12:00:00|2025-02-27T13:00:00|2025-02-27T14:00:00|2025-02-27T15:00:00|2025-02-27T16:00:00|2025-02-27T17:00:00|2025-02-27T18:00:00|2025-02-27T19:00:00|2025-02-27T20:00:00|2025-02-27T21:00:00|2025-02-27T22:00:00|2025-02-27T23:00:00|2025-02-28T00:00:00|2025-02-28T01:00:00|2025-02-28T02:00:00|2025-02-28T03:00:00|2025-02-28T04:00:00|2025-02-28T05:00:00|2025-02-28T06:00:00|2025-02-28T07:00:00|2025-02-28T08:00:00|2025-02-28T09:00:00|2025-02-28T10:00:00|2025-02-28T11:00:00|2025-02-28T12:00:00|2025-02-28T13:00:00|2025-02-28T14:00:00|2025-02-28T15:00:00|2025-02-28T16:00:00|2025-02-28T17:00:00|2025-02-28T18:00:00|2025-02-28T19:00:00|2025-02-28T20:00:00|2025-02-28T21:00:00|2025-02-28T22:00:00|2025-02-28T23:00:00|2025-03-01T00:00:00|2025-03-01T01:00:00|2025-03-01T02:00:00|2025-03-01T03:00:00|2025-03-01T04:00:00|2025-03-01T05:00:00|2025-03-01T06:00:00|2025-03-01T07:00:00|2025-03-01T08:00:00|2025-03-01T09:00:00|2025-03-01T10:00:00|2025-03-01T11:00:00|2025-03-01T12:00:00|2025-03-01T13:00:00|2025-03-01T14:00:00|2025-03-01T15:00:00|2025-03-01T16:00:00|2025-03-01T17:00:00|2025-03-01T18:00:00|2025-03-01T19:00:00|2025-03-01T20:00:00|2025-03-01T21:00:00|2025-03-01T22:00:00|2025-03-01T23:00:00|2025-03-02T00:00:00|2025-03-02T01:00:00|2025-03-02T02:00:00|2025-03-02T03:00:00|2025-03-02T04:00:00|2025-03-02T05:00:00|2025-03-02T06:00:00|2025-03-02T07:00:00|2025-03-02T08:00:00|2025-03-02T09:00:00|2025-03-02T10:00:00|2025-03-02T11:00:00|2025-03-02T12:00:00|2025-03-02T13:00:00|2025-03-02T14:00:00|2025-03-02T15:00:00|2025-03-02T16:00:00|2025-03-02T17:00:00|2025-03-02T18:00:00|2025-03-02T19:00:00|2025-03-02T20:00:00|2025-03-02T21:00:00|2025-03-02T22:00:00|2025-03-02T23:00:00|2025-03-03T00:00:00|2025-03-03T01:00:00|2025-03-03T02:00:00|2025-03-03T03:00:00|2025-03-03T04:00:00|2025-03-03T05:00:00|2025-03-03T06:00:00|2025-03-03T07:00:00|2025-03-03T08:00:00|2025-03-03T09:00:00|2025-03-03T10:00:00|2025-03-03T11:00:00|2025-03-03T12:00:00|2025-03-03T13:00:00|2025-03-03T14:00:00|2025-03-03T15:00:00|2025-03-03T16:00:00|2025-03-03T17:00:00|2025-03-03T18:00:00|2025-03-03T19:00:00|2025-03-03T20:00:00|2025-03-03T21:00:00|2025-03-03T22:00:00|2025-03-03T23:00:00|2025-03-04T00:00:00|2025-03-04T01:00:00|2025-03-04T02:00:00|2025-03-04T03:00:00|2025-03-04T04:00:00|2025-03-04T05:00:00|2025-03-04T06:00:00|2025-03-04T07:00:00|2025-03-04T08:00:00|2025-03-04T09:00:00|2025-03-04T10:00:00|2025-03-04T11:00:00|2025-03-04T12:00:00|2025-03-04T13:00:00|2025-03-04T14:00:00|2025-03-04T15:00:00|2025-03-04T16:00:00|2025-03-04T17:00:00|2025-03-04T18:00:00|2025-03-04T19:00:00|2025-03-04T20:00:00|2025-03-04T21:00:00|2025-03-04T22:00:00|2025-03-04T23:00:00|2025-03-05T00:00:00|2025-03-05T01:00:00|2025-03-05T02:00:00|2025-03-05T03:00:00|2025-03-05T04:00:00|2025-03-05T05:00:00|2025-03-05T06:00:00|2025-03-05T07:00:00|2025-03-05T08:00:00|2025-03-05T09:00:00|2025-03-05T10:00:00|2025-03-05T11:00:00|2025-03-05T12:00:00|2025-03-05T13:00:00|2025-03-05T14:00:00|2025-03-05T15:00:00|2025-03-05T16:00:00|2025-03-05T17:00:00|2025-03-05T18:00:00|2025-03-05T19:00:00|2025-03-05T20:00:00|2025-03-05T21:00:00|2025-03-05T22:00:00|2025-03-05T23:00:00|2025-03-06T00:00:00|2025-03-06T01:00:00|2025-03-06T02:00:00|2025-03-06T03:00:00|2025-03-06T04:00:00|2025-03-06T05:00:00|2025-03-06T06:00:00|2025-03-06T07:00:00|2025-03-06T08:00:00|2025-03-06T09:00:00|2025-03-06T10:00:00|2025-03-06T11:00:00|2025-03-06T12:00:00|2025-03-06T13:00:00|2025-03-06T14:00:00|2025-03-06T15:00:00|2025-03-06T16:00:00|2025-03-06T17:00:00|2025-03-06T18:00:00|2025-03-06T19:00:00|2025-03-06T20:00:00|2025-03-06T21:00:00|2025-03-06T22:00:00|2025-03-06T23:00:00|2025-03-07T00:00:00|2025-03-07T01:00:00|2025-03-07T02:00:00|2025-03-07T03:00:00|2025-03-07T04:00:00|2025-03-07T05:00:00|2025-03-07T06:00:00|2025-03-07T07:00:00|2025-03-07T08:00:00|2025-03-07T09:00:00|2025-03-07T10:00:00|2025-03-07T11:00:00|2025-03-07T12:00:00|2025-03-07T13:00:00|2025-03-07T14:00:00|2025-03-07T15:00:00|2025-03-07T16:00:00|2025-03-07T17:00:00|2025-03-07T18:00:00|2025-03-07T19:00:00|2025-03-07T20:00:00|2025-03-07T21:00:00|2025-03-07T22:00:00|2025-03-07T23:00:00|2025-03-08T00:00:00|2025-03-08T01:00:00|2025-03-08T02:00:00|2025-03-08T03:00:00|2025-03-08T04:00:00|2025-03-08T05:00:00|2025-03-08T06:00:00|2025-03-08T07:00:00|2025-03-08T08:00:00|2025-03-08T09:00:00|2025-03-08T10:00:00|2025-03-08T11:00:00|2025-03-08T12:00:00|2025-03-08T13:00:00|2025-03-08T14:00:00|2025-03-08T15:00:00|2025-03-08T16:00:00|2025-03-08T17:00:00|2025-03-08T18:00:00|2025-03-08T19:00:00|2025-03-08T20:00:00|2025-03-08T21:00:00|2025-03-08T22:00:00|2025-03-08T23:00:00|2025-03-09T00:00:00|2025-03-09T01:00:00|2025-03-09T02:00:00|2025-03-09T03:00:00|2025-03-09T04:00:00|2025-03-09T05:00:00|2025-03-09T06:00:00|2025-03-09T07:00:00|2025-03-09T08:00:00|2025-03-09T09:00:00|2025-03-09T10:00:00|2025-03-09T11:00:00|2025-03-09T12:00:00|2025-03-09T13:00:00|2025-03-09T14:00:00|2025-03-09T15:00:00|2025-03-09T16:00:00|2025-03-09T17:00:00|2025-03-09T18:00:00|2025-03-09T19:00:00|2025-03-09T20:00:00|2025-03-09T21:00:00|2025-03-09T22:00:00|2025-03-09T23:00:00|2025-03-10T00:00:00|2025-03-10T01:00:00|2025-03-10T02:00:00|2025-03-10T03:00:00|2025-03-10T04:00:00|2025-03-10T05:00:00|2025-03-10T06:00:00|2025-03-10T07:00:00|2025-03-10T08:00:00|2025-03-10T09:00:00|2025-03-10T10:00:00|2025-03-10T11:00:00|2025-03-10T12:00:00|2025-03-10T13:00:00|2025-03-10T14:00:00|2025-03-10T15:00:00|2025-03-10T16:00:00|2025-03-10T17:00:00|2025-03-10T18:00:00|2025-03-10T19:00:00|2025-03-10T20:00:00|2025-03-10T21:00:00|2025-03-10T22:00:00|2025-03-10T23:00:00|2025-03-11T00:00:00|2025-03-11T01:00:00|2025-03-11T02:00:00|2025-03-11T03:00:00|2025-03-11T04:00:00|2025-03-11T05:00:00|2025-03-11T06:00:00|2025-03-11T07:00:00|2025-03-11T08:00:00|2025-03-11T09:00:00|2025-03-11T10:00:00|2025-03-11T11:00:00|2025-03-11T12:00:00|2025-03-11T13:00:00|2025-03-11T14:00:00|2025-03-11T15:00:00|2025-03-11T16:00:00|2025-03-11T17:00:00|2025-03-11T18:00:00|2025-03-11T19:00:00|2025-03-11T20:00:00|2025-03-11T21:00:00|2025-03-11T22:00:00|2025-03-11T23:00:00|2025-03-12T00:00:00|2025-03-12T01:00:00|2025-03-12T02:00:00|2025-03-12T03:00:00|2025-03-12T04:00:00|2025-03-12T05:00:00|2025-03-12T06:00:00|2025-03-12T07:00:00|2025-03-12T08:00:00|2025-03-12T09:00:00|2025-03-12T10:00:00|2025-03-12T11:00:00|2025-03-12T12:00:00|2025-03-12T13:00:00|2025-03-12T14:00:00|2025-03-12T15:00:00|2025-03-12T16:00:00|2025-03-12T17:00:00|2025-03-12T18:00:00|2025-03-12T19:00:00|2025-03-12T20:00:00|2025-03-12T21:00:00|2025-03-12T22:00:00|2025-03-12T23:00:00|2025-03-13T00:00:00|2025-03-13T01:00:00|2025-03-13T02:00:00|2025-03-13T03:00:00|2025-03-13T04:00:00|2025-03-13T05:00:00|2025-03-13T06:00:00|2025-03-13T07:00:00|2025-03-13T08:00:00|2025-03-13T09:00:00|2025-03-13T10:00:00|2025-03-13T11:00:00|2025-03-13T12:00:00|2025-03-13T13:00:00|2025-03-13T14:00:00|2025-03-13T15:00:00|2025-03-13T16:00:00|2025-03-13T17:00:00|2025-03-13T18:00:00|2025-03-13T19:00:00|2025-03-13T20:00:00|2025-03-13T21:00:00|2025-03-13T22:00:00|2025-03-13T23:00:00|2025-03-14T00:00:00|2025-03-14T01:00:00|2025-03-14T02:00:00|2025-03-14T03:00:00|2025-03-14T04:00:00|2025-03-14T05:00:00|2025-03-14T06:00:00|2025-03-14T07:00:00|2025-03-14T08:00:00|2025-03-14T09:00:00|2025-03-14T10:00:00|2025-03-14T11:00:00|2025-03-14T12:00:00|2025-03-14T13:00:00|2025-03-14T14:00:00|2025-03-14T15:00:00|2025-03-14T16:00:00|2025-03-14T17:00:00|2025-03-14T18:00:00|2025-03-14T19:00:00|2025-03-14T20:00:00|2025-03-14T21:00:00|2025-03-14T22:00:00|2025-03-14T23:00:00|2025-03-15T00:00:00|2025-03-15T01:00:00|2025-03-15T02:00:00|2025-03-15T03:00:00|2025-03-15T04:00:00|2025-03-15T05:00:00|2025-03-15T06:00:00|2025-03-15T07:00:00|2025-03-15T08:00:00|2025-03-15T09:00:00|2025-03-15T10:00:00|2025-03-15T11:00:00|2025-03-15T12:00:00|2025-03-15T13:00:00|2025-03-15T14:00:00|2025-03-15T15:00:00|2025-03-15T16:00:00|2025-03-15T17:00:00|2025-03-15T18:00:00|2025-03-15T19:00:00|2025-03-15T20:00:00|2025-03-15T21:00:00|2025-03-15T22:00:00|2025-03-15T23:00:00|2025-03-16T00:00:00|2025-03-16T01:00:00|2025-03-16T02:00:00|2025-03-16T03:00:00|2025-03-16T04:00:00|2025-03-16T05:00:00|2025-03-16T06:00:00|2025-03-16T07:00:00|2025-03-16T08:00:00|2025-03-16T09:00:00|2025-03-16T10:00:00|2025-03-16T11:00:00|2025-03-16T12:00:00|2025-03-16T13:00:00|2025-03-16T14:00:00|2025-03-16T15:00:00|2025-03-16T16:00:00|2025-03-16T17:00:00|2025-03-16T18:00:00|2025-03-16T19:00:00|2025-03-16T20:00:00|2025-03-16T21:00:00|2025-03-16T22:00:00|2025-03-16T23:00:00|2025-03-17T00:00:00|2025-03-17T01:00:00|2025-03-17T02:00:00|2025-03-17T03:00:00|2025-03-17T04:00:00|2025-03-17T05:00:00|2025-03-17T06:00:00|2025-03-17T07:00:00|2025-03-17T08:00:00|2025-03-17T09:00:00|2025-03-17T10:00:00|2025-03-17T11:00:00|2025-03-17T14:00:00|2025-03-17T15:00:00|2025-03-17T16:00:00|2025-03-17T17:00:00|2025-03-17T18:00:00|2025-03-17T19:00:00|2025-03-17T20:00:00|2025-03-17T21:00:00|2025-03-17T22:00:00|2025-03-17T23:00:00|2025-03-18T00:00:00|2025-03-18T01:00:00|2025-03-18T02:00:00|2025-03-18T03:00:00|2025-03-18T04:00:00|2025-03-18T05:00:00|2025-03-18T06:00:00|2025-03-18T07:00:00|2025-03-18T08:00:00|2025-03-18T09:00:00|2025-03-18T10:00:00|2025-03-18T11:00:00|2025-03-18T12:00:00|2025-03-18T13:00:00|2025-03-18T14:00:00|2025-03-18T15:00:00|2025-03-18T16:00:00|2025-03-18T17:00:00|2025-03-18T18:00:00|2025-03-18T19:00:00|2025-03-18T20:00:00|2025-03-18T21:00:00|2025-03-18T22:00:00|2025-03-18T23:00:00|2025-03-19T00:00:00|2025-03-19T01:00:00|2025-03-19T02:00:00|2025-03-19T03:00:00|2025-03-19T04:00:00|2025-03-19T05:00:00|2025-03-19T06:00:00|2025-03-19T07:00:00|2025-03-19T08:00:00|2025-03-19T09:00:00|2025-03-19T10:00:00|2025-03-19T11:00:00|2025-03-19T12:00:00|2025-03-19T13:00:00|2025-03-19T14:00:00|2025-03-19T15:00:00|2025-03-19T16:00:00|2025-03-19T17:00:00|2025-03-19T18:00:00|2025-03-19T19:00:00|2025-03-19T20:00:00|2025-03-19T21:00:00|2025-03-19T22:00:00|2025-03-19T23:00:00|2025-03-20T00:00:00|2025-03-20T01:00:00|2025-03-20T02:00:00|2025-03-20T03:00:00|2025-03-20T04:00:00|2025-03-20T05:00:00|2025-03-20T06:00:00|2025-03-20T07:00:00|2025-03-20T08:00:00|2025-03-20T09:00:00|2025-03-20T10:00:00|2025-03-20T11:00:00|2025-03-20T12:00:00|2025-03-20T13:00:00|2025-03-20T14:00:00|2025-03-20T15:00:00|2025-03-20T16:00:00|2025-03-20T17:00:00|2025-03-20T18:00:00|2025-03-20T19:00:00|2025-03-20T20:00:00|2025-03-20T21:00:00|2025-03-20T22:00:00|2025-03-20T23:00:00|2025-03-21T00:00:00|2025-03-21T01:00:00|2025-03-21T02:00:00|2025-03-21T03:00:00|2025-03-21T04:00:00|2025-03-21T05:00:00|2025-03-21T06:00:00|2025-03-21T07:00:00|2025-03-21T08:00:00|2025-03-21T09:00:00|2025-03-21T10:00:00|2025-03-21T11:00:00|2025-03-21T12:00:00|2025-03-21T13:00:00|2025-03-21T14:00:00|2025-03-21T15:00:00|2025-03-21T16:00:00|2025-03-21T17:00:00|2025-03-21T18:00:00|2025-03-21T19:00:00|2025-03-21T20:00:00|2025-03-21T21:00:00|2025-03-21T22:00:00|2025-03-21T23:00:00|2025-03-22T00:00:00|2025-03-22T01:00:00|2025-03-22T02:00:00|2025-03-22T03:00:00|2025-03-22T04:00:00|2025-03-22T05:00:00|2025-03-22T06:00:00|2025-03-22T07:00:00|2025-03-22T08:00:00|2025-03-22T09:00:00|2025-03-22T10:00:00|2025-03-22T11:00:00|2025-03-22T12:00:00|2025-03-22T13:00:00|2025-03-22T14:00:00|2025-03-22T15:00:00|2025-03-22T16:00:00|2025-03-22T17:00:00|2025-03-22T18:00:00|2025-03-22T19:00:00|2025-03-22T20:00:00|2025-03-22T21:00:00|2025-03-22T22:00:00|2025-03-22T23:00:00|2025-03-23T00:00:00|2025-03-23T01:00:00|2025-03-23T02:00:00|2025-03-23T03:00:00|2025-03-23T04:00:00|2025-03-23T05:00:00|2025-03-23T06:00:00|2025-03-23T07:00:00|2025-03-23T08:00:00|2025-03-23T09:00:00|2025-03-23T10:00:00|2025-03-23T11:00:00|2025-03-23T12:00:00|2025-03-23T13:00:00|2025-03-23T14:00:00|2025-03-23T15:00:00|2025-03-23T16:00:00|2025-03-23T17:00:00|2025-03-23T18:00:00|2025-03-23T19:00:00|2025-03-23T20:00:00|2025-03-23T21:00:00|2025-03-23T22:00:00|2025-03-23T23:00:00|2025-03-24T00:00:00|2025-03-24T01:00:00|2025-03-24T02:00:00|2025-03-24T03:00:00|2025-03-24T04:00:00|2025-03-24T05:00:00|2025-03-24T06:00:00|2025-03-24T07:00:00|2025-03-24T08:00:00|2025-03-24T09:00:00|2025-03-24T10:00:00|2025-03-24T11:00:00|2025-03-24T12:00:00|2025-03-24T13:00:00|2025-03-24T14:00:00|2025-03-24T15:00:00|2025-03-24T16:00:00|2025-03-24T17:00:00|2025-03-24T18:00:00|2025-03-24T19:00:00|2025-03-24T20:00:00|2025-03-24T21:00:00|2025-03-24T22:00:00|2025-03-24T23:00:00|2025-03-25T00:00:00|2025-03-25T01:00:00|2025-03-25T02:00:00|2025-03-25T03:00:00|2025-03-25T04:00:00|2025-03-25T05:00:00|2025-03-25T06:00:00|2025-03-25T07:00:00|2025-03-25T08:00:00|2025-03-25T09:00:00|2025-03-25T10:00:00|2025-03-25T11:00:00|2025-03-25T12:00:00|2025-03-25T13:00:00|2025-03-25T14:00:00|2025-03-25T15:00:00|2025-03-25T16:00:00|2025-03-25T17:00:00|2025-03-25T18:00:00|2025-03-25T19:00:00|2025-03-25T20:00:00|2025-03-25T21:00:00|2025-03-25T22:00:00|2025-03-25T23:00:00|2025-03-26T00:00:00|2025-03-26T01:00:00|2025-03-26T02:00:00|2025-03-26T03:00:00|2025-03-26T04:00:00|2025-03-26T05:00:00|2025-03-26T06:00:00|2025-03-26T07:00:00|2025-03-26T08:00:00|2025-03-26T09:00:00|2025-03-26T10:00:00|2025-03-26T11:00:00|2025-03-26T12:00:00|2025-03-26T13:00:00|2025-03-26T14:00:00|2025-03-26T15:00:00|2025-03-26T16:00:00|2025-03-26T17:00:00|2025-03-26T18:00:00|2025-03-26T19:00:00|2025-03-26T20:00:00|2025-03-26T21:00:00|2025-03-26T22:00:00|2025-03-26T23:00:00|2025-03-27T00:00:00|2025-03-27T01:00:00|2025-03-27T02:00:00|2025-03-27T03:00:00|2025-03-27T04:00:00|2025-03-27T05:00:00|2025-03-27T06:00:00|2025-03-27T07:00:00|2025-03-27T08:00:00|2025-03-27T09:00:00|2025-03-27T10:00:00|2025-03-27T11:00:00|2025-03-27T12:00:00|2025-03-27T13:00:00|2025-03-27T14:00:00|2025-03-27T15:00:00|2025-03-27T16:00:00|2025-03-27T17:00:00|2025-03-27T18:00:00|2025-03-27T19:00:00|2025-03-27T20:00:00|2025-03-27T21:00:00|2025-03-27T22:00:00|2025-03-27T23:00:00|2025-03-28T00:00:00|2025-03-28T01:00:00|2025-03-28T02:00:00|2025-03-28T03:00:00|2025-03-28T04:00:00|2025-03-28T05:00:00|2025-03-28T06:00:00|2025-03-28T07:00:00|2025-03-28T08:00:00|2025-03-28T09:00:00|2025-03-28T10:00:00|2025-03-28T11:00:00|2025-03-28T12:00:00|2025-03-28T13:00:00|2025-03-28T14:00:00|2025-03-28T15:00:00|2025-03-28T16:00:00|2025-03-28T17:00:00|2025-03-28T18:00:00|2025-03-28T19:00:00|2025-03-28T20:00:00|2025-03-28T21:00:00|2025-03-28T22:00:00|2025-03-28T23:00:00|2025-03-29T00:00:00|2025-03-29T01:00:00|2025-03-29T02:00:00|2025-03-29T03:00:00|2025-03-29T04:00:00|2025-03-29T05:00:00|2025-03-29T06:00:00|2025-03-29T07:00:00|2025-03-29T08:00:00|2025-03-29T09:00:00|2025-03-29T10:00:00|2025-03-29T11:00:00|2025-03-29T12:00:00|2025-03-29T13:00:00|2025-03-29T14:00:00|2025-03-29T15:00:00|2025-03-29T16:00:00|2025-03-29T17:00:00|2025-03-29T18:00:00|2025-03-29T19:00:00|2025-03-29T20:00:00|2025-03-29T21:00:00|2025-03-29T22:00:00|2025-03-29T23:00:00|2025-03-30T00:00:00|2025-03-30T01:00:00|2025-03-30T02:00:00|2025-03-30T03:00:00|2025-03-30T04:00:00|2025-03-30T05:00:00|2025-03-30T06:00:00|2025-03-30T07:00:00|2025-03-30T08:00:00|2025-03-30T09:00:00|2025-03-30T10:00:00|2025-03-30T11:00:00|2025-03-30T12:00:00|2025-03-30T13:00:00|2025-03-30T14:00:00|2025-03-30T15:00:00|2025-03-30T16:00:00|2025-03-30T17:00:00|2025-03-30T18:00:00|2025-03-30T19:00:00|2025-03-30T20:00:00|2025-03-30T21:00:00|2025-03-30T22:00:00|2025-03-30T23:00:00|2025-03-31T00:00:00|2025-03-31T01:00:00|2025-03-31T02:00:00|2025-03-31T03:00:00|2025-03-31T04:00:00|2025-03-31T05:00:00|2025-03-31T06:00:00|2025-03-31T07:00:00|2025-03-31T08:00:00|2025-03-31T09:00:00|2025-03-31T10:00:00|2025-03-31T11:00:00|2025-03-31T12:00:00|2025-03-31T13:00:00|2025-03-31T14:00:00|2025-03-31T15:00:00|2025-03-31T16:00:00|2025-03-31T17:00:00|2025-03-31T18:00:00|2025-03-31T19:00:00|2025-03-31T20:00:00|2025-03-31T21:00:00|2025-03-31T22:00:00|2025-03-31T23:00:00|2025-04-01T00:00:00|2025-04-01T01:00:00|2025-04-01T02:00:00|2025-04-01T03:00:00|2025-04-01T04:00:00|2025-04-01T05:00:00|2025-04-01T06:00:00|2025-04-01T07:00:00|2025-04-01T08:00:00|2025-04-01T09:00:00|2025-04-01T10:00:00|2025-04-01T11:00:00|2025-04-01T12:00:00|2025-04-01T13:00:00|2025-04-01T14:00:00|2025-04-01T15:00:00|2025-04-01T16:00:00|2025-04-01T17:00:00|2025-04-01T18:00:00|2025-04-01T19:00:00|2025-04-01T20:00:00|2025-04-01T21:00:00|2025-04-01T22:00:00|2025-04-01T23:00:00|2025-04-02T00:00:00|2025-04-02T01:00:00|2025-04-02T02:00:00|2025-04-02T03:00:00|2025-04-02T04:00:00|2025-04-02T05:00:00|2025-04-02T06:00:00|2025-04-02T07:00:00|2025-04-02T08:00:00|2025-04-02T09:00:00|2025-04-02T10:00:00|2025-04-02T11:00:00|2025-04-02T12:00:00|2025-04-02T13:00:00|2025-04-02T14:00:00|2025-04-02T15:00:00|2025-04-02T16:00:00|2025-04-02T17:00:00|2025-04-02T18:00:00|2025-04-02T19:00:00|2025-04-02T20:00:00|2025-04-02T21:00:00|2025-04-02T22:00:00|2025-04-02T23:00:00|2025-04-03T00:00:00|2025-04-03T01:00:00|2025-04-03T02:00:00|2025-04-03T03:00:00|2025-04-03T04:00:00|2025-04-03T05:00:00|2025-04-03T06:00:00|2025-04-03T07:00:00|2025-04-03T08:00:00|2025-04-03T09:00:00|2025-04-03T10:00:00|2025-04-03T11:00:00|2025-04-03T12:00:00|2025-04-03T13:00:00|2025-04-03T14:00:00|2025-04-03T15:00:00|2025-04-03T16:00:00|2025-04-03T17:00:00|2025-04-03T18:00:00|2025-04-03T19:00:00|2025-04-03T20:00:00|2025-04-03T21:00:00|2025-04-03T22:00:00|2025-04-03T23:00:00|2025-04-04T00:00:00|2025-04-04T01:00:00|2025-04-04T02:00:00|2025-04-04T03:00:00|2025-04-04T04:00:00|2025-04-04T05:00:00|2025-04-04T06:00:00|2025-04-04T07:00:00|2025-04-04T08:00:00|2025-04-04T09:00:00|2025-04-04T10:00:00|2025-04-04T11:00:00|2025-04-04T12:00:00|2025-04-04T13:00:00|2025-04-04T14:00:00|2025-04-04T15:00:00|2025-04-04T16:00:00|2025-04-04T17:00:00|2025-04-04T18:00:00|2025-04-04T19:00:00|2025-04-04T20:00:00|2025-04-04T21:00:00|2025-04-04T22:00:00|2025-04-04T23:00:00|2025-04-05T00:00:00|2025-04-05T01:00:00|2025-04-05T02:00:00|2025-04-05T03:00:00|2025-04-05T04:00:00|2025-04-05T05:00:00|2025-04-05T06:00:00|2025-04-05T07:00:00|2025-04-05T08:00:00|2025-04-05T09:00:00|2025-04-05T10:00:00|2025-04-05T11:00:00|2025-04-05T12:00:00|2025-04-05T13:00:00|2025-04-05T14:00:00|2025-04-05T15:00:00|2025-04-05T16:00:00|2025-04-05T17:00:00|2025-04-05T18:00:00|2025-04-05T19:00:00|2025-04-05T20:00:00|2025-04-05T21:00:00|2025-04-05T22:00:00|2025-04-05T23:00:00|2025-04-06T00:00:00|2025-04-06T01:00:00|2025-04-06T02:00:00|2025-04-06T03:00:00|2025-04-06T04:00:00|2025-04-06T05:00:00|2025-04-06T06:00:00|2025-04-06T07:00:00|2025-04-06T08:00:00|2025-04-06T09:00:00|2025-04-06T10:00:00|2025-04-06T11:00:00|2025-04-06T12:00:00|2025-04-06T13:00:00|2025-04-06T14:00:00|2025-04-06T15:00:00|2025-04-06T16:00:00|2025-04-06T17:00:00|2025-04-06T18:00:00|2025-04-06T19:00:00|2025-04-06T20:00:00|2025-04-06T21:00:00|2025-04-06T22:00:00|2025-04-06T23:00:00|2025-04-07T00:00:00|2025-04-07T01:00:00|2025-04-07T02:00:00|2025-04-07T03:00:00|2025-04-07T04:00:00|2025-04-07T05:00:00|2025-04-07T06:00:00|2025-04-07T07:00:00|2025-04-07T08:00:00|2025-04-07T09:00:00|2025-04-07T10:00:00|2025-04-07T11:00:00|2025-04-07T12:00:00|2025-04-07T13:00:00|2025-04-07T14:00:00|2025-04-07T15:00:00|2025-04-07T16:00:00|2025-04-07T17:00:00|2025-04-07T18:00:00|2025-04-07T19:00:00|2025-04-07T20:00:00|2025-04-07T21:00:00|2025-04-07T22:00:00|2025-04-07T23:00:00|2025-04-08T00:00:00|2025-04-08T01:00:00|2025-04-08T02:00:00|2025-04-08T03:00:00|2025-04-08T04:00:00|2025-04-08T05:00:00|2025-04-08T06:00:00|2025-04-08T07:00:00|2025-04-08T08:00:00|2025-04-08T09:00:00|2025-04-08T10:00:00|2025-04-08T11:00:00|2025-04-08T12:00:00|2025-04-08T13:00:00|2025-04-08T14:00:00|2025-04-08T15:00:00|2025-04-08T16:00:00|2025-04-08T17:00:00|2025-04-08T18:00:00|2025-04-08T19:00:00|2025-04-08T20:00:00|2025-04-08T21:00:00|2025-04-08T22:00:00|2025-04-08T23:00:00|2025-04-09T00:00:00|2025-04-09T01:00:00|2025-04-09T02:00:00|2025-04-09T03:00:00|2025-04-09T04:00:00|2025-04-09T05:00:00|2025-04-09T06:00:00|2025-04-09T07:00:00|2025-04-09T08:00:00|2025-04-09T09:00:00|2025-04-09T10:00:00|2025-04-09T11:00:00|2025-04-09T12:00:00|2025-04-09T13:00:00|2025-04-09T14:00:00|2025-04-09T15:00:00|2025-04-09T16:00:00|2025-04-09T17:00:00|2025-04-09T18:00:00|2025-04-09T19:00:00|2025-04-09T20:00:00|2025-04-09T21:00:00|2025-04-09T22:00:00|2025-04-09T23:00:00|2025-04-10T00:00:00|2025-04-10T01:00:00|2025-04-10T02:00:00|2025-04-10T03:00:00|2025-04-10T04:00:00|2025-04-10T05:00:00|2025-04-10T06:00:00|2025-04-10T07:00:00|2025-04-10T08:00:00|2025-04-10T09:00:00|2025-04-10T10:00:00|2025-04-10T11:00:00|2025-04-10T12:00:00|2025-04-10T13:00:00|2025-04-10T14:00:00|2025-04-10T15:00:00|2025-04-10T16:00:00|2025-04-10T17:00:00|2025-04-10T18:00:00|2025-04-10T19:00:00|2025-04-10T20:00:00|2025-04-10T21:00:00|2025-04-10T22:00:00|2025-04-10T23:00:00|2025-04-11T00:00:00|2025-04-11T01:00:00|2025-04-11T02:00:00|2025-04-11T03:00:00|2025-04-11T04:00:00|2025-04-11T05:00:00|2025-04-11T06:00:00|2025-04-11T07:00:00|2025-04-11T08:00:00|2025-04-11T09:00:00|2025-04-11T10:00:00|2025-04-11T11:00:00|2025-04-11T12:00:00|2025-04-11T13:00:00|2025-04-11T14:00:00|2025-04-11T15:00:00|2025-04-11T16:00:00|2025-04-11T17:00:00|2025-04-11T18:00:00|2025-04-11T19:00:00|2025-04-11T20:00:00|2025-04-11T21:00:00|2025-04-11T22:00:00|2025-04-11T23:00:00|2025-04-12T00:00:00|2025-04-12T01:00:00|2025-04-12T02:00:00|2025-04-12T03:00:00|2025-04-12T04:00:00|2025-04-12T05:00:00|2025-04-12T06:00:00|2025-04-12T07:00:00|2025-04-12T08:00:00|2025-04-12T09:00:00|2025-04-12T10:00:00|2025-04-12T11:00:00|2025-04-12T12:00:00|2025-04-12T13:00:00|2025-04-12T14:00:00|2025-04-12T15:00:00|2025-04-12T16:00:00|2025-04-12T17:00:00|2025-04-12T18:00:00|2025-04-12T19:00:00|2025-04-12T20:00:00|2025-04-12T21:00:00|2025-04-12T22:00:00|2025-04-12T23:00:00|2025-04-13T00:00:00|2025-04-13T01:00:00|2025-04-13T02:00:00|2025-04-13T03:00:00|2025-04-13T04:00:00|2025-04-13T05:00:00|2025-04-13T06:00:00|2025-04-13T07:00:00|2025-04-13T08:00:00|2025-04-13T09:00:00|2025-04-13T10:00:00|2025-04-13T11:00:00|2025-04-13T12:00:00|2025-04-13T13:00:00|2025-04-13T14:00:00|2025-04-13T15:00:00|2025-04-13T16:00:00|2025-04-13T17:00:00|2025-04-13T18:00:00|2025-04-13T19:00:00|2025-04-13T20:00:00|2025-04-13T21:00:00|2025-04-13T22:00:00|2025-04-13T23:00:00|2025-04-14T00:00:00|2025-04-14T01:00:00|2025-04-14T02:00:00|2025-04-14T03:00:00|2025-04-14T04:00:00|2025-04-14T05:00:00|2025-04-14T06:00:00|2025-04-14T07:00:00|2025-04-14T08:00:00|2025-04-14T09:00:00|2025-04-14T10:00:00|2025-04-14T11:00:00|2025-04-14T12:00:00|2025-04-14T13:00:00|2025-04-14T14:00:00|2025-04-14T15:00:00|2025-04-14T16:00:00|2025-04-14T17:00:00|2025-04-14T18:00:00|2025-04-14T19:00:00|2025-04-14T20:00:00|2025-04-14T21:00:00|2025-04-14T22:00:00|2025-04-14T23:00:00|2025-04-15T00:00:00|2025-04-15T01:00:00|2025-04-15T02:00:00|2025-04-15T03:00:00|2025-04-15T04:00:00|2025-04-15T05:00:00|2025-04-15T06:00:00|2025-04-15T07:00:00|2025-04-15T08:00:00|2025-04-15T09:00:00|2025-04-15T10:00:00|2025-04-15T11:00:00|2025-04-15T12:00:00|2025-04-15T13:00:00|2025-04-15T14:00:00|2025-04-15T15:00:00|2025-04-15T16:00:00|2025-04-15T17:00:00|2025-04-15T18:00:00|2025-04-15T19:00:00|2025-04-15T20:00:00|2025-04-15T21:00:00|2025-04-15T22:00:00|2025-04-15T23:00:00|2025-04-16T00:00:00|2025-04-16T01:00:00|2025-04-16T02:00:00|2025-04-16T03:00:00|2025-04-16T04:00:00|2025-04-16T05:00:00|2025-04-16T06:00:00|2025-04-16T07:00:00|2025-04-16T08:00:00|2025-04-16T09:00:00|2025-04-16T10:00:00|2025-04-16T11:00:00|2025-04-16T12:00:00|2025-04-16T13:00:00|2025-04-16T14:00:00|2025-04-16T15:00:00|2025-04-16T16:00:00|2025-04-16T17:00:00|2025-04-16T18:00:00|2025-04-16T19:00:00|2025-04-16T20:00:00|2025-04-16T21:00:00|2025-04-16T22:00:00|2025-04-16T23:00:00|2025-04-17T00:00:00|2025-04-17T01:00:00|2025-04-17T02:00:00|2025-04-17T03:00:00|2025-04-17T04:00:00|2025-04-17T05:00:00|2025-04-17T06:00:00|2025-04-17T07:00:00|2025-04-17T08:00:00|2025-04-17T09:00:00|2025-04-17T10:00:00|2025-04-17T11:00:00|2025-04-17T12:00:00|2025-04-17T13:00:00|2025-04-17T14:00:00|2025-04-17T15:00:00|2025-04-17T16:00:00|2025-04-17T17:00:00|2025-04-17T18:00:00|2025-04-17T19:00:00|2025-04-17T20:00:00|2025-04-17T21:00:00|2025-04-17T22:00:00|2025-04-17T23:00:00|2025-04-18T00:00:00|2025-04-18T01:00:00|2025-04-18T02:00:00|2025-04-18T03:00:00|2025-04-18T04:00:00|2025-04-18T05:00:00|2025-04-18T06:00:00|2025-04-18T07:00:00|2025-04-18T08:00:00|2025-04-18T09:00:00|2025-04-18T10:00:00|2025-04-18T11:00:00|2025-04-18T12:00:00|2025-04-18T13:00:00|2025-04-18T14:00:00|2025-04-18T15:00:00|2025-04-18T16:00:00|2025-04-18T17:00:00|2025-04-18T18:00:00|2025-04-18T19:00:00|2025-04-18T20:00:00|2025-04-18T21:00:00|2025-04-18T22:00:00|2025-04-18T23:00:00|2025-04-19T00:00:00|2025-04-19T01:00:00|2025-04-19T02:00:00|2025-04-19T03:00:00|2025-04-19T04:00:00|2025-04-19T05:00:00|2025-04-19T06:00:00|2025-04-19T07:00:00|2025-04-19T08:00:00|2025-04-19T09:00:00|2025-04-19T10:00:00|2025-04-19T11:00:00|2025-04-19T12:00:00|2025-04-19T13:00:00|2025-04-19T14:00:00|2025-04-19T15:00:00|2025-04-19T16:00:00|2025-04-19T17:00:00|2025-04-19T18:00:00|2025-04-19T19:00:00|2025-04-19T20:00:00|2025-04-19T21:00:00|2025-04-19T22:00:00|2025-04-19T23:00:00|2025-04-20T00:00:00|2025-04-20T01:00:00|2025-04-20T02:00:00|2025-04-20T03:00:00|2025-04-20T04:00:00|2025-04-20T05:00:00|2025-04-20T06:00:00|2025-04-20T07:00:00|2025-04-20T08:00:00|2025-04-20T09:00:00|2025-04-20T10:00:00|2025-04-20T11:00:00|2025-04-20T12:00:00|2025-04-20T13:00:00|2025-04-20T14:00:00|2025-04-20T15:00:00|2025-04-20T16:00:00|2025-04-20T17:00:00|2025-04-20T18:00:00|2025-04-20T19:00:00|2025-04-20T20:00:00|2025-04-20T21:00:00|2025-04-20T22:00:00|2025-04-20T23:00:00|2025-04-21T00:00:00|2025-04-21T01:00:00|2025-04-21T02:00:00|2025-04-21T03:00:00|2025-04-21T04:00:00|2025-04-21T05:00:00|2025-04-21T06:00:00|2025-04-21T07:00:00|2025-04-21T08:00:00|2025-04-21T09:00:00|2025-04-21T10:00:00|2025-04-21T11:00:00|2025-04-21T12:00:00|2025-04-21T13:00:00|2025-04-21T14:00:00|2025-04-21T15:00:00|2025-04-21T16:00:00|2025-04-21T17:00:00|2025-04-21T18:00:00|2025-04-21T19:00:00|2025-04-21T20:00:00|2025-04-21T21:00:00|2025-04-21T22:00:00|2025-04-21T23:00:00|2025-04-22T00:00:00|2025-04-22T01:00:00|2025-04-22T02:00:00|2025-04-22T03:00:00|2025-04-22T04:00:00|2025-04-22T05:00:00|2025-04-22T06:00:00|2025-04-22T07:00:00|2025-04-22T08:00:00|2025-04-22T09:00:00|2025-04-22T10:00:00|2025-04-22T11:00:00|2025-04-22T12:00:00|2025-04-22T13:00:00|2025-04-22T14:00:00|2025-04-22T15:00:00|2025-04-22T16:00:00|2025-04-22T17:00:00|2025-04-22T18:00:00|2025-04-22T19:00:00|2025-04-22T20:00:00|2025-04-22T21:00:00|2025-04-22T22:00:00|2025-04-22T23:00:00|2025-04-23T00:00:00|2025-04-23T01:00:00|2025-04-23T02:00:00|2025-04-23T03:00:00|2025-04-23T04:00:00|2025-04-23T05:00:00|2025-04-23T06:00:00|2025-04-23T07:00:00|2025-04-23T08:00:00|2025-04-23T09:00:00|2025-04-23T10:00:00|2025-04-23T11:00:00|2025-04-23T12:00:00|2025-04-23T13:00:00|2025-04-23T14:00:00|2025-04-23T15:00:00|2025-04-23T16:00:00|2025-04-23T17:00:00|2025-04-23T18:00:00|2025-04-23T19:00:00|2025-04-23T20:00:00|2025-04-23T21:00:00|2025-04-23T22:00:00|2025-04-23T23:00:00|2025-04-24T00:00:00|2025-04-24T01:00:00|2025-04-24T02:00:00|2025-04-24T03:00:00|2025-04-24T04:00:00|2025-04-24T05:00:00|2025-04-24T06:00:00|2025-04-24T07:00:00|2025-04-24T08:00:00|2025-04-24T09:00:00|2025-04-24T10:00:00|2025-04-24T11:00:00|2025-04-24T12:00:00|2025-04-24T13:00:00|2025-04-24T14:00:00|2025-04-24T15:00:00|2025-04-24T16:00:00|2025-04-24T17:00:00|2025-04-24T18:00:00|2025-04-24T19:00:00|2025-04-24T20:00:00|2025-04-24T21:00:00|2025-04-24T22:00:00|2025-04-24T23:00:00|2025-04-25T00:00:00|2025-04-25T01:00:00|2025-04-25T02:00:00|2025-04-25T03:00:00|2025-04-25T04:00:00|2025-04-25T05:00:00|2025-04-25T06:00:00|2025-04-25T07:00:00|2025-04-25T08:00:00|2025-04-25T09:00:00|2025-04-25T10:00:00|2025-04-25T11:00:00|2025-04-25T12:00:00|2025-04-25T13:00:00|2025-04-25T14:00:00|2025-04-25T15:00:00|2025-04-25T16:00:00|2025-04-25T17:00:00|2025-04-25T18:00:00|2025-04-25T19:00:00|2025-04-25T20:00:00|2025-04-25T21:00:00|2025-04-25T22:00:00|2025-04-25T23:00:00|2025-04-26T00:00:00|2025-04-26T01:00:00|2025-04-26T02:00:00|2025-04-26T03:00:00|2025-04-26T04:00:00|2025-04-26T05:00:00|2025-04-26T06:00:00|2025-04-26T07:00:00|2025-04-26T08:00:00|2025-04-26T09:00:00|2025-04-26T10:00:00|2025-04-26T11:00:00|2025-04-26T12:00:00|2025-04-26T13:00:00|2025-04-26T14:00:00|2025-04-26T15:00:00|2025-04-26T16:00:00|2025-04-26T17:00:00|2025-04-26T18:00:00|2025-04-26T19:00:00|2025-04-26T20:00:00|2025-04-26T21:00:00|2025-04-26T22:00:00|2025-04-26T23:00:00|2025-04-27T00:00:00|2025-04-27T01:00:00|2025-04-27T02:00:00|2025-04-27T03:00:00|2025-04-27T04:00:00|2025-04-27T05:00:00|2025-04-27T06:00:00|2025-04-27T07:00:00|2025-04-27T08:00:00|2025-04-27T09:00:00|2025-04-27T10:00:00|2025-04-27T11:00:00|2025-04-27T12:00:00|2025-04-27T13:00:00|2025-04-27T14:00:00|2025-04-27T15:00:00|2025-04-27T16:00:00|2025-04-27T17:00:00|2025-04-27T18:00:00|2025-04-27T19:00:00|2025-04-27T20:00:00|2025-04-27T21:00:00|2025-04-27T22:00:00|2025-04-27T23:00:00|2025-04-28T00:00:00|2025-04-28T01:00:00|2025-04-28T02:00:00|2025-04-28T03:00:00|2025-04-28T04:00:00|2025-04-28T05:00:00|2025-04-28T06:00:00|2025-04-28T07:00:00|2025-04-28T08:00:00|2025-04-28T09:00:00|2025-04-28T10:00:00|2025-04-28T11:00:00|2025-04-28T12:00:00|2025-04-28T13:00:00|2025-04-28T14:00:00|2025-04-28T15:00:00|2025-04-28T16:00:00|2025-04-28T17:00:00|2025-04-28T18:00:00|2025-04-28T19:00:00|2025-04-28T20:00:00|2025-04-28T21:00:00|2025-04-28T22:00:00|2025-04-28T23:00:00|2025-04-29T00:00:00|2025-04-29T01:00:00|2025-04-29T02:00:00|2025-04-29T03:00:00|2025-04-29T04:00:00|2025-04-29T05:00:00|2025-04-29T06:00:00|2025-04-29T07:00:00|2025-04-29T08:00:00|2025-04-29T09:00:00|2025-04-29T10:00:00|2025-04-29T11:00:00|2025-04-29T12:00:00|2025-04-29T13:00:00|2025-04-29T14:00:00|2025-04-29T15:00:00|2025-04-29T16:00:00|2025-04-29T17:00:00|2025-04-29T18:00:00|2025-04-29T19:00:00|2025-04-29T20:00:00|2025-04-29T21:00:00|2025-04-29T22:00:00|2025-04-29T23:00:00|2025-04-30T00:00:00|2025-04-30T01:00:00|2025-04-30T02:00:00|2025-04-30T03:00:00|2025-04-30T04:00:00|2025-04-30T05:00:00|2025-04-30T06:00:00|2025-04-30T07:00:00|2025-04-30T08:00:00|2025-04-30T09:00:00|2025-04-30T10:00:00|2025-04-30T11:00:00|2025-04-30T12:00:00|2025-04-30T13:00:00|2025-04-30T14:00:00|2025-04-30T15:00:00|2025-04-30T16:00:00|2025-04-30T17:00:00|2025-04-30T18:00:00|2025-04-30T19:00:00|2025-04-30T20:00:00|2025-04-30T21:00:00|2025-04-30T22:00:00|2025-04-30T23:00:00|2025-05-01T00:00:00|2025-05-01T01:00:00|2025-05-01T02:00:00|2025-05-01T03:00:00|2025-05-01T04:00:00|2025-05-01T05:00:00|2025-05-01T06:00:00|2025-05-01T07:00:00|2025-05-01T08:00:00|2025-05-01T09:00:00|2025-05-01T10:00:00|2025-05-01T11:00:00|2025-05-01T12:00:00|2025-05-01T13:00:00|2025-05-01T14:00:00|2025-05-01T15:00:00|2025-05-01T16:00:00|2025-05-01T17:00:00|2025-05-01T18:00:00|2025-05-01T19:00:00|2025-05-01T20:00:00|2025-05-01T21:00:00|2025-05-01T22:00:00|2025-05-01T23:00:00|2025-05-02T00:00:00|2025-05-02T01:00:00|2025-05-02T02:00:00|2025-05-02T03:00:00|2025-05-02T04:00:00|2025-05-02T05:00:00|2025-05-02T06:00:00|2025-05-02T07:00:00|2025-05-02T08:00:00|2025-05-02T09:00:00|2025-05-02T10:00:00|2025-05-02T11:00:00|2025-05-02T12:00:00|2025-05-02T13:00:00|2025-05-02T14:00:00|2025-05-02T15:00:00|2025-05-02T16:00:00|2025-05-02T17:00:00|2025-05-02T18:00:00|2025-05-02T19:00:00|2025-05-02T20:00:00|2025-05-02T21:00:00|2025-05-02T22:00:00|2025-05-02T23:00:00|2025-05-03T00:00:00|2025-05-03T01:00:00|2025-05-03T02:00:00|2025-05-03T03:00:00|2025-05-03T04:00:00|2025-05-03T05:00:00|2025-05-03T06:00:00|2025-05-03T07:00:00|2025-05-03T08:00:00|2025-05-03T09:00:00|2025-05-03T10:00:00|2025-05-03T11:00:00|2025-05-03T12:00:00|2025-05-03T13:00:00|2025-05-03T14:00:00|2025-05-03T15:00:00|2025-05-03T16:00:00|2025-05-03T17:00:00|2025-05-03T18:00:00|2025-05-03T19:00:00|2025-05-03T20:00:00|2025-05-03T21:00:00|2025-05-03T22:00:00|2025-05-03T23:00:00|2025-05-04T00:00:00|2025-05-04T01:00:00|2025-05-04T02:00:00|2025-05-04T03:00:00|2025-05-04T04:00:00|2025-05-04T05:00:00|2025-05-04T06:00:00|2025-05-04T07:00:00|2025-05-04T08:00:00|2025-05-04T09:00:00|2025-05-04T10:00:00|2025-05-04T11:00:00|2025-05-04T12:00:00|2025-05-04T13:00:00|2025-05-04T14:00:00|2025-05-04T15:00:00|2025-05-04T16:00:00|2025-05-04T17:00:00|2025-05-04T18:00:00|2025-05-04T19:00:00|2025-05-04T20:00:00|2025-05-04T21:00:00|2025-05-04T22:00:00|2025-05-04T23:00:00|2025-05-05T00:00:00|2025-05-05T01:00:00|2025-05-05T02:00:00|2025-05-05T03:00:00|2025-05-05T04:00:00|2025-05-05T05:00:00|2025-05-05T06:00:00|2025-05-05T07:00:00|2025-05-05T08:00:00|2025-05-05T09:00:00|2025-05-05T10:00:00|2025-05-05T11:00:00|2025-05-05T12:00:00|2025-05-05T13:00:00|2025-05-05T14:00:00|2025-05-05T15:00:00|2025-05-05T16:00:00|2025-05-05T17:00:00|2025-05-05T18:00:00|2025-05-05T19:00:00|2025-05-05T20:00:00|2025-05-05T21:00:00|2025-05-05T22:00:00|2025-05-05T23:00:00|2025-05-06T00:00:00|2025-05-06T01:00:00|2025-05-06T02:00:00|2025-05-06T03:00:00|2025-05-06T04:00:00|2025-05-06T05:00:00|2025-05-06T06:00:00|2025-05-06T07:00:00|2025-05-06T08:00:00|2025-05-06T09:00:00|2025-05-06T10:00:00|2025-05-06T11:00:00|2025-05-06T12:00:00|2025-05-06T13:00:00|2025-05-06T14:00:00|2025-05-06T15:00:00|2025-05-06T16:00:00|2025-05-06T17:00:00|2025-05-06T18:00:00|2025-05-06T19:00:00|2025-05-06T20:00:00|2025-05-06T21:00:00|2025-05-06T22:00:00|2025-05-06T23:00:00|2025-05-07T00:00:00|2025-05-07T01:00:00|2025-05-07T02:00:00|2025-05-07T03:00:00|2025-05-07T04:00:00|2025-05-07T05:00:00|2025-05-07T06:00:00|2025-05-07T07:00:00|2025-05-07T08:00:00|2025-05-07T09:00:00|2025-05-07T10:00:00|2025-05-07T11:00:00|2025-05-07T12:00:00|2025-05-07T13:00:00|2025-05-07T14:00:00|2025-05-07T15:00:00|2025-05-07T16:00:00|2025-05-07T17:00:00|2025-05-07T18:00:00|2025-05-07T19:00:00|2025-05-07T20:00:00|2025-05-07T21:00:00|2025-05-07T22:00:00|2025-05-07T23:00:00|2025-05-08T00:00:00|2025-05-08T01:00:00|2025-05-08T02:00:00|2025-05-08T03:00:00|2025-05-08T04:00:00|2025-05-08T05:00:00|2025-05-08T06:00:00|2025-05-08T07:00:00|2025-05-08T08:00:00|2025-05-08T09:00:00|2025-05-08T10:00:00|2025-05-08T11:00:00|2025-05-08T12:00:00|2025-05-08T13:00:00|2025-05-08T14:00:00|2025-05-08T15:00:00|2025-05-08T16:00:00|2025-05-08T17:00:00|2025-05-08T18:00:00|2025-05-08T19:00:00|2025-05-08T20:00:00|2025-05-08T21:00:00|2025-05-08T22:00:00|2025-05-08T23:00:00|2025-05-09T00:00:00|2025-05-09T01:00:00|2025-05-09T02:00:00|2025-05-09T03:00:00|2025-05-09T04:00:00|2025-05-09T05:00:00|2025-05-09T06:00:00|2025-05-09T07:00:00|2025-05-09T08:00:00|2025-05-09T09:00:00|2025-05-09T10:00:00|2025-05-09T11:00:00|2025-05-09T12:00:00|2025-05-09T13:00:00|2025-05-09T14:00:00|2025-05-09T15:00:00|2025-05-09T16:00:00|2025-05-09T17:00:00|2025-05-09T18:00:00|2025-05-09T19:00:00|2025-05-09T20:00:00|2025-05-09T21:00:00|2025-05-09T22:00:00|2025-05-09T23:00:00|2025-05-10T00:00:00|2025-05-10T01:00:00|2025-05-10T02:00:00|2025-05-10T03:00:00|2025-05-10T04:00:00|2025-05-10T05:00:00|2025-05-10T06:00:00|2025-05-10T07:00:00|2025-05-10T08:00:00|2025-05-10T09:00:00|2025-05-10T10:00:00|2025-05-10T11:00:00|2025-05-10T12:00:00|2025-05-10T13:00:00|2025-05-10T14:00:00|2025-05-10T15:00:00|2025-05-10T16:00:00|2025-05-10T17:00:00|2025-05-10T18:00:00|2025-05-10T19:00:00|2025-05-10T20:00:00|2025-05-10T21:00:00|2025-05-10T22:00:00|2025-05-10T23:00:00|2025-05-11T00:00:00|2025-05-11T01:00:00|2025-05-11T02:00:00|2025-05-11T03:00:00|2025-05-11T04:00:00|2025-05-11T05:00:00|2025-05-11T06:00:00|2025-05-11T07:00:00|2025-05-11T08:00:00|2025-05-11T09:00:00|2025-05-11T10:00:00|2025-05-11T11:00:00|2025-05-11T12:00:00|2025-05-11T13:00:00|2025-05-11T14:00:00|2025-05-11T15:00:00|2025-05-11T16:00:00|2025-05-11T17:00:00|2025-05-11T18:00:00|2025-05-11T19:00:00|2025-05-11T20:00:00|2025-05-11T21:00:00|2025-05-11T22:00:00|2025-05-11T23:00:00|2025-05-12T00:00:00|2025-05-12T01:00:00|2025-05-12T02:00:00|2025-05-12T03:00:00|2025-05-12T04:00:00|2025-05-12T05:00:00|2025-05-12T06:00:00|2025-05-12T07:00:00|2025-05-12T08:00:00|2025-05-12T09:00:00|2025-05-12T10:00:00|2025-05-12T11:00:00|2025-05-12T12:00:00|2025-05-12T13:00:00|2025-05-12T14:00:00|2025-05-12T15:00:00|2025-05-12T16:00:00|2025-05-12T17:00:00|2025-05-12T18:00:00|2025-05-12T19:00:00|2025-05-12T20:00:00|2025-05-12T21:00:00|2025-05-12T22:00:00|2025-05-12T23:00:00|2025-05-13T00:00:00|2025-05-13T01:00:00|2025-05-13T02:00:00|2025-05-13T03:00:00|2025-05-13T04:00:00|2025-05-13T05:00:00|2025-05-13T06:00:00|2025-05-13T07:00:00|2025-05-13T08:00:00|2025-05-13T09:00:00|2025-05-13T10:00:00|2025-05-13T11:00:00|2025-05-13T12:00:00|2025-05-13T13:00:00|2025-05-13T14:00:00|2025-05-13T15:00:00|2025-05-13T16:00:00|2025-05-13T17:00:00|2025-05-13T18:00:00|2025-05-13T19:00:00|2025-05-13T20:00:00|2025-05-13T21:00:00|2025-05-13T22:00:00|2025-05-13T23:00:00|2025-05-14T00:00:00|2025-05-14T01:00:00|2025-05-14T02:00:00|2025-05-14T03:00:00|2025-05-14T04:00:00|2025-05-14T05:00:00|2025-05-14T06:00:00|2025-05-14T07:00:00|2025-05-14T08:00:00|2025-05-14T09:00:00|2025-05-14T10:00:00|2025-05-14T11:00:00|2025-05-14T12:00:00|2025-05-14T13:00:00|2025-05-14T14:00:00|2025-05-14T15:00:00|2025-05-14T16:00:00|2025-05-14T17:00:00|2025-05-14T18:00:00|2025-05-14T19:00:00|2025-05-14T20:00:00|2025-05-14T21:00:00|2025-05-14T22:00:00|2025-05-14T23:00:00|2025-05-15T00:00:00|2025-05-15T01:00:00|2025-05-15T02:00:00|2025-05-15T03:00:00|2025-05-15T04:00:00|2025-05-15T05:00:00|2025-05-15T06:00:00|2025-05-15T07:00:00|2025-05-15T08:00:00|2025-05-15T09:00:00|2025-05-15T10:00:00|2025-05-15T11:00:00|2025-05-15T12:00:00|2025-05-15T13:00:00|2025-05-15T14:00:00|2025-05-15T15:00:00|2025-05-15T16:00:00|2025-05-15T17:00:00|2025-05-15T18:00:00|2025-05-15T19:00:00|2025-05-15T20:00:00|2025-05-15T21:00:00|2025-05-15T22:00:00|2025-05-15T23:00:00|2025-05-16T00:00:00|2025-05-16T01:00:00|2025-05-16T02:00:00|2025-05-16T03:00:00|2025-05-16T04:00:00|2025-05-16T05:00:00|2025-05-16T06:00:00|2025-05-16T07:00:00|2025-05-16T08:00:00|2025-05-16T09:00:00|2025-05-16T10:00:00|2025-05-16T11:00:00|2025-05-16T12:00:00|2025-05-16T13:00:00|2025-05-16T14:00:00|2025-05-16T15:00:00|2025-05-16T16:00:00|2025-05-16T17:00:00|2025-05-16T18:00:00|2025-05-16T19:00:00|2025-05-16T20:00:00|2025-05-16T21:00:00|2025-05-16T22:00:00|2025-05-16T23:00:00|2025-05-17T00:00:00|2025-05-17T01:00:00|2025-05-17T02:00:00|2025-05-17T03:00:00|2025-05-17T04:00:00|2025-05-17T05:00:00|2025-05-17T06:00:00|2025-05-17T07:00:00|2025-05-17T08:00:00|2025-05-17T09:00:00|2025-05-17T10:00:00|2025-05-17T11:00:00|2025-05-17T12:00:00|2025-05-17T13:00:00|2025-05-17T14:00:00|2025-05-17T15:00:00|2025-05-17T16:00:00|2025-05-17T17:00:00|2025-05-17T18:00:00|2025-05-17T19:00:00|2025-05-17T20:00:00|2025-05-17T21:00:00|2025-05-17T22:00:00|2025-05-17T23:00:00|2025-05-18T00:00:00|2025-05-18T01:00:00|2025-05-18T02:00:00|2025-05-18T03:00:00|2025-05-18T04:00:00|2025-05-18T05:00:00|2025-05-18T06:00:00|2025-05-18T07:00:00|2025-05-18T08:00:00|2025-05-18T09:00:00|2025-05-18T10:00:00|2025-05-18T11:00:00|2025-05-18T12:00:00|2025-05-18T13:00:00|2025-05-18T14:00:00|2025-05-18T15:00:00|2025-05-18T16:00:00|2025-05-18T17:00:00|2025-05-18T18:00:00|2025-05-18T19:00:00|2025-05-18T20:00:00|2025-05-18T21:00:00|2025-05-18T22:00:00|2025-05-18T23:00:00|2025-05-19T00:00:00|2025-05-19T01:00:00|2025-05-19T02:00:00|2025-05-19T03:00:00|2025-05-19T04:00:00|2025-05-19T05:00:00|2025-05-19T06:00:00|2025-05-19T07:00:00|2025-05-19T08:00:00|2025-05-19T09:00:00|2025-05-19T10:00:00|2025-05-19T11:00:00|2025-05-19T12:00:00|2025-05-19T13:00:00|2025-05-19T14:00:00|2025-05-19T15:00:00|2025-05-19T16:00:00|2025-05-19T17:00:00|2025-05-19T18:00:00|2025-05-19T19:00:00|2025-05-19T20:00:00|2025-05-19T21:00:00|2025-05-19T22:00:00|2025-05-19T23:00:00|2025-05-20T00:00:00|2025-05-20T01:00:00|2025-05-20T02:00:00|2025-05-20T03:00:00|2025-05-20T04:00:00|2025-05-20T05:00:00|2025-05-20T06:00:00|2025-05-20T07:00:00|2025-05-20T08:00:00|2025-05-20T09:00:00|2025-05-20T10:00:00|2025-05-20T11:00:00|2025-05-20T12:00:00|2025-05-20T13:00:00|2025-05-20T14:00:00|2025-05-20T15:00:00|2025-05-20T16:00:00|2025-05-20T17:00:00|2025-05-20T18:00:00|2025-05-20T19:00:00|2025-05-20T20:00:00|2025-05-20T21:00:00|2025-05-20T22:00:00|2025-05-20T23:00:00|2025-05-21T00:00:00|2025-05-21T01:00:00|2025-05-21T02:00:00|2025-05-21T03:00:00|2025-05-21T04:00:00|2025-05-21T05:00:00|2025-05-21T06:00:00|2025-05-21T07:00:00|2025-05-21T08:00:00|2025-05-21T09:00:00|2025-05-21T10:00:00|2025-05-21T11:00:00|2025-05-21T12:00:00|2025-05-21T13:00:00|2025-05-21T14:00:00|2025-05-21T15:00:00|2025-05-21T16:00:00|2025-05-21T17:00:00|2025-05-21T18:00:00|2025-05-21T19:00:00|2025-05-21T20:00:00|2025-05-21T21:00:00|2025-05-21T22:00:00|2025-05-21T23:00:00|2025-05-22T00:00:00|2025-05-22T01:00:00|2025-05-22T02:00:00|2025-05-22T03:00:00|2025-05-22T04:00:00|2025-05-22T05:00:00|2025-05-22T06:00:00|2025-05-22T07:00:00|2025-05-22T08:00:00|2025-05-22T09:00:00|2025-05-22T10:00:00|2025-05-22T11:00:00|2025-05-22T12:00:00|2025-05-22T13:00:00|2025-05-22T14:00:00|2025-05-22T15:00:00|2025-05-22T16:00:00|2025-05-22T17:00:00|2025-05-22T18:00:00|2025-05-22T19:00:00|2025-05-22T20:00:00|2025-05-22T21:00:00|2025-05-22T22:00:00|2025-05-22T23:00:00|2025-05-23T00:00:00|2025-05-23T01:00:00|2025-05-23T02:00:00|2025-05-23T03:00:00|2025-05-23T04:00:00|2025-05-23T05:00:00|2025-05-23T06:00:00|2025-05-23T07:00:00|2025-05-23T08:00:00|2025-05-23T09:00:00|2025-05-23T10:00:00|2025-05-23T11:00:00|2025-05-23T12:00:00|2025-05-23T13:00:00|2025-05-23T14:00:00|2025-05-23T15:00:00|2025-05-23T16:00:00|2025-05-23T17:00:00|2025-05-23T18:00:00|2025-05-23T19:00:00|2025-05-23T20:00:00|2025-05-23T21:00:00|2025-05-23T22:00:00|2025-05-23T23:00:00|2025-05-24T00:00:00|2025-05-24T01:00:00|2025-05-24T02:00:00|2025-05-24T03:00:00|2025-05-24T04:00:00|2025-05-24T05:00:00|2025-05-24T06:00:00|2025-05-24T07:00:00|2025-05-24T08:00:00|2025-05-24T09:00:00|2025-05-24T10:00:00|2025-05-24T11:00:00|2025-05-24T12:00:00|2025-05-24T13:00:00|2025-05-24T14:00:00|2025-05-24T15:00:00|2025-05-24T16:00:00|2025-05-24T17:00:00|2025-05-24T18:00:00|2025-05-24T19:00:00|2025-05-24T20:00:00|2025-05-24T21:00:00|2025-05-24T22:00:00|2025-05-24T23:00:00|2025-05-25T00:00:00|2025-05-25T01:00:00|2025-05-25T02:00:00|2025-05-25T03:00:00|2025-05-25T04:00:00|2025-05-25T05:00:00|2025-05-25T06:00:00|2025-05-25T07:00:00|2025-05-25T08:00:00|2025-05-25T09:00:00|2025-05-25T10:00:00|2025-05-25T11:00:00|2025-05-25T12:00:00|2025-05-25T13:00:00|2025-05-25T14:00:00|2025-05-25T15:00:00|2025-05-25T16:00:00|2025-05-25T17:00:00|2025-05-25T18:00:00|2025-05-25T19:00:00|2025-05-25T20:00:00|2025-05-25T21:00:00|2025-05-25T22:00:00|2025-05-25T23:00:00|2025-05-26T00:00:00|2025-05-26T01:00:00|2025-05-26T02:00:00|2025-05-26T03:00:00|2025-05-26T04:00:00|2025-05-26T05:00:00|2025-05-26T06:00:00|2025-05-26T07:00:00|2025-05-26T08:00:00|2025-05-26T09:00:00|2025-05-26T10:00:00|2025-05-26T11:00:00|2025-05-26T12:00:00|2025-05-26T13:00:00|2025-05-26T14:00:00|2025-05-26T15:00:00|2025-05-26T16:00:00|2025-05-26T17:00:00|2025-05-26T18:00:00|2025-05-26T19:00:00|2025-05-26T20:00:00|2025-05-26T21:00:00|2025-05-26T22:00:00|2025-05-26T23:00:00|2025-05-27T00:00:00|2025-05-27T01:00:00|2025-05-27T02:00:00|2025-05-27T03:00:00|2025-05-27T04:00:00|2025-05-27T05:00:00|2025-05-27T06:00:00|2025-05-27T07:00:00|2025-05-27T08:00:00|2025-05-27T09:00:00|2025-05-27T10:00:00|2025-05-27T11:00:00|2025-05-27T12:00:00|2025-05-27T13:00:00|2025-05-27T14:00:00|2025-05-27T15:00:00|2025-05-27T16:00:00|2025-05-27T17:00:00|2025-05-27T18:00:00|2025-05-27T19:00:00|2025-05-27T20:00:00|2025-05-27T21:00:00|2025-05-27T22:00:00|2025-05-27T23:00:00|2025-05-28T00:00:00|2025-05-28T01:00:00|2025-05-28T02:00:00|2025-05-28T03:00:00|2025-05-28T04:00:00|2025-05-28T05:00:00|2025-05-28T06:00:00|2025-05-28T07:00:00|2025-05-28T08:00:00|2025-05-28T09:00:00|2025-05-28T10:00:00|2025-05-28T11:00:00|2025-05-28T12:00:00|2025-05-28T13:00:00|2025-05-28T14:00:00|2025-05-28T15:00:00|2025-05-28T16:00:00|2025-05-28T17:00:00|2025-05-28T18:00:00|2025-05-28T19:00:00|2025-05-28T20:00:00|2025-05-28T21:00:00|2025-05-28T22:00:00|2025-05-28T23:00:00|2025-05-29T00:00:00|2025-05-29T01:00:00|2025-05-29T02:00:00|2025-05-29T03:00:00|2025-05-29T04:00:00|2025-05-29T05:00:00|2025-05-29T06:00:00|2025-05-29T07:00:00|2025-05-29T08:00:00|2025-05-29T09:00:00|2025-05-29T10:00:00|2025-05-29T11:00:00|2025-05-29T12:00:00|2025-05-29T13:00:00|2025-05-29T14:00:00|2025-05-29T15:00:00|2025-05-29T16:00:00|2025-05-29T17:00:00|2025-05-29T18:00:00|2025-05-29T19:00:00|2025-05-29T20:00:00|2025-05-29T21:00:00|2025-05-29T22:00:00|2025-05-29T23:00:00|2025-05-30T00:00:00|2025-05-30T01:00:00|2025-05-30T02:00:00|2025-05-30T03:00:00|2025-05-30T04:00:00|2025-05-30T05:00:00|2025-05-30T06:00:00|2025-05-30T07:00:00|2025-05-30T08:00:00|2025-05-30T09:00:00|2025-05-30T10:00:00|2025-05-30T11:00:00|2025-05-30T12:00:00|2025-05-30T13:00:00|2025-05-30T14:00:00|2025-05-30T15:00:00|2025-05-30T16:00:00|2025-05-30T17:00:00|2025-05-30T18:00:00|2025-05-30T19:00:00|2025-05-30T20:00:00|2025-05-30T21:00:00|2025-05-30T22:00:00|2025-05-30T23:00:00|2025-05-31T00:00:00|2025-05-31T01:00:00|2025-05-31T02:00:00|2025-05-31T03:00:00|2025-05-31T04:00:00|2025-05-31T05:00:00|2025-05-31T06:00:00|2025-05-31T07:00:00|2025-05-31T08:00:00|2025-05-31T09:00:00|2025-05-31T10:00:00|2025-05-31T11:00:00|2025-05-31T12:00:00|2025-05-31T13:00:00|2025-05-31T14:00:00|2025-05-31T15:00:00|2025-05-31T16:00:00|2025-05-31T17:00:00|2025-05-31T18:00:00|2025-05-31T19:00:00|2025-05-31T20:00:00|2025-05-31T21:00:00|2025-05-31T22:00:00|2025-05-31T23:00:00|2025-06-01T00:00:00|2025-06-01T01:00:00|2025-06-01T02:00:00|2025-06-01T03:00:00|2025-06-01T04:00:00|2025-06-01T05:00:00|2025-06-01T06:00:00|2025-06-01T07:00:00|2025-06-01T08:00:00|2025-06-01T09:00:00|2025-06-01T10:00:00|2025-06-01T11:00:00|2025-06-01T12:00:00|2025-06-01T13:00:00|2025-06-01T14:00:00|2025-06-01T15:00:00|2025-06-01T16:00:00|2025-06-01T17:00:00|2025-06-01T18:00:00|2025-06-01T19:00:00|2025-06-01T20:00:00|2025-06-01T21:00:00|2025-06-01T22:00:00|2025-06-01T23:00:00|2025-06-02T00:00:00|2025-06-02T01:00:00|2025-06-02T02:00:00|2025-06-02T03:00:00|2025-06-02T04:00:00|2025-06-02T05:00:00|2025-06-02T06:00:00|2025-06-02T07:00:00|2025-06-02T08:00:00|2025-06-02T09:00:00|2025-06-02T10:00:00|2025-06-02T11:00:00|2025-06-02T12:00:00|2025-06-02T13:00:00|2025-06-02T14:00:00|2025-06-02T15:00:00|2025-06-02T16:00:00|2025-06-02T17:00:00|2025-06-02T18:00:00|2025-06-02T19:00:00|2025-06-02T20:00:00|2025-06-02T21:00:00|2025-06-02T22:00:00|2025-06-02T23:00:00|2025-06-03T00:00:00|2025-06-03T01:00:00|2025-06-03T02:00:00|2025-06-03T03:00:00|2025-06-03T04:00:00|2025-06-03T05:00:00|2025-06-03T06:00:00|2025-06-03T07:00:00|2025-06-03T08:00:00|2025-06-03T09:00:00|2025-06-03T10:00:00|2025-06-03T11:00:00|2025-06-03T12:00:00|2025-06-03T13:00:00|2025-06-03T14:00:00|2025-06-03T15:00:00|2025-06-03T16:00:00|2025-06-03T17:00:00|2025-06-03T18:00:00|2025-06-03T19:00:00|2025-06-03T20:00:00|2025-06-03T21:00:00|2025-06-03T22:00:00|2025-06-03T23:00:00|2025-06-04T00:00:00|2025-06-04T01:00:00|2025-06-04T02:00:00|2025-06-04T03:00:00|2025-06-04T04:00:00|2025-06-04T05:00:00|2025-06-04T06:00:00|2025-06-04T07:00:00|2025-06-04T08:00:00|2025-06-04T09:00:00|2025-06-04T10:00:00|2025-06-04T11:00:00|2025-06-04T12:00:00|2025-06-04T13:00:00|2025-06-04T14:00:00|2025-06-04T15:00:00|2025-06-04T16:00:00|2025-06-04T17:00:00|2025-06-04T18:00:00|2025-06-04T19:00:00|2025-06-04T20:00:00|2025-06-04T21:00:00|2025-06-04T22:00:00|2025-06-04T23:00:00|2025-06-05T00:00:00|2025-06-05T01:00:00|2025-06-05T02:00:00|2025-06-05T03:00:00|2025-06-05T04:00:00|2025-06-05T05:00:00|2025-06-05T06:00:00|2025-06-05T07:00:00|2025-06-05T08:00:00|2025-06-05T09:00:00|2025-06-05T10:00:00|2025-06-05T11:00:00|2025-06-05T12:00:00|2025-06-05T13:00:00|2025-06-05T14:00:00|2025-06-05T15:00:00|2025-06-05T16:00:00|2025-06-05T17:00:00|2025-06-05T18:00:00|2025-06-05T19:00:00|2025-06-05T20:00:00|2025-06-05T21:00:00|2025-06-05T22:00:00|2025-06-05T23:00:00|2025-06-06T00:00:00|2025-06-06T01:00:00|2025-06-06T02:00:00|2025-06-06T03:00:00|2025-06-06T04:00:00|2025-06-06T05:00:00|2025-06-06T06:00:00|2025-06-06T07:00:00|2025-06-06T08:00:00|2025-06-06T09:00:00|2025-06-06T10:00:00|2025-06-06T11:00:00|2025-06-06T12:00:00|2025-06-06T13:00:00|2025-06-06T14:00:00|2025-06-06T15:00:00|2025-06-06T16:00:00|2025-06-06T17:00:00|2025-06-06T18:00:00|2025-06-06T19:00:00|2025-06-06T20:00:00|2025-06-06T21:00:00|2025-06-06T22:00:00|2025-06-06T23:00:00|2025-06-07T00:00:00|2025-06-07T01:00:00|2025-06-07T02:00:00|2025-06-07T03:00:00|2025-06-07T04:00:00|2025-06-07T05:00:00|2025-06-07T06:00:00|2025-06-07T07:00:00|2025-06-07T08:00:00|2025-06-07T09:00:00|2025-06-07T10:00:00|2025-06-07T11:00:00|2025-06-07T12:00:00|2025-06-07T13:00:00|2025-06-07T14:00:00|2025-06-07T15:00:00|2025-06-07T16:00:00|2025-06-07T17:00:00|2025-06-07T18:00:00|2025-06-07T19:00:00|2025-06-07T20:00:00|2025-06-07T21:00:00|2025-06-07T22:00:00|2025-06-07T23:00:00|2025-06-08T00:00:00|2025-06-08T01:00:00|2025-06-08T02:00:00|2025-06-08T03:00:00|2025-06-08T04:00:00|2025-06-08T05:00:00|2025-06-08T06:00:00|2025-06-08T07:00:00|2025-06-08T08:00:00|2025-06-08T09:00:00|2025-06-08T10:00:00|2025-06-08T11:00:00|2025-06-08T12:00:00|2025-06-08T13:00:00|2025-06-08T14:00:00|2025-06-08T15:00:00|2025-06-08T16:00:00|2025-06-08T17:00:00|2025-06-08T18:00:00|2025-06-08T19:00:00|2025-06-08T20:00:00|2025-06-08T21:00:00|2025-06-08T22:00:00|2025-06-08T23:00:00|2025-06-09T00:00:00|2025-06-09T01:00:00|2025-06-09T02:00:00|2025-06-09T03:00:00|2025-06-09T04:00:00|2025-06-09T05:00:00|2025-06-09T06:00:00|2025-06-09T07:00:00|2025-06-09T08:00:00|2025-06-09T09:00:00|2025-06-09T10:00:00|2025-06-09T11:00:00|2025-06-09T12:00:00|2025-06-09T13:00:00|2025-06-09T14:00:00|2025-06-09T15:00:00|2025-06-09T16:00:00|2025-06-09T17:00:00|2025-06-09T18:00:00|2025-06-09T19:00:00|2025-06-09T20:00:00|2025-06-09T21:00:00|2025-06-09T22:00:00|2025-06-09T23:00:00|2025-06-10T00:00:00|2025-06-10T01:00:00|2025-06-10T02:00:00|2025-06-10T03:00:00|2025-06-10T04:00:00|2025-06-10T05:00:00|2025-06-10T06:00:00|2025-06-10T07:00:00|2025-06-10T08:00:00|2025-06-10T09:00:00|2025-06-10T10:00:00|2025-06-10T11:00:00|2025-06-10T12:00:00|2025-06-10T13:00:00|2025-06-10T14:00:00|2025-06-10T15:00:00|2025-06-10T16:00:00|2025-06-10T17:00:00|2025-06-10T18:00:00|2025-06-10T19:00:00|2025-06-10T20:00:00|2025-06-10T21:00:00|2025-06-10T22:00:00|2025-06-10T23:00:00|2025-06-11T00:00:00|2025-06-11T01:00:00|2025-06-11T02:00:00|2025-06-11T03:00:00|2025-06-11T04:00:00|2025-06-11T05:00:00|2025-06-11T06:00:00|2025-06-11T07:00:00|2025-06-11T08:00:00|2025-06-11T09:00:00|2025-06-11T10:00:00|2025-06-11T11:00:00|2025-06-11T12:00:00|2025-06-11T13:00:00|2025-06-11T14:00:00|2025-06-11T15:00:00|2025-06-11T16:00:00|2025-06-11T17:00:00|2025-06-11T18:00:00|2025-06-11T19:00:00|2025-06-11T20:00:00|2025-06-11T21:00:00|2025-06-11T22:00:00|2025-06-11T23:00:00|2025-06-12T00:00:00|2025-06-12T01:00:00|2025-06-12T02:00:00|2025-06-12T03:00:00|2025-06-12T04:00:00|2025-06-12T05:00:00|2025-06-12T06:00:00|2025-06-12T07:00:00|2025-06-12T08:00:00|2025-06-12T09:00:00|2025-06-12T10:00:00|2025-06-12T11:00:00|2025-06-12T12:00:00|2025-06-12T13:00:00|2025-06-12T14:00:00|2025-06-12T15:00:00|2025-06-12T16:00:00|2025-06-12T17:00:00|2025-06-12T18:00:00|2025-06-12T19:00:00|2025-06-12T20:00:00|2025-06-12T21:00:00|2025-06-12T22:00:00|2025-06-12T23:00:00|2025-06-13T00:00:00|2025-06-13T01:00:00|2025-06-13T02:00:00|2025-06-13T03:00:00|2025-06-13T04:00:00|2025-06-13T05:00:00|2025-06-13T06:00:00|2025-06-13T07:00:00|2025-06-13T08:00:00|2025-06-13T09:00:00|2025-06-13T10:00:00|2025-06-13T11:00:00|2025-06-13T12:00:00|2025-06-13T13:00:00|2025-06-13T14:00:00|2025-06-13T15:00:00|2025-06-13T16:00:00|2025-06-13T17:00:00|2025-06-13T18:00:00|2025-06-13T19:00:00|2025-06-13T20:00:00|2025-06-13T21:00:00|2025-06-13T22:00:00|2025-06-13T23:00:00|2025-06-14T00:00:00|2025-06-14T01:00:00|2025-06-14T02:00:00|2025-06-14T03:00:00|2025-06-14T04:00:00|2025-06-14T05:00:00|2025-06-14T06:00:00|2025-06-14T07:00:00|2025-06-14T08:00:00|2025-06-14T09:00:00|2025-06-14T10:00:00|2025-06-14T11:00:00|2025-06-14T12:00:00|2025-06-14T13:00:00|2025-06-14T14:00:00|2025-06-14T15:00:00|2025-06-14T16:00:00|2025-06-14T17:00:00|2025-06-14T18:00:00|2025-06-14T19:00:00|2025-06-14T20:00:00|2025-06-14T21:00:00|2025-06-14T22:00:00|2025-06-14T23:00:00|2025-06-15T00:00:00|2025-06-15T01:00:00|2025-06-15T02:00:00|2025-06-15T03:00:00|2025-06-15T04:00:00|2025-06-15T05:00:00|2025-06-15T06:00:00|2025-06-15T07:00:00|2025-06-15T08:00:00|2025-06-15T09:00:00|2025-06-15T10:00:00|2025-06-15T11:00:00|2025-06-15T12:00:00|2025-06-15T13:00:00|2025-06-15T14:00:00|2025-06-15T15:00:00|2025-06-15T16:00:00|2025-06-15T17:00:00|2025-06-15T18:00:00|2025-06-15T19:00:00|2025-06-15T20:00:00|2025-06-15T21:00:00|2025-06-15T22:00:00|2025-06-15T23:00:00|2025-06-16T00:00:00|2025-06-16T01:00:00|2025-06-16T02:00:00|2025-06-16T03:00:00|2025-06-16T04:00:00|2025-06-16T05:00:00|2025-06-16T06:00:00|2025-06-16T07:00:00|2025-06-16T08:00:00|2025-06-16T09:00:00|2025-06-16T10:00:00|2025-06-16T11:00:00|2025-06-16T12:00:00|2025-06-16T13:00:00|2025-06-16T14:00:00|2025-06-16T15:00:00|2025-06-16T16:00:00|2025-06-16T17:00:00|2025-06-16T18:00:00|2025-06-16T19:00:00|2025-06-16T20:00:00|2025-06-16T21:00:00|2025-06-16T22:00:00|2025-06-16T23:00:00|2025-06-17T00:00:00|2025-06-17T01:00:00|2025-06-17T02:00:00|2025-06-17T03:00:00|2025-06-17T04:00:00|2025-06-17T05:00:00|2025-06-17T06:00:00|2025-06-17T07:00:00|2025-06-17T08:00:00|2025-06-17T09:00:00|2025-06-17T10:00:00|2025-06-17T11:00:00|2025-06-17T12:00:00|2025-06-17T13:00:00|2025-06-17T14:00:00|2025-06-17T15:00:00|2025-06-17T16:00:00|2025-06-17T17:00:00|2025-06-17T18:00:00|2025-06-17T19:00:00|2025-06-17T20:00:00|2025-06-17T21:00:00|2025-06-17T22:00:00|2025-06-17T23:00:00|2025-06-18T00:00:00|2025-06-18T01:00:00|2025-06-18T02:00:00|2025-06-18T03:00:00|2025-06-18T04:00:00|2025-06-18T05:00:00|2025-06-18T06:00:00|2025-06-18T07:00:00|2025-06-18T08:00:00|2025-06-18T09:00:00|2025-06-18T10:00:00|2025-06-18T11:00:00|2025-06-18T12:00:00|2025-06-18T13:00:00|2025-06-18T14:00:00|2025-06-18T15:00:00|2025-06-18T16:00:00|2025-06-18T17:00:00|2025-06-18T18:00:00|2025-06-18T19:00:00|2025-06-18T20:00:00|2025-06-18T21:00:00|2025-06-18T22:00:00|2025-06-18T23:00:00|2025-06-19T00:00:00|2025-06-19T01:00:00|2025-06-19T02:00:00|2025-06-19T03:00:00|2025-06-19T04:00:00|2025-06-19T05:00:00|2025-06-19T06:00:00|2025-06-19T07:00:00|2025-06-19T08:00:00|2025-06-19T09:00:00|2025-06-19T10:00:00|2025-06-19T11:00:00|2025-06-19T12:00:00|2025-06-19T13:00:00|2025-06-19T14:00:00|2025-06-19T15:00:00|2025-06-19T16:00:00|2025-06-19T17:00:00|2025-06-19T18:00:00|2025-06-19T19:00:00|2025-06-19T20:00:00|2025-06-19T21:00:00|2025-06-19T22:00:00|2025-06-19T23:00:00|2025-06-20T00:00:00|2025-06-20T01:00:00|2025-06-20T02:00:00|2025-06-20T03:00:00|2025-06-20T04:00:00|2025-06-20T05:00:00|2025-06-20T06:00:00|2025-06-20T07:00:00|2025-06-20T08:00:00|2025-06-20T09:00:00|2025-06-20T10:00:00|2025-06-20T11:00:00|2025-06-20T12:00:00|2025-06-20T13:00:00|2025-06-20T14:00:00|2025-06-20T15:00:00|2025-06-20T16:00:00|2025-06-20T17:00:00|2025-06-20T18:00:00|2025-06-20T19:00:00|2025-06-20T20:00:00|2025-06-20T21:00:00|2025-06-20T22:00:00|2025-06-20T23:00:00|2025-06-21T00:00:00|2025-06-21T01:00:00|2025-06-21T02:00:00|2025-06-21T03:00:00|2025-06-21T04:00:00|2025-06-21T05:00:00|2025-06-21T06:00:00|2025-06-21T07:00:00|2025-06-21T08:00:00|2025-06-21T09:00:00|2025-06-21T10:00:00|2025-06-21T11:00:00|2025-06-21T12:00:00|2025-06-21T13:00:00|2025-06-21T14:00:00|2025-06-21T15:00:00|2025-06-21T16:00:00|2025-06-21T17:00:00|2025-06-21T18:00:00|2025-06-21T19:00:00|2025-06-21T20:00:00|2025-06-21T21:00:00|2025-06-21T22:00:00|2025-06-21T23:00:00|2025-06-22T00:00:00|2025-06-22T01:00:00|2025-06-22T02:00:00|2025-06-22T03:00:00|2025-06-22T04:00:00|2025-06-22T05:00:00|2025-06-22T06:00:00|2025-06-22T07:00:00|2025-06-22T08:00:00|2025-06-22T09:00:00|2025-06-22T10:00:00|2025-06-22T11:00:00|2025-06-22T12:00:00|2025-06-22T13:00:00|2025-06-22T14:00:00|2025-06-22T15:00:00|2025-06-22T16:00:00|2025-06-22T17:00:00|2025-06-22T18:00:00|2025-06-22T19:00:00|2025-06-22T20:00:00|2025-06-22T21:00:00|2025-06-22T22:00:00|2025-06-22T23:00:00|2025-06-23T00:00:00|2025-06-23T01:00:00|2025-06-23T02:00:00|2025-06-23T03:00:00|2025-06-23T04:00:00|2025-06-23T05:00:00|2025-06-23T06:00:00|2025-06-23T07:00:00|2025-06-23T08:00:00|2025-06-23T09:00:00|2025-06-23T10:00:00|2025-06-23T11:00:00|2025-06-23T12:00:00|2025-06-23T13:00:00|2025-06-23T14:00:00|2025-06-23T15:00:00|2025-06-23T16:00:00|2025-06-23T17:00:00|2025-06-23T18:00:00|2025-06-23T19:00:00|2025-06-23T20:00:00|2025-06-23T21:00:00|2025-06-23T22:00:00|2025-06-23T23:00:00|2025-06-24T00:00:00|2025-06-24T01:00:00|2025-06-24T02:00:00|2025-06-24T03:00:00|2025-06-24T04:00:00|2025-06-24T05:00:00|2025-06-24T06:00:00|2025-06-24T07:00:00|2025-06-24T08:00:00|2025-06-24T09:00:00|2025-06-24T10:00:00|2025-06-24T11:00:00|2025-06-24T12:00:00|2025-06-24T13:00:00|2025-06-24T14:00:00|2025-06-24T15:00:00|2025-06-24T16:00:00|2025-06-24T17:00:00|2025-06-24T18:00:00|2025-06-24T19:00:00|2025-06-24T20:00:00|2025-06-24T21:00:00|2025-06-24T22:00:00|2025-06-24T23:00:00|2025-06-25T00:00:00|2025-06-25T01:00:00|2025-06-25T02:00:00|2025-06-25T03:00:00|2025-06-25T04:00:00|2025-06-25T05:00:00|2025-06-25T06:00:00|2025-06-25T07:00:00|2025-06-25T08:00:00|2025-06-25T09:00:00|2025-06-25T10:00:00|2025-06-25T11:00:00|2025-06-25T12:00:00|2025-06-25T13:00:00|2025-06-25T14:00:00|2025-06-25T15:00:00|2025-06-25T16:00:00|2025-06-25T17:00:00|2025-06-25T18:00:00|2025-06-25T19:00:00|2025-06-25T20:00:00|2025-06-25T21:00:00|2025-06-25T22:00:00|2025-06-25T23:00:00|2025-06-26T00:00:00|2025-06-26T01:00:00|2025-06-26T02:00:00|2025-06-26T03:00:00|2025-06-26T04:00:00|2025-06-26T05:00:00|2025-06-26T06:00:00|2025-06-26T07:00:00|2025-06-26T08:00:00|2025-06-26T09:00:00|2025-06-26T10:00:00|2025-06-26T11:00:00|2025-06-26T12:00:00|2025-06-26T13:00:00|2025-06-26T14:00:00|2025-06-26T15:00:00|2025-06-26T16:00:00|2025-06-26T17:00:00|2025-06-26T18:00:00|2025-06-26T19:00:00|2025-06-26T20:00:00|2025-06-26T21:00:00|2025-06-26T22:00:00|2025-06-26T23:00:00|2025-06-27T00:00:00|2025-06-27T01:00:00|2025-06-27T02:00:00|2025-06-27T03:00:00|2025-06-27T04:00:00|2025-06-27T05:00:00|2025-06-27T06:00:00|2025-06-27T07:00:00|2025-06-27T08:00:00|2025-06-27T09:00:00|2025-06-27T10:00:00|2025-06-27T11:00:00|2025-06-27T12:00:00|2025-06-27T13:00:00|2025-06-27T14:00:00|2025-06-27T15:00:00|2025-06-27T16:00:00|2025-06-27T17:00:00|2025-06-27T18:00:00|2025-06-27T19:00:00|2025-06-27T20:00:00|2025-06-27T21:00:00|2025-06-27T22:00:00|2025-06-27T23:00:00|2025-06-28T00:00:00|2025-06-28T01:00:00|2025-06-28T02:00:00|2025-06-28T03:00:00|2025-06-28T04:00:00|2025-06-28T05:00:00|2025-06-28T06:00:00|2025-06-28T07:00:00|2025-06-28T08:00:00|2025-06-28T09:00:00|2025-06-28T10:00:00|2025-06-28T11:00:00|2025-06-28T12:00:00|2025-06-28T13:00:00|2025-06-28T14:00:00|2025-06-28T15:00:00|2025-06-28T16:00:00|2025-06-28T17:00:00|2025-06-28T18:00:00|2025-06-28T19:00:00|2025-06-28T20:00:00|2025-06-28T21:00:00|2025-06-28T22:00:00|2025-06-28T23:00:00|2025-06-29T00:00:00|2025-06-29T01:00:00|2025-06-29T02:00:00|2025-06-29T03:00:00|2025-06-29T04:00:00|2025-06-29T05:00:00|2025-06-29T06:00:00|2025-06-29T07:00:00|2025-06-29T08:00:00|2025-06-29T09:00:00|2025-06-29T10:00:00|2025-06-29T11:00:00|2025-06-29T12:00:00|2025-06-29T13:00:00|2025-06-29T14:00:00|2025-06-29T15:00:00|2025-06-29T16:00:00|2025-06-29T17:00:00|2025-06-29T18:00:00|2025-06-29T19:00:00|2025-06-29T20:00:00|2025-06-29T21:00:00|2025-06-29T22:00:00|2025-06-29T23:00:00|2025-06-30T00:00:00|2025-06-30T01:00:00|2025-06-30T02:00:00|2025-06-30T03:00:00|2025-06-30T04:00:00|2025-06-30T05:00:00|2025-06-30T06:00:00|2025-06-30T07:00:00|2025-06-30T08:00:00|2025-06-30T09:00:00|2025-06-30T10:00:00|2025-06-30T11:00:00|2025-06-30T12:00:00|2025-06-30T13:00:00|2025-06-30T14:00:00|2025-06-30T15:00:00|2025-06-30T16:00:00|2025-06-30T17:00:00|2025-06-30T18:00:00|2025-06-30T19:00:00|2025-06-30T20:00:00|2025-06-30T21:00:00|2025-06-30T22:00:00|2025-06-30T23:00:00,164,,,,,,,,,,1.0,
SANTA_ANITA,VIENTO_VECTOR,2025-01-17 12:00:00,2025-07-07 13:00:00,4106,4106,interstation_vector_regression,False,r2_below_threshold,0,,164,0.2104319078115755,CERES,5.078125565147413,1.0,8653.0,"[0.3334348082751856, 0.3115422484490757]","[[0.23710853728566844, 0.6820697604282098], [0.171673002739293, 0.2353361494538178]]",0.5,TimeSeriesSplit(5) multisalida,,
SANTA_ANITA,VIENTO_VECTOR,2025-01-17 12:00:00,2025-07-07 13:00:00,4106,4106,interstation_vector_regression,False,insufficient_gap_coverage,0,,164,,SAN_JUAN_DE_LURIGANCHO,7.4653240754465795,0.7560975609756098,,,,0.5,TimeSeriesSplit(5) multisalida,,
SANTA_ANITA,VIENTO_VECTOR,2025-01-17 12:00:00,2025-07-07 13:00:00,4106,4106,interstation_vector_regression,False,r2_below_threshold,0,,164,0.2008615067819121,SAN_BORJA,8.28830455630402,0.975609756097561,8415.0,"[0.5871955231004579, 0.2550461741497198]","[[1.4724779598113518, 0.24291978098720327], [-0.07412782142387493, 0.4282165789593879]]",0.5,TimeSeriesSplit(5) multisalida,,
SANTA_ANITA,VIENTO_VECTOR,2025-01-17 12:00:00,2025-07-07 13:00:00,4106,4106,interstation_vector_regression,False,r2_below_threshold,0,,164,0.20435785414770535,CAMPO_DE_MARTE,8.376641847195035,1.0,8480.0,"[0.34144392168428184, 0.042569554716559765]","[[0.2862878522557546, 0.3622622448328592], [0.8816311974514279, -0.3363335258773925]]",0.5,TimeSeriesSplit(5) multisalida,,
SANTA_ANITA,VIENTO_VECTOR,2025-01-17 12:00:00,2025-07-07 13:00:00,4106,4106,interstation_vector_regression,False,r2_below_threshold,0,,164,0.13128971219009924,SAN_MARTIN_DE_PORRES,12.865044314385791,1.0,8619.0,"[0.6360476937831492, 0.16086433194841826]","[[0.24458877362853088, 0.04458175191045055], [-0.04036231139386863, 0.3268333288680185]]",0.5,TimeSeriesSplit(5) multisalida,,
SANTA_ANITA,VIENTO_VECTOR,2025-01-17 12:00:00,2025-07-07 13:00:00,4106,4106,interstation_vector_regression,False,r2_below_threshold,0,,164,0.18698678989081005,CARABAYLLO,17.058731119049366,1.0,8362.0,"[0.33573086696265403, 0.18796413350932112]","[[0.5478366091791912, 0.5923297002083197], [0.43309887613910036, -0.16305590719903723]]",0.5,TimeSeriesSplit(5) multisalida,,
SANTA_ANITA,VIENTO_VECTOR,2025-01-17 12:00:00,2025-07-07 13:00:00,4106,4106,unimputable,False,no_vector_method_available,0,,164,,,,,,,,,,,
SANTA_ANITA,VIENTO_VECTOR,2025-07-07 17:00:00,2025-07-07 17:00:00,1,1,short_vector_linear,False,calm_candidate_conflicts_with_observed_component,0,,1,,,,,,,,,,,2025-07-07T17:00:00
SANTA_ANITA,VIENTO_VECTOR,2025-07-07 17:00:00,2025-07-07 17:00:00,1,1,interstation_vector_regression,False,r2_below_threshold,0,,1,0.2104319078115755,CERES,5.078125565147413,1.0,8653.0,"[0.3334348082751856, 0.3115422484490757]","[[0.23710853728566844, 0.6820697604282098], [0.171673002739293, 0.2353361494538178]]",0.5,TimeSeriesSplit(5) multisalida,,
SANTA_ANITA,VIENTO_VECTOR,2025-07-07 17:00:00,2025-07-07 17:00:00,1,1,interstation_vector_regression,False,insufficient_gap_coverage,0,,1,,SAN_JUAN_DE_LURIGANCHO,7.4653240754465795,0.0,,,,0.5,TimeSeriesSplit(5) multisalida,,
SANTA_ANITA,VIENTO_VECTOR,2025-07-07 17:00:00,2025-07-07 17:00:00,1,1,interstation_vector_regression,False,r2_below_threshold,0,,1,0.2008615067819121,SAN_BORJA,8.28830455630402,1.0,8415.0,"[0.5871955231004579, 0.2550461741497198]","[[1.4724779598113518, 0.24291978098720327], [-0.07412782142387493, 0.4282165789593879]]",0.5,TimeSeriesSplit(5) multisalida,,
SANTA_ANITA,VIENTO_VECTOR,2025-07-07 17:00:00,2025-07-07 17:00:00,1,1,interstation_vector_regression,False,r2_below_threshold,0,,1,0.20435785414770535,CAMPO_DE_MARTE,8.376641847195035,1.0,8480.0,"[0.34144392168428184, 0.042569554716559765]","[[0.2862878522557546, 0.3622622448328592], [0.8816311974514279, -0.3363335258773925]]",0.5,TimeSeriesSplit(5) multisalida,,
SANTA_ANITA,VIENTO_VECTOR,2025-07-07 17:00:00,2025-07-07 17:00:00,1,1,interstation_vector_regression,False,r2_below_threshold,0,,1,0.13128971219009924,SAN_MARTIN_DE_PORRES,12.865044314385791,1.0,8619.0,"[0.6360476937831492, 0.16086433194841826]","[[0.24458877362853088, 0.04458175191045055], [-0.04036231139386863, 0.3268333288680185]]",0.5,TimeSeriesSplit(5) multisalida,,
SANTA_ANITA,VIENTO_VECTOR,2025-07-07 17:00:00,2025-07-07 17:00:00,1,1,interstation_vector_regression,False,r2_below_threshold,0,,1,0.18698678989081005,CARABAYLLO,17.058731119049366,1.0,8362.0,"[0.33573086696265403, 0.18796413350932112]","[[0.5478366091791912, 0.5923297002083197], [0.43309887613910036, -0.16305590719903723]]",0.5,TimeSeriesSplit(5) multisalida,,
SANTA_ANITA,VIENTO_VECTOR,2025-07-07 17:00:00,2025-07-07 17:00:00,1,1,unimputable,False,no_vector_method_available,0,,1,,,,,,,,,,,
SANTA_ANITA,VIENTO_VECTOR,2025-07-07 19:00:00,2025-07-09 15:00:00,45,45,interstation_vector_regression,False,r2_below_threshold,0,,45,0.2104319078115755,CERES,5.078125565147413,0.9777777777777777,8653.0,"[0.3334348082751856, 0.3115422484490757]","[[0.23710853728566844, 0.6820697604282098], [0.171673002739293, 0.2353361494538178]]",0.5,TimeSeriesSplit(5) multisalida,,
SANTA_ANITA,VIENTO_VECTOR,2025-07-07 19:00:00,2025-07-09 15:00:00,45,45,interstation_vector_regression,False,insufficient_gap_coverage,0,,45,,SAN_JUAN_DE_LURIGANCHO,7.4653240754465795,0.5111111111111111,,,,0.5,TimeSeriesSplit(5) multisalida,,
SANTA_ANITA,VIENTO_VECTOR,2025-07-07 19:00:00,2025-07-09 15:00:00,45,45,interstation_vector_regression,False,r2_below_threshold,0,,45,0.2008615067819121,SAN_BORJA,8.28830455630402,0.9555555555555556,8415.0,"[0.5871955231004579, 0.2550461741497198]","[[1.4724779598113518, 0.24291978098720327], [-0.07412782142387493, 0.4282165789593879]]",0.5,TimeSeriesSplit(5) multisalida,,
SANTA_ANITA,VIENTO_VECTOR,2025-07-07 19:00:00,2025-07-09 15:00:00,45,45,interstation_vector_regression,False,r2_below_threshold,0,,45,0.20435785414770535,CAMPO_DE_MARTE,8.376641847195035,1.0,8480.0,"[0.34144392168428184, 0.042569554716559765]","[[0.2862878522557546, 0.3622622448328592], [0.8816311974514279, -0.3363335258773925]]",0.5,TimeSeriesSplit(5) multisalida,,
SANTA_ANITA,VIENTO_VECTOR,2025-07-07 19:00:00,2025-07-09 15:00:00,45,45,interstation_vector_regression,False,r2_below_threshold,0,,45,0.13128971219009924,SAN_MARTIN_DE_PORRES,12.865044314385791,0.9777777777777777,8619.0,"[0.6360476937831492, 0.16086433194841826]","[[0.24458877362853088, 0.04458175191045055], [-0.04036231139386863, 0.3268333288680185]]",0.5,TimeSeriesSplit(5) multisalida,,
SANTA_ANITA,VIENTO_VECTOR,2025-07-07 19:00:00,2025-07-09 15:00:00,45,45,interstation_vector_regression,False,r2_below_threshold,0,,45,0.18698678989081005,CARABAYLLO,17.058731119049366,0.9777777777777777,8362.0,"[0.33573086696265403, 0.18796413350932112]","[[0.5478366091791912, 0.5923297002083197], [0.43309887613910036, -0.16305590719903723]]",0.5,TimeSeriesSplit(5) multisalida,,
SANTA_ANITA,VIENTO_VECTOR,2025-07-07 19:00:00,2025-07-09 15:00:00,45,45,unimputable,False,no_vector_method_available,0,,45,,,,,,,,,,,
SANTA_ANITA,VIENTO_VECTOR,2025-07-09 18:00:00,2025-07-10 12:00:00,19,19,interstation_vector_regression,False,r2_below_threshold,0,,19,0.2104319078115755,CERES,5.078125565147413,1.0,8653.0,"[0.3334348082751856, 0.3115422484490757]","[[0.23710853728566844, 0.6820697604282098], [0.171673002739293, 0.2353361494538178]]",0.5,TimeSeriesSplit(5) multisalida,,
SANTA_ANITA,VIENTO_VECTOR,2025-07-09 18:00:00,2025-07-10 12:00:00,19,19,interstation_vector_regression,False,insufficient_gap_coverage,0,,19,,SAN_JUAN_DE_LURIGANCHO,7.4653240754465795,0.7894736842105263,,,,0.5,TimeSeriesSplit(5) multisalida,,
SANTA_ANITA,VIENTO_VECTOR,2025-07-09 18:00:00,2025-07-10 12:00:00,19,19,interstation_vector_regression,False,r2_below_threshold,0,,19,0.2008615067819121,SAN_BORJA,8.28830455630402,1.0,8415.0,"[0.5871955231004579, 0.2550461741497198]","[[1.4724779598113518, 0.24291978098720327], [-0.07412782142387493, 0.4282165789593879]]",0.5,TimeSeriesSplit(5) multisalida,,
SANTA_ANITA,VIENTO_VECTOR,2025-07-09 18:00:00,2025-07-10 12:00:00,19,19,interstation_vector_regression,False,r2_below_threshold,0,,19,0.20435785414770535,CAMPO_DE_MARTE,8.376641847195035,1.0,8480.0,"[0.34144392168428184, 0.042569554716559765]","[[0.2862878522557546, 0.3622622448328592], [0.8816311974514279, -0.3363335258773925]]",0.5,TimeSeriesSplit(5) multisalida,,
SANTA_ANITA,VIENTO_VECTOR,2025-07-09 18:00:00,2025-07-10 12:00:00,19,19,interstation_vector_regression,False,r2_below_threshold,0,,19,0.13128971219009924,SAN_MARTIN_DE_PORRES,12.865044314385791,1.0,8619.0,"[0.6360476937831492, 0.16086433194841826]","[[0.24458877362853088, 0.04458175191045055], [-0.04036231139386863, 0.3268333288680185]]",0.5,TimeSeriesSplit(5) multisalida,,
SANTA_ANITA,VIENTO_VECTOR,2025-07-09 18:00:00,2025-07-10 12:00:00,19,19,interstation_vector_regression,False,r2_below_threshold,0,,19,0.18698678989081005,CARABAYLLO,17.058731119049366,1.0,8362.0,"[0.33573086696265403, 0.18796413350932112]","[[0.5478366091791912, 0.5923297002083197], [0.43309887613910036, -0.16305590719903723]]",0.5,TimeSeriesSplit(5) multisalida,,
SANTA_ANITA,VIENTO_VECTOR,2025-07-09 18:00:00,2025-07-10 12:00:00,19,19,unimputable,False,no_vector_method_available,0,,19,,,,,,,,,,,
SANTA_ANITA,DIR_VIENTO,2025-09-03 17:00:00,2025-09-08 12:00:00,116,116,weekly_vector_seasonal,True,,116,2025-09-03T17:00:00|2025-09-03T18:00:00|2025-09-03T19:00:00|2025-09-03T20:00:00|2025-09-03T21:00:00|2025-09-03T22:00:00|2025-09-03T23:00:00|2025-09-04T00:00:00|2025-09-04T01:00:00|2025-09-04T02:00:00|2025-09-04T03:00:00|2025-09-04T04:00:00|2025-09-04T05:00:00|2025-09-04T06:00:00|2025-09-04T07:00:00|2025-09-04T08:00:00|2025-09-04T09:00:00|2025-09-04T10:00:00|2025-09-04T11:00:00|2025-09-04T12:00:00|2025-09-04T13:00:00|2025-09-04T14:00:00|2025-09-04T15:00:00|2025-09-04T16:00:00|2025-09-04T17:00:00|2025-09-04T18:00:00|2025-09-04T19:00:00|2025-09-04T20:00:00|2025-09-04T21:00:00|2025-09-04T22:00:00|2025-09-04T23:00:00|2025-09-05T00:00:00|2025-09-05T01:00:00|2025-09-05T02:00:00|2025-09-05T03:00:00|2025-09-05T04:00:00|2025-09-05T05:00:00|2025-09-05T06:00:00|2025-09-05T07:00:00|2025-09-05T08:00:00|2025-09-05T09:00:00|2025-09-05T10:00:00|2025-09-05T11:00:00|2025-09-05T12:00:00|2025-09-05T13:00:00|2025-09-05T14:00:00|2025-09-05T15:00:00|2025-09-05T16:00:00|2025-09-05T17:00:00|2025-09-05T18:00:00|2025-09-05T19:00:00|2025-09-05T20:00:00|2025-09-05T21:00:00|2025-09-05T22:00:00|2025-09-05T23:00:00|2025-09-06T00:00:00|2025-09-06T01:00:00|2025-09-06T02:00:00|2025-09-06T03:00:00|2025-09-06T04:00:00|2025-09-06T05:00:00|2025-09-06T06:00:00|2025-09-06T07:00:00|2025-09-06T08:00:00|2025-09-06T09:00:00|2025-09-06T10:00:00|2025-09-06T11:00:00|2025-09-06T12:00:00|2025-09-06T13:00:00|2025-09-06T14:00:00|2025-09-06T15:00:00|2025-09-06T16:00:00|2025-09-06T17:00:00|2025-09-06T18:00:00|2025-09-06T19:00:00|2025-09-06T20:00:00|2025-09-06T21:00:00|2025-09-06T22:00:00|2025-09-06T23:00:00|2025-09-07T00:00:00|2025-09-07T01:00:00|2025-09-07T02:00:00|2025-09-07T03:00:00|2025-09-07T04:00:00|2025-09-07T05:00:00|2025-09-07T06:00:00|2025-09-07T07:00:00|2025-09-07T08:00:00|2025-09-07T09:00:00|2025-09-07T10:00:00|2025-09-07T11:00:00|2025-09-07T12:00:00|2025-09-07T13:00:00|2025-09-07T14:00:00|2025-09-07T15:00:00|2025-09-07T16:00:00|2025-09-07T17:00:00|2025-09-07T18:00:00|2025-09-07T19:00:00|2025-09-07T20:00:00|2025-09-07T21:00:00|2025-09-07T22:00:00|2025-09-07T23:00:00|2025-09-08T00:00:00|2025-09-08T01:00:00|2025-09-08T02:00:00|2025-09-08T03:00:00|2025-09-08T04:00:00|2025-09-08T05:00:00|2025-09-08T06:00:00|2025-09-08T07:00:00|2025-09-08T08:00:00|2025-09-08T09:00:00|2025-09-08T10:00:00|2025-09-08T11:00:00|2025-09-08T12:00:00,0,,,,,,,,,,4.0,
SANTA_ANITA,VEL_VIENTO,2025-09-03 17:00:00,2025-09-08 12:00:00,116,116,weekly_vector_seasonal,True,,116,2025-09-03T17:00:00|2025-09-03T18:00:00|2025-09-03T19:00:00|2025-09-03T20:00:00|2025-09-03T21:00:00|2025-09-03T22:00:00|2025-09-03T23:00:00|2025-09-04T00:00:00|2025-09-04T01:00:00|2025-09-04T02:00:00|2025-09-04T03:00:00|2025-09-04T04:00:00|2025-09-04T05:00:00|2025-09-04T06:00:00|2025-09-04T07:00:00|2025-09-04T08:00:00|2025-09-04T09:00:00|2025-09-04T10:00:00|2025-09-04T11:00:00|2025-09-04T12:00:00|2025-09-04T13:00:00|2025-09-04T14:00:00|2025-09-04T15:00:00|2025-09-04T16:00:00|2025-09-04T17:00:00|2025-09-04T18:00:00|2025-09-04T19:00:00|2025-09-04T20:00:00|2025-09-04T21:00:00|2025-09-04T22:00:00|2025-09-04T23:00:00|2025-09-05T00:00:00|2025-09-05T01:00:00|2025-09-05T02:00:00|2025-09-05T03:00:00|2025-09-05T04:00:00|2025-09-05T05:00:00|2025-09-05T06:00:00|2025-09-05T07:00:00|2025-09-05T08:00:00|2025-09-05T09:00:00|2025-09-05T10:00:00|2025-09-05T11:00:00|2025-09-05T12:00:00|2025-09-05T13:00:00|2025-09-05T14:00:00|2025-09-05T15:00:00|2025-09-05T16:00:00|2025-09-05T17:00:00|2025-09-05T18:00:00|2025-09-05T19:00:00|2025-09-05T20:00:00|2025-09-05T21:00:00|2025-09-05T22:00:00|2025-09-05T23:00:00|2025-09-06T00:00:00|2025-09-06T01:00:00|2025-09-06T02:00:00|2025-09-06T03:00:00|2025-09-06T04:00:00|2025-09-06T05:00:00|2025-09-06T06:00:00|2025-09-06T07:00:00|2025-09-06T08:00:00|2025-09-06T09:00:00|2025-09-06T10:00:00|2025-09-06T11:00:00|2025-09-06T12:00:00|2025-09-06T13:00:00|2025-09-06T14:00:00|2025-09-06T15:00:00|2025-09-06T16:00:00|2025-09-06T17:00:00|2025-09-06T18:00:00|2025-09-06T19:00:00|2025-09-06T20:00:00|2025-09-06T21:00:00|2025-09-06T22:00:00|2025-09-06T23:00:00|2025-09-07T00:00:00|2025-09-07T01:00:00|2025-09-07T02:00:00|2025-09-07T03:00:00|2025-09-07T04:00:00|2025-09-07T05:00:00|2025-09-07T06:00:00|2025-09-07T07:00:00|2025-09-07T08:00:00|2025-09-07T09:00:00|2025-09-07T10:00:00|2025-09-07T11:00:00|2025-09-07T12:00:00|2025-09-07T13:00:00|2025-09-07T14:00:00|2025-09-07T15:00:00|2025-09-07T16:00:00|2025-09-07T17:00:00|2025-09-07T18:00:00|2025-09-07T19:00:00|2025-09-07T20:00:00|2025-09-07T21:00:00|2025-09-07T22:00:00|2025-09-07T23:00:00|2025-09-08T00:00:00|2025-09-08T01:00:00|2025-09-08T02:00:00|2025-09-08T03:00:00|2025-09-08T04:00:00|2025-09-08T05:00:00|2025-09-08T06:00:00|2025-09-08T07:00:00|2025-09-08T08:00:00|2025-09-08T09:00:00|2025-09-08T10:00:00|2025-09-08T11:00:00|2025-09-08T12:00:00,0,,,,,,,,,,4.0,
SANTA_ANITA,DIR_VIENTO,2025-11-19 06:00:00,2025-11-19 15:00:00,10,10,weekly_vector_seasonal,True,,10,2025-11-19T06:00:00|2025-11-19T07:00:00|2025-11-19T08:00:00|2025-11-19T09:00:00|2025-11-19T10:00:00|2025-11-19T11:00:00|2025-11-19T12:00:00|2025-11-19T13:00:00|2025-11-19T14:00:00|2025-11-19T15:00:00,0,,,,,,,,,,3.0,
SANTA_ANITA,VEL_VIENTO,2025-11-19 06:00:00,2025-11-19 15:00:00,10,10,weekly_vector_seasonal,True,,10,2025-11-19T06:00:00|2025-11-19T07:00:00|2025-11-19T08:00:00|2025-11-19T09:00:00|2025-11-19T10:00:00|2025-11-19T11:00:00|2025-11-19T12:00:00|2025-11-19T13:00:00|2025-11-19T14:00:00|2025-11-19T15:00:00,0,,,,,,,,,,3.0,
SANTA_ANITA,DIR_VIENTO,2025-11-20 18:00:00,2025-11-22 10:00:00,41,41,weekly_vector_seasonal,True,,41,2025-11-20T18:00:00|2025-11-20T19:00:00|2025-11-20T20:00:00|2025-11-20T21:00:00|2025-11-20T22:00:00|2025-11-20T23:00:00|2025-11-21T00:00:00|2025-11-21T01:00:00|2025-11-21T02:00:00|2025-11-21T03:00:00|2025-11-21T04:00:00|2025-11-21T05:00:00|2025-11-21T06:00:00|2025-11-21T07:00:00|2025-11-21T08:00:00|2025-11-21T09:00:00|2025-11-21T10:00:00|2025-11-21T11:00:00|2025-11-21T12:00:00|2025-11-21T13:00:00|2025-11-21T14:00:00|2025-11-21T15:00:00|2025-11-21T16:00:00|2025-11-21T17:00:00|2025-11-21T18:00:00|2025-11-21T19:00:00|2025-11-21T20:00:00|2025-11-21T21:00:00|2025-11-21T22:00:00|2025-11-21T23:00:00|2025-11-22T00:00:00|2025-11-22T01:00:00|2025-11-22T02:00:00|2025-11-22T03:00:00|2025-11-22T04:00:00|2025-11-22T05:00:00|2025-11-22T06:00:00|2025-11-22T07:00:00|2025-11-22T08:00:00|2025-11-22T09:00:00|2025-11-22T10:00:00,0,,,,,,,,,,3.0,
SANTA_ANITA,VEL_VIENTO,2025-11-20 18:00:00,2025-11-22 10:00:00,41,41,weekly_vector_seasonal,True,,41,2025-11-20T18:00:00|2025-11-20T19:00:00|2025-11-20T20:00:00|2025-11-20T21:00:00|2025-11-20T22:00:00|2025-11-20T23:00:00|2025-11-21T00:00:00|2025-11-21T01:00:00|2025-11-21T02:00:00|2025-11-21T03:00:00|2025-11-21T04:00:00|2025-11-21T05:00:00|2025-11-21T06:00:00|2025-11-21T07:00:00|2025-11-21T08:00:00|2025-11-21T09:00:00|2025-11-21T10:00:00|2025-11-21T11:00:00|2025-11-21T12:00:00|2025-11-21T13:00:00|2025-11-21T14:00:00|2025-11-21T15:00:00|2025-11-21T16:00:00|2025-11-21T17:00:00|2025-11-21T18:00:00|2025-11-21T19:00:00|2025-11-21T20:00:00|2025-11-21T21:00:00|2025-11-21T22:00:00|2025-11-21T23:00:00|2025-11-22T00:00:00|2025-11-22T01:00:00|2025-11-22T02:00:00|2025-11-22T03:00:00|2025-11-22T04:00:00|2025-11-22T05:00:00|2025-11-22T06:00:00|2025-11-22T07:00:00|2025-11-22T08:00:00|2025-11-22T09:00:00|2025-11-22T10:00:00,0,,,,,,,,,,3.0,
SANTA_ANITA,DIR_VIENTO,2025-12-01 21:00:00,2025-12-04 13:00:00,65,65,weekly_vector_seasonal,True,,65,2025-12-01T21:00:00|2025-12-01T22:00:00|2025-12-01T23:00:00|2025-12-02T00:00:00|2025-12-02T01:00:00|2025-12-02T02:00:00|2025-12-02T03:00:00|2025-12-02T04:00:00|2025-12-02T05:00:00|2025-12-02T06:00:00|2025-12-02T07:00:00|2025-12-02T08:00:00|2025-12-02T09:00:00|2025-12-02T10:00:00|2025-12-02T11:00:00|2025-12-02T12:00:00|2025-12-02T13:00:00|2025-12-02T14:00:00|2025-12-02T15:00:00|2025-12-02T16:00:00|2025-12-02T17:00:00|2025-12-02T18:00:00|2025-12-02T19:00:00|2025-12-02T20:00:00|2025-12-02T21:00:00|2025-12-02T22:00:00|2025-12-02T23:00:00|2025-12-03T00:00:00|2025-12-03T01:00:00|2025-12-03T02:00:00|2025-12-03T03:00:00|2025-12-03T04:00:00|2025-12-03T05:00:00|2025-12-03T06:00:00|2025-12-03T07:00:00|2025-12-03T08:00:00|2025-12-03T09:00:00|2025-12-03T10:00:00|2025-12-03T11:00:00|2025-12-03T12:00:00|2025-12-03T13:00:00|2025-12-03T14:00:00|2025-12-03T15:00:00|2025-12-03T16:00:00|2025-12-03T17:00:00|2025-12-03T18:00:00|2025-12-03T19:00:00|2025-12-03T20:00:00|2025-12-03T21:00:00|2025-12-03T22:00:00|2025-12-03T23:00:00|2025-12-04T00:00:00|2025-12-04T01:00:00|2025-12-04T02:00:00|2025-12-04T03:00:00|2025-12-04T04:00:00|2025-12-04T05:00:00|2025-12-04T06:00:00|2025-12-04T07:00:00|2025-12-04T08:00:00|2025-12-04T09:00:00|2025-12-04T10:00:00|2025-12-04T11:00:00|2025-12-04T12:00:00|2025-12-04T13:00:00,0,,,,,,,,,,3.0,
SANTA_ANITA,VEL_VIENTO,2025-12-01 21:00:00,2025-12-04 13:00:00,65,65,weekly_vector_seasonal,True,,65,2025-12-01T21:00:00|2025-12-01T22:00:00|2025-12-01T23:00:00|2025-12-02T00:00:00|2025-12-02T01:00:00|2025-12-02T02:00:00|2025-12-02T03:00:00|2025-12-02T04:00:00|2025-12-02T05:00:00|2025-12-02T06:00:00|2025-12-02T07:00:00|2025-12-02T08:00:00|2025-12-02T09:00:00|2025-12-02T10:00:00|2025-12-02T11:00:00|2025-12-02T12:00:00|2025-12-02T13:00:00|2025-12-02T14:00:00|2025-12-02T15:00:00|2025-12-02T16:00:00|2025-12-02T17:00:00|2025-12-02T18:00:00|2025-12-02T19:00:00|2025-12-02T20:00:00|2025-12-02T21:00:00|2025-12-02T22:00:00|2025-12-02T23:00:00|2025-12-03T00:00:00|2025-12-03T01:00:00|2025-12-03T02:00:00|2025-12-03T03:00:00|2025-12-03T04:00:00|2025-12-03T05:00:00|2025-12-03T06:00:00|2025-12-03T07:00:00|2025-12-03T08:00:00|2025-12-03T09:00:00|2025-12-03T10:00:00|2025-12-03T11:00:00|2025-12-03T12:00:00|2025-12-03T13:00:00|2025-12-03T14:00:00|2025-12-03T15:00:00|2025-12-03T16:00:00|2025-12-03T17:00:00|2025-12-03T18:00:00|2025-12-03T19:00:00|2025-12-03T20:00:00|2025-12-03T21:00:00|2025-12-03T22:00:00|2025-12-03T23:00:00|2025-12-04T00:00:00|2025-12-04T01:00:00|2025-12-04T02:00:00|2025-12-04T03:00:00|2025-12-04T04:00:00|2025-12-04T05:00:00|2025-12-04T06:00:00|2025-12-04T07:00:00|2025-12-04T08:00:00|2025-12-04T09:00:00|2025-12-04T10:00:00|2025-12-04T11:00:00|2025-12-04T12:00:00|2025-12-04T13:00:00,0,,,,,,,,,,3.0,
SANTA_ANITA,DIR_VIENTO,2025-12-05 11:00:00,2025-12-05 11:00:00,1,1,short_vector_linear,True,,1,2025-12-05T11:00:00,0,,,,,,,,,,,
SANTA_ANITA,VEL_VIENTO,2025-12-05 11:00:00,2025-12-05 11:00:00,1,1,short_vector_linear,True,,1,2025-12-05T11:00:00,0,,,,,,,,,,,
SANTA_ANITA,DIR_VIENTO,2025-12-16 13:00:00,2025-12-16 13:00:00,1,1,short_vector_linear,True,,1,2025-12-16T13:00:00,0,,,,,,,,,,,
SANTA_ANITA,VEL_VIENTO,2025-12-16 13:00:00,2025-12-16 13:00:00,1,1,short_vector_linear,True,,1,2025-12-16T13:00:00,0,,,,,,,,,,,
SANTA_ANITA,DIR_VIENTO,2026-01-15 12:00:00,2026-01-16 09:00:00,22,22,weekly_vector_seasonal,True,,22,2026-01-15T12:00:00|2026-01-15T13:00:00|2026-01-15T14:00:00|2026-01-15T15:00:00|2026-01-15T16:00:00|2026-01-15T17:00:00|2026-01-15T18:00:00|2026-01-15T19:00:00|2026-01-15T20:00:00|2026-01-15T21:00:00|2026-01-15T22:00:00|2026-01-15T23:00:00|2026-01-16T00:00:00|2026-01-16T01:00:00|2026-01-16T02:00:00|2026-01-16T03:00:00|2026-01-16T04:00:00|2026-01-16T05:00:00|2026-01-16T06:00:00|2026-01-16T07:00:00|2026-01-16T08:00:00|2026-01-16T09:00:00,0,,,,,,,,,,4.0,
SANTA_ANITA,VEL_VIENTO,2026-01-15 12:00:00,2026-01-16 09:00:00,22,22,weekly_vector_seasonal,True,,22,2026-01-15T12:00:00|2026-01-15T13:00:00|2026-01-15T14:00:00|2026-01-15T15:00:00|2026-01-15T16:00:00|2026-01-15T17:00:00|2026-01-15T18:00:00|2026-01-15T19:00:00|2026-01-15T20:00:00|2026-01-15T21:00:00|2026-01-15T22:00:00|2026-01-15T23:00:00|2026-01-16T00:00:00|2026-01-16T01:00:00|2026-01-16T02:00:00|2026-01-16T03:00:00|2026-01-16T04:00:00|2026-01-16T05:00:00|2026-01-16T06:00:00|2026-01-16T07:00:00|2026-01-16T08:00:00|2026-01-16T09:00:00,0,,,,,,,,,,4.0,
SANTA_ANITA,DIR_VIENTO,2026-02-11 01:00:00,2026-02-11 04:00:00,4,4,short_vector_linear,True,,4,2026-02-11T01:00:00|2026-02-11T02:00:00|2026-02-11T03:00:00|2026-02-11T04:00:00,0,,,,,,,,,,,
SANTA_ANITA,VEL_VIENTO,2026-02-11 01:00:00,2026-02-11 04:00:00,4,4,short_vector_linear,True,,4,2026-02-11T01:00:00|2026-02-11T02:00:00|2026-02-11T03:00:00|2026-02-11T04:00:00,0,,,,,,,,,,,
SANTA_ANITA,DIR_VIENTO,2026-03-17 12:00:00,2026-03-17 13:00:00,2,2,short_vector_linear,True,,2,2026-03-17T12:00:00|2026-03-17T13:00:00,0,,,,,,,,,,,
SANTA_ANITA,VEL_VIENTO,2026-03-17 12:00:00,2026-03-17 13:00:00,2,2,short_vector_linear,True,,2,2026-03-17T12:00:00|2026-03-17T13:00:00,0,,,,,,,,,,,
SAN_BORJA,TEMP,2025-01-03 12:00:00,2025-01-03 12:00:00,1,1,short_linear,True,,1,2025-01-03T12:00:00,0,,,,,,,,,,,
SAN_BORJA,TEMP,2025-01-04 21:00:00,2025-01-05 01:00:00,5,5,cross_year_analog,True,,2,2025-01-05T00:00:00|2025-01-05T01:00:00,0,,,,,,,,,,1.0,
SAN_BORJA,TEMP,2025-01-04 21:00:00,2025-01-05 01:00:00,5,5,interstation_regression,True,,3,2025-01-04T21:00:00|2025-01-04T22:00:00|2025-01-04T23:00:00,0,0.8932642676281736,CAMPO_DE_MARTE,5.721802798728685,1.0,12563.0,1.2614018871212416,0.9687187479783544,0.5,TimeSeriesSplit(5),,
SAN_BORJA,TEMP,2025-01-07 11:00:00,2025-01-07 11:00:00,1,1,short_linear,True,,1,2025-01-07T11:00:00,0,,,,,,,,,,,
SAN_BORJA,TEMP,2025-01-20 00:00:00,2025-01-20 00:00:00,1,1,short_linear,True,,1,2025-01-20T00:00:00,0,,,,,,,,,,,
SAN_BORJA,TEMP,2025-01-25 16:00:00,2025-01-25 16:00:00,1,1,short_linear,True,,1,2025-01-25T16:00:00,0,,,,,,,,,,,
SAN_BORJA,TEMP,2025-01-28 07:00:00,2025-01-28 07:00:00,1,1,short_linear,True,,1,2025-01-28T07:00:00,0,,,,,,,,,,,
SAN_BORJA,TEMP,2025-01-28 16:00:00,2025-01-28 16:00:00,1,1,short_linear,True,,1,2025-01-28T16:00:00,0,,,,,,,,,,,
SAN_BORJA,TEMP,2025-01-28 19:00:00,2025-01-28 19:00:00,1,1,short_linear,True,,1,2025-01-28T19:00:00,0,,,,,,,,,,,
SAN_BORJA,TEMP,2025-01-29 01:00:00,2025-01-29 02:00:00,2,2,short_linear,True,,2,2025-01-29T01:00:00|2025-01-29T02:00:00,0,,,,,,,,,,,
SAN_BORJA,TEMP,2025-01-29 05:00:00,2025-01-29 06:00:00,2,2,short_linear,True,,2,2025-01-29T05:00:00|2025-01-29T06:00:00,0,,,,,,,,,,,
SAN_BORJA,TEMP,2025-01-29 08:00:00,2025-01-29 08:00:00,1,1,short_linear,True,,1,2025-01-29T08:00:00,0,,,,,,,,,,,
SAN_BORJA,TEMP,2025-01-29 17:00:00,2025-01-29 18:00:00,2,2,short_linear,True,,2,2025-01-29T17:00:00|2025-01-29T18:00:00,0,,,,,,,,,,,
SAN_BORJA,TEMP,2025-01-30 13:00:00,2025-01-30 13:00:00,1,1,short_linear,True,,1,2025-01-30T13:00:00,0,,,,,,,,,,,
SAN_BORJA,TEMP,2025-02-02 06:00:00,2025-02-02 06:00:00,1,1,short_linear,True,,1,2025-02-02T06:00:00,0,,,,,,,,,,,
SAN_BORJA,TEMP,2025-02-02 11:00:00,2025-02-02 11:00:00,1,1,short_linear,True,,1,2025-02-02T11:00:00,0,,,,,,,,,,,
SAN_BORJA,TEMP,2025-02-02 22:00:00,2025-02-02 22:00:00,1,1,short_linear,True,,1,2025-02-02T22:00:00,0,,,,,,,,,,,
SAN_BORJA,TEMP,2025-02-05 17:00:00,2025-02-05 17:00:00,1,1,short_linear,True,,1,2025-02-05T17:00:00,0,,,,,,,,,,,
SAN_BORJA,TEMP,2025-02-05 23:00:00,2025-02-05 23:00:00,1,1,short_linear,True,,1,2025-02-05T23:00:00,0,,,,,,,,,,,
SAN_BORJA,TEMP,2025-02-06 07:00:00,2025-02-06 07:00:00,1,1,short_linear,True,,1,2025-02-06T07:00:00,0,,,,,,,,,,,
SAN_BORJA,TEMP,2025-02-06 09:00:00,2025-02-06 09:00:00,1,1,short_linear,True,,1,2025-02-06T09:00:00,0,,,,,,,,,,,
SAN_BORJA,TEMP,2025-02-07 06:00:00,2025-02-07 07:00:00,2,2,short_linear,True,,2,2025-02-07T06:00:00|2025-02-07T07:00:00,0,,,,,,,,,,,
SAN_BORJA,TEMP,2025-02-08 10:00:00,2025-02-08 10:00:00,1,1,short_linear,True,,1,2025-02-08T10:00:00,0,,,,,,,,,,,
SAN_BORJA,TEMP,2025-02-09 17:00:00,2025-02-09 17:00:00,1,1,short_linear,True,,1,2025-02-09T17:00:00,0,,,,,,,,,,,
SAN_BORJA,TEMP,2025-02-10 05:00:00,2025-02-10 05:00:00,1,1,short_linear,True,,1,2025-02-10T05:00:00,0,,,,,,,,,,,
SAN_BORJA,TEMP,2025-02-11 22:00:00,2025-02-11 22:00:00,1,1,short_linear,True,,1,2025-02-11T22:00:00,0,,,,,,,,,,,
SAN_BORJA,TEMP,2025-02-15 12:00:00,2025-02-15 12:00:00,1,1,short_linear,True,,1,2025-02-15T12:00:00,0,,,,,,,,,,,
SAN_BORJA,TEMP,2025-02-15 14:00:00,2025-02-15 14:00:00,1,1,short_linear,True,,1,2025-02-15T14:00:00,0,,,,,,,,,,,
SAN_BORJA,TEMP,2025-02-15 23:00:00,2025-02-16 00:00:00,2,2,short_linear,True,,2,2025-02-15T23:00:00|2025-02-16T00:00:00,0,,,,,,,,,,,
SAN_BORJA,TEMP,2025-02-16 04:00:00,2025-02-16 04:00:00,1,1,short_linear,True,,1,2025-02-16T04:00:00,0,,,,,,,,,,,
SAN_BORJA,TEMP,2025-02-16 10:00:00,2025-02-16 10:00:00,1,1,short_linear,True,,1,2025-02-16T10:00:00,0,,,,,,,,,,,
SAN_BORJA,TEMP,2025-02-19 07:00:00,2025-02-19 07:00:00,1,1,short_linear,True,,1,2025-02-19T07:00:00,0,,,,,,,,,,,
SAN_BORJA,TEMP,2025-02-19 18:00:00,2025-02-19 18:00:00,1,1,short_linear,True,,1,2025-02-19T18:00:00,0,,,,,,,,,,,
SAN_BORJA,TEMP,2025-02-20 09:00:00,2025-02-20 09:00:00,1,1,short_linear,True,,1,2025-02-20T09:00:00,0,,,,,,,,,,,
SAN_BORJA,TEMP,2025-02-21 03:00:00,2025-02-21 03:00:00,1,1,short_linear,True,,1,2025-02-21T03:00:00,0,,,,,,,,,,,
SAN_BORJA,TEMP,2025-02-26 18:00:00,2025-02-26 18:00:00,1,1,short_linear,True,,1,2025-02-26T18:00:00,0,,,,,,,,,,,
SAN_BORJA,TEMP,2025-02-27 05:00:00,2025-02-27 05:00:00,1,1,short_linear,True,,1,2025-02-27T05:00:00,0,,,,,,,,,,,
SAN_BORJA,TEMP,2025-02-27 11:00:00,2025-02-27 11:00:00,1,1,short_linear,True,,1,2025-02-27T11:00:00,0,,,,,,,,,,,
SAN_BORJA,TEMP,2025-03-05 00:00:00,2025-03-05 00:00:00,1,1,short_linear,True,,1,2025-03-05T00:00:00,0,,,,,,,,,,,
SAN_BORJA,TEMP,2025-03-05 06:00:00,2025-03-05 07:00:00,2,2,short_linear,True,,2,2025-03-05T06:00:00|2025-03-05T07:00:00,0,,,,,,,,,,,
SAN_BORJA,TEMP,2025-03-05 12:00:00,2025-03-05 21:00:00,10,10,weekly_seasonal,True,,9,2025-03-05T12:00:00|2025-03-05T13:00:00|2025-03-05T14:00:00|2025-03-05T15:00:00|2025-03-05T16:00:00|2025-03-05T17:00:00|2025-03-05T19:00:00|2025-03-05T20:00:00|2025-03-05T21:00:00,0,,,,,,,,,,3.0,
SAN_BORJA,TEMP,2025-03-05 12:00:00,2025-03-05 21:00:00,10,10,cross_year_analog,True,,1,2025-03-05T18:00:00,0,,,,,,,,,,1.0,
SAN_BORJA,TEMP,2025-03-06 08:00:00,2025-03-06 08:00:00,1,1,short_linear,True,,1,2025-03-06T08:00:00,0,,,,,,,,,,,
SAN_BORJA,TEMP,2025-03-06 23:00:00,2025-03-06 23:00:00,1,1,short_linear,True,,1,2025-03-06T23:00:00,0,,,,,,,,,,,
SAN_BORJA,TEMP,2025-03-07 12:00:00,2025-03-07 12:00:00,1,1,short_linear,True,,1,2025-03-07T12:00:00,0,,,,,,,,,,,
SAN_BORJA,TEMP,2025-03-08 12:00:00,2025-03-08 12:00:00,1,1,short_linear,True,,1,2025-03-08T12:00:00,0,,,,,,,,,,,
SAN_BORJA,TEMP,2025-03-08 18:00:00,2025-03-08 18:00:00,1,1,short_linear,True,,1,2025-03-08T18:00:00,0,,,,,,,,,,,
SAN_BORJA,TEMP,2025-03-08 20:00:00,2025-03-08 20:00:00,1,1,short_linear,True,,1,2025-03-08T20:00:00,0,,,,,,,,,,,
SAN_BORJA,TEMP,2025-03-08 23:00:00,2025-03-08 23:00:00,1,1,short_linear,True,,1,2025-03-08T23:00:00,0,,,,,,,,,,,
SAN_BORJA,TEMP,2025-03-11 18:00:00,2025-03-11 18:00:00,1,1,short_linear,True,,1,2025-03-11T18:00:00,0,,,,,,,,,,,
SAN_BORJA,TEMP,2025-03-12 16:00:00,2025-03-12 16:00:00,1,1,short_linear,True,,1,2025-03-12T16:00:00,0,,,,,,,,,,,
SAN_BORJA,TEMP,2025-03-13 08:00:00,2025-03-13 08:00:00,1,1,short_linear,True,,1,2025-03-13T08:00:00,0,,,,,,,,,,,
SAN_BORJA,TEMP,2025-03-18 14:00:00,2025-03-18 15:00:00,2,2,short_linear,True,,2,2025-03-18T14:00:00|2025-03-18T15:00:00,0,,,,,,,,,,,
SAN_BORJA,TEMP,2025-03-18 23:00:00,2025-03-18 23:00:00,1,1,short_linear,True,,1,2025-03-18T23:00:00,0,,,,,,,,,,,
SAN_BORJA,TEMP,2025-03-19 01:00:00,2025-03-19 01:00:00,1,1,short_linear,True,,1,2025-03-19T01:00:00,0,,,,,,,,,,,
SAN_BORJA,TEMP,2025-03-19 04:00:00,2025-03-19 04:00:00,1,1,short_linear,True,,1,2025-03-19T04:00:00,0,,,,,,,,,,,
SAN_BORJA,TEMP,2025-03-19 13:00:00,2025-03-19 13:00:00,1,1,short_linear,True,,1,2025-03-19T13:00:00,0,,,,,,,,,,,
SAN_BORJA,TEMP,2025-03-27 08:00:00,2025-03-27 08:00:00,1,1,short_linear,True,,1,2025-03-27T08:00:00,0,,,,,,,,,,,
SAN_BORJA,TEMP,2025-03-27 14:00:00,2025-03-27 14:00:00,1,1,short_linear,True,,1,2025-03-27T14:00:00,0,,,,,,,,,,,
SAN_BORJA,TEMP,2025-04-06 11:00:00,2025-04-06 11:00:00,1,1,short_linear,True,,1,2025-04-06T11:00:00,0,,,,,,,,,,,
SAN_BORJA,TEMP,2025-05-09 19:00:00,2025-05-09 19:00:00,1,1,short_linear,True,,1,2025-05-09T19:00:00,0,,,,,,,,,,,
SAN_BORJA,TEMP,2025-06-02 14:00:00,2025-06-02 14:00:00,1,1,short_linear,True,,1,2025-06-02T14:00:00,0,,,,,,,,,,,
SAN_BORJA,TEMP,2025-06-13 19:00:00,2025-06-13 19:00:00,1,1,short_linear,True,,1,2025-06-13T19:00:00,0,,,,,,,,,,,
SAN_BORJA,TEMP,2025-06-29 14:00:00,2025-06-29 14:00:00,1,1,short_linear,True,,1,2025-06-29T14:00:00,0,,,,,,,,,,,
SAN_BORJA,TEMP,2025-07-04 12:00:00,2025-07-04 12:00:00,1,1,short_linear,True,,1,2025-07-04T12:00:00,0,,,,,,,,,,,
SAN_BORJA,TEMP,2025-07-06 19:00:00,2025-07-06 19:00:00,1,1,short_linear,True,,1,2025-07-06T19:00:00,0,,,,,,,,,,,
SAN_BORJA,TEMP,2025-07-07 04:00:00,2025-07-07 04:00:00,1,1,short_linear,True,,1,2025-07-07T04:00:00,0,,,,,,,,,,,
SAN_BORJA,TEMP,2025-07-07 11:00:00,2025-07-07 11:00:00,1,1,short_linear,True,,1,2025-07-07T11:00:00,0,,,,,,,,,,,
SAN_BORJA,TEMP,2025-07-08 18:00:00,2025-07-08 18:00:00,1,1,short_linear,True,,1,2025-07-08T18:00:00,0,,,,,,,,,,,
SAN_BORJA,TEMP,2025-07-08 23:00:00,2025-07-08 23:00:00,1,1,short_linear,True,,1,2025-07-08T23:00:00,0,,,,,,,,,,,
SAN_BORJA,TEMP,2025-07-11 04:00:00,2025-07-11 04:00:00,1,1,short_linear,True,,1,2025-07-11T04:00:00,0,,,,,,,,,,,
SAN_BORJA,TEMP,2025-07-16 10:00:00,2025-07-16 10:00:00,1,1,short_linear,True,,1,2025-07-16T10:00:00,0,,,,,,,,,,,
SAN_BORJA,TEMP,2025-07-17 05:00:00,2025-07-17 05:00:00,1,1,short_linear,True,,1,2025-07-17T05:00:00,0,,,,,,,,,,,
SAN_BORJA,TEMP,2025-07-29 19:00:00,2025-07-29 19:00:00,1,1,short_linear,True,,1,2025-07-29T19:00:00,0,,,,,,,,,,,
SAN_BORJA,TEMP,2025-08-15 10:00:00,2025-08-15 10:00:00,1,1,short_linear,True,,1,2025-08-15T10:00:00,0,,,,,,,,,,,
SAN_BORJA,TEMP,2025-08-16 07:00:00,2025-08-16 08:00:00,2,2,short_linear,True,,2,2025-08-16T07:00:00|2025-08-16T08:00:00,0,,,,,,,,,,,
SAN_BORJA,TEMP,2025-08-18 04:00:00,2025-08-18 04:00:00,1,1,short_linear,True,,1,2025-08-18T04:00:00,0,,,,,,,,,,,
SAN_BORJA,TEMP,2025-08-20 05:00:00,2025-08-20 05:00:00,1,1,short_linear,True,,1,2025-08-20T05:00:00,0,,,,,,,,,,,
SAN_BORJA,TEMP,2025-08-20 13:00:00,2025-08-20 14:00:00,2,2,short_linear,True,,2,2025-08-20T13:00:00|2025-08-20T14:00:00,0,,,,,,,,,,,
SAN_BORJA,TEMP,2025-09-02 07:00:00,2025-09-02 07:00:00,1,1,short_linear,True,,1,2025-09-02T07:00:00,0,,,,,,,,,,,
SAN_BORJA,TEMP,2025-09-16 15:00:00,2025-09-16 15:00:00,1,1,short_linear,True,,1,2025-09-16T15:00:00,0,,,,,,,,,,,
SAN_BORJA,TEMP,2025-09-20 18:00:00,2025-09-20 18:00:00,1,1,short_linear,True,,1,2025-09-20T18:00:00,0,,,,,,,,,,,
SAN_BORJA,TEMP,2025-10-16 21:00:00,2025-10-17 09:00:00,13,13,weekly_seasonal,True,,13,2025-10-16T21:00:00|2025-10-16T22:00:00|2025-10-16T23:00:00|2025-10-17T00:00:00|2025-10-17T01:00:00|2025-10-17T02:00:00|2025-10-17T03:00:00|2025-10-17T04:00:00|2025-10-17T05:00:00|2025-10-17T06:00:00|2025-10-17T07:00:00|2025-10-17T08:00:00|2025-10-17T09:00:00,0,,,,,,,,,,4.0,
SAN_BORJA,TEMP,2025-10-20 12:00:00,2025-10-20 12:00:00,1,1,short_linear,True,,1,2025-10-20T12:00:00,0,,,,,,,,,,,
SAN_BORJA,TEMP,2025-10-27 09:00:00,2025-10-27 09:00:00,1,1,short_linear,True,,1,2025-10-27T09:00:00,0,,,,,,,,,,,
SAN_BORJA,TEMP,2025-10-28 05:00:00,2025-10-28 05:00:00,1,1,short_linear,True,,1,2025-10-28T05:00:00,0,,,,,,,,,,,
SAN_BORJA,TEMP,2025-10-28 21:00:00,2025-10-28 21:00:00,1,1,short_linear,True,,1,2025-10-28T21:00:00,0,,,,,,,,,,,
SAN_BORJA,TEMP,2025-11-08 09:00:00,2025-11-08 09:00:00,1,1,short_linear,True,,1,2025-11-08T09:00:00,0,,,,,,,,,,,
SAN_BORJA,TEMP,2025-11-21 08:00:00,2025-11-21 08:00:00,1,1,short_linear,True,,1,2025-11-21T08:00:00,0,,,,,,,,,,,
SAN_BORJA,TEMP,2025-11-21 23:00:00,2025-11-21 23:00:00,1,1,short_linear,True,,1,2025-11-21T23:00:00,0,,,,,,,,,,,
SAN_BORJA,TEMP,2025-11-22 04:00:00,2025-11-22 04:00:00,1,1,short_linear,True,,1,2025-11-22T04:00:00,0,,,,,,,,,,,
SAN_BORJA,TEMP,2025-11-22 07:00:00,2025-11-22 07:00:00,1,1,short_linear,True,,1,2025-11-22T07:00:00,0,,,,,,,,,,,
SAN_BORJA,TEMP,2025-11-22 12:00:00,2025-11-22 13:00:00,2,2,short_linear,True,,2,2025-11-22T12:00:00|2025-11-22T13:00:00,0,,,,,,,,,,,
SAN_BORJA,TEMP,2025-11-23 03:00:00,2025-11-23 03:00:00,1,1,short_linear,True,,1,2025-11-23T03:00:00,0,,,,,,,,,,,
SAN_BORJA,TEMP,2025-11-23 09:00:00,2025-11-23 09:00:00,1,1,short_linear,True,,1,2025-11-23T09:00:00,0,,,,,,,,,,,
SAN_BORJA,TEMP,2025-11-28 15:00:00,2025-11-28 15:00:00,1,1,short_linear,True,,1,2025-11-28T15:00:00,0,,,,,,,,,,,
SAN_BORJA,TEMP,2025-12-03 21:00:00,2025-12-03 21:00:00,1,1,short_linear,True,,1,2025-12-03T21:00:00,0,,,,,,,,,,,
SAN_BORJA,TEMP,2025-12-04 07:00:00,2025-12-04 09:00:00,3,3,short_linear,True,,3,2025-12-04T07:00:00|2025-12-04T08:00:00|2025-12-04T09:00:00,0,,,,,,,,,,,
SAN_BORJA,TEMP,2025-12-04 20:00:00,2025-12-04 22:00:00,3,3,short_linear,True,,3,2025-12-04T20:00:00|2025-12-04T21:00:00|2025-12-04T22:00:00,0,,,,,,,,,,,
SAN_BORJA,TEMP,2025-12-07 20:00:00,2025-12-07 20:00:00,1,1,short_linear,True,,1,2025-12-07T20:00:00,0,,,,,,,,,,,
SAN_BORJA,TEMP,2025-12-08 00:00:00,2025-12-08 02:00:00,3,3,short_linear,True,,3,2025-12-08T00:00:00|2025-12-08T01:00:00|2025-12-08T02:00:00,0,,,,,,,,,,,
SAN_BORJA,TEMP,2025-12-09 03:00:00,2025-12-09 03:00:00,1,1,short_linear,True,,1,2025-12-09T03:00:00,0,,,,,,,,,,,
SAN_BORJA,TEMP,2025-12-09 08:00:00,2025-12-09 08:00:00,1,1,short_linear,True,,1,2025-12-09T08:00:00,0,,,,,,,,,,,
SAN_BORJA,TEMP,2025-12-10 19:00:00,2025-12-10 19:00:00,1,1,short_linear,True,,1,2025-12-10T19:00:00,0,,,,,,,,,,,
SAN_BORJA,TEMP,2025-12-11 08:00:00,2025-12-11 08:00:00,1,1,short_linear,True,,1,2025-12-11T08:00:00,0,,,,,,,,,,,
SAN_BORJA,TEMP,2025-12-12 05:00:00,2025-12-12 05:00:00,1,1,short_linear,True,,1,2025-12-12T05:00:00,0,,,,,,,,,,,
SAN_BORJA,TEMP,2025-12-12 17:00:00,2025-12-12 17:00:00,1,1,short_linear,True,,1,2025-12-12T17:00:00,0,,,,,,,,,,,
SAN_BORJA,TEMP,2025-12-12 23:00:00,2025-12-12 23:00:00,1,1,short_linear,True,,1,2025-12-12T23:00:00,0,,,,,,,,,,,
SAN_BORJA,TEMP,2025-12-13 07:00:00,2025-12-13 08:00:00,2,2,short_linear,True,,2,2025-12-13T07:00:00|2025-12-13T08:00:00,0,,,,,,,,,,,
SAN_BORJA,TEMP,2025-12-14 00:00:00,2025-12-14 00:00:00,1,1,short_linear,True,,1,2025-12-14T00:00:00,0,,,,,,,,,,,
SAN_BORJA,TEMP,2025-12-14 07:00:00,2025-12-14 07:00:00,1,1,short_linear,True,,1,2025-12-14T07:00:00,0,,,,,,,,,,,
SAN_BORJA,TEMP,2025-12-14 11:00:00,2025-12-14 12:00:00,2,2,short_linear,True,,2,2025-12-14T11:00:00|2025-12-14T12:00:00,0,,,,,,,,,,,
SAN_BORJA,TEMP,2025-12-14 22:00:00,2025-12-14 22:00:00,1,1,short_linear,True,,1,2025-12-14T22:00:00,0,,,,,,,,,,,
SAN_BORJA,TEMP,2025-12-15 09:00:00,2025-12-15 09:00:00,1,1,short_linear,True,,1,2025-12-15T09:00:00,0,,,,,,,,,,,
SAN_BORJA,TEMP,2025-12-16 13:00:00,2025-12-16 13:00:00,1,1,short_linear,True,,1,2025-12-16T13:00:00,0,,,,,,,,,,,
SAN_BORJA,TEMP,2025-12-17 06:00:00,2025-12-17 06:00:00,1,1,short_linear,True,,1,2025-12-17T06:00:00,0,,,,,,,,,,,
SAN_BORJA,TEMP,2025-12-17 08:00:00,2025-12-17 12:00:00,5,5,weekly_seasonal,True,,5,2025-12-17T08:00:00|2025-12-17T09:00:00|2025-12-17T10:00:00|2025-12-17T11:00:00|2025-12-17T12:00:00,0,,,,,,,,,,4.0,
SAN_BORJA,TEMP,2025-12-17 22:00:00,2025-12-17 23:00:00,2,2,short_linear,True,,2,2025-12-17T22:00:00|2025-12-17T23:00:00,0,,,,,,,,,,,
SAN_BORJA,TEMP,2025-12-18 12:00:00,2025-12-18 12:00:00,1,1,short_linear,True,,1,2025-12-18T12:00:00,0,,,,,,,,,,,
SAN_BORJA,TEMP,2025-12-20 10:00:00,2025-12-20 10:00:00,1,1,short_linear,True,,1,2025-12-20T10:00:00,0,,,,,,,,,,,
SAN_BORJA,TEMP,2025-12-21 14:00:00,2025-12-21 14:00:00,1,1,short_linear,True,,1,2025-12-21T14:00:00,0,,,,,,,,,,,
SAN_BORJA,TEMP,2025-12-29 12:00:00,2025-12-29 12:00:00,1,1,short_linear,True,,1,2025-12-29T12:00:00,0,,,,,,,,,,,
SAN_BORJA,TEMP,2026-01-03 14:00:00,2026-01-03 14:00:00,1,1,short_linear,True,,1,2026-01-03T14:00:00,0,,,,,,,,,,,
SAN_BORJA,TEMP,2026-01-03 16:00:00,2026-01-03 16:00:00,1,1,short_linear,True,,1,2026-01-03T16:00:00,0,,,,,,,,,,,
SAN_BORJA,TEMP,2026-01-04 13:00:00,2026-01-04 13:00:00,1,1,short_linear,True,,1,2026-01-04T13:00:00,0,,,,,,,,,,,
SAN_BORJA,TEMP,2026-01-04 16:00:00,2026-01-04 16:00:00,1,1,short_linear,True,,1,2026-01-04T16:00:00,0,,,,,,,,,,,
SAN_BORJA,TEMP,2026-01-04 19:00:00,2026-01-04 19:00:00,1,1,short_linear,True,,1,2026-01-04T19:00:00,0,,,,,,,,,,,
SAN_BORJA,TEMP,2026-01-04 21:00:00,2026-01-04 23:00:00,3,3,short_linear,True,,3,2026-01-04T21:00:00|2026-01-04T22:00:00|2026-01-04T23:00:00,0,,,,,,,,,,,
SAN_BORJA,TEMP,2026-01-05 21:00:00,2026-01-05 21:00:00,1,1,short_linear,True,,1,2026-01-05T21:00:00,0,,,,,,,,,,,
SAN_BORJA,TEMP,2026-01-06 01:00:00,2026-01-06 02:00:00,2,2,short_linear,True,,2,2026-01-06T01:00:00|2026-01-06T02:00:00,0,,,,,,,,,,,
SAN_BORJA,TEMP,2026-01-06 07:00:00,2026-01-06 08:00:00,2,2,short_linear,True,,2,2026-01-06T07:00:00|2026-01-06T08:00:00,0,,,,,,,,,,,
SAN_BORJA,TEMP,2026-01-06 11:00:00,2026-01-06 11:00:00,1,1,short_linear,True,,1,2026-01-06T11:00:00,0,,,,,,,,,,,
SAN_BORJA,TEMP,2026-01-06 22:00:00,2026-01-06 23:00:00,2,2,short_linear,True,,2,2026-01-06T22:00:00|2026-01-06T23:00:00,0,,,,,,,,,,,
SAN_BORJA,TEMP,2026-01-07 18:00:00,2026-01-07 18:00:00,1,1,short_linear,True,,1,2026-01-07T18:00:00,0,,,,,,,,,,,
SAN_BORJA,TEMP,2026-01-09 05:00:00,2026-01-09 05:00:00,1,1,short_linear,True,,1,2026-01-09T05:00:00,0,,,,,,,,,,,
SAN_BORJA,TEMP,2026-01-09 13:00:00,2026-01-09 13:00:00,1,1,short_linear,True,,1,2026-01-09T13:00:00,0,,,,,,,,,,,
SAN_BORJA,TEMP,2026-01-10 03:00:00,2026-01-10 03:00:00,1,1,short_linear,True,,1,2026-01-10T03:00:00,0,,,,,,,,,,,
SAN_BORJA,TEMP,2026-01-10 11:00:00,2026-01-10 11:00:00,1,1,short_linear,True,,1,2026-01-10T11:00:00,0,,,,,,,,,,,
SAN_BORJA,TEMP,2026-01-10 16:00:00,2026-01-10 16:00:00,1,1,short_linear,True,,1,2026-01-10T16:00:00,0,,,,,,,,,,,
SAN_BORJA,TEMP,2026-01-10 21:00:00,2026-01-10 21:00:00,1,1,short_linear,True,,1,2026-01-10T21:00:00,0,,,,,,,,,,,
SAN_BORJA,TEMP,2026-01-12 12:00:00,2026-01-12 12:00:00,1,1,short_linear,True,,1,2026-01-12T12:00:00,0,,,,,,,,,,,
SAN_BORJA,TEMP,2026-01-18 09:00:00,2026-01-18 09:00:00,1,1,short_linear,True,,1,2026-01-18T09:00:00,0,,,,,,,,,,,
SAN_BORJA,TEMP,2026-01-18 14:00:00,2026-01-18 14:00:00,1,1,short_linear,True,,1,2026-01-18T14:00:00,0,,,,,,,,,,,
SAN_BORJA,TEMP,2026-01-23 14:00:00,2026-01-23 14:00:00,1,1,short_linear,True,,1,2026-01-23T14:00:00,0,,,,,,,,,,,
SAN_BORJA,TEMP,2026-01-24 03:00:00,2026-01-24 03:00:00,1,1,short_linear,True,,1,2026-01-24T03:00:00,0,,,,,,,,,,,
SAN_BORJA,TEMP,2026-01-26 03:00:00,2026-01-26 03:00:00,1,1,short_linear,True,,1,2026-01-26T03:00:00,0,,,,,,,,,,,
SAN_BORJA,TEMP,2026-02-15 01:00:00,2026-02-15 01:00:00,1,1,short_linear,True,,1,2026-02-15T01:00:00,0,,,,,,,,,,,
SAN_BORJA,TEMP,2026-02-15 04:00:00,2026-02-15 04:00:00,1,1,short_linear,True,,1,2026-02-15T04:00:00,0,,,,,,,,,,,
SAN_BORJA,TEMP,2026-02-15 07:00:00,2026-02-15 07:00:00,1,1,short_linear,True,,1,2026-02-15T07:00:00,0,,,,,,,,,,,
SAN_BORJA,TEMP,2026-02-15 10:00:00,2026-02-15 10:00:00,1,1,short_linear,True,,1,2026-02-15T10:00:00,0,,,,,,,,,,,
SAN_BORJA,TEMP,2026-02-15 20:00:00,2026-02-16 00:00:00,5,5,weekly_seasonal,True,,5,2026-02-15T20:00:00|2026-02-15T21:00:00|2026-02-15T22:00:00|2026-02-15T23:00:00|2026-02-16T00:00:00,0,,,,,,,,,,4.0,
SAN_BORJA,TEMP,2026-02-16 02:00:00,2026-02-16 02:00:00,1,1,short_linear,True,,1,2026-02-16T02:00:00,0,,,,,,,,,,,
SAN_BORJA,TEMP,2026-02-16 06:00:00,2026-02-16 06:00:00,1,1,short_linear,True,,1,2026-02-16T06:00:00,0,,,,,,,,,,,
SAN_BORJA,TEMP,2026-02-16 08:00:00,2026-02-16 08:00:00,1,1,short_linear,True,,1,2026-02-16T08:00:00,0,,,,,,,,,,,
SAN_BORJA,TEMP,2026-02-16 10:00:00,2026-02-16 10:00:00,1,1,short_linear,True,,1,2026-02-16T10:00:00,0,,,,,,,,,,,
SAN_BORJA,TEMP,2026-02-16 17:00:00,2026-02-16 17:00:00,1,1,short_linear,True,,1,2026-02-16T17:00:00,0,,,,,,,,,,,
SAN_BORJA,TEMP,2026-02-17 00:00:00,2026-02-17 02:00:00,3,3,short_linear,True,,3,2026-02-17T00:00:00|2026-02-17T01:00:00|2026-02-17T02:00:00,0,,,,,,,,,,,
SAN_BORJA,TEMP,2026-02-21 15:00:00,2026-02-21 16:00:00,2,2,short_linear,True,,2,2026-02-21T15:00:00|2026-02-21T16:00:00,0,,,,,,,,,,,
SAN_BORJA,TEMP,2026-02-24 16:00:00,2026-02-24 16:00:00,1,1,short_linear,True,,1,2026-02-24T16:00:00,0,,,,,,,,,,,
SAN_BORJA,TEMP,2026-03-06 12:00:00,2026-03-06 12:00:00,1,1,short_linear,True,,1,2026-03-06T12:00:00,0,,,,,,,,,,,
SAN_BORJA,TEMP,2026-03-06 21:00:00,2026-03-07 02:00:00,6,6,weekly_seasonal,True,,6,2026-03-06T21:00:00|2026-03-06T22:00:00|2026-03-06T23:00:00|2026-03-07T00:00:00|2026-03-07T01:00:00|2026-03-07T02:00:00,0,,,,,,,,,,4.0,
SAN_BORJA,TEMP,2026-03-07 05:00:00,2026-03-07 05:00:00,1,1,short_linear,True,,1,2026-03-07T05:00:00,0,,,,,,,,,,,
SAN_BORJA,TEMP,2026-03-07 09:00:00,2026-03-07 09:00:00,1,1,short_linear,True,,1,2026-03-07T09:00:00,0,,,,,,,,,,,
SAN_BORJA,TEMP,2026-03-07 23:00:00,2026-03-07 23:00:00,1,1,short_linear,True,,1,2026-03-07T23:00:00,0,,,,,,,,,,,
SAN_BORJA,TEMP,2026-03-08 03:00:00,2026-03-08 03:00:00,1,1,short_linear,True,,1,2026-03-08T03:00:00,0,,,,,,,,,,,
SAN_BORJA,TEMP,2026-03-08 08:00:00,2026-03-08 09:00:00,2,2,short_linear,True,,2,2026-03-08T08:00:00|2026-03-08T09:00:00,0,,,,,,,,,,,
SAN_BORJA,TEMP,2026-03-16 11:00:00,2026-03-16 11:00:00,1,1,short_linear,True,,1,2026-03-16T11:00:00,0,,,,,,,,,,,
SAN_BORJA,TEMP,2026-05-20 03:00:00,2026-05-20 05:00:00,3,3,short_linear,True,,3,2026-05-20T03:00:00|2026-05-20T04:00:00|2026-05-20T05:00:00,0,,,,,,,,,,,
SAN_BORJA,TEMP,2026-05-20 08:00:00,2026-05-20 08:00:00,1,1,short_linear,True,,1,2026-05-20T08:00:00,0,,,,,,,,,,,
SAN_BORJA,TEMP,2026-05-21 03:00:00,2026-05-21 03:00:00,1,1,short_linear,True,,1,2026-05-21T03:00:00,0,,,,,,,,,,,
SAN_BORJA,TEMP,2026-05-21 05:00:00,2026-05-21 07:00:00,3,3,short_linear,True,,3,2026-05-21T05:00:00|2026-05-21T06:00:00|2026-05-21T07:00:00,0,,,,,,,,,,,
SAN_BORJA,TEMP,2026-05-22 02:00:00,2026-05-22 02:00:00,1,1,short_linear,True,,1,2026-05-22T02:00:00,0,,,,,,,,,,,
SAN_BORJA,TEMP,2026-05-22 05:00:00,2026-05-22 06:00:00,2,2,short_linear,True,,2,2026-05-22T05:00:00|2026-05-22T06:00:00,0,,,,,,,,,,,
SAN_BORJA,TEMP,2026-05-22 09:00:00,2026-05-22 09:00:00,1,1,short_linear,True,,1,2026-05-22T09:00:00,0,,,,,,,,,,,
SAN_BORJA,TEMP,2026-05-22 11:00:00,2026-05-22 11:00:00,1,1,short_linear,True,,1,2026-05-22T11:00:00,0,,,,,,,,,,,
SAN_BORJA,TEMP,2026-05-22 18:00:00,2026-05-22 18:00:00,1,1,short_linear,True,,1,2026-05-22T18:00:00,0,,,,,,,,,,,
SAN_BORJA,TEMP,2026-05-22 22:00:00,2026-05-22 23:00:00,2,2,short_linear,True,,2,2026-05-22T22:00:00|2026-05-22T23:00:00,0,,,,,,,,,,,
SAN_BORJA,TEMP,2026-05-23 09:00:00,2026-05-23 09:00:00,1,1,short_linear,True,,1,2026-05-23T09:00:00,0,,,,,,,,,,,
SAN_BORJA,TEMP,2026-05-24 09:00:00,2026-05-24 10:00:00,2,2,short_linear,True,,2,2026-05-24T09:00:00|2026-05-24T10:00:00,0,,,,,,,,,,,
SAN_BORJA,TEMP,2026-05-24 14:00:00,2026-05-24 14:00:00,1,1,short_linear,True,,1,2026-05-24T14:00:00,0,,,,,,,,,,,
SAN_BORJA,TEMP,2026-05-25 06:00:00,2026-05-25 06:00:00,1,1,short_linear,True,,1,2026-05-25T06:00:00,0,,,,,,,,,,,
SAN_BORJA,TEMP,2026-05-25 17:00:00,2026-05-25 17:00:00,1,1,short_linear,True,,1,2026-05-25T17:00:00,0,,,,,,,,,,,
SAN_BORJA,TEMP,2026-05-26 05:00:00,2026-05-26 05:00:00,1,1,short_linear,True,,1,2026-05-26T05:00:00,0,,,,,,,,,,,
SAN_BORJA,TEMP,2026-05-26 18:00:00,2026-05-26 18:00:00,1,1,short_linear,True,,1,2026-05-26T18:00:00,0,,,,,,,,,,,
SAN_BORJA,TEMP,2026-05-26 20:00:00,2026-05-26 20:00:00,1,1,short_linear,True,,1,2026-05-26T20:00:00,0,,,,,,,,,,,
SAN_BORJA,TEMP,2026-05-27 02:00:00,2026-05-27 05:00:00,4,4,short_linear,True,,4,2026-05-27T02:00:00|2026-05-27T03:00:00|2026-05-27T04:00:00|2026-05-27T05:00:00,0,,,,,,,,,,,
SAN_BORJA,TEMP,2026-05-27 08:00:00,2026-05-27 08:00:00,1,1,short_linear,True,,1,2026-05-27T08:00:00,0,,,,,,,,,,,
SAN_BORJA,TEMP,2026-05-27 10:00:00,2026-05-27 10:00:00,1,1,short_linear,True,,1,2026-05-27T10:00:00,0,,,,,,,,,,,
SAN_BORJA,TEMP,2026-05-27 12:00:00,2026-05-27 12:00:00,1,1,short_linear,True,,1,2026-05-27T12:00:00,0,,,,,,,,,,,
SAN_BORJA,TEMP,2026-05-27 18:00:00,2026-05-27 19:00:00,2,2,short_linear,True,,2,2026-05-27T18:00:00|2026-05-27T19:00:00,0,,,,,,,,,,,
SAN_BORJA,TEMP,2026-05-27 22:00:00,2026-05-27 22:00:00,1,1,short_linear,True,,1,2026-05-27T22:00:00,0,,,,,,,,,,,
SAN_BORJA,TEMP,2026-05-28 00:00:00,2026-05-28 04:00:00,5,5,weekly_seasonal,True,,5,2026-05-28T00:00:00|2026-05-28T01:00:00|2026-05-28T02:00:00|2026-05-28T03:00:00|2026-05-28T04:00:00,0,,,,,,,,,,3.0,
SAN_BORJA,TEMP,2026-05-28 06:00:00,2026-05-28 06:00:00,1,1,short_linear,True,,1,2026-05-28T06:00:00,0,,,,,,,,,,,
SAN_BORJA,TEMP,2026-05-28 09:00:00,2026-05-28 10:00:00,2,2,short_linear,True,,2,2026-05-28T09:00:00|2026-05-28T10:00:00,0,,,,,,,,,,,
SAN_BORJA,TEMP,2026-05-29 03:00:00,2026-05-29 05:00:00,3,3,short_linear,True,,3,2026-05-29T03:00:00|2026-05-29T04:00:00|2026-05-29T05:00:00,0,,,,,,,,,,,
SAN_BORJA,TEMP,2026-05-29 08:00:00,2026-05-29 09:00:00,2,2,short_linear,True,,2,2026-05-29T08:00:00|2026-05-29T09:00:00,0,,,,,,,,,,,
SAN_BORJA,TEMP,2026-05-29 16:00:00,2026-05-29 16:00:00,1,1,short_linear,True,,1,2026-05-29T16:00:00,0,,,,,,,,,,,
SAN_BORJA,TEMP,2026-05-29 19:00:00,2026-05-29 19:00:00,1,1,short_linear,True,,1,2026-05-29T19:00:00,0,,,,,,,,,,,
SAN_BORJA,TEMP,2026-05-29 21:00:00,2026-05-29 21:00:00,1,1,short_linear,True,,1,2026-05-29T21:00:00,0,,,,,,,,,,,
SAN_BORJA,TEMP,2026-05-29 23:00:00,2026-05-29 23:00:00,1,1,short_linear,True,,1,2026-05-29T23:00:00,0,,,,,,,,,,,
SAN_BORJA,TEMP,2026-05-30 01:00:00,2026-05-30 01:00:00,1,1,short_linear,True,,1,2026-05-30T01:00:00,0,,,,,,,,,,,
SAN_BORJA,TEMP,2026-05-30 03:00:00,2026-05-30 03:00:00,1,1,short_linear,True,,1,2026-05-30T03:00:00,0,,,,,,,,,,,
SAN_BORJA,TEMP,2026-05-31 04:00:00,2026-05-31 04:00:00,1,1,short_linear,True,,1,2026-05-31T04:00:00,0,,,,,,,,,,,
SAN_BORJA,TEMP,2026-05-31 08:00:00,2026-05-31 09:00:00,2,2,short_linear,True,,2,2026-05-31T08:00:00|2026-05-31T09:00:00,0,,,,,,,,,,,
SAN_BORJA,TEMP,2026-05-31 16:00:00,2026-05-31 16:00:00,1,1,short_linear,True,,1,2026-05-31T16:00:00,0,,,,,,,,,,,
SAN_BORJA,TEMP,2026-06-01 01:00:00,2026-06-01 03:00:00,3,3,short_linear,True,,3,2026-06-01T01:00:00|2026-06-01T02:00:00|2026-06-01T03:00:00,0,,,,,,,,,,,
SAN_BORJA,TEMP,2026-06-01 17:00:00,2026-06-01 17:00:00,1,1,short_linear,True,,1,2026-06-01T17:00:00,0,,,,,,,,,,,
SAN_BORJA,TEMP,2026-06-01 23:00:00,2026-06-01 23:00:00,1,1,short_linear,True,,1,2026-06-01T23:00:00,0,,,,,,,,,,,
SAN_BORJA,TEMP,2026-06-02 09:00:00,2026-06-02 09:00:00,1,1,short_linear,True,,1,2026-06-02T09:00:00,0,,,,,,,,,,,
SAN_BORJA,TEMP,2026-06-02 20:00:00,2026-06-02 20:00:00,1,1,short_linear,True,,1,2026-06-02T20:00:00,0,,,,,,,,,,,
SAN_BORJA,TEMP,2026-06-03 00:00:00,2026-06-03 00:00:00,1,1,short_linear,True,,1,2026-06-03T00:00:00,0,,,,,,,,,,,
SAN_BORJA,TEMP,2026-06-03 05:00:00,2026-06-03 05:00:00,1,1,short_linear,True,,1,2026-06-03T05:00:00,0,,,,,,,,,,,
SAN_BORJA,TEMP,2026-06-03 15:00:00,2026-06-03 15:00:00,1,1,short_linear,True,,1,2026-06-03T15:00:00,0,,,,,,,,,,,
SAN_BORJA,TEMP,2026-06-04 12:00:00,2026-06-04 12:00:00,1,1,short_linear,True,,1,2026-06-04T12:00:00,0,,,,,,,,,,,
SAN_BORJA,TEMP,2026-06-05 08:00:00,2026-06-05 08:00:00,1,1,short_linear,True,,1,2026-06-05T08:00:00,0,,,,,,,,,,,
SAN_BORJA,TEMP,2026-06-05 13:00:00,2026-06-05 13:00:00,1,1,short_linear,True,,1,2026-06-05T13:00:00,0,,,,,,,,,,,
SAN_BORJA,TEMP,2026-06-05 18:00:00,2026-06-05 18:00:00,1,1,short_linear,True,,1,2026-06-05T18:00:00,0,,,,,,,,,,,
SAN_BORJA,TEMP,2026-06-05 22:00:00,2026-06-05 22:00:00,1,1,short_linear,True,,1,2026-06-05T22:00:00,0,,,,,,,,,,,
SAN_BORJA,TEMP,2026-06-06 21:00:00,2026-06-06 21:00:00,1,1,short_linear,True,,1,2026-06-06T21:00:00,0,,,,,,,,,,,
SAN_BORJA,TEMP,2026-06-07 04:00:00,2026-06-07 04:00:00,1,1,short_linear,True,,1,2026-06-07T04:00:00,0,,,,,,,,,,,
SAN_BORJA,TEMP,2026-06-08 02:00:00,2026-06-08 02:00:00,1,1,short_linear,True,,1,2026-06-08T02:00:00,0,,,,,,,,,,,
SAN_BORJA,TEMP,2026-06-08 04:00:00,2026-06-08 04:00:00,1,1,short_linear,True,,1,2026-06-08T04:00:00,0,,,,,,,,,,,
SAN_BORJA,TEMP,2026-06-08 15:00:00,2026-06-08 15:00:00,1,1,short_linear,True,,1,2026-06-08T15:00:00,0,,,,,,,,,,,
SAN_BORJA,TEMP,2026-06-08 19:00:00,2026-06-08 21:00:00,3,3,short_linear,True,,3,2026-06-08T19:00:00|2026-06-08T20:00:00|2026-06-08T21:00:00,0,,,,,,,,,,,
SAN_BORJA,TEMP,2026-06-09 12:00:00,2026-06-09 13:00:00,2,2,short_linear,True,,2,2026-06-09T12:00:00|2026-06-09T13:00:00,0,,,,,,,,,,,
SAN_BORJA,TEMP,2026-06-09 15:00:00,2026-06-09 15:00:00,1,1,short_linear,True,,1,2026-06-09T15:00:00,0,,,,,,,,,,,
SAN_BORJA,TEMP,2026-06-09 17:00:00,2026-06-09 17:00:00,1,1,short_linear,True,,1,2026-06-09T17:00:00,0,,,,,,,,,,,
SAN_BORJA,TEMP,2026-06-09 19:00:00,2026-06-09 20:00:00,2,2,short_linear,True,,2,2026-06-09T19:00:00|2026-06-09T20:00:00,0,,,,,,,,,,,
SAN_BORJA,TEMP,2026-06-09 22:00:00,2026-06-10 01:00:00,4,4,short_linear,True,,4,2026-06-09T22:00:00|2026-06-09T23:00:00|2026-06-10T00:00:00|2026-06-10T01:00:00,0,,,,,,,,,,,
SAN_BORJA,TEMP,2026-06-10 03:00:00,2026-06-10 04:00:00,2,2,short_linear,True,,2,2026-06-10T03:00:00|2026-06-10T04:00:00,0,,,,,,,,,,,
SAN_BORJA,TEMP,2026-06-10 06:00:00,2026-06-10 07:00:00,2,2,short_linear,True,,2,2026-06-10T06:00:00|2026-06-10T07:00:00,0,,,,,,,,,,,
SAN_BORJA,TEMP,2026-06-10 10:00:00,2026-06-10 10:00:00,1,1,short_linear,True,,1,2026-06-10T10:00:00,0,,,,,,,,,,,
SAN_BORJA,TEMP,2026-06-12 21:00:00,2026-06-12 21:00:00,1,1,short_linear,True,,1,2026-06-12T21:00:00,0,,,,,,,,,,,
SAN_BORJA,TEMP,2026-06-13 05:00:00,2026-06-13 05:00:00,1,1,short_linear,True,,1,2026-06-13T05:00:00,0,,,,,,,,,,,
SAN_BORJA,TEMP,2026-06-13 14:00:00,2026-06-13 14:00:00,1,1,short_linear,True,,1,2026-06-13T14:00:00,0,,,,,,,,,,,
SAN_BORJA,TEMP,2026-06-14 01:00:00,2026-06-14 01:00:00,1,1,short_linear,True,,1,2026-06-14T01:00:00,0,,,,,,,,,,,
SAN_BORJA,TEMP,2026-06-14 18:00:00,2026-06-14 18:00:00,1,1,short_linear,True,,1,2026-06-14T18:00:00,0,,,,,,,,,,,
SAN_BORJA,TEMP,2026-06-16 13:00:00,2026-06-16 13:00:00,1,1,short_linear,True,,1,2026-06-16T13:00:00,0,,,,,,,,,,,
SAN_BORJA,TEMP,2026-06-17 10:00:00,2026-06-17 10:00:00,1,1,short_linear,True,,1,2026-06-17T10:00:00,0,,,,,,,,,,,
SAN_BORJA,TEMP,2026-06-19 01:00:00,2026-06-19 02:00:00,2,2,short_linear,True,,2,2026-06-19T01:00:00|2026-06-19T02:00:00,0,,,,,,,,,,,
SAN_BORJA,TEMP,2026-06-19 08:00:00,2026-06-19 08:00:00,1,1,short_linear,True,,1,2026-06-19T08:00:00,0,,,,,,,,,,,
SAN_BORJA,TEMP,2026-06-19 21:00:00,2026-06-19 21:00:00,1,1,short_linear,True,,1,2026-06-19T21:00:00,0,,,,,,,,,,,
SAN_BORJA,TEMP,2026-06-19 23:00:00,2026-06-19 23:00:00,1,1,short_linear,True,,1,2026-06-19T23:00:00,0,,,,,,,,,,,
SAN_BORJA,TEMP,2026-06-20 01:00:00,2026-06-20 01:00:00,1,1,short_linear,True,,1,2026-06-20T01:00:00,0,,,,,,,,,,,
SAN_BORJA,TEMP,2026-06-20 04:00:00,2026-06-20 04:00:00,1,1,short_linear,True,,1,2026-06-20T04:00:00,0,,,,,,,,,,,
SAN_BORJA,TEMP,2026-06-20 09:00:00,2026-06-20 09:00:00,1,1,short_linear,True,,1,2026-06-20T09:00:00,0,,,,,,,,,,,
SAN_BORJA,TEMP,2026-06-21 08:00:00,2026-06-21 08:00:00,1,1,short_linear,True,,1,2026-06-21T08:00:00,0,,,,,,,,,,,
SAN_BORJA,TEMP,2026-06-22 17:00:00,2026-06-22 17:00:00,1,1,short_linear,True,,1,2026-06-22T17:00:00,0,,,,,,,,,,,
SAN_BORJA,TEMP,2026-06-22 21:00:00,2026-06-22 21:00:00,1,1,short_linear,True,,1,2026-06-22T21:00:00,0,,,,,,,,,,,
SAN_BORJA,TEMP,2026-06-23 14:00:00,2026-06-23 14:00:00,1,1,short_linear,True,,1,2026-06-23T14:00:00,0,,,,,,,,,,,
SAN_BORJA,HR,2025-01-03 12:00:00,2025-01-03 12:00:00,1,1,short_linear,True,,1,2025-01-03T12:00:00,0,,,,,,,,,,,
SAN_BORJA,HR,2025-01-04 21:00:00,2025-01-05 01:00:00,5,5,cross_year_analog,True,,2,2025-01-05T00:00:00|2025-01-05T01:00:00,0,,,,,,,,,,1.0,
SAN_BORJA,HR,2025-01-04 21:00:00,2025-01-05 01:00:00,5,5,interstation_regression,True,,3,2025-01-04T21:00:00|2025-01-04T22:00:00|2025-01-04T23:00:00,0,0.8684607817239656,CAMPO_DE_MARTE,5.721802798728685,1.0,12564.0,-8.295746156701,1.0614354143982387,0.5,TimeSeriesSplit(5),,
SAN_BORJA,HR,2025-01-07 11:00:00,2025-01-07 11:00:00,1,1,short_linear,True,,1,2025-01-07T11:00:00,0,,,,,,,,,,,
SAN_BORJA,HR,2025-01-20 00:00:00,2025-01-20 00:00:00,1,1,short_linear,True,,1,2025-01-20T00:00:00,0,,,,,,,,,,,
SAN_BORJA,HR,2025-01-25 16:00:00,2025-01-25 16:00:00,1,1,short_linear,True,,1,2025-01-25T16:00:00,0,,,,,,,,,,,
SAN_BORJA,HR,2025-01-28 07:00:00,2025-01-28 07:00:00,1,1,short_linear,True,,1,2025-01-28T07:00:00,0,,,,,,,,,,,
SAN_BORJA,HR,2025-01-28 16:00:00,2025-01-28 16:00:00,1,1,short_linear,True,,1,2025-01-28T16:00:00,0,,,,,,,,,,,
SAN_BORJA,HR,2025-01-28 19:00:00,2025-01-28 19:00:00,1,1,short_linear,True,,1,2025-01-28T19:00:00,0,,,,,,,,,,,
SAN_BORJA,HR,2025-01-29 01:00:00,2025-01-29 02:00:00,2,2,short_linear,True,,2,2025-01-29T01:00:00|2025-01-29T02:00:00,0,,,,,,,,,,,
SAN_BORJA,HR,2025-01-29 05:00:00,2025-01-29 06:00:00,2,2,short_linear,True,,2,2025-01-29T05:00:00|2025-01-29T06:00:00,0,,,,,,,,,,,
SAN_BORJA,HR,2025-01-29 08:00:00,2025-01-29 08:00:00,1,1,short_linear,True,,1,2025-01-29T08:00:00,0,,,,,,,,,,,
SAN_BORJA,HR,2025-01-29 17:00:00,2025-01-29 18:00:00,2,2,short_linear,True,,2,2025-01-29T17:00:00|2025-01-29T18:00:00,0,,,,,,,,,,,
SAN_BORJA,HR,2025-01-30 13:00:00,2025-01-30 13:00:00,1,1,short_linear,True,,1,2025-01-30T13:00:00,0,,,,,,,,,,,
SAN_BORJA,HR,2025-02-02 06:00:00,2025-02-02 06:00:00,1,1,short_linear,True,,1,2025-02-02T06:00:00,0,,,,,,,,,,,
SAN_BORJA,HR,2025-02-02 11:00:00,2025-02-02 11:00:00,1,1,short_linear,True,,1,2025-02-02T11:00:00,0,,,,,,,,,,,
SAN_BORJA,HR,2025-02-02 22:00:00,2025-02-02 22:00:00,1,1,short_linear,True,,1,2025-02-02T22:00:00,0,,,,,,,,,,,
SAN_BORJA,HR,2025-02-05 17:00:00,2025-02-05 17:00:00,1,1,short_linear,True,,1,2025-02-05T17:00:00,0,,,,,,,,,,,
SAN_BORJA,HR,2025-02-05 23:00:00,2025-02-05 23:00:00,1,1,short_linear,True,,1,2025-02-05T23:00:00,0,,,,,,,,,,,
SAN_BORJA,HR,2025-02-06 07:00:00,2025-02-06 07:00:00,1,1,short_linear,True,,1,2025-02-06T07:00:00,0,,,,,,,,,,,
SAN_BORJA,HR,2025-02-06 09:00:00,2025-02-06 09:00:00,1,1,short_linear,True,,1,2025-02-06T09:00:00,0,,,,,,,,,,,
SAN_BORJA,HR,2025-02-07 06:00:00,2025-02-07 07:00:00,2,2,short_linear,True,,2,2025-02-07T06:00:00|2025-02-07T07:00:00,0,,,,,,,,,,,
SAN_BORJA,HR,2025-02-08 10:00:00,2025-02-08 10:00:00,1,1,short_linear,True,,1,2025-02-08T10:00:00,0,,,,,,,,,,,
SAN_BORJA,HR,2025-02-09 17:00:00,2025-02-09 17:00:00,1,1,short_linear,True,,1,2025-02-09T17:00:00,0,,,,,,,,,,,
SAN_BORJA,HR,2025-02-10 05:00:00,2025-02-10 05:00:00,1,1,short_linear,True,,1,2025-02-10T05:00:00,0,,,,,,,,,,,
SAN_BORJA,HR,2025-02-11 22:00:00,2025-02-11 22:00:00,1,1,short_linear,True,,1,2025-02-11T22:00:00,0,,,,,,,,,,,
SAN_BORJA,HR,2025-02-15 12:00:00,2025-02-15 12:00:00,1,1,short_linear,True,,1,2025-02-15T12:00:00,0,,,,,,,,,,,
SAN_BORJA,HR,2025-02-15 14:00:00,2025-02-15 14:00:00,1,1,short_linear,True,,1,2025-02-15T14:00:00,0,,,,,,,,,,,
SAN_BORJA,HR,2025-02-15 23:00:00,2025-02-16 00:00:00,2,2,short_linear,True,,2,2025-02-15T23:00:00|2025-02-16T00:00:00,0,,,,,,,,,,,
SAN_BORJA,HR,2025-02-16 04:00:00,2025-02-16 04:00:00,1,1,short_linear,True,,1,2025-02-16T04:00:00,0,,,,,,,,,,,
SAN_BORJA,HR,2025-02-16 10:00:00,2025-02-16 10:00:00,1,1,short_linear,True,,1,2025-02-16T10:00:00,0,,,,,,,,,,,
SAN_BORJA,HR,2025-02-19 07:00:00,2025-02-19 07:00:00,1,1,short_linear,True,,1,2025-02-19T07:00:00,0,,,,,,,,,,,
SAN_BORJA,HR,2025-02-19 18:00:00,2025-02-19 18:00:00,1,1,short_linear,True,,1,2025-02-19T18:00:00,0,,,,,,,,,,,
SAN_BORJA,HR,2025-02-20 09:00:00,2025-02-20 09:00:00,1,1,short_linear,True,,1,2025-02-20T09:00:00,0,,,,,,,,,,,
SAN_BORJA,HR,2025-02-21 03:00:00,2025-02-21 03:00:00,1,1,short_linear,True,,1,2025-02-21T03:00:00,0,,,,,,,,,,,
SAN_BORJA,HR,2025-02-26 18:00:00,2025-02-26 18:00:00,1,1,short_linear,True,,1,2025-02-26T18:00:00,0,,,,,,,,,,,
SAN_BORJA,HR,2025-02-27 05:00:00,2025-02-27 05:00:00,1,1,short_linear,True,,1,2025-02-27T05:00:00,0,,,,,,,,,,,
SAN_BORJA,HR,2025-02-27 11:00:00,2025-02-27 11:00:00,1,1,short_linear,True,,1,2025-02-27T11:00:00,0,,,,,,,,,,,
SAN_BORJA,HR,2025-03-05 00:00:00,2025-03-05 00:00:00,1,1,short_linear,True,,1,2025-03-05T00:00:00,0,,,,,,,,,,,
SAN_BORJA,HR,2025-03-05 06:00:00,2025-03-05 07:00:00,2,2,short_linear,True,,2,2025-03-05T06:00:00|2025-03-05T07:00:00,0,,,,,,,,,,,
SAN_BORJA,HR,2025-03-05 12:00:00,2025-03-05 21:00:00,10,10,weekly_seasonal,True,,9,2025-03-05T12:00:00|2025-03-05T13:00:00|2025-03-05T14:00:00|2025-03-05T15:00:00|2025-03-05T16:00:00|2025-03-05T17:00:00|2025-03-05T19:00:00|2025-03-05T20:00:00|2025-03-05T21:00:00,0,,,,,,,,,,3.0,
SAN_BORJA,HR,2025-03-05 12:00:00,2025-03-05 21:00:00,10,10,cross_year_analog,True,,1,2025-03-05T18:00:00,0,,,,,,,,,,1.0,
SAN_BORJA,HR,2025-03-06 08:00:00,2025-03-06 08:00:00,1,1,short_linear,True,,1,2025-03-06T08:00:00,0,,,,,,,,,,,
SAN_BORJA,HR,2025-03-06 23:00:00,2025-03-06 23:00:00,1,1,short_linear,True,,1,2025-03-06T23:00:00,0,,,,,,,,,,,
SAN_BORJA,HR,2025-03-07 12:00:00,2025-03-07 12:00:00,1,1,short_linear,True,,1,2025-03-07T12:00:00,0,,,,,,,,,,,
SAN_BORJA,HR,2025-03-08 12:00:00,2025-03-08 12:00:00,1,1,short_linear,True,,1,2025-03-08T12:00:00,0,,,,,,,,,,,
SAN_BORJA,HR,2025-03-08 18:00:00,2025-03-08 18:00:00,1,1,short_linear,True,,1,2025-03-08T18:00:00,0,,,,,,,,,,,
SAN_BORJA,HR,2025-03-08 20:00:00,2025-03-08 20:00:00,1,1,short_linear,True,,1,2025-03-08T20:00:00,0,,,,,,,,,,,
SAN_BORJA,HR,2025-03-08 23:00:00,2025-03-08 23:00:00,1,1,short_linear,True,,1,2025-03-08T23:00:00,0,,,,,,,,,,,
SAN_BORJA,HR,2025-03-11 18:00:00,2025-03-11 18:00:00,1,1,short_linear,True,,1,2025-03-11T18:00:00,0,,,,,,,,,,,
SAN_BORJA,HR,2025-03-12 16:00:00,2025-03-12 16:00:00,1,1,short_linear,True,,1,2025-03-12T16:00:00,0,,,,,,,,,,,
SAN_BORJA,HR,2025-03-13 08:00:00,2025-03-13 08:00:00,1,1,short_linear,True,,1,2025-03-13T08:00:00,0,,,,,,,,,,,
SAN_BORJA,HR,2025-03-18 14:00:00,2025-03-18 15:00:00,2,2,short_linear,True,,2,2025-03-18T14:00:00|2025-03-18T15:00:00,0,,,,,,,,,,,
SAN_BORJA,HR,2025-03-18 23:00:00,2025-03-18 23:00:00,1,1,short_linear,True,,1,2025-03-18T23:00:00,0,,,,,,,,,,,
SAN_BORJA,HR,2025-03-19 01:00:00,2025-03-19 01:00:00,1,1,short_linear,True,,1,2025-03-19T01:00:00,0,,,,,,,,,,,
SAN_BORJA,HR,2025-03-19 04:00:00,2025-03-19 04:00:00,1,1,short_linear,True,,1,2025-03-19T04:00:00,0,,,,,,,,,,,
SAN_BORJA,HR,2025-03-19 13:00:00,2025-03-19 13:00:00,1,1,short_linear,True,,1,2025-03-19T13:00:00,0,,,,,,,,,,,
SAN_BORJA,HR,2025-03-27 08:00:00,2025-03-27 08:00:00,1,1,short_linear,True,,1,2025-03-27T08:00:00,0,,,,,,,,,,,
SAN_BORJA,HR,2025-03-27 14:00:00,2025-03-27 14:00:00,1,1,short_linear,True,,1,2025-03-27T14:00:00,0,,,,,,,,,,,
SAN_BORJA,HR,2025-04-06 11:00:00,2025-04-06 11:00:00,1,1,short_linear,True,,1,2025-04-06T11:00:00,0,,,,,,,,,,,
SAN_BORJA,HR,2025-05-09 19:00:00,2025-05-09 19:00:00,1,1,short_linear,True,,1,2025-05-09T19:00:00,0,,,,,,,,,,,
SAN_BORJA,HR,2025-06-02 14:00:00,2025-06-02 14:00:00,1,1,short_linear,True,,1,2025-06-02T14:00:00,0,,,,,,,,,,,
SAN_BORJA,HR,2025-06-13 19:00:00,2025-06-13 19:00:00,1,1,short_linear,True,,1,2025-06-13T19:00:00,0,,,,,,,,,,,
SAN_BORJA,HR,2025-06-29 14:00:00,2025-06-29 14:00:00,1,1,short_linear,True,,1,2025-06-29T14:00:00,0,,,,,,,,,,,
SAN_BORJA,HR,2025-07-04 12:00:00,2025-07-04 12:00:00,1,1,short_linear,True,,1,2025-07-04T12:00:00,0,,,,,,,,,,,
SAN_BORJA,HR,2025-07-06 19:00:00,2025-07-06 19:00:00,1,1,short_linear,True,,1,2025-07-06T19:00:00,0,,,,,,,,,,,
SAN_BORJA,HR,2025-07-07 04:00:00,2025-07-07 04:00:00,1,1,short_linear,True,,1,2025-07-07T04:00:00,0,,,,,,,,,,,
SAN_BORJA,HR,2025-07-07 11:00:00,2025-07-07 11:00:00,1,1,short_linear,True,,1,2025-07-07T11:00:00,0,,,,,,,,,,,
SAN_BORJA,HR,2025-07-08 18:00:00,2025-07-08 18:00:00,1,1,short_linear,True,,1,2025-07-08T18:00:00,0,,,,,,,,,,,
SAN_BORJA,HR,2025-07-08 23:00:00,2025-07-08 23:00:00,1,1,short_linear,True,,1,2025-07-08T23:00:00,0,,,,,,,,,,,
SAN_BORJA,HR,2025-07-11 04:00:00,2025-07-11 04:00:00,1,1,short_linear,True,,1,2025-07-11T04:00:00,0,,,,,,,,,,,
SAN_BORJA,HR,2025-07-16 10:00:00,2025-07-16 10:00:00,1,1,short_linear,True,,1,2025-07-16T10:00:00,0,,,,,,,,,,,
SAN_BORJA,HR,2025-07-17 05:00:00,2025-07-17 05:00:00,1,1,short_linear,True,,1,2025-07-17T05:00:00,0,,,,,,,,,,,
SAN_BORJA,HR,2025-07-29 19:00:00,2025-07-29 19:00:00,1,1,short_linear,True,,1,2025-07-29T19:00:00,0,,,,,,,,,,,
SAN_BORJA,HR,2025-08-15 10:00:00,2025-08-15 10:00:00,1,1,short_linear,True,,1,2025-08-15T10:00:00,0,,,,,,,,,,,
SAN_BORJA,HR,2025-08-16 07:00:00,2025-08-16 08:00:00,2,2,short_linear,True,,2,2025-08-16T07:00:00|2025-08-16T08:00:00,0,,,,,,,,,,,
SAN_BORJA,HR,2025-08-18 04:00:00,2025-08-18 04:00:00,1,1,short_linear,True,,1,2025-08-18T04:00:00,0,,,,,,,,,,,
SAN_BORJA,HR,2025-08-20 05:00:00,2025-08-20 05:00:00,1,1,short_linear,True,,1,2025-08-20T05:00:00,0,,,,,,,,,,,
SAN_BORJA,HR,2025-08-20 13:00:00,2025-08-20 14:00:00,2,2,short_linear,True,,2,2025-08-20T13:00:00|2025-08-20T14:00:00,0,,,,,,,,,,,
SAN_BORJA,HR,2025-09-02 07:00:00,2025-09-02 07:00:00,1,1,short_linear,True,,1,2025-09-02T07:00:00,0,,,,,,,,,,,
SAN_BORJA,HR,2025-09-16 15:00:00,2025-09-16 15:00:00,1,1,short_linear,True,,1,2025-09-16T15:00:00,0,,,,,,,,,,,
SAN_BORJA,HR,2025-09-20 18:00:00,2025-09-20 18:00:00,1,1,short_linear,True,,1,2025-09-20T18:00:00,0,,,,,,,,,,,
SAN_BORJA,HR,2025-10-16 21:00:00,2025-10-17 09:00:00,13,13,weekly_seasonal,True,,13,2025-10-16T21:00:00|2025-10-16T22:00:00|2025-10-16T23:00:00|2025-10-17T00:00:00|2025-10-17T01:00:00|2025-10-17T02:00:00|2025-10-17T03:00:00|2025-10-17T04:00:00|2025-10-17T05:00:00|2025-10-17T06:00:00|2025-10-17T07:00:00|2025-10-17T08:00:00|2025-10-17T09:00:00,0,,,,,,,,,,4.0,
SAN_BORJA,HR,2025-10-20 12:00:00,2025-10-20 12:00:00,1,1,short_linear,True,,1,2025-10-20T12:00:00,0,,,,,,,,,,,
SAN_BORJA,HR,2025-10-27 09:00:00,2025-10-27 09:00:00,1,1,short_linear,True,,1,2025-10-27T09:00:00,0,,,,,,,,,,,
SAN_BORJA,HR,2025-10-28 05:00:00,2025-10-28 05:00:00,1,1,short_linear,True,,1,2025-10-28T05:00:00,0,,,,,,,,,,,
SAN_BORJA,HR,2025-10-28 21:00:00,2025-10-28 21:00:00,1,1,short_linear,True,,1,2025-10-28T21:00:00,0,,,,,,,,,,,
SAN_BORJA,HR,2025-11-08 09:00:00,2025-11-08 09:00:00,1,1,short_linear,True,,1,2025-11-08T09:00:00,0,,,,,,,,,,,
SAN_BORJA,HR,2025-11-21 08:00:00,2025-11-21 08:00:00,1,1,short_linear,True,,1,2025-11-21T08:00:00,0,,,,,,,,,,,
SAN_BORJA,HR,2025-11-21 23:00:00,2025-11-21 23:00:00,1,1,short_linear,True,,1,2025-11-21T23:00:00,0,,,,,,,,,,,
SAN_BORJA,HR,2025-11-22 04:00:00,2025-11-22 04:00:00,1,1,short_linear,True,,1,2025-11-22T04:00:00,0,,,,,,,,,,,
SAN_BORJA,HR,2025-11-22 07:00:00,2025-11-22 07:00:00,1,1,short_linear,True,,1,2025-11-22T07:00:00,0,,,,,,,,,,,
SAN_BORJA,HR,2025-11-22 12:00:00,2025-11-22 13:00:00,2,2,short_linear,True,,2,2025-11-22T12:00:00|2025-11-22T13:00:00,0,,,,,,,,,,,
SAN_BORJA,HR,2025-11-23 03:00:00,2025-11-23 03:00:00,1,1,short_linear,True,,1,2025-11-23T03:00:00,0,,,,,,,,,,,
SAN_BORJA,HR,2025-11-23 09:00:00,2025-11-23 09:00:00,1,1,short_linear,True,,1,2025-11-23T09:00:00,0,,,,,,,,,,,
SAN_BORJA,HR,2025-11-28 15:00:00,2025-11-28 15:00:00,1,1,short_linear,True,,1,2025-11-28T15:00:00,0,,,,,,,,,,,
SAN_BORJA,HR,2025-12-03 21:00:00,2025-12-03 21:00:00,1,1,short_linear,True,,1,2025-12-03T21:00:00,0,,,,,,,,,,,
SAN_BORJA,HR,2025-12-04 07:00:00,2025-12-04 09:00:00,3,3,short_linear,True,,3,2025-12-04T07:00:00|2025-12-04T08:00:00|2025-12-04T09:00:00,0,,,,,,,,,,,
SAN_BORJA,HR,2025-12-04 20:00:00,2025-12-04 22:00:00,3,3,short_linear,True,,3,2025-12-04T20:00:00|2025-12-04T21:00:00|2025-12-04T22:00:00,0,,,,,,,,,,,
SAN_BORJA,HR,2025-12-07 20:00:00,2025-12-07 20:00:00,1,1,short_linear,True,,1,2025-12-07T20:00:00,0,,,,,,,,,,,
SAN_BORJA,HR,2025-12-08 00:00:00,2025-12-08 02:00:00,3,3,short_linear,True,,3,2025-12-08T00:00:00|2025-12-08T01:00:00|2025-12-08T02:00:00,0,,,,,,,,,,,
SAN_BORJA,HR,2025-12-09 03:00:00,2025-12-09 03:00:00,1,1,short_linear,True,,1,2025-12-09T03:00:00,0,,,,,,,,,,,
SAN_BORJA,HR,2025-12-09 08:00:00,2025-12-09 08:00:00,1,1,short_linear,True,,1,2025-12-09T08:00:00,0,,,,,,,,,,,
SAN_BORJA,HR,2025-12-10 19:00:00,2025-12-10 19:00:00,1,1,short_linear,True,,1,2025-12-10T19:00:00,0,,,,,,,,,,,
SAN_BORJA,HR,2025-12-11 08:00:00,2025-12-11 08:00:00,1,1,short_linear,True,,1,2025-12-11T08:00:00,0,,,,,,,,,,,
SAN_BORJA,HR,2025-12-12 05:00:00,2025-12-12 05:00:00,1,1,short_linear,True,,1,2025-12-12T05:00:00,0,,,,,,,,,,,
SAN_BORJA,HR,2025-12-12 17:00:00,2025-12-12 17:00:00,1,1,short_linear,True,,1,2025-12-12T17:00:00,0,,,,,,,,,,,
SAN_BORJA,HR,2025-12-12 23:00:00,2025-12-12 23:00:00,1,1,short_linear,True,,1,2025-12-12T23:00:00,0,,,,,,,,,,,
SAN_BORJA,HR,2025-12-13 07:00:00,2025-12-13 08:00:00,2,2,short_linear,True,,2,2025-12-13T07:00:00|2025-12-13T08:00:00,0,,,,,,,,,,,
SAN_BORJA,HR,2025-12-14 00:00:00,2025-12-14 00:00:00,1,1,short_linear,True,,1,2025-12-14T00:00:00,0,,,,,,,,,,,
SAN_BORJA,HR,2025-12-14 07:00:00,2025-12-14 07:00:00,1,1,short_linear,True,,1,2025-12-14T07:00:00,0,,,,,,,,,,,
SAN_BORJA,HR,2025-12-14 11:00:00,2025-12-14 12:00:00,2,2,short_linear,True,,2,2025-12-14T11:00:00|2025-12-14T12:00:00,0,,,,,,,,,,,
SAN_BORJA,HR,2025-12-14 22:00:00,2025-12-14 22:00:00,1,1,short_linear,True,,1,2025-12-14T22:00:00,0,,,,,,,,,,,
SAN_BORJA,HR,2025-12-15 09:00:00,2025-12-15 09:00:00,1,1,short_linear,True,,1,2025-12-15T09:00:00,0,,,,,,,,,,,
SAN_BORJA,HR,2025-12-16 13:00:00,2025-12-16 13:00:00,1,1,short_linear,True,,1,2025-12-16T13:00:00,0,,,,,,,,,,,
SAN_BORJA,HR,2025-12-17 06:00:00,2025-12-17 06:00:00,1,1,short_linear,True,,1,2025-12-17T06:00:00,0,,,,,,,,,,,
SAN_BORJA,HR,2025-12-17 08:00:00,2025-12-17 12:00:00,5,5,weekly_seasonal,True,,5,2025-12-17T08:00:00|2025-12-17T09:00:00|2025-12-17T10:00:00|2025-12-17T11:00:00|2025-12-17T12:00:00,0,,,,,,,,,,4.0,
SAN_BORJA,HR,2025-12-17 22:00:00,2025-12-17 23:00:00,2,2,short_linear,True,,2,2025-12-17T22:00:00|2025-12-17T23:00:00,0,,,,,,,,,,,
SAN_BORJA,HR,2025-12-18 12:00:00,2025-12-18 12:00:00,1,1,short_linear,True,,1,2025-12-18T12:00:00,0,,,,,,,,,,,
SAN_BORJA,HR,2025-12-20 10:00:00,2025-12-20 10:00:00,1,1,short_linear,True,,1,2025-12-20T10:00:00,0,,,,,,,,,,,
SAN_BORJA,HR,2025-12-21 14:00:00,2025-12-21 14:00:00,1,1,short_linear,True,,1,2025-12-21T14:00:00,0,,,,,,,,,,,
SAN_BORJA,HR,2025-12-29 12:00:00,2025-12-29 12:00:00,1,1,short_linear,True,,1,2025-12-29T12:00:00,0,,,,,,,,,,,
SAN_BORJA,HR,2026-01-03 14:00:00,2026-01-03 14:00:00,1,1,short_linear,True,,1,2026-01-03T14:00:00,0,,,,,,,,,,,
SAN_BORJA,HR,2026-01-03 16:00:00,2026-01-03 16:00:00,1,1,short_linear,True,,1,2026-01-03T16:00:00,0,,,,,,,,,,,
SAN_BORJA,HR,2026-01-04 13:00:00,2026-01-04 13:00:00,1,1,short_linear,True,,1,2026-01-04T13:00:00,0,,,,,,,,,,,
SAN_BORJA,HR,2026-01-04 16:00:00,2026-01-04 16:00:00,1,1,short_linear,True,,1,2026-01-04T16:00:00,0,,,,,,,,,,,
SAN_BORJA,HR,2026-01-04 19:00:00,2026-01-04 19:00:00,1,1,short_linear,True,,1,2026-01-04T19:00:00,0,,,,,,,,,,,
SAN_BORJA,HR,2026-01-04 21:00:00,2026-01-04 23:00:00,3,3,short_linear,True,,3,2026-01-04T21:00:00|2026-01-04T22:00:00|2026-01-04T23:00:00,0,,,,,,,,,,,
SAN_BORJA,HR,2026-01-05 21:00:00,2026-01-05 21:00:00,1,1,short_linear,True,,1,2026-01-05T21:00:00,0,,,,,,,,,,,
SAN_BORJA,HR,2026-01-06 01:00:00,2026-01-06 02:00:00,2,2,short_linear,True,,2,2026-01-06T01:00:00|2026-01-06T02:00:00,0,,,,,,,,,,,
SAN_BORJA,HR,2026-01-06 07:00:00,2026-01-06 08:00:00,2,2,short_linear,True,,2,2026-01-06T07:00:00|2026-01-06T08:00:00,0,,,,,,,,,,,
SAN_BORJA,HR,2026-01-06 11:00:00,2026-01-06 11:00:00,1,1,short_linear,True,,1,2026-01-06T11:00:00,0,,,,,,,,,,,
SAN_BORJA,HR,2026-01-06 22:00:00,2026-01-06 23:00:00,2,2,short_linear,True,,2,2026-01-06T22:00:00|2026-01-06T23:00:00,0,,,,,,,,,,,
SAN_BORJA,HR,2026-01-07 18:00:00,2026-01-07 18:00:00,1,1,short_linear,True,,1,2026-01-07T18:00:00,0,,,,,,,,,,,
SAN_BORJA,HR,2026-01-09 05:00:00,2026-01-09 05:00:00,1,1,short_linear,True,,1,2026-01-09T05:00:00,0,,,,,,,,,,,
SAN_BORJA,HR,2026-01-09 13:00:00,2026-01-09 13:00:00,1,1,short_linear,True,,1,2026-01-09T13:00:00,0,,,,,,,,,,,
SAN_BORJA,HR,2026-01-10 03:00:00,2026-01-10 03:00:00,1,1,short_linear,True,,1,2026-01-10T03:00:00,0,,,,,,,,,,,
SAN_BORJA,HR,2026-01-10 11:00:00,2026-01-10 11:00:00,1,1,short_linear,True,,1,2026-01-10T11:00:00,0,,,,,,,,,,,
SAN_BORJA,HR,2026-01-10 16:00:00,2026-01-10 16:00:00,1,1,short_linear,True,,1,2026-01-10T16:00:00,0,,,,,,,,,,,
SAN_BORJA,HR,2026-01-10 21:00:00,2026-01-10 21:00:00,1,1,short_linear,True,,1,2026-01-10T21:00:00,0,,,,,,,,,,,
SAN_BORJA,HR,2026-01-12 12:00:00,2026-01-12 12:00:00,1,1,short_linear,True,,1,2026-01-12T12:00:00,0,,,,,,,,,,,
SAN_BORJA,HR,2026-01-18 09:00:00,2026-01-18 09:00:00,1,1,short_linear,True,,1,2026-01-18T09:00:00,0,,,,,,,,,,,
SAN_BORJA,HR,2026-01-18 14:00:00,2026-01-18 14:00:00,1,1,short_linear,True,,1,2026-01-18T14:00:00,0,,,,,,,,,,,
SAN_BORJA,HR,2026-01-23 14:00:00,2026-01-23 14:00:00,1,1,short_linear,True,,1,2026-01-23T14:00:00,0,,,,,,,,,,,
SAN_BORJA,HR,2026-01-24 03:00:00,2026-01-24 03:00:00,1,1,short_linear,True,,1,2026-01-24T03:00:00,0,,,,,,,,,,,
SAN_BORJA,HR,2026-01-26 03:00:00,2026-01-26 03:00:00,1,1,short_linear,True,,1,2026-01-26T03:00:00,0,,,,,,,,,,,
SAN_BORJA,HR,2026-02-15 01:00:00,2026-02-15 01:00:00,1,1,short_linear,True,,1,2026-02-15T01:00:00,0,,,,,,,,,,,
SAN_BORJA,HR,2026-02-15 04:00:00,2026-02-15 04:00:00,1,1,short_linear,True,,1,2026-02-15T04:00:00,0,,,,,,,,,,,
SAN_BORJA,HR,2026-02-15 07:00:00,2026-02-15 07:00:00,1,1,short_linear,True,,1,2026-02-15T07:00:00,0,,,,,,,,,,,
SAN_BORJA,HR,2026-02-15 10:00:00,2026-02-15 10:00:00,1,1,short_linear,True,,1,2026-02-15T10:00:00,0,,,,,,,,,,,
SAN_BORJA,HR,2026-02-15 20:00:00,2026-02-16 00:00:00,5,5,weekly_seasonal,True,,5,2026-02-15T20:00:00|2026-02-15T21:00:00|2026-02-15T22:00:00|2026-02-15T23:00:00|2026-02-16T00:00:00,0,,,,,,,,,,4.0,
SAN_BORJA,HR,2026-02-16 02:00:00,2026-02-16 02:00:00,1,1,short_linear,True,,1,2026-02-16T02:00:00,0,,,,,,,,,,,
SAN_BORJA,HR,2026-02-16 06:00:00,2026-02-16 06:00:00,1,1,short_linear,True,,1,2026-02-16T06:00:00,0,,,,,,,,,,,
SAN_BORJA,HR,2026-02-16 08:00:00,2026-02-16 08:00:00,1,1,short_linear,True,,1,2026-02-16T08:00:00,0,,,,,,,,,,,
SAN_BORJA,HR,2026-02-16 10:00:00,2026-02-16 10:00:00,1,1,short_linear,True,,1,2026-02-16T10:00:00,0,,,,,,,,,,,
SAN_BORJA,HR,2026-02-16 17:00:00,2026-02-16 17:00:00,1,1,short_linear,True,,1,2026-02-16T17:00:00,0,,,,,,,,,,,
SAN_BORJA,HR,2026-02-17 00:00:00,2026-02-17 02:00:00,3,3,short_linear,True,,3,2026-02-17T00:00:00|2026-02-17T01:00:00|2026-02-17T02:00:00,0,,,,,,,,,,,
SAN_BORJA,HR,2026-02-21 15:00:00,2026-02-21 16:00:00,2,2,short_linear,True,,2,2026-02-21T15:00:00|2026-02-21T16:00:00,0,,,,,,,,,,,
SAN_BORJA,HR,2026-02-24 16:00:00,2026-02-24 16:00:00,1,1,short_linear,True,,1,2026-02-24T16:00:00,0,,,,,,,,,,,
SAN_BORJA,HR,2026-03-06 12:00:00,2026-03-06 12:00:00,1,1,short_linear,True,,1,2026-03-06T12:00:00,0,,,,,,,,,,,
SAN_BORJA,HR,2026-03-06 21:00:00,2026-03-07 02:00:00,6,6,weekly_seasonal,True,,6,2026-03-06T21:00:00|2026-03-06T22:00:00|2026-03-06T23:00:00|2026-03-07T00:00:00|2026-03-07T01:00:00|2026-03-07T02:00:00,0,,,,,,,,,,4.0,
SAN_BORJA,HR,2026-03-07 05:00:00,2026-03-07 05:00:00,1,1,short_linear,True,,1,2026-03-07T05:00:00,0,,,,,,,,,,,
SAN_BORJA,HR,2026-03-07 09:00:00,2026-03-07 09:00:00,1,1,short_linear,True,,1,2026-03-07T09:00:00,0,,,,,,,,,,,
SAN_BORJA,HR,2026-03-07 23:00:00,2026-03-07 23:00:00,1,1,short_linear,True,,1,2026-03-07T23:00:00,0,,,,,,,,,,,
SAN_BORJA,HR,2026-03-08 03:00:00,2026-03-08 03:00:00,1,1,short_linear,True,,1,2026-03-08T03:00:00,0,,,,,,,,,,,
SAN_BORJA,HR,2026-03-08 08:00:00,2026-03-08 09:00:00,2,2,short_linear,True,,2,2026-03-08T08:00:00|2026-03-08T09:00:00,0,,,,,,,,,,,
SAN_BORJA,HR,2026-03-16 11:00:00,2026-03-16 11:00:00,1,1,short_linear,True,,1,2026-03-16T11:00:00,0,,,,,,,,,,,
SAN_BORJA,HR,2026-05-20 03:00:00,2026-05-20 05:00:00,3,3,short_linear,True,,3,2026-05-20T03:00:00|2026-05-20T04:00:00|2026-05-20T05:00:00,0,,,,,,,,,,,
SAN_BORJA,HR,2026-05-20 08:00:00,2026-05-20 08:00:00,1,1,short_linear,True,,1,2026-05-20T08:00:00,0,,,,,,,,,,,
SAN_BORJA,HR,2026-05-21 03:00:00,2026-05-21 03:00:00,1,1,short_linear,True,,1,2026-05-21T03:00:00,0,,,,,,,,,,,
SAN_BORJA,HR,2026-05-21 05:00:00,2026-05-21 07:00:00,3,3,short_linear,True,,3,2026-05-21T05:00:00|2026-05-21T06:00:00|2026-05-21T07:00:00,0,,,,,,,,,,,
SAN_BORJA,HR,2026-05-22 02:00:00,2026-05-22 02:00:00,1,1,short_linear,True,,1,2026-05-22T02:00:00,0,,,,,,,,,,,
SAN_BORJA,HR,2026-05-22 05:00:00,2026-05-22 06:00:00,2,2,short_linear,True,,2,2026-05-22T05:00:00|2026-05-22T06:00:00,0,,,,,,,,,,,
SAN_BORJA,HR,2026-05-22 09:00:00,2026-05-22 09:00:00,1,1,short_linear,True,,1,2026-05-22T09:00:00,0,,,,,,,,,,,
SAN_BORJA,HR,2026-05-22 11:00:00,2026-05-22 11:00:00,1,1,short_linear,True,,1,2026-05-22T11:00:00,0,,,,,,,,,,,
SAN_BORJA,HR,2026-05-22 18:00:00,2026-05-22 18:00:00,1,1,short_linear,True,,1,2026-05-22T18:00:00,0,,,,,,,,,,,
SAN_BORJA,HR,2026-05-22 22:00:00,2026-05-22 23:00:00,2,2,short_linear,True,,2,2026-05-22T22:00:00|2026-05-22T23:00:00,0,,,,,,,,,,,
SAN_BORJA,HR,2026-05-23 09:00:00,2026-05-23 09:00:00,1,1,short_linear,True,,1,2026-05-23T09:00:00,0,,,,,,,,,,,
SAN_BORJA,HR,2026-05-24 09:00:00,2026-05-24 10:00:00,2,2,short_linear,True,,2,2026-05-24T09:00:00|2026-05-24T10:00:00,0,,,,,,,,,,,
SAN_BORJA,HR,2026-05-24 14:00:00,2026-05-24 14:00:00,1,1,short_linear,True,,1,2026-05-24T14:00:00,0,,,,,,,,,,,
SAN_BORJA,HR,2026-05-25 06:00:00,2026-05-25 06:00:00,1,1,short_linear,True,,1,2026-05-25T06:00:00,0,,,,,,,,,,,
SAN_BORJA,HR,2026-05-25 17:00:00,2026-05-25 17:00:00,1,1,short_linear,True,,1,2026-05-25T17:00:00,0,,,,,,,,,,,
SAN_BORJA,HR,2026-05-26 05:00:00,2026-05-26 05:00:00,1,1,short_linear,True,,1,2026-05-26T05:00:00,0,,,,,,,,,,,
SAN_BORJA,HR,2026-05-26 18:00:00,2026-05-26 18:00:00,1,1,short_linear,True,,1,2026-05-26T18:00:00,0,,,,,,,,,,,
SAN_BORJA,HR,2026-05-26 20:00:00,2026-05-26 20:00:00,1,1,short_linear,True,,1,2026-05-26T20:00:00,0,,,,,,,,,,,
SAN_BORJA,HR,2026-05-27 02:00:00,2026-05-27 05:00:00,4,4,short_linear,True,,4,2026-05-27T02:00:00|2026-05-27T03:00:00|2026-05-27T04:00:00|2026-05-27T05:00:00,0,,,,,,,,,,,
SAN_BORJA,HR,2026-05-27 08:00:00,2026-05-27 08:00:00,1,1,short_linear,True,,1,2026-05-27T08:00:00,0,,,,,,,,,,,
SAN_BORJA,HR,2026-05-27 10:00:00,2026-05-27 10:00:00,1,1,short_linear,True,,1,2026-05-27T10:00:00,0,,,,,,,,,,,
SAN_BORJA,HR,2026-05-27 12:00:00,2026-05-27 12:00:00,1,1,short_linear,True,,1,2026-05-27T12:00:00,0,,,,,,,,,,,
SAN_BORJA,HR,2026-05-27 18:00:00,2026-05-27 19:00:00,2,2,short_linear,True,,2,2026-05-27T18:00:00|2026-05-27T19:00:00,0,,,,,,,,,,,
SAN_BORJA,HR,2026-05-27 22:00:00,2026-05-27 22:00:00,1,1,short_linear,True,,1,2026-05-27T22:00:00,0,,,,,,,,,,,
SAN_BORJA,HR,2026-05-28 00:00:00,2026-05-28 04:00:00,5,5,weekly_seasonal,True,,5,2026-05-28T00:00:00|2026-05-28T01:00:00|2026-05-28T02:00:00|2026-05-28T03:00:00|2026-05-28T04:00:00,0,,,,,,,,,,3.0,
SAN_BORJA,HR,2026-05-28 06:00:00,2026-05-28 06:00:00,1,1,short_linear,True,,1,2026-05-28T06:00:00,0,,,,,,,,,,,
SAN_BORJA,HR,2026-05-28 09:00:00,2026-05-28 10:00:00,2,2,short_linear,True,,2,2026-05-28T09:00:00|2026-05-28T10:00:00,0,,,,,,,,,,,
SAN_BORJA,HR,2026-05-29 03:00:00,2026-05-29 05:00:00,3,3,short_linear,True,,3,2026-05-29T03:00:00|2026-05-29T04:00:00|2026-05-29T05:00:00,0,,,,,,,,,,,
SAN_BORJA,HR,2026-05-29 08:00:00,2026-05-29 09:00:00,2,2,short_linear,True,,2,2026-05-29T08:00:00|2026-05-29T09:00:00,0,,,,,,,,,,,
SAN_BORJA,HR,2026-05-29 16:00:00,2026-05-29 16:00:00,1,1,short_linear,True,,1,2026-05-29T16:00:00,0,,,,,,,,,,,
SAN_BORJA,HR,2026-05-29 19:00:00,2026-05-29 19:00:00,1,1,short_linear,True,,1,2026-05-29T19:00:00,0,,,,,,,,,,,
SAN_BORJA,HR,2026-05-29 21:00:00,2026-05-29 21:00:00,1,1,short_linear,True,,1,2026-05-29T21:00:00,0,,,,,,,,,,,
SAN_BORJA,HR,2026-05-29 23:00:00,2026-05-29 23:00:00,1,1,short_linear,True,,1,2026-05-29T23:00:00,0,,,,,,,,,,,
SAN_BORJA,HR,2026-05-30 01:00:00,2026-05-30 01:00:00,1,1,short_linear,True,,1,2026-05-30T01:00:00,0,,,,,,,,,,,
SAN_BORJA,HR,2026-05-30 03:00:00,2026-05-30 03:00:00,1,1,short_linear,True,,1,2026-05-30T03:00:00,0,,,,,,,,,,,
SAN_BORJA,HR,2026-05-31 04:00:00,2026-05-31 04:00:00,1,1,short_linear,True,,1,2026-05-31T04:00:00,0,,,,,,,,,,,
SAN_BORJA,HR,2026-05-31 08:00:00,2026-05-31 09:00:00,2,2,short_linear,True,,2,2026-05-31T08:00:00|2026-05-31T09:00:00,0,,,,,,,,,,,
SAN_BORJA,HR,2026-05-31 16:00:00,2026-05-31 16:00:00,1,1,short_linear,True,,1,2026-05-31T16:00:00,0,,,,,,,,,,,
SAN_BORJA,HR,2026-06-01 01:00:00,2026-06-01 03:00:00,3,3,short_linear,True,,3,2026-06-01T01:00:00|2026-06-01T02:00:00|2026-06-01T03:00:00,0,,,,,,,,,,,
SAN_BORJA,HR,2026-06-01 17:00:00,2026-06-01 17:00:00,1,1,short_linear,True,,1,2026-06-01T17:00:00,0,,,,,,,,,,,
SAN_BORJA,HR,2026-06-01 23:00:00,2026-06-01 23:00:00,1,1,short_linear,True,,1,2026-06-01T23:00:00,0,,,,,,,,,,,
SAN_BORJA,HR,2026-06-02 09:00:00,2026-06-02 09:00:00,1,1,short_linear,True,,1,2026-06-02T09:00:00,0,,,,,,,,,,,
SAN_BORJA,HR,2026-06-02 20:00:00,2026-06-02 20:00:00,1,1,short_linear,True,,1,2026-06-02T20:00:00,0,,,,,,,,,,,
SAN_BORJA,HR,2026-06-03 00:00:00,2026-06-03 00:00:00,1,1,short_linear,True,,1,2026-06-03T00:00:00,0,,,,,,,,,,,
SAN_BORJA,HR,2026-06-03 05:00:00,2026-06-03 05:00:00,1,1,short_linear,True,,1,2026-06-03T05:00:00,0,,,,,,,,,,,
SAN_BORJA,HR,2026-06-03 15:00:00,2026-06-03 15:00:00,1,1,short_linear,True,,1,2026-06-03T15:00:00,0,,,,,,,,,,,
SAN_BORJA,HR,2026-06-04 12:00:00,2026-06-04 12:00:00,1,1,short_linear,True,,1,2026-06-04T12:00:00,0,,,,,,,,,,,
SAN_BORJA,HR,2026-06-05 08:00:00,2026-06-05 08:00:00,1,1,short_linear,True,,1,2026-06-05T08:00:00,0,,,,,,,,,,,
SAN_BORJA,HR,2026-06-05 13:00:00,2026-06-05 13:00:00,1,1,short_linear,True,,1,2026-06-05T13:00:00,0,,,,,,,,,,,
SAN_BORJA,HR,2026-06-05 18:00:00,2026-06-05 18:00:00,1,1,short_linear,True,,1,2026-06-05T18:00:00,0,,,,,,,,,,,
SAN_BORJA,HR,2026-06-05 22:00:00,2026-06-05 22:00:00,1,1,short_linear,True,,1,2026-06-05T22:00:00,0,,,,,,,,,,,
SAN_BORJA,HR,2026-06-06 21:00:00,2026-06-06 21:00:00,1,1,short_linear,True,,1,2026-06-06T21:00:00,0,,,,,,,,,,,
SAN_BORJA,HR,2026-06-07 04:00:00,2026-06-07 04:00:00,1,1,short_linear,True,,1,2026-06-07T04:00:00,0,,,,,,,,,,,
SAN_BORJA,HR,2026-06-08 02:00:00,2026-06-08 02:00:00,1,1,short_linear,True,,1,2026-06-08T02:00:00,0,,,,,,,,,,,
SAN_BORJA,HR,2026-06-08 04:00:00,2026-06-08 04:00:00,1,1,short_linear,True,,1,2026-06-08T04:00:00,0,,,,,,,,,,,
SAN_BORJA,HR,2026-06-08 15:00:00,2026-06-08 15:00:00,1,1,short_linear,True,,1,2026-06-08T15:00:00,0,,,,,,,,,,,
SAN_BORJA,HR,2026-06-08 19:00:00,2026-06-08 21:00:00,3,3,short_linear,True,,3,2026-06-08T19:00:00|2026-06-08T20:00:00|2026-06-08T21:00:00,0,,,,,,,,,,,
SAN_BORJA,HR,2026-06-09 12:00:00,2026-06-09 13:00:00,2,2,short_linear,True,,2,2026-06-09T12:00:00|2026-06-09T13:00:00,0,,,,,,,,,,,
SAN_BORJA,HR,2026-06-09 15:00:00,2026-06-09 15:00:00,1,1,short_linear,True,,1,2026-06-09T15:00:00,0,,,,,,,,,,,
SAN_BORJA,HR,2026-06-09 17:00:00,2026-06-09 17:00:00,1,1,short_linear,True,,1,2026-06-09T17:00:00,0,,,,,,,,,,,
SAN_BORJA,HR,2026-06-09 19:00:00,2026-06-09 20:00:00,2,2,short_linear,True,,2,2026-06-09T19:00:00|2026-06-09T20:00:00,0,,,,,,,,,,,
SAN_BORJA,HR,2026-06-09 22:00:00,2026-06-10 01:00:00,4,4,short_linear,True,,4,2026-06-09T22:00:00|2026-06-09T23:00:00|2026-06-10T00:00:00|2026-06-10T01:00:00,0,,,,,,,,,,,
SAN_BORJA,HR,2026-06-10 03:00:00,2026-06-10 04:00:00,2,2,short_linear,True,,2,2026-06-10T03:00:00|2026-06-10T04:00:00,0,,,,,,,,,,,
SAN_BORJA,HR,2026-06-10 06:00:00,2026-06-10 07:00:00,2,2,short_linear,True,,2,2026-06-10T06:00:00|2026-06-10T07:00:00,0,,,,,,,,,,,
SAN_BORJA,HR,2026-06-10 10:00:00,2026-06-10 10:00:00,1,1,short_linear,True,,1,2026-06-10T10:00:00,0,,,,,,,,,,,
SAN_BORJA,HR,2026-06-12 21:00:00,2026-06-12 21:00:00,1,1,short_linear,True,,1,2026-06-12T21:00:00,0,,,,,,,,,,,
SAN_BORJA,HR,2026-06-13 05:00:00,2026-06-13 05:00:00,1,1,short_linear,True,,1,2026-06-13T05:00:00,0,,,,,,,,,,,
SAN_BORJA,HR,2026-06-13 14:00:00,2026-06-13 14:00:00,1,1,short_linear,True,,1,2026-06-13T14:00:00,0,,,,,,,,,,,
SAN_BORJA,HR,2026-06-14 01:00:00,2026-06-14 01:00:00,1,1,short_linear,True,,1,2026-06-14T01:00:00,0,,,,,,,,,,,
SAN_BORJA,HR,2026-06-14 18:00:00,2026-06-14 18:00:00,1,1,short_linear,True,,1,2026-06-14T18:00:00,0,,,,,,,,,,,
SAN_BORJA,HR,2026-06-16 13:00:00,2026-06-16 13:00:00,1,1,short_linear,True,,1,2026-06-16T13:00:00,0,,,,,,,,,,,
SAN_BORJA,HR,2026-06-17 10:00:00,2026-06-17 10:00:00,1,1,short_linear,True,,1,2026-06-17T10:00:00,0,,,,,,,,,,,
SAN_BORJA,HR,2026-06-19 01:00:00,2026-06-19 02:00:00,2,2,short_linear,True,,2,2026-06-19T01:00:00|2026-06-19T02:00:00,0,,,,,,,,,,,
SAN_BORJA,HR,2026-06-19 08:00:00,2026-06-19 08:00:00,1,1,short_linear,True,,1,2026-06-19T08:00:00,0,,,,,,,,,,,
SAN_BORJA,HR,2026-06-19 21:00:00,2026-06-19 21:00:00,1,1,short_linear,True,,1,2026-06-19T21:00:00,0,,,,,,,,,,,
SAN_BORJA,HR,2026-06-19 23:00:00,2026-06-19 23:00:00,1,1,short_linear,True,,1,2026-06-19T23:00:00,0,,,,,,,,,,,
SAN_BORJA,HR,2026-06-20 01:00:00,2026-06-20 01:00:00,1,1,short_linear,True,,1,2026-06-20T01:00:00,0,,,,,,,,,,,
SAN_BORJA,HR,2026-06-20 04:00:00,2026-06-20 04:00:00,1,1,short_linear,True,,1,2026-06-20T04:00:00,0,,,,,,,,,,,
SAN_BORJA,HR,2026-06-20 09:00:00,2026-06-20 09:00:00,1,1,short_linear,True,,1,2026-06-20T09:00:00,0,,,,,,,,,,,
SAN_BORJA,HR,2026-06-21 08:00:00,2026-06-21 08:00:00,1,1,short_linear,True,,1,2026-06-21T08:00:00,0,,,,,,,,,,,
SAN_BORJA,HR,2026-06-22 17:00:00,2026-06-22 17:00:00,1,1,short_linear,True,,1,2026-06-22T17:00:00,0,,,,,,,,,,,
SAN_BORJA,HR,2026-06-22 21:00:00,2026-06-22 21:00:00,1,1,short_linear,True,,1,2026-06-22T21:00:00,0,,,,,,,,,,,
SAN_BORJA,HR,2026-06-23 14:00:00,2026-06-23 14:00:00,1,1,short_linear,True,,1,2026-06-23T14:00:00,0,,,,,,,,,,,
SAN_BORJA,PP,2025-01-03 12:00:00,2025-01-03 12:00:00,1,1,short_zero,True,,1,2025-01-03T12:00:00,0,,,,,,,,,,,
SAN_BORJA,PP,2025-01-04 21:00:00,2025-01-05 01:00:00,5,5,cross_year_analog,True,,2,2025-01-05T00:00:00|2025-01-05T01:00:00,3,,,,,,,,,,1.0,
SAN_BORJA,PP,2025-01-04 21:00:00,2025-01-05 01:00:00,5,5,interstation_regression,False,r2_below_threshold,0,,3,0.0,CAMPO_DE_MARTE,5.721802798728685,1.0,12560.0,-1.79144980230436e-05,0.11730816116687905,0.5,TimeSeriesSplit(5),,
SAN_BORJA,PP,2025-01-04 21:00:00,2025-01-05 01:00:00,5,5,interstation_regression,False,insufficient_gap_coverage,0,,3,,SANTA_ANITA,8.28830455630402,0.0,,,,0.5,TimeSeriesSplit(5),,
SAN_BORJA,PP,2025-01-04 21:00:00,2025-01-05 01:00:00,5,5,interstation_regression,False,insufficient_gap_coverage,0,,3,,CERES,12.479877720901854,0.0,,,,0.5,TimeSeriesSplit(5),,
SAN_BORJA,PP,2025-01-04 21:00:00,2025-01-05 01:00:00,5,5,interstation_regression,False,r2_below_threshold,0,,3,0.0,SAN_MARTIN_DE_PORRES,13.878447158939919,1.0,12687.0,0.00010247516947816491,-8.539597456513434e-05,0.5,TimeSeriesSplit(5),,
SAN_BORJA,PP,2025-01-04 21:00:00,2025-01-05 01:00:00,5,5,interstation_regression,False,insufficient_gap_coverage,0,,3,,SAN_JUAN_DE_LURIGANCHO,14.1460220348316,0.0,,,,0.5,TimeSeriesSplit(5),,
SAN_BORJA,PP,2025-01-04 21:00:00,2025-01-05 01:00:00,5,5,interstation_regression,False,insufficient_gap_coverage,0,,3,,CARABAYLLO,23.123558087584712,0.0,,,,0.5,TimeSeriesSplit(5),,
SAN_BORJA,PP,2025-01-04 21:00:00,2025-01-05 01:00:00,5,5,unimputable,False,no_method_available,0,,3,,,,,,,,,,,
SAN_BORJA,PP,2025-01-07 11:00:00,2025-01-07 11:00:00,1,1,short_zero,True,,1,2025-01-07T11:00:00,0,,,,,,,,,,,
SAN_BORJA,PP,2025-01-20 00:00:00,2025-01-20 00:00:00,1,1,short_zero,True,,1,2025-01-20T00:00:00,0,,,,,,,,,,,
SAN_BORJA,PP,2025-01-25 16:00:00,2025-01-25 16:00:00,1,1,short_zero,True,,1,2025-01-25T16:00:00,0,,,,,,,,,,,
SAN_BORJA,PP,2025-01-28 07:00:00,2025-01-28 07:00:00,1,1,short_zero,True,,1,2025-01-28T07:00:00,0,,,,,,,,,,,
SAN_BORJA,PP,2025-01-28 16:00:00,2025-01-28 16:00:00,1,1,short_zero,True,,1,2025-01-28T16:00:00,0,,,,,,,,,,,
SAN_BORJA,PP,2025-01-28 19:00:00,2025-01-28 19:00:00,1,1,short_zero,True,,1,2025-01-28T19:00:00,0,,,,,,,,,,,
SAN_BORJA,PP,2025-01-29 01:00:00,2025-01-29 02:00:00,2,2,short_zero,True,,2,2025-01-29T01:00:00|2025-01-29T02:00:00,0,,,,,,,,,,,
SAN_BORJA,PP,2025-01-29 05:00:00,2025-01-29 06:00:00,2,2,short_zero,True,,2,2025-01-29T05:00:00|2025-01-29T06:00:00,0,,,,,,,,,,,
SAN_BORJA,PP,2025-01-29 08:00:00,2025-01-29 08:00:00,1,1,short_zero,True,,1,2025-01-29T08:00:00,0,,,,,,,,,,,
SAN_BORJA,PP,2025-01-29 17:00:00,2025-01-29 18:00:00,2,2,short_zero,True,,2,2025-01-29T17:00:00|2025-01-29T18:00:00,0,,,,,,,,,,,
SAN_BORJA,PP,2025-01-30 13:00:00,2025-01-30 13:00:00,1,1,short_zero,True,,1,2025-01-30T13:00:00,0,,,,,,,,,,,
SAN_BORJA,PP,2025-02-02 06:00:00,2025-02-02 06:00:00,1,1,short_zero,True,,1,2025-02-02T06:00:00,0,,,,,,,,,,,
SAN_BORJA,PP,2025-02-02 11:00:00,2025-02-02 11:00:00,1,1,short_zero,True,,1,2025-02-02T11:00:00,0,,,,,,,,,,,
SAN_BORJA,PP,2025-02-02 22:00:00,2025-02-02 22:00:00,1,1,short_zero,True,,1,2025-02-02T22:00:00,0,,,,,,,,,,,
SAN_BORJA,PP,2025-02-05 17:00:00,2025-02-05 17:00:00,1,1,short_zero,True,,1,2025-02-05T17:00:00,0,,,,,,,,,,,
SAN_BORJA,PP,2025-02-05 23:00:00,2025-02-05 23:00:00,1,1,short_zero,True,,1,2025-02-05T23:00:00,0,,,,,,,,,,,
SAN_BORJA,PP,2025-02-06 07:00:00,2025-02-06 07:00:00,1,1,short_zero,True,,1,2025-02-06T07:00:00,0,,,,,,,,,,,
SAN_BORJA,PP,2025-02-06 09:00:00,2025-02-06 09:00:00,1,1,short_zero,True,,1,2025-02-06T09:00:00,0,,,,,,,,,,,
SAN_BORJA,PP,2025-02-07 06:00:00,2025-02-07 07:00:00,2,2,short_zero,True,,2,2025-02-07T06:00:00|2025-02-07T07:00:00,0,,,,,,,,,,,
SAN_BORJA,PP,2025-02-08 10:00:00,2025-02-08 10:00:00,1,1,short_zero,True,,1,2025-02-08T10:00:00,0,,,,,,,,,,,
SAN_BORJA,PP,2025-02-09 17:00:00,2025-02-09 17:00:00,1,1,short_zero,True,,1,2025-02-09T17:00:00,0,,,,,,,,,,,
SAN_BORJA,PP,2025-02-10 05:00:00,2025-02-10 05:00:00,1,1,short_zero,True,,1,2025-02-10T05:00:00,0,,,,,,,,,,,
SAN_BORJA,PP,2025-02-11 22:00:00,2025-02-11 22:00:00,1,1,short_zero,True,,1,2025-02-11T22:00:00,0,,,,,,,,,,,
SAN_BORJA,PP,2025-02-15 12:00:00,2025-02-15 12:00:00,1,1,short_zero,True,,1,2025-02-15T12:00:00,0,,,,,,,,,,,
SAN_BORJA,PP,2025-02-15 14:00:00,2025-02-15 14:00:00,1,1,short_zero,True,,1,2025-02-15T14:00:00,0,,,,,,,,,,,
SAN_BORJA,PP,2025-02-15 23:00:00,2025-02-16 00:00:00,2,2,short_zero,True,,2,2025-02-15T23:00:00|2025-02-16T00:00:00,0,,,,,,,,,,,
SAN_BORJA,PP,2025-02-16 04:00:00,2025-02-16 04:00:00,1,1,short_zero,True,,1,2025-02-16T04:00:00,0,,,,,,,,,,,
SAN_BORJA,PP,2025-02-16 10:00:00,2025-02-16 10:00:00,1,1,short_zero,True,,1,2025-02-16T10:00:00,0,,,,,,,,,,,
SAN_BORJA,PP,2025-02-19 07:00:00,2025-02-19 07:00:00,1,1,short_zero,True,,1,2025-02-19T07:00:00,0,,,,,,,,,,,
SAN_BORJA,PP,2025-02-19 18:00:00,2025-02-19 18:00:00,1,1,short_zero,True,,1,2025-02-19T18:00:00,0,,,,,,,,,,,
SAN_BORJA,PP,2025-02-20 09:00:00,2025-02-20 09:00:00,1,1,short_zero,True,,1,2025-02-20T09:00:00,0,,,,,,,,,,,
SAN_BORJA,PP,2025-02-21 03:00:00,2025-02-21 03:00:00,1,1,short_zero,True,,1,2025-02-21T03:00:00,0,,,,,,,,,,,
SAN_BORJA,PP,2025-02-26 18:00:00,2025-02-26 18:00:00,1,1,short_zero,True,,1,2025-02-26T18:00:00,0,,,,,,,,,,,
SAN_BORJA,PP,2025-02-27 05:00:00,2025-02-27 05:00:00,1,1,short_zero,True,,1,2025-02-27T05:00:00,0,,,,,,,,,,,
SAN_BORJA,PP,2025-02-27 11:00:00,2025-02-27 11:00:00,1,1,short_zero,True,,1,2025-02-27T11:00:00,0,,,,,,,,,,,
SAN_BORJA,PP,2025-03-05 00:00:00,2025-03-05 00:00:00,1,1,short_zero,True,,1,2025-03-05T00:00:00,0,,,,,,,,,,,
SAN_BORJA,PP,2025-03-05 06:00:00,2025-03-05 07:00:00,2,2,short_zero,True,,2,2025-03-05T06:00:00|2025-03-05T07:00:00,0,,,,,,,,,,,
SAN_BORJA,PP,2025-03-05 12:00:00,2025-03-05 21:00:00,10,10,weekly_seasonal,True,,9,2025-03-05T12:00:00|2025-03-05T13:00:00|2025-03-05T14:00:00|2025-03-05T15:00:00|2025-03-05T16:00:00|2025-03-05T17:00:00|2025-03-05T19:00:00|2025-03-05T20:00:00|2025-03-05T21:00:00,0,,,,,,,,,,3.0,
SAN_BORJA,PP,2025-03-05 12:00:00,2025-03-05 21:00:00,10,10,cross_year_analog,True,,1,2025-03-05T18:00:00,0,,,,,,,,,,1.0,
SAN_BORJA,PP,2025-03-06 08:00:00,2025-03-06 08:00:00,1,1,short_zero,True,,1,2025-03-06T08:00:00,0,,,,,,,,,,,
SAN_BORJA,PP,2025-03-06 23:00:00,2025-03-06 23:00:00,1,1,short_zero,True,,1,2025-03-06T23:00:00,0,,,,,,,,,,,
SAN_BORJA,PP,2025-03-07 12:00:00,2025-03-07 12:00:00,1,1,short_zero,True,,1,2025-03-07T12:00:00,0,,,,,,,,,,,
SAN_BORJA,PP,2025-03-08 12:00:00,2025-03-08 12:00:00,1,1,short_zero,True,,1,2025-03-08T12:00:00,0,,,,,,,,,,,
SAN_BORJA,PP,2025-03-08 18:00:00,2025-03-08 18:00:00,1,1,short_zero,True,,1,2025-03-08T18:00:00,0,,,,,,,,,,,
SAN_BORJA,PP,2025-03-08 20:00:00,2025-03-08 20:00:00,1,1,short_zero,True,,1,2025-03-08T20:00:00,0,,,,,,,,,,,
SAN_BORJA,PP,2025-03-08 23:00:00,2025-03-08 23:00:00,1,1,short_zero,True,,1,2025-03-08T23:00:00,0,,,,,,,,,,,
SAN_BORJA,PP,2025-03-11 18:00:00,2025-03-11 18:00:00,1,1,short_zero,True,,1,2025-03-11T18:00:00,0,,,,,,,,,,,
SAN_BORJA,PP,2025-03-12 16:00:00,2025-03-12 16:00:00,1,1,short_zero,True,,1,2025-03-12T16:00:00,0,,,,,,,,,,,
SAN_BORJA,PP,2025-03-13 08:00:00,2025-03-13 08:00:00,1,1,short_zero,True,,1,2025-03-13T08:00:00,0,,,,,,,,,,,
SAN_BORJA,PP,2025-03-18 14:00:00,2025-03-18 15:00:00,2,2,short_zero,True,,2,2025-03-18T14:00:00|2025-03-18T15:00:00,0,,,,,,,,,,,
SAN_BORJA,PP,2025-03-18 23:00:00,2025-03-18 23:00:00,1,1,short_zero,True,,1,2025-03-18T23:00:00,0,,,,,,,,,,,
SAN_BORJA,PP,2025-03-19 01:00:00,2025-03-19 01:00:00,1,1,short_zero,True,,1,2025-03-19T01:00:00,0,,,,,,,,,,,
SAN_BORJA,PP,2025-03-19 04:00:00,2025-03-19 04:00:00,1,1,short_zero,True,,1,2025-03-19T04:00:00,0,,,,,,,,,,,
SAN_BORJA,PP,2025-03-19 13:00:00,2025-03-19 13:00:00,1,1,short_zero,True,,1,2025-03-19T13:00:00,0,,,,,,,,,,,
SAN_BORJA,PP,2025-03-27 08:00:00,2025-03-27 08:00:00,1,1,short_zero,True,,1,2025-03-27T08:00:00,0,,,,,,,,,,,
SAN_BORJA,PP,2025-03-27 14:00:00,2025-03-27 14:00:00,1,1,short_zero,True,,1,2025-03-27T14:00:00,0,,,,,,,,,,,
SAN_BORJA,PP,2025-04-06 11:00:00,2025-04-06 11:00:00,1,1,short_zero,True,,1,2025-04-06T11:00:00,0,,,,,,,,,,,
SAN_BORJA,PP,2025-05-09 19:00:00,2025-05-09 19:00:00,1,1,short_zero,True,,1,2025-05-09T19:00:00,0,,,,,,,,,,,
SAN_BORJA,PP,2025-06-02 14:00:00,2025-06-02 14:00:00,1,1,short_zero,True,,1,2025-06-02T14:00:00,0,,,,,,,,,,,
SAN_BORJA,PP,2025-06-13 19:00:00,2025-06-13 19:00:00,1,1,short_zero,True,,1,2025-06-13T19:00:00,0,,,,,,,,,,,
SAN_BORJA,PP,2025-06-29 14:00:00,2025-06-29 14:00:00,1,1,short_zero,True,,1,2025-06-29T14:00:00,0,,,,,,,,,,,
SAN_BORJA,PP,2025-07-04 12:00:00,2025-07-04 12:00:00,1,1,short_zero,True,,1,2025-07-04T12:00:00,0,,,,,,,,,,,
SAN_BORJA,PP,2025-07-06 19:00:00,2025-07-06 19:00:00,1,1,short_zero,True,,1,2025-07-06T19:00:00,0,,,,,,,,,,,
SAN_BORJA,PP,2025-07-07 04:00:00,2025-07-07 04:00:00,1,1,short_zero,True,,1,2025-07-07T04:00:00,0,,,,,,,,,,,
SAN_BORJA,PP,2025-07-07 11:00:00,2025-07-07 11:00:00,1,1,short_zero,True,,1,2025-07-07T11:00:00,0,,,,,,,,,,,
SAN_BORJA,PP,2025-07-08 18:00:00,2025-07-08 18:00:00,1,1,short_zero,True,,1,2025-07-08T18:00:00,0,,,,,,,,,,,
SAN_BORJA,PP,2025-07-08 23:00:00,2025-07-08 23:00:00,1,1,short_zero,True,,1,2025-07-08T23:00:00,0,,,,,,,,,,,
SAN_BORJA,PP,2025-07-11 04:00:00,2025-07-11 04:00:00,1,1,short_zero,True,,1,2025-07-11T04:00:00,0,,,,,,,,,,,
SAN_BORJA,PP,2025-07-16 10:00:00,2025-07-16 10:00:00,1,1,short_zero,True,,1,2025-07-16T10:00:00,0,,,,,,,,,,,
SAN_BORJA,PP,2025-07-17 05:00:00,2025-07-17 05:00:00,1,1,short_zero,True,,1,2025-07-17T05:00:00,0,,,,,,,,,,,
SAN_BORJA,PP,2025-07-29 19:00:00,2025-07-29 19:00:00,1,1,short_zero,True,,1,2025-07-29T19:00:00,0,,,,,,,,,,,
SAN_BORJA,PP,2025-08-15 10:00:00,2025-08-15 10:00:00,1,1,short_zero,True,,1,2025-08-15T10:00:00,0,,,,,,,,,,,
SAN_BORJA,PP,2025-08-16 07:00:00,2025-08-16 08:00:00,2,2,short_zero,True,,2,2025-08-16T07:00:00|2025-08-16T08:00:00,0,,,,,,,,,,,
SAN_BORJA,PP,2025-08-18 04:00:00,2025-08-18 04:00:00,1,1,short_zero,True,,1,2025-08-18T04:00:00,0,,,,,,,,,,,
SAN_BORJA,PP,2025-08-20 05:00:00,2025-08-20 05:00:00,1,1,short_zero,True,,1,2025-08-20T05:00:00,0,,,,,,,,,,,
SAN_BORJA,PP,2025-08-20 13:00:00,2025-08-20 14:00:00,2,2,short_zero,True,,2,2025-08-20T13:00:00|2025-08-20T14:00:00,0,,,,,,,,,,,
SAN_BORJA,PP,2025-09-02 07:00:00,2025-09-02 07:00:00,1,1,short_zero,True,,1,2025-09-02T07:00:00,0,,,,,,,,,,,
SAN_BORJA,PP,2025-09-16 15:00:00,2025-09-16 15:00:00,1,1,short_zero,True,,1,2025-09-16T15:00:00,0,,,,,,,,,,,
SAN_BORJA,PP,2025-09-20 18:00:00,2025-09-20 18:00:00,1,1,short_zero,True,,1,2025-09-20T18:00:00,0,,,,,,,,,,,
SAN_BORJA,PP,2025-10-16 21:00:00,2025-10-17 09:00:00,13,13,weekly_seasonal,True,,13,2025-10-16T21:00:00|2025-10-16T22:00:00|2025-10-16T23:00:00|2025-10-17T00:00:00|2025-10-17T01:00:00|2025-10-17T02:00:00|2025-10-17T03:00:00|2025-10-17T04:00:00|2025-10-17T05:00:00|2025-10-17T06:00:00|2025-10-17T07:00:00|2025-10-17T08:00:00|2025-10-17T09:00:00,0,,,,,,,,,,4.0,
SAN_BORJA,PP,2025-10-20 12:00:00,2025-10-20 12:00:00,1,1,short_zero,True,,1,2025-10-20T12:00:00,0,,,,,,,,,,,
SAN_BORJA,PP,2025-10-27 09:00:00,2025-10-27 09:00:00,1,1,short_zero,True,,1,2025-10-27T09:00:00,0,,,,,,,,,,,
SAN_BORJA,PP,2025-10-28 05:00:00,2025-10-28 05:00:00,1,1,short_zero,True,,1,2025-10-28T05:00:00,0,,,,,,,,,,,
SAN_BORJA,PP,2025-10-28 21:00:00,2025-10-28 21:00:00,1,1,short_zero,True,,1,2025-10-28T21:00:00,0,,,,,,,,,,,
SAN_BORJA,PP,2025-11-08 09:00:00,2025-11-08 09:00:00,1,1,short_zero,True,,1,2025-11-08T09:00:00,0,,,,,,,,,,,
SAN_BORJA,PP,2025-11-21 08:00:00,2025-11-21 08:00:00,1,1,short_zero,True,,1,2025-11-21T08:00:00,0,,,,,,,,,,,
SAN_BORJA,PP,2025-11-21 23:00:00,2025-11-21 23:00:00,1,1,short_zero,True,,1,2025-11-21T23:00:00,0,,,,,,,,,,,
SAN_BORJA,PP,2025-11-22 04:00:00,2025-11-22 04:00:00,1,1,short_zero,True,,1,2025-11-22T04:00:00,0,,,,,,,,,,,
SAN_BORJA,PP,2025-11-22 07:00:00,2025-11-22 07:00:00,1,1,short_zero,True,,1,2025-11-22T07:00:00,0,,,,,,,,,,,
SAN_BORJA,PP,2025-11-22 12:00:00,2025-11-22 13:00:00,2,2,short_zero,True,,2,2025-11-22T12:00:00|2025-11-22T13:00:00,0,,,,,,,,,,,
SAN_BORJA,PP,2025-11-23 03:00:00,2025-11-23 03:00:00,1,1,short_zero,True,,1,2025-11-23T03:00:00,0,,,,,,,,,,,
SAN_BORJA,PP,2025-11-23 09:00:00,2025-11-23 09:00:00,1,1,short_zero,True,,1,2025-11-23T09:00:00,0,,,,,,,,,,,
SAN_BORJA,PP,2025-11-28 15:00:00,2025-11-28 15:00:00,1,1,short_zero,True,,1,2025-11-28T15:00:00,0,,,,,,,,,,,
SAN_BORJA,PP,2025-12-03 21:00:00,2025-12-03 21:00:00,1,1,short_zero,True,,1,2025-12-03T21:00:00,0,,,,,,,,,,,
SAN_BORJA,PP,2025-12-04 07:00:00,2025-12-04 09:00:00,3,3,short_zero,True,,3,2025-12-04T07:00:00|2025-12-04T08:00:00|2025-12-04T09:00:00,0,,,,,,,,,,,
SAN_BORJA,PP,2025-12-04 20:00:00,2025-12-04 22:00:00,3,3,short_zero,True,,3,2025-12-04T20:00:00|2025-12-04T21:00:00|2025-12-04T22:00:00,0,,,,,,,,,,,
SAN_BORJA,PP,2025-12-07 20:00:00,2025-12-07 20:00:00,1,1,short_zero,True,,1,2025-12-07T20:00:00,0,,,,,,,,,,,
SAN_BORJA,PP,2025-12-08 00:00:00,2025-12-08 02:00:00,3,3,short_zero,True,,3,2025-12-08T00:00:00|2025-12-08T01:00:00|2025-12-08T02:00:00,0,,,,,,,,,,,
SAN_BORJA,PP,2025-12-09 03:00:00,2025-12-09 03:00:00,1,1,short_zero,True,,1,2025-12-09T03:00:00,0,,,,,,,,,,,
SAN_BORJA,PP,2025-12-09 08:00:00,2025-12-09 08:00:00,1,1,short_zero,True,,1,2025-12-09T08:00:00,0,,,,,,,,,,,
SAN_BORJA,PP,2025-12-10 19:00:00,2025-12-10 19:00:00,1,1,short_zero,True,,1,2025-12-10T19:00:00,0,,,,,,,,,,,
SAN_BORJA,PP,2025-12-11 08:00:00,2025-12-11 08:00:00,1,1,short_zero,True,,1,2025-12-11T08:00:00,0,,,,,,,,,,,
SAN_BORJA,PP,2025-12-12 05:00:00,2025-12-12 05:00:00,1,1,short_zero,True,,1,2025-12-12T05:00:00,0,,,,,,,,,,,
SAN_BORJA,PP,2025-12-12 17:00:00,2025-12-12 17:00:00,1,1,short_zero,True,,1,2025-12-12T17:00:00,0,,,,,,,,,,,
SAN_BORJA,PP,2025-12-12 23:00:00,2025-12-12 23:00:00,1,1,short_zero,True,,1,2025-12-12T23:00:00,0,,,,,,,,,,,
SAN_BORJA,PP,2025-12-13 07:00:00,2025-12-13 08:00:00,2,2,short_zero,True,,2,2025-12-13T07:00:00|2025-12-13T08:00:00,0,,,,,,,,,,,
SAN_BORJA,PP,2025-12-14 00:00:00,2025-12-14 00:00:00,1,1,short_zero,True,,1,2025-12-14T00:00:00,0,,,,,,,,,,,
SAN_BORJA,PP,2025-12-14 07:00:00,2025-12-14 07:00:00,1,1,short_zero,True,,1,2025-12-14T07:00:00,0,,,,,,,,,,,
SAN_BORJA,PP,2025-12-14 11:00:00,2025-12-14 12:00:00,2,2,short_zero,True,,2,2025-12-14T11:00:00|2025-12-14T12:00:00,0,,,,,,,,,,,
SAN_BORJA,PP,2025-12-14 22:00:00,2025-12-14 22:00:00,1,1,short_zero,True,,1,2025-12-14T22:00:00,0,,,,,,,,,,,
SAN_BORJA,PP,2025-12-15 09:00:00,2025-12-15 09:00:00,1,1,short_zero,True,,1,2025-12-15T09:00:00,0,,,,,,,,,,,
SAN_BORJA,PP,2025-12-16 13:00:00,2025-12-16 13:00:00,1,1,short_zero,True,,1,2025-12-16T13:00:00,0,,,,,,,,,,,
SAN_BORJA,PP,2025-12-17 06:00:00,2025-12-17 06:00:00,1,1,short_zero,True,,1,2025-12-17T06:00:00,0,,,,,,,,,,,
SAN_BORJA,PP,2025-12-17 08:00:00,2025-12-17 12:00:00,5,5,weekly_seasonal,True,,5,2025-12-17T08:00:00|2025-12-17T09:00:00|2025-12-17T10:00:00|2025-12-17T11:00:00|2025-12-17T12:00:00,0,,,,,,,,,,4.0,
SAN_BORJA,PP,2025-12-17 22:00:00,2025-12-17 23:00:00,2,2,short_zero,True,,2,2025-12-17T22:00:00|2025-12-17T23:00:00,0,,,,,,,,,,,
SAN_BORJA,PP,2025-12-18 12:00:00,2025-12-18 12:00:00,1,1,short_zero,True,,1,2025-12-18T12:00:00,0,,,,,,,,,,,
SAN_BORJA,PP,2025-12-20 10:00:00,2025-12-20 10:00:00,1,1,short_zero,True,,1,2025-12-20T10:00:00,0,,,,,,,,,,,
SAN_BORJA,PP,2025-12-21 14:00:00,2025-12-21 14:00:00,1,1,short_zero,True,,1,2025-12-21T14:00:00,0,,,,,,,,,,,
SAN_BORJA,PP,2025-12-29 12:00:00,2025-12-29 12:00:00,1,1,short_zero,True,,1,2025-12-29T12:00:00,0,,,,,,,,,,,
SAN_BORJA,PP,2026-01-03 14:00:00,2026-01-03 14:00:00,1,1,short_zero,True,,1,2026-01-03T14:00:00,0,,,,,,,,,,,
SAN_BORJA,PP,2026-01-03 16:00:00,2026-01-03 16:00:00,1,1,short_zero,True,,1,2026-01-03T16:00:00,0,,,,,,,,,,,
SAN_BORJA,PP,2026-01-04 13:00:00,2026-01-04 13:00:00,1,1,short_zero,True,,1,2026-01-04T13:00:00,0,,,,,,,,,,,
SAN_BORJA,PP,2026-01-04 16:00:00,2026-01-04 16:00:00,1,1,short_zero,True,,1,2026-01-04T16:00:00,0,,,,,,,,,,,
SAN_BORJA,PP,2026-01-04 19:00:00,2026-01-04 19:00:00,1,1,short_zero,True,,1,2026-01-04T19:00:00,0,,,,,,,,,,,
SAN_BORJA,PP,2026-01-04 21:00:00,2026-01-04 23:00:00,3,3,short_zero,True,,3,2026-01-04T21:00:00|2026-01-04T22:00:00|2026-01-04T23:00:00,0,,,,,,,,,,,
SAN_BORJA,PP,2026-01-05 21:00:00,2026-01-05 21:00:00,1,1,short_zero,True,,1,2026-01-05T21:00:00,0,,,,,,,,,,,
SAN_BORJA,PP,2026-01-06 01:00:00,2026-01-06 02:00:00,2,2,short_zero,True,,2,2026-01-06T01:00:00|2026-01-06T02:00:00,0,,,,,,,,,,,
SAN_BORJA,PP,2026-01-06 07:00:00,2026-01-06 08:00:00,2,2,short_zero,True,,2,2026-01-06T07:00:00|2026-01-06T08:00:00,0,,,,,,,,,,,
SAN_BORJA,PP,2026-01-06 11:00:00,2026-01-06 11:00:00,1,1,short_zero,True,,1,2026-01-06T11:00:00,0,,,,,,,,,,,
SAN_BORJA,PP,2026-01-06 22:00:00,2026-01-06 23:00:00,2,2,short_zero,True,,2,2026-01-06T22:00:00|2026-01-06T23:00:00,0,,,,,,,,,,,
SAN_BORJA,PP,2026-01-07 18:00:00,2026-01-07 18:00:00,1,1,short_zero,True,,1,2026-01-07T18:00:00,0,,,,,,,,,,,
SAN_BORJA,PP,2026-01-09 05:00:00,2026-01-09 05:00:00,1,1,short_zero,True,,1,2026-01-09T05:00:00,0,,,,,,,,,,,
SAN_BORJA,PP,2026-01-09 13:00:00,2026-01-09 13:00:00,1,1,short_zero,True,,1,2026-01-09T13:00:00,0,,,,,,,,,,,
SAN_BORJA,PP,2026-01-10 03:00:00,2026-01-10 03:00:00,1,1,short_zero,True,,1,2026-01-10T03:00:00,0,,,,,,,,,,,
SAN_BORJA,PP,2026-01-10 11:00:00,2026-01-10 11:00:00,1,1,short_zero,True,,1,2026-01-10T11:00:00,0,,,,,,,,,,,
SAN_BORJA,PP,2026-01-10 16:00:00,2026-01-10 16:00:00,1,1,short_zero,True,,1,2026-01-10T16:00:00,0,,,,,,,,,,,
SAN_BORJA,PP,2026-01-10 21:00:00,2026-01-10 21:00:00,1,1,short_zero,True,,1,2026-01-10T21:00:00,0,,,,,,,,,,,
SAN_BORJA,PP,2026-01-12 12:00:00,2026-01-12 12:00:00,1,1,short_zero,True,,1,2026-01-12T12:00:00,0,,,,,,,,,,,
SAN_BORJA,PP,2026-01-18 09:00:00,2026-01-18 09:00:00,1,1,short_zero,True,,1,2026-01-18T09:00:00,0,,,,,,,,,,,
SAN_BORJA,PP,2026-01-18 14:00:00,2026-01-18 14:00:00,1,1,short_zero,True,,1,2026-01-18T14:00:00,0,,,,,,,,,,,
SAN_BORJA,PP,2026-01-23 14:00:00,2026-01-23 14:00:00,1,1,short_zero,True,,1,2026-01-23T14:00:00,0,,,,,,,,,,,
SAN_BORJA,PP,2026-01-24 03:00:00,2026-01-24 03:00:00,1,1,short_zero,True,,1,2026-01-24T03:00:00,0,,,,,,,,,,,
SAN_BORJA,PP,2026-01-26 03:00:00,2026-01-26 03:00:00,1,1,short_zero,True,,1,2026-01-26T03:00:00,0,,,,,,,,,,,
SAN_BORJA,PP,2026-02-15 01:00:00,2026-02-15 01:00:00,1,1,short_zero,True,,1,2026-02-15T01:00:00,0,,,,,,,,,,,
SAN_BORJA,PP,2026-02-15 04:00:00,2026-02-15 04:00:00,1,1,short_zero,True,,1,2026-02-15T04:00:00,0,,,,,,,,,,,
SAN_BORJA,PP,2026-02-15 07:00:00,2026-02-15 07:00:00,1,1,short_zero,True,,1,2026-02-15T07:00:00,0,,,,,,,,,,,
SAN_BORJA,PP,2026-02-15 10:00:00,2026-02-15 10:00:00,1,1,short_zero,True,,1,2026-02-15T10:00:00,0,,,,,,,,,,,
SAN_BORJA,PP,2026-02-15 20:00:00,2026-02-16 00:00:00,5,5,weekly_seasonal,True,,5,2026-02-15T20:00:00|2026-02-15T21:00:00|2026-02-15T22:00:00|2026-02-15T23:00:00|2026-02-16T00:00:00,0,,,,,,,,,,4.0,
SAN_BORJA,PP,2026-02-16 02:00:00,2026-02-16 02:00:00,1,1,short_zero,True,,1,2026-02-16T02:00:00,0,,,,,,,,,,,
SAN_BORJA,PP,2026-02-16 06:00:00,2026-02-16 06:00:00,1,1,short_zero,True,,1,2026-02-16T06:00:00,0,,,,,,,,,,,
SAN_BORJA,PP,2026-02-16 08:00:00,2026-02-16 08:00:00,1,1,short_zero,True,,1,2026-02-16T08:00:00,0,,,,,,,,,,,
SAN_BORJA,PP,2026-02-16 10:00:00,2026-02-16 10:00:00,1,1,short_zero,True,,1,2026-02-16T10:00:00,0,,,,,,,,,,,
SAN_BORJA,PP,2026-02-16 17:00:00,2026-02-16 17:00:00,1,1,short_zero,True,,1,2026-02-16T17:00:00,0,,,,,,,,,,,
SAN_BORJA,PP,2026-02-17 00:00:00,2026-02-17 02:00:00,3,3,short_zero,True,,3,2026-02-17T00:00:00|2026-02-17T01:00:00|2026-02-17T02:00:00,0,,,,,,,,,,,
SAN_BORJA,PP,2026-02-21 15:00:00,2026-02-21 16:00:00,2,2,short_zero,True,,2,2026-02-21T15:00:00|2026-02-21T16:00:00,0,,,,,,,,,,,
SAN_BORJA,PP,2026-02-24 16:00:00,2026-02-24 16:00:00,1,1,short_zero,True,,1,2026-02-24T16:00:00,0,,,,,,,,,,,
SAN_BORJA,PP,2026-03-06 12:00:00,2026-03-06 12:00:00,1,1,short_zero,True,,1,2026-03-06T12:00:00,0,,,,,,,,,,,
SAN_BORJA,PP,2026-03-06 21:00:00,2026-03-07 02:00:00,6,6,weekly_seasonal,True,,6,2026-03-06T21:00:00|2026-03-06T22:00:00|2026-03-06T23:00:00|2026-03-07T00:00:00|2026-03-07T01:00:00|2026-03-07T02:00:00,0,,,,,,,,,,4.0,
SAN_BORJA,PP,2026-03-07 05:00:00,2026-03-07 05:00:00,1,1,short_zero,True,,1,2026-03-07T05:00:00,0,,,,,,,,,,,
SAN_BORJA,PP,2026-03-07 09:00:00,2026-03-07 09:00:00,1,1,short_zero,True,,1,2026-03-07T09:00:00,0,,,,,,,,,,,
SAN_BORJA,PP,2026-03-07 23:00:00,2026-03-07 23:00:00,1,1,short_zero,True,,1,2026-03-07T23:00:00,0,,,,,,,,,,,
SAN_BORJA,PP,2026-03-08 03:00:00,2026-03-08 03:00:00,1,1,short_zero,True,,1,2026-03-08T03:00:00,0,,,,,,,,,,,
SAN_BORJA,PP,2026-03-08 08:00:00,2026-03-08 09:00:00,2,2,short_zero,True,,2,2026-03-08T08:00:00|2026-03-08T09:00:00,0,,,,,,,,,,,
SAN_BORJA,PP,2026-03-16 11:00:00,2026-03-16 11:00:00,1,1,short_zero,True,,1,2026-03-16T11:00:00,0,,,,,,,,,,,
SAN_BORJA,PP,2026-05-20 03:00:00,2026-05-20 05:00:00,3,3,short_zero,True,,3,2026-05-20T03:00:00|2026-05-20T04:00:00|2026-05-20T05:00:00,0,,,,,,,,,,,
SAN_BORJA,PP,2026-05-20 08:00:00,2026-05-20 08:00:00,1,1,short_zero,True,,1,2026-05-20T08:00:00,0,,,,,,,,,,,
SAN_BORJA,PP,2026-05-21 03:00:00,2026-05-21 03:00:00,1,1,short_zero,True,,1,2026-05-21T03:00:00,0,,,,,,,,,,,
SAN_BORJA,PP,2026-05-21 05:00:00,2026-05-21 07:00:00,3,3,short_zero,True,,3,2026-05-21T05:00:00|2026-05-21T06:00:00|2026-05-21T07:00:00,0,,,,,,,,,,,
SAN_BORJA,PP,2026-05-22 02:00:00,2026-05-22 02:00:00,1,1,short_zero,True,,1,2026-05-22T02:00:00,0,,,,,,,,,,,
SAN_BORJA,PP,2026-05-22 05:00:00,2026-05-22 06:00:00,2,2,short_zero,True,,2,2026-05-22T05:00:00|2026-05-22T06:00:00,0,,,,,,,,,,,
SAN_BORJA,PP,2026-05-22 09:00:00,2026-05-22 09:00:00,1,1,short_zero,True,,1,2026-05-22T09:00:00,0,,,,,,,,,,,
SAN_BORJA,PP,2026-05-22 11:00:00,2026-05-22 11:00:00,1,1,short_zero,True,,1,2026-05-22T11:00:00,0,,,,,,,,,,,
SAN_BORJA,PP,2026-05-22 18:00:00,2026-05-22 18:00:00,1,1,short_zero,True,,1,2026-05-22T18:00:00,0,,,,,,,,,,,
SAN_BORJA,PP,2026-05-22 22:00:00,2026-05-22 23:00:00,2,2,short_zero,True,,2,2026-05-22T22:00:00|2026-05-22T23:00:00,0,,,,,,,,,,,
SAN_BORJA,PP,2026-05-23 09:00:00,2026-05-23 09:00:00,1,1,short_zero,True,,1,2026-05-23T09:00:00,0,,,,,,,,,,,
SAN_BORJA,PP,2026-05-24 09:00:00,2026-05-24 10:00:00,2,2,short_zero,True,,2,2026-05-24T09:00:00|2026-05-24T10:00:00,0,,,,,,,,,,,
SAN_BORJA,PP,2026-05-24 14:00:00,2026-05-24 14:00:00,1,1,short_zero,True,,1,2026-05-24T14:00:00,0,,,,,,,,,,,
SAN_BORJA,PP,2026-05-25 06:00:00,2026-05-25 06:00:00,1,1,short_zero,True,,1,2026-05-25T06:00:00,0,,,,,,,,,,,
SAN_BORJA,PP,2026-05-25 17:00:00,2026-05-25 17:00:00,1,1,short_zero,True,,1,2026-05-25T17:00:00,0,,,,,,,,,,,
SAN_BORJA,PP,2026-05-26 05:00:00,2026-05-26 05:00:00,1,1,short_zero,True,,1,2026-05-26T05:00:00,0,,,,,,,,,,,
SAN_BORJA,PP,2026-05-26 18:00:00,2026-05-26 18:00:00,1,1,short_zero,True,,1,2026-05-26T18:00:00,0,,,,,,,,,,,
SAN_BORJA,PP,2026-05-26 20:00:00,2026-05-26 20:00:00,1,1,short_zero,True,,1,2026-05-26T20:00:00,0,,,,,,,,,,,
SAN_BORJA,PP,2026-05-27 02:00:00,2026-05-27 05:00:00,4,4,short_zero,True,,4,2026-05-27T02:00:00|2026-05-27T03:00:00|2026-05-27T04:00:00|2026-05-27T05:00:00,0,,,,,,,,,,,
SAN_BORJA,PP,2026-05-27 08:00:00,2026-05-27 08:00:00,1,1,short_zero,True,,1,2026-05-27T08:00:00,0,,,,,,,,,,,
SAN_BORJA,PP,2026-05-27 10:00:00,2026-05-27 10:00:00,1,1,short_zero,True,,1,2026-05-27T10:00:00,0,,,,,,,,,,,
SAN_BORJA,PP,2026-05-27 12:00:00,2026-05-27 12:00:00,1,1,short_zero,True,,1,2026-05-27T12:00:00,0,,,,,,,,,,,
SAN_BORJA,PP,2026-05-27 18:00:00,2026-05-27 19:00:00,2,2,short_zero,True,,2,2026-05-27T18:00:00|2026-05-27T19:00:00,0,,,,,,,,,,,
SAN_BORJA,PP,2026-05-27 22:00:00,2026-05-27 22:00:00,1,1,short_zero,True,,1,2026-05-27T22:00:00,0,,,,,,,,,,,
SAN_BORJA,PP,2026-05-28 00:00:00,2026-05-28 04:00:00,5,5,weekly_seasonal,True,,5,2026-05-28T00:00:00|2026-05-28T01:00:00|2026-05-28T02:00:00|2026-05-28T03:00:00|2026-05-28T04:00:00,0,,,,,,,,,,3.0,
SAN_BORJA,PP,2026-05-28 06:00:00,2026-05-28 06:00:00,1,1,short_zero,True,,1,2026-05-28T06:00:00,0,,,,,,,,,,,
SAN_BORJA,PP,2026-05-28 09:00:00,2026-05-28 10:00:00,2,2,short_zero,True,,2,2026-05-28T09:00:00|2026-05-28T10:00:00,0,,,,,,,,,,,
SAN_BORJA,PP,2026-05-29 03:00:00,2026-05-29 05:00:00,3,3,short_zero,True,,3,2026-05-29T03:00:00|2026-05-29T04:00:00|2026-05-29T05:00:00,0,,,,,,,,,,,
SAN_BORJA,PP,2026-05-29 08:00:00,2026-05-29 09:00:00,2,2,short_zero,True,,2,2026-05-29T08:00:00|2026-05-29T09:00:00,0,,,,,,,,,,,
SAN_BORJA,PP,2026-05-29 16:00:00,2026-05-29 16:00:00,1,1,short_zero,True,,1,2026-05-29T16:00:00,0,,,,,,,,,,,
SAN_BORJA,PP,2026-05-29 19:00:00,2026-05-29 19:00:00,1,1,short_zero,True,,1,2026-05-29T19:00:00,0,,,,,,,,,,,
SAN_BORJA,PP,2026-05-29 21:00:00,2026-05-29 21:00:00,1,1,short_zero,True,,1,2026-05-29T21:00:00,0,,,,,,,,,,,
SAN_BORJA,PP,2026-05-29 23:00:00,2026-05-29 23:00:00,1,1,short_zero,True,,1,2026-05-29T23:00:00,0,,,,,,,,,,,
SAN_BORJA,PP,2026-05-30 01:00:00,2026-05-30 01:00:00,1,1,short_zero,True,,1,2026-05-30T01:00:00,0,,,,,,,,,,,
SAN_BORJA,PP,2026-05-30 03:00:00,2026-05-30 03:00:00,1,1,short_zero,True,,1,2026-05-30T03:00:00,0,,,,,,,,,,,
SAN_BORJA,PP,2026-05-31 04:00:00,2026-05-31 04:00:00,1,1,short_zero,True,,1,2026-05-31T04:00:00,0,,,,,,,,,,,
SAN_BORJA,PP,2026-05-31 08:00:00,2026-05-31 09:00:00,2,2,short_zero,True,,2,2026-05-31T08:00:00|2026-05-31T09:00:00,0,,,,,,,,,,,
SAN_BORJA,PP,2026-05-31 16:00:00,2026-05-31 16:00:00,1,1,short_zero,True,,1,2026-05-31T16:00:00,0,,,,,,,,,,,
SAN_BORJA,PP,2026-06-01 01:00:00,2026-06-01 03:00:00,3,3,short_zero,True,,3,2026-06-01T01:00:00|2026-06-01T02:00:00|2026-06-01T03:00:00,0,,,,,,,,,,,
SAN_BORJA,PP,2026-06-01 17:00:00,2026-06-01 17:00:00,1,1,short_zero,True,,1,2026-06-01T17:00:00,0,,,,,,,,,,,
SAN_BORJA,PP,2026-06-01 23:00:00,2026-06-01 23:00:00,1,1,short_zero,True,,1,2026-06-01T23:00:00,0,,,,,,,,,,,
SAN_BORJA,PP,2026-06-02 09:00:00,2026-06-02 09:00:00,1,1,short_zero,True,,1,2026-06-02T09:00:00,0,,,,,,,,,,,
SAN_BORJA,PP,2026-06-02 20:00:00,2026-06-02 20:00:00,1,1,short_zero,True,,1,2026-06-02T20:00:00,0,,,,,,,,,,,
SAN_BORJA,PP,2026-06-03 00:00:00,2026-06-03 00:00:00,1,1,short_zero,True,,1,2026-06-03T00:00:00,0,,,,,,,,,,,
SAN_BORJA,PP,2026-06-03 05:00:00,2026-06-03 05:00:00,1,1,short_zero,True,,1,2026-06-03T05:00:00,0,,,,,,,,,,,
SAN_BORJA,PP,2026-06-03 15:00:00,2026-06-03 15:00:00,1,1,short_zero,True,,1,2026-06-03T15:00:00,0,,,,,,,,,,,
SAN_BORJA,PP,2026-06-04 12:00:00,2026-06-04 12:00:00,1,1,short_zero,True,,1,2026-06-04T12:00:00,0,,,,,,,,,,,
SAN_BORJA,PP,2026-06-05 08:00:00,2026-06-05 08:00:00,1,1,short_zero,True,,1,2026-06-05T08:00:00,0,,,,,,,,,,,
SAN_BORJA,PP,2026-06-05 13:00:00,2026-06-05 13:00:00,1,1,short_zero,True,,1,2026-06-05T13:00:00,0,,,,,,,,,,,
SAN_BORJA,PP,2026-06-05 18:00:00,2026-06-05 18:00:00,1,1,short_zero,True,,1,2026-06-05T18:00:00,0,,,,,,,,,,,
SAN_BORJA,PP,2026-06-05 22:00:00,2026-06-05 22:00:00,1,1,short_zero,True,,1,2026-06-05T22:00:00,0,,,,,,,,,,,
SAN_BORJA,PP,2026-06-06 21:00:00,2026-06-06 21:00:00,1,1,short_zero,True,,1,2026-06-06T21:00:00,0,,,,,,,,,,,
SAN_BORJA,PP,2026-06-07 04:00:00,2026-06-07 04:00:00,1,1,short_zero,True,,1,2026-06-07T04:00:00,0,,,,,,,,,,,
SAN_BORJA,PP,2026-06-08 02:00:00,2026-06-08 02:00:00,1,1,short_zero,True,,1,2026-06-08T02:00:00,0,,,,,,,,,,,
SAN_BORJA,PP,2026-06-08 04:00:00,2026-06-08 04:00:00,1,1,short_zero,True,,1,2026-06-08T04:00:00,0,,,,,,,,,,,
SAN_BORJA,PP,2026-06-08 15:00:00,2026-06-08 15:00:00,1,1,short_zero,True,,1,2026-06-08T15:00:00,0,,,,,,,,,,,
SAN_BORJA,PP,2026-06-08 19:00:00,2026-06-08 21:00:00,3,3,short_zero,True,,3,2026-06-08T19:00:00|2026-06-08T20:00:00|2026-06-08T21:00:00,0,,,,,,,,,,,
SAN_BORJA,PP,2026-06-09 12:00:00,2026-06-09 13:00:00,2,2,short_zero,True,,2,2026-06-09T12:00:00|2026-06-09T13:00:00,0,,,,,,,,,,,
SAN_BORJA,PP,2026-06-09 15:00:00,2026-06-09 15:00:00,1,1,short_zero,True,,1,2026-06-09T15:00:00,0,,,,,,,,,,,
SAN_BORJA,PP,2026-06-09 17:00:00,2026-06-09 17:00:00,1,1,short_zero,True,,1,2026-06-09T17:00:00,0,,,,,,,,,,,
SAN_BORJA,PP,2026-06-09 19:00:00,2026-06-09 20:00:00,2,2,short_zero,True,,2,2026-06-09T19:00:00|2026-06-09T20:00:00,0,,,,,,,,,,,
SAN_BORJA,PP,2026-06-09 22:00:00,2026-06-10 01:00:00,4,4,short_zero,True,,4,2026-06-09T22:00:00|2026-06-09T23:00:00|2026-06-10T00:00:00|2026-06-10T01:00:00,0,,,,,,,,,,,
SAN_BORJA,PP,2026-06-10 03:00:00,2026-06-10 04:00:00,2,2,short_zero,True,,2,2026-06-10T03:00:00|2026-06-10T04:00:00,0,,,,,,,,,,,
SAN_BORJA,PP,2026-06-10 06:00:00,2026-06-10 07:00:00,2,2,short_zero,True,,2,2026-06-10T06:00:00|2026-06-10T07:00:00,0,,,,,,,,,,,
SAN_BORJA,PP,2026-06-10 10:00:00,2026-06-10 10:00:00,1,1,short_zero,True,,1,2026-06-10T10:00:00,0,,,,,,,,,,,
SAN_BORJA,PP,2026-06-12 21:00:00,2026-06-12 21:00:00,1,1,short_zero,True,,1,2026-06-12T21:00:00,0,,,,,,,,,,,
SAN_BORJA,PP,2026-06-13 05:00:00,2026-06-13 05:00:00,1,1,short_zero,True,,1,2026-06-13T05:00:00,0,,,,,,,,,,,
SAN_BORJA,PP,2026-06-13 14:00:00,2026-06-13 14:00:00,1,1,short_zero,True,,1,2026-06-13T14:00:00,0,,,,,,,,,,,
SAN_BORJA,PP,2026-06-14 01:00:00,2026-06-14 01:00:00,1,1,short_zero,True,,1,2026-06-14T01:00:00,0,,,,,,,,,,,
SAN_BORJA,PP,2026-06-14 18:00:00,2026-06-14 18:00:00,1,1,short_zero,True,,1,2026-06-14T18:00:00,0,,,,,,,,,,,
SAN_BORJA,PP,2026-06-16 13:00:00,2026-06-16 13:00:00,1,1,short_zero,True,,1,2026-06-16T13:00:00,0,,,,,,,,,,,
SAN_BORJA,PP,2026-06-17 10:00:00,2026-06-17 10:00:00,1,1,short_zero,True,,1,2026-06-17T10:00:00,0,,,,,,,,,,,
SAN_BORJA,PP,2026-06-19 01:00:00,2026-06-19 02:00:00,2,2,short_zero,True,,2,2026-06-19T01:00:00|2026-06-19T02:00:00,0,,,,,,,,,,,
SAN_BORJA,PP,2026-06-19 08:00:00,2026-06-19 08:00:00,1,1,short_zero,True,,1,2026-06-19T08:00:00,0,,,,,,,,,,,
SAN_BORJA,PP,2026-06-19 21:00:00,2026-06-19 21:00:00,1,1,short_zero,True,,1,2026-06-19T21:00:00,0,,,,,,,,,,,
SAN_BORJA,PP,2026-06-19 23:00:00,2026-06-19 23:00:00,1,1,short_zero,True,,1,2026-06-19T23:00:00,0,,,,,,,,,,,
SAN_BORJA,PP,2026-06-20 01:00:00,2026-06-20 01:00:00,1,1,short_zero,True,,1,2026-06-20T01:00:00,0,,,,,,,,,,,
SAN_BORJA,PP,2026-06-20 04:00:00,2026-06-20 04:00:00,1,1,short_zero,True,,1,2026-06-20T04:00:00,0,,,,,,,,,,,
SAN_BORJA,PP,2026-06-20 09:00:00,2026-06-20 09:00:00,1,1,short_zero,True,,1,2026-06-20T09:00:00,0,,,,,,,,,,,
SAN_BORJA,PP,2026-06-21 08:00:00,2026-06-21 08:00:00,1,1,short_zero,True,,1,2026-06-21T08:00:00,0,,,,,,,,,,,
SAN_BORJA,PP,2026-06-22 17:00:00,2026-06-22 17:00:00,1,1,short_zero,True,,1,2026-06-22T17:00:00,0,,,,,,,,,,,
SAN_BORJA,PP,2026-06-22 21:00:00,2026-06-22 21:00:00,1,1,short_zero,True,,1,2026-06-22T21:00:00,0,,,,,,,,,,,
SAN_BORJA,PP,2026-06-23 14:00:00,2026-06-23 14:00:00,1,1,short_zero,True,,1,2026-06-23T14:00:00,0,,,,,,,,,,,
SAN_BORJA,DIR_VIENTO,2025-01-03 12:00:00,2025-01-03 12:00:00,1,1,short_vector_linear,True,,1,2025-01-03T12:00:00,0,,,,,,,,,,,
SAN_BORJA,VEL_VIENTO,2025-01-03 12:00:00,2025-01-03 12:00:00,1,1,short_vector_linear,True,,1,2025-01-03T12:00:00,0,,,,,,,,,,,
SAN_BORJA,DIR_VIENTO,2025-01-04 21:00:00,2025-01-05 01:00:00,5,5,cross_year_vector_analog,True,,2,2025-01-05T00:00:00|2025-01-05T01:00:00,3,,,,,,,,,,1.0,
SAN_BORJA,VEL_VIENTO,2025-01-04 21:00:00,2025-01-05 01:00:00,5,5,cross_year_vector_analog,True,,2,2025-01-05T00:00:00|2025-01-05T01:00:00,3,,,,,,,,,,1.0,
SAN_BORJA,VIENTO_VECTOR,2025-01-04 21:00:00,2025-01-05 01:00:00,5,5,interstation_vector_regression,False,r2_below_threshold,0,,3,0.015160144167842993,CAMPO_DE_MARTE,5.721802798728685,1.0,12554.0,"[-0.0023677183874732943, 0.2677157903370981]","[[-0.09037632818291441, 0.23602136783846783], [0.8517300324818519, -0.6540168348899986]]",0.5,TimeSeriesSplit(5) multisalida,,
SAN_BORJA,VIENTO_VECTOR,2025-01-04 21:00:00,2025-01-05 01:00:00,5,5,interstation_vector_regression,False,r2_below_threshold,0,,3,0.14620927110927534,SANTA_ANITA,8.28830455630402,1.0,8415.0,"[-0.05805664572020283, 0.3628126310667245]","[[0.19947457760481893, -0.11216583551486038], [-0.08206441042777689, 0.4621153699321895]]",0.5,TimeSeriesSplit(5) multisalida,,
SAN_BORJA,VIENTO_VECTOR,2025-01-04 21:00:00,2025-01-05 01:00:00,5,5,interstation_vector_regression,False,r2_below_threshold,0,,3,0.0003587379524585432,CERES,12.479877720901854,1.0,12736.0,"[-0.05377982673816248, 0.5332953117174433]","[[0.03772359437269348, 0.2017751865244079], [0.10247708202577246, -0.09076038683810914]]",0.5,TimeSeriesSplit(5) multisalida,,
SAN_BORJA,VIENTO_VECTOR,2025-01-04 21:00:00,2025-01-05 01:00:00,5,5,interstation_vector_regression,False,r2_below_threshold,0,,3,-0.09650356333660284,SAN_MARTIN_DE_PORRES,13.878447158939919,1.0,12687.0,"[0.11124524351271892, 0.3802451930150844]","[[-0.02703015549754057, -0.04627676146183016], [0.04360869834659312, 0.1477737243895149]]",0.5,TimeSeriesSplit(5) multisalida,,
SAN_BORJA,VIENTO_VECTOR,2025-01-04 21:00:00,2025-01-05 01:00:00,5,5,interstation_vector_regression,False,insufficient_gap_coverage,0,,3,,SAN_JUAN_DE_LURIGANCHO,14.1460220348316,0.0,,,,0.5,TimeSeriesSplit(5) multisalida,,
SAN_BORJA,VIENTO_VECTOR,2025-01-04 21:00:00,2025-01-05 01:00:00,5,5,interstation_vector_regression,False,r2_below_threshold,0,,3,-0.40877464361821303,CARABAYLLO,23.123558087584712,1.0,12443.0,"[0.054202002197524086, 0.4667802485036808]","[[0.013397433634424562, 0.1634705082003466], [0.1083493144351509, -0.34901063644378044]]",0.5,TimeSeriesSplit(5) multisalida,,
SAN_BORJA,VIENTO_VECTOR,2025-01-04 21:00:00,2025-01-05 01:00:00,5,5,unimputable,False,no_vector_method_available,0,,3,,,,,,,,,,,
SAN_BORJA,DIR_VIENTO,2025-01-07 11:00:00,2025-01-07 11:00:00,1,1,short_vector_linear,True,,1,2025-01-07T11:00:00,0,,,,,,,,,,,
SAN_BORJA,VEL_VIENTO,2025-01-07 11:00:00,2025-01-07 11:00:00,1,1,short_vector_linear,True,,1,2025-01-07T11:00:00,0,,,,,,,,,,,
SAN_BORJA,DIR_VIENTO,2025-01-20 00:00:00,2025-01-20 00:00:00,1,1,short_vector_linear,True,,1,2025-01-20T00:00:00,0,,,,,,,,,,,
SAN_BORJA,VEL_VIENTO,2025-01-20 00:00:00,2025-01-20 00:00:00,1,1,short_vector_linear,True,,1,2025-01-20T00:00:00,0,,,,,,,,,,,
SAN_BORJA,DIR_VIENTO,2025-01-25 16:00:00,2025-01-25 16:00:00,1,1,short_vector_linear,True,,1,2025-01-25T16:00:00,0,,,,,,,,,,,
SAN_BORJA,VEL_VIENTO,2025-01-25 16:00:00,2025-01-25 16:00:00,1,1,short_vector_linear,True,,1,2025-01-25T16:00:00,0,,,,,,,,,,,
SAN_BORJA,DIR_VIENTO,2025-01-28 07:00:00,2025-01-28 07:00:00,1,1,short_vector_linear,True,,1,2025-01-28T07:00:00,0,,,,,,,,,,,
SAN_BORJA,VEL_VIENTO,2025-01-28 07:00:00,2025-01-28 07:00:00,1,1,short_vector_linear,True,,1,2025-01-28T07:00:00,0,,,,,,,,,,,
SAN_BORJA,DIR_VIENTO,2025-01-28 16:00:00,2025-01-28 16:00:00,1,1,short_vector_linear,True,,1,2025-01-28T16:00:00,0,,,,,,,,,,,
SAN_BORJA,VEL_VIENTO,2025-01-28 16:00:00,2025-01-28 16:00:00,1,1,short_vector_linear,True,,1,2025-01-28T16:00:00,0,,,,,,,,,,,
SAN_BORJA,DIR_VIENTO,2025-01-28 19:00:00,2025-01-28 19:00:00,1,1,short_vector_linear,True,,1,2025-01-28T19:00:00,0,,,,,,,,,,,
SAN_BORJA,VEL_VIENTO,2025-01-28 19:00:00,2025-01-28 19:00:00,1,1,short_vector_linear,True,,1,2025-01-28T19:00:00,0,,,,,,,,,,,
SAN_BORJA,DIR_VIENTO,2025-01-29 01:00:00,2025-01-29 02:00:00,2,2,short_vector_linear,True,,2,2025-01-29T01:00:00|2025-01-29T02:00:00,0,,,,,,,,,,,
SAN_BORJA,VEL_VIENTO,2025-01-29 01:00:00,2025-01-29 02:00:00,2,2,short_vector_linear,True,,2,2025-01-29T01:00:00|2025-01-29T02:00:00,0,,,,,,,,,,,
SAN_BORJA,DIR_VIENTO,2025-01-29 05:00:00,2025-01-29 06:00:00,2,2,short_vector_linear,True,,2,2025-01-29T05:00:00|2025-01-29T06:00:00,0,,,,,,,,,,,
SAN_BORJA,VEL_VIENTO,2025-01-29 05:00:00,2025-01-29 06:00:00,2,2,short_vector_linear,True,,2,2025-01-29T05:00:00|2025-01-29T06:00:00,0,,,,,,,,,,,
SAN_BORJA,DIR_VIENTO,2025-01-29 08:00:00,2025-01-29 08:00:00,1,1,short_vector_linear,True,,1,2025-01-29T08:00:00,0,,,,,,,,,,,
SAN_BORJA,VEL_VIENTO,2025-01-29 08:00:00,2025-01-29 08:00:00,1,1,short_vector_linear,True,,1,2025-01-29T08:00:00,0,,,,,,,,,,,
SAN_BORJA,DIR_VIENTO,2025-01-29 17:00:00,2025-01-29 18:00:00,2,2,short_vector_linear,True,,2,2025-01-29T17:00:00|2025-01-29T18:00:00,0,,,,,,,,,,,
SAN_BORJA,VEL_VIENTO,2025-01-29 17:00:00,2025-01-29 18:00:00,2,2,short_vector_linear,True,,2,2025-01-29T17:00:00|2025-01-29T18:00:00,0,,,,,,,,,,,
SAN_BORJA,DIR_VIENTO,2025-01-30 13:00:00,2025-01-30 13:00:00,1,1,short_vector_linear,True,,1,2025-01-30T13:00:00,0,,,,,,,,,,,
SAN_BORJA,VEL_VIENTO,2025-01-30 13:00:00,2025-01-30 13:00:00,1,1,short_vector_linear,True,,1,2025-01-30T13:00:00,0,,,,,,,,,,,
SAN_BORJA,DIR_VIENTO,2025-02-02 06:00:00,2025-02-02 06:00:00,1,1,short_vector_linear,True,,1,2025-02-02T06:00:00,0,,,,,,,,,,,
SAN_BORJA,VEL_VIENTO,2025-02-02 06:00:00,2025-02-02 06:00:00,1,1,short_vector_linear,True,,1,2025-02-02T06:00:00,0,,,,,,,,,,,
SAN_BORJA,DIR_VIENTO,2025-02-02 11:00:00,2025-02-02 11:00:00,1,1,short_vector_linear,True,,1,2025-02-02T11:00:00,0,,,,,,,,,,,
SAN_BORJA,VEL_VIENTO,2025-02-02 11:00:00,2025-02-02 11:00:00,1,1,short_vector_linear,True,,1,2025-02-02T11:00:00,0,,,,,,,,,,,
SAN_BORJA,DIR_VIENTO,2025-02-02 22:00:00,2025-02-02 22:00:00,1,1,short_vector_linear,True,,1,2025-02-02T22:00:00,0,,,,,,,,,,,
SAN_BORJA,VEL_VIENTO,2025-02-02 22:00:00,2025-02-02 22:00:00,1,1,short_vector_linear,True,,1,2025-02-02T22:00:00,0,,,,,,,,,,,
SAN_BORJA,DIR_VIENTO,2025-02-05 17:00:00,2025-02-05 17:00:00,1,1,short_vector_linear,True,,1,2025-02-05T17:00:00,0,,,,,,,,,,,
SAN_BORJA,VEL_VIENTO,2025-02-05 17:00:00,2025-02-05 17:00:00,1,1,short_vector_linear,True,,1,2025-02-05T17:00:00,0,,,,,,,,,,,
SAN_BORJA,DIR_VIENTO,2025-02-05 23:00:00,2025-02-05 23:00:00,1,1,short_vector_linear,True,,1,2025-02-05T23:00:00,0,,,,,,,,,,,
SAN_BORJA,VEL_VIENTO,2025-02-05 23:00:00,2025-02-05 23:00:00,1,1,short_vector_linear,True,,1,2025-02-05T23:00:00,0,,,,,,,,,,,
SAN_BORJA,DIR_VIENTO,2025-02-06 07:00:00,2025-02-06 07:00:00,1,1,short_vector_linear,True,,1,2025-02-06T07:00:00,0,,,,,,,,,,,
SAN_BORJA,VEL_VIENTO,2025-02-06 07:00:00,2025-02-06 07:00:00,1,1,short_vector_linear,True,,1,2025-02-06T07:00:00,0,,,,,,,,,,,
SAN_BORJA,DIR_VIENTO,2025-02-06 09:00:00,2025-02-06 09:00:00,1,1,short_vector_linear,True,,1,2025-02-06T09:00:00,0,,,,,,,,,,,
SAN_BORJA,VEL_VIENTO,2025-02-06 09:00:00,2025-02-06 09:00:00,1,1,short_vector_linear,True,,1,2025-02-06T09:00:00,0,,,,,,,,,,,
SAN_BORJA,DIR_VIENTO,2025-02-07 06:00:00,2025-02-07 07:00:00,2,2,short_vector_linear,True,,2,2025-02-07T06:00:00|2025-02-07T07:00:00,0,,,,,,,,,,,
SAN_BORJA,VEL_VIENTO,2025-02-07 06:00:00,2025-02-07 07:00:00,2,2,short_vector_linear,True,,2,2025-02-07T06:00:00|2025-02-07T07:00:00,0,,,,,,,,,,,
SAN_BORJA,DIR_VIENTO,2025-02-08 10:00:00,2025-02-08 10:00:00,1,1,short_vector_linear,True,,1,2025-02-08T10:00:00,0,,,,,,,,,,,
SAN_BORJA,VEL_VIENTO,2025-02-08 10:00:00,2025-02-08 10:00:00,1,1,short_vector_linear,True,,1,2025-02-08T10:00:00,0,,,,,,,,,,,
SAN_BORJA,DIR_VIENTO,2025-02-09 17:00:00,2025-02-09 17:00:00,1,1,short_vector_linear,True,,1,2025-02-09T17:00:00,0,,,,,,,,,,,
SAN_BORJA,VEL_VIENTO,2025-02-09 17:00:00,2025-02-09 17:00:00,1,1,short_vector_linear,True,,1,2025-02-09T17:00:00,0,,,,,,,,,,,
SAN_BORJA,DIR_VIENTO,2025-02-10 05:00:00,2025-02-10 05:00:00,1,1,short_vector_linear,True,,1,2025-02-10T05:00:00,0,,,,,,,,,,,
SAN_BORJA,VEL_VIENTO,2025-02-10 05:00:00,2025-02-10 05:00:00,1,1,short_vector_linear,True,,1,2025-02-10T05:00:00,0,,,,,,,,,,,
SAN_BORJA,DIR_VIENTO,2025-02-11 22:00:00,2025-02-11 22:00:00,1,1,short_vector_linear,True,,1,2025-02-11T22:00:00,0,,,,,,,,,,,
SAN_BORJA,VEL_VIENTO,2025-02-11 22:00:00,2025-02-11 22:00:00,1,1,short_vector_linear,True,,1,2025-02-11T22:00:00,0,,,,,,,,,,,
SAN_BORJA,DIR_VIENTO,2025-02-15 12:00:00,2025-02-15 12:00:00,1,1,short_vector_linear,True,,1,2025-02-15T12:00:00,0,,,,,,,,,,,
SAN_BORJA,VEL_VIENTO,2025-02-15 12:00:00,2025-02-15 12:00:00,1,1,short_vector_linear,True,,1,2025-02-15T12:00:00,0,,,,,,,,,,,
SAN_BORJA,DIR_VIENTO,2025-02-15 14:00:00,2025-02-15 14:00:00,1,1,short_vector_linear,True,,1,2025-02-15T14:00:00,0,,,,,,,,,,,
SAN_BORJA,VEL_VIENTO,2025-02-15 14:00:00,2025-02-15 14:00:00,1,1,short_vector_linear,True,,1,2025-02-15T14:00:00,0,,,,,,,,,,,
SAN_BORJA,DIR_VIENTO,2025-02-15 23:00:00,2025-02-16 00:00:00,2,2,short_vector_linear,True,,2,2025-02-15T23:00:00|2025-02-16T00:00:00,0,,,,,,,,,,,
SAN_BORJA,VEL_VIENTO,2025-02-15 23:00:00,2025-02-16 00:00:00,2,2,short_vector_linear,True,,2,2025-02-15T23:00:00|2025-02-16T00:00:00,0,,,,,,,,,,,
SAN_BORJA,DIR_VIENTO,2025-02-16 04:00:00,2025-02-16 04:00:00,1,1,short_vector_linear,True,,1,2025-02-16T04:00:00,0,,,,,,,,,,,
SAN_BORJA,VEL_VIENTO,2025-02-16 04:00:00,2025-02-16 04:00:00,1,1,short_vector_linear,True,,1,2025-02-16T04:00:00,0,,,,,,,,,,,
SAN_BORJA,DIR_VIENTO,2025-02-16 10:00:00,2025-02-16 10:00:00,1,1,short_vector_linear,True,,1,2025-02-16T10:00:00,0,,,,,,,,,,,
SAN_BORJA,VEL_VIENTO,2025-02-16 10:00:00,2025-02-16 10:00:00,1,1,short_vector_linear,True,,1,2025-02-16T10:00:00,0,,,,,,,,,,,
SAN_BORJA,DIR_VIENTO,2025-02-19 07:00:00,2025-02-19 07:00:00,1,1,short_vector_linear,True,,1,2025-02-19T07:00:00,0,,,,,,,,,,,
SAN_BORJA,VEL_VIENTO,2025-02-19 07:00:00,2025-02-19 07:00:00,1,1,short_vector_linear,True,,1,2025-02-19T07:00:00,0,,,,,,,,,,,
SAN_BORJA,DIR_VIENTO,2025-02-19 18:00:00,2025-02-19 18:00:00,1,1,short_vector_linear,True,,1,2025-02-19T18:00:00,0,,,,,,,,,,,
SAN_BORJA,VEL_VIENTO,2025-02-19 18:00:00,2025-02-19 18:00:00,1,1,short_vector_linear,True,,1,2025-02-19T18:00:00,0,,,,,,,,,,,
SAN_BORJA,DIR_VIENTO,2025-02-20 09:00:00,2025-02-20 09:00:00,1,1,short_vector_linear,True,,1,2025-02-20T09:00:00,0,,,,,,,,,,,
SAN_BORJA,VEL_VIENTO,2025-02-20 09:00:00,2025-02-20 09:00:00,1,1,short_vector_linear,True,,1,2025-02-20T09:00:00,0,,,,,,,,,,,
SAN_BORJA,DIR_VIENTO,2025-02-21 03:00:00,2025-02-21 03:00:00,1,1,short_vector_linear,True,,1,2025-02-21T03:00:00,0,,,,,,,,,,,
SAN_BORJA,VEL_VIENTO,2025-02-21 03:00:00,2025-02-21 03:00:00,1,1,short_vector_linear,True,,1,2025-02-21T03:00:00,0,,,,,,,,,,,
SAN_BORJA,DIR_VIENTO,2025-02-26 18:00:00,2025-02-26 18:00:00,1,1,short_vector_linear,True,,1,2025-02-26T18:00:00,0,,,,,,,,,,,
SAN_BORJA,VEL_VIENTO,2025-02-26 18:00:00,2025-02-26 18:00:00,1,1,short_vector_linear,True,,1,2025-02-26T18:00:00,0,,,,,,,,,,,
SAN_BORJA,DIR_VIENTO,2025-02-27 05:00:00,2025-02-27 05:00:00,1,1,short_vector_linear,True,,1,2025-02-27T05:00:00,0,,,,,,,,,,,
SAN_BORJA,VEL_VIENTO,2025-02-27 05:00:00,2025-02-27 05:00:00,1,1,short_vector_linear,True,,1,2025-02-27T05:00:00,0,,,,,,,,,,,
SAN_BORJA,DIR_VIENTO,2025-02-27 11:00:00,2025-02-27 11:00:00,1,1,short_vector_linear,True,,1,2025-02-27T11:00:00,0,,,,,,,,,,,
SAN_BORJA,VEL_VIENTO,2025-02-27 11:00:00,2025-02-27 11:00:00,1,1,short_vector_linear,True,,1,2025-02-27T11:00:00,0,,,,,,,,,,,
SAN_BORJA,DIR_VIENTO,2025-03-05 00:00:00,2025-03-05 00:00:00,1,1,short_vector_linear,True,,1,2025-03-05T00:00:00,0,,,,,,,,,,,
SAN_BORJA,VEL_VIENTO,2025-03-05 00:00:00,2025-03-05 00:00:00,1,1,short_vector_linear,True,,1,2025-03-05T00:00:00,0,,,,,,,,,,,
SAN_BORJA,DIR_VIENTO,2025-03-05 06:00:00,2025-03-05 07:00:00,2,2,short_vector_linear,True,,2,2025-03-05T06:00:00|2025-03-05T07:00:00,0,,,,,,,,,,,
SAN_BORJA,VEL_VIENTO,2025-03-05 06:00:00,2025-03-05 07:00:00,2,2,short_vector_linear,True,,2,2025-03-05T06:00:00|2025-03-05T07:00:00,0,,,,,,,,,,,
SAN_BORJA,DIR_VIENTO,2025-03-05 12:00:00,2025-03-05 21:00:00,10,10,weekly_vector_seasonal,True,,9,2025-03-05T12:00:00|2025-03-05T13:00:00|2025-03-05T14:00:00|2025-03-05T15:00:00|2025-03-05T16:00:00|2025-03-05T17:00:00|2025-03-05T19:00:00|2025-03-05T20:00:00|2025-03-05T21:00:00,1,,,,,,,,,,3.0,
SAN_BORJA,VEL_VIENTO,2025-03-05 12:00:00,2025-03-05 21:00:00,10,10,weekly_vector_seasonal,True,,9,2025-03-05T12:00:00|2025-03-05T13:00:00|2025-03-05T14:00:00|2025-03-05T15:00:00|2025-03-05T16:00:00|2025-03-05T17:00:00|2025-03-05T19:00:00|2025-03-05T20:00:00|2025-03-05T21:00:00,1,,,,,,,,,,3.0,
SAN_BORJA,DIR_VIENTO,2025-03-05 12:00:00,2025-03-05 21:00:00,10,10,cross_year_vector_analog,True,,1,2025-03-05T18:00:00,0,,,,,,,,,,1.0,
SAN_BORJA,VEL_VIENTO,2025-03-05 12:00:00,2025-03-05 21:00:00,10,10,cross_year_vector_analog,True,,1,2025-03-05T18:00:00,0,,,,,,,,,,1.0,
SAN_BORJA,DIR_VIENTO,2025-03-06 08:00:00,2025-03-06 08:00:00,1,1,short_vector_linear,True,,1,2025-03-06T08:00:00,0,,,,,,,,,,,
SAN_BORJA,VEL_VIENTO,2025-03-06 08:00:00,2025-03-06 08:00:00,1,1,short_vector_linear,True,,1,2025-03-06T08:00:00,0,,,,,,,,,,,
SAN_BORJA,DIR_VIENTO,2025-03-06 23:00:00,2025-03-06 23:00:00,1,1,short_vector_linear,True,,1,2025-03-06T23:00:00,0,,,,,,,,,,,
SAN_BORJA,VEL_VIENTO,2025-03-06 23:00:00,2025-03-06 23:00:00,1,1,short_vector_linear,True,,1,2025-03-06T23:00:00,0,,,,,,,,,,,
SAN_BORJA,DIR_VIENTO,2025-03-07 12:00:00,2025-03-07 12:00:00,1,1,short_vector_linear,True,,1,2025-03-07T12:00:00,0,,,,,,,,,,,
SAN_BORJA,VEL_VIENTO,2025-03-07 12:00:00,2025-03-07 12:00:00,1,1,short_vector_linear,True,,1,2025-03-07T12:00:00,0,,,,,,,,,,,
SAN_BORJA,DIR_VIENTO,2025-03-08 12:00:00,2025-03-08 12:00:00,1,1,short_vector_linear,True,,1,2025-03-08T12:00:00,0,,,,,,,,,,,
SAN_BORJA,VEL_VIENTO,2025-03-08 12:00:00,2025-03-08 12:00:00,1,1,short_vector_linear,True,,1,2025-03-08T12:00:00,0,,,,,,,,,,,
SAN_BORJA,DIR_VIENTO,2025-03-08 18:00:00,2025-03-08 18:00:00,1,1,short_vector_linear,True,,1,2025-03-08T18:00:00,0,,,,,,,,,,,
SAN_BORJA,VEL_VIENTO,2025-03-08 18:00:00,2025-03-08 18:00:00,1,1,short_vector_linear,True,,1,2025-03-08T18:00:00,0,,,,,,,,,,,
SAN_BORJA,DIR_VIENTO,2025-03-08 20:00:00,2025-03-08 20:00:00,1,1,short_vector_linear,True,,1,2025-03-08T20:00:00,0,,,,,,,,,,,
SAN_BORJA,VEL_VIENTO,2025-03-08 20:00:00,2025-03-08 20:00:00,1,1,short_vector_linear,True,,1,2025-03-08T20:00:00,0,,,,,,,,,,,
SAN_BORJA,DIR_VIENTO,2025-03-08 23:00:00,2025-03-08 23:00:00,1,1,short_vector_linear,True,,1,2025-03-08T23:00:00,0,,,,,,,,,,,
SAN_BORJA,VEL_VIENTO,2025-03-08 23:00:00,2025-03-08 23:00:00,1,1,short_vector_linear,True,,1,2025-03-08T23:00:00,0,,,,,,,,,,,
SAN_BORJA,DIR_VIENTO,2025-03-11 18:00:00,2025-03-11 18:00:00,1,1,short_vector_linear,True,,1,2025-03-11T18:00:00,0,,,,,,,,,,,
SAN_BORJA,VEL_VIENTO,2025-03-11 18:00:00,2025-03-11 18:00:00,1,1,short_vector_linear,True,,1,2025-03-11T18:00:00,0,,,,,,,,,,,
SAN_BORJA,DIR_VIENTO,2025-03-12 16:00:00,2025-03-12 16:00:00,1,1,short_vector_linear,True,,1,2025-03-12T16:00:00,0,,,,,,,,,,,
SAN_BORJA,VEL_VIENTO,2025-03-12 16:00:00,2025-03-12 16:00:00,1,1,short_vector_linear,True,,1,2025-03-12T16:00:00,0,,,,,,,,,,,
SAN_BORJA,DIR_VIENTO,2025-03-13 08:00:00,2025-03-13 08:00:00,1,1,short_vector_linear,True,,1,2025-03-13T08:00:00,0,,,,,,,,,,,
SAN_BORJA,VEL_VIENTO,2025-03-13 08:00:00,2025-03-13 08:00:00,1,1,short_vector_linear,True,,1,2025-03-13T08:00:00,0,,,,,,,,,,,
SAN_BORJA,DIR_VIENTO,2025-03-18 14:00:00,2025-03-18 15:00:00,2,2,short_vector_linear,True,,2,2025-03-18T14:00:00|2025-03-18T15:00:00,0,,,,,,,,,,,
SAN_BORJA,VEL_VIENTO,2025-03-18 14:00:00,2025-03-18 15:00:00,2,2,short_vector_linear,True,,2,2025-03-18T14:00:00|2025-03-18T15:00:00,0,,,,,,,,,,,
SAN_BORJA,DIR_VIENTO,2025-03-18 23:00:00,2025-03-18 23:00:00,1,1,short_vector_linear,True,,1,2025-03-18T23:00:00,0,,,,,,,,,,,
SAN_BORJA,VEL_VIENTO,2025-03-18 23:00:00,2025-03-18 23:00:00,1,1,short_vector_linear,True,,1,2025-03-18T23:00:00,0,,,,,,,,,,,
SAN_BORJA,DIR_VIENTO,2025-03-19 01:00:00,2025-03-19 01:00:00,1,1,short_vector_linear,True,,1,2025-03-19T01:00:00,0,,,,,,,,,,,
SAN_BORJA,VEL_VIENTO,2025-03-19 01:00:00,2025-03-19 01:00:00,1,1,short_vector_linear,True,,1,2025-03-19T01:00:00,0,,,,,,,,,,,
SAN_BORJA,DIR_VIENTO,2025-03-19 04:00:00,2025-03-19 04:00:00,1,1,short_vector_linear,True,,1,2025-03-19T04:00:00,0,,,,,,,,,,,
SAN_BORJA,VEL_VIENTO,2025-03-19 04:00:00,2025-03-19 04:00:00,1,1,short_vector_linear,True,,1,2025-03-19T04:00:00,0,,,,,,,,,,,
SAN_BORJA,DIR_VIENTO,2025-03-19 13:00:00,2025-03-19 13:00:00,1,1,short_vector_linear,True,,1,2025-03-19T13:00:00,0,,,,,,,,,,,
SAN_BORJA,VEL_VIENTO,2025-03-19 13:00:00,2025-03-19 13:00:00,1,1,short_vector_linear,True,,1,2025-03-19T13:00:00,0,,,,,,,,,,,
SAN_BORJA,DIR_VIENTO,2025-03-27 08:00:00,2025-03-27 08:00:00,1,1,short_vector_linear,True,,1,2025-03-27T08:00:00,0,,,,,,,,,,,
SAN_BORJA,VEL_VIENTO,2025-03-27 08:00:00,2025-03-27 08:00:00,1,1,short_vector_linear,True,,1,2025-03-27T08:00:00,0,,,,,,,,,,,
SAN_BORJA,DIR_VIENTO,2025-03-27 14:00:00,2025-03-27 14:00:00,1,1,short_vector_linear,True,,1,2025-03-27T14:00:00,0,,,,,,,,,,,
SAN_BORJA,VEL_VIENTO,2025-03-27 14:00:00,2025-03-27 14:00:00,1,1,short_vector_linear,True,,1,2025-03-27T14:00:00,0,,,,,,,,,,,
SAN_BORJA,DIR_VIENTO,2025-04-06 11:00:00,2025-04-06 11:00:00,1,1,short_vector_linear,True,,1,2025-04-06T11:00:00,0,,,,,,,,,,,
SAN_BORJA,VEL_VIENTO,2025-04-06 11:00:00,2025-04-06 11:00:00,1,1,short_vector_linear,True,,1,2025-04-06T11:00:00,0,,,,,,,,,,,
SAN_BORJA,DIR_VIENTO,2025-05-09 19:00:00,2025-05-09 19:00:00,1,1,short_vector_linear,True,,1,2025-05-09T19:00:00,0,,,,,,,,,,,
SAN_BORJA,VEL_VIENTO,2025-05-09 19:00:00,2025-05-09 19:00:00,1,1,short_vector_linear,True,,1,2025-05-09T19:00:00,0,,,,,,,,,,,
SAN_BORJA,DIR_VIENTO,2025-06-02 14:00:00,2025-06-02 14:00:00,1,1,short_vector_linear,True,,1,2025-06-02T14:00:00,0,,,,,,,,,,,
SAN_BORJA,VEL_VIENTO,2025-06-02 14:00:00,2025-06-02 14:00:00,1,1,short_vector_linear,True,,1,2025-06-02T14:00:00,0,,,,,,,,,,,
SAN_BORJA,DIR_VIENTO,2025-06-13 19:00:00,2025-06-13 19:00:00,1,1,short_vector_linear,True,,1,2025-06-13T19:00:00,0,,,,,,,,,,,
SAN_BORJA,VEL_VIENTO,2025-06-13 19:00:00,2025-06-13 19:00:00,1,1,short_vector_linear,True,,1,2025-06-13T19:00:00,0,,,,,,,,,,,
SAN_BORJA,DIR_VIENTO,2025-06-29 14:00:00,2025-06-29 14:00:00,1,1,short_vector_linear,True,,1,2025-06-29T14:00:00,0,,,,,,,,,,,
SAN_BORJA,VEL_VIENTO,2025-06-29 14:00:00,2025-06-29 14:00:00,1,1,short_vector_linear,True,,1,2025-06-29T14:00:00,0,,,,,,,,,,,
SAN_BORJA,DIR_VIENTO,2025-07-04 12:00:00,2025-07-04 12:00:00,1,1,short_vector_linear,True,,1,2025-07-04T12:00:00,0,,,,,,,,,,,
SAN_BORJA,VEL_VIENTO,2025-07-04 12:00:00,2025-07-04 12:00:00,1,1,short_vector_linear,True,,1,2025-07-04T12:00:00,0,,,,,,,,,,,
SAN_BORJA,DIR_VIENTO,2025-07-06 19:00:00,2025-07-06 19:00:00,1,1,short_vector_linear,True,,1,2025-07-06T19:00:00,0,,,,,,,,,,,
SAN_BORJA,VEL_VIENTO,2025-07-06 19:00:00,2025-07-06 19:00:00,1,1,short_vector_linear,True,,1,2025-07-06T19:00:00,0,,,,,,,,,,,
SAN_BORJA,DIR_VIENTO,2025-07-07 04:00:00,2025-07-07 04:00:00,1,1,short_vector_linear,True,,1,2025-07-07T04:00:00,0,,,,,,,,,,,
SAN_BORJA,VEL_VIENTO,2025-07-07 04:00:00,2025-07-07 04:00:00,1,1,short_vector_linear,True,,1,2025-07-07T04:00:00,0,,,,,,,,,,,
SAN_BORJA,DIR_VIENTO,2025-07-07 11:00:00,2025-07-07 11:00:00,1,1,short_vector_linear,True,,1,2025-07-07T11:00:00,0,,,,,,,,,,,
SAN_BORJA,VEL_VIENTO,2025-07-07 11:00:00,2025-07-07 11:00:00,1,1,short_vector_linear,True,,1,2025-07-07T11:00:00,0,,,,,,,,,,,
SAN_BORJA,DIR_VIENTO,2025-07-08 18:00:00,2025-07-08 18:00:00,1,1,short_vector_linear,True,,1,2025-07-08T18:00:00,0,,,,,,,,,,,
SAN_BORJA,VEL_VIENTO,2025-07-08 18:00:00,2025-07-08 18:00:00,1,1,short_vector_linear,True,,1,2025-07-08T18:00:00,0,,,,,,,,,,,
SAN_BORJA,DIR_VIENTO,2025-07-08 23:00:00,2025-07-08 23:00:00,1,1,short_vector_linear,True,,1,2025-07-08T23:00:00,0,,,,,,,,,,,
SAN_BORJA,VEL_VIENTO,2025-07-08 23:00:00,2025-07-08 23:00:00,1,1,short_vector_linear,True,,1,2025-07-08T23:00:00,0,,,,,,,,,,,
SAN_BORJA,DIR_VIENTO,2025-07-11 04:00:00,2025-07-11 04:00:00,1,1,short_vector_linear,True,,1,2025-07-11T04:00:00,0,,,,,,,,,,,
SAN_BORJA,VEL_VIENTO,2025-07-11 04:00:00,2025-07-11 04:00:00,1,1,short_vector_linear,True,,1,2025-07-11T04:00:00,0,,,,,,,,,,,
SAN_BORJA,DIR_VIENTO,2025-07-16 10:00:00,2025-07-16 10:00:00,1,1,short_vector_linear,True,,1,2025-07-16T10:00:00,0,,,,,,,,,,,
SAN_BORJA,VEL_VIENTO,2025-07-16 10:00:00,2025-07-16 10:00:00,1,1,short_vector_linear,True,,1,2025-07-16T10:00:00,0,,,,,,,,,,,
SAN_BORJA,DIR_VIENTO,2025-07-17 05:00:00,2025-07-17 05:00:00,1,1,short_vector_linear,True,,1,2025-07-17T05:00:00,0,,,,,,,,,,,
SAN_BORJA,VEL_VIENTO,2025-07-17 05:00:00,2025-07-17 05:00:00,1,1,short_vector_linear,True,,1,2025-07-17T05:00:00,0,,,,,,,,,,,
SAN_BORJA,DIR_VIENTO,2025-07-29 19:00:00,2025-07-29 19:00:00,1,1,short_vector_linear,True,,1,2025-07-29T19:00:00,0,,,,,,,,,,,
SAN_BORJA,VEL_VIENTO,2025-07-29 19:00:00,2025-07-29 19:00:00,1,1,short_vector_linear,True,,1,2025-07-29T19:00:00,0,,,,,,,,,,,
SAN_BORJA,DIR_VIENTO,2025-08-15 10:00:00,2025-08-15 10:00:00,1,1,short_vector_linear,True,,1,2025-08-15T10:00:00,0,,,,,,,,,,,
SAN_BORJA,VEL_VIENTO,2025-08-15 10:00:00,2025-08-15 10:00:00,1,1,short_vector_linear,True,,1,2025-08-15T10:00:00,0,,,,,,,,,,,
SAN_BORJA,DIR_VIENTO,2025-08-16 07:00:00,2025-08-16 08:00:00,2,2,short_vector_linear,True,,2,2025-08-16T07:00:00|2025-08-16T08:00:00,0,,,,,,,,,,,
SAN_BORJA,VEL_VIENTO,2025-08-16 07:00:00,2025-08-16 08:00:00,2,2,short_vector_linear,True,,2,2025-08-16T07:00:00|2025-08-16T08:00:00,0,,,,,,,,,,,
SAN_BORJA,DIR_VIENTO,2025-08-18 04:00:00,2025-08-18 04:00:00,1,1,short_vector_linear,True,,1,2025-08-18T04:00:00,0,,,,,,,,,,,
SAN_BORJA,VEL_VIENTO,2025-08-18 04:00:00,2025-08-18 04:00:00,1,1,short_vector_linear,True,,1,2025-08-18T04:00:00,0,,,,,,,,,,,
SAN_BORJA,DIR_VIENTO,2025-08-20 05:00:00,2025-08-20 05:00:00,1,1,short_vector_linear,True,,1,2025-08-20T05:00:00,0,,,,,,,,,,,
SAN_BORJA,VEL_VIENTO,2025-08-20 05:00:00,2025-08-20 05:00:00,1,1,short_vector_linear,True,,1,2025-08-20T05:00:00,0,,,,,,,,,,,
SAN_BORJA,DIR_VIENTO,2025-08-20 13:00:00,2025-08-20 14:00:00,2,2,short_vector_linear,True,,2,2025-08-20T13:00:00|2025-08-20T14:00:00,0,,,,,,,,,,,
SAN_BORJA,VEL_VIENTO,2025-08-20 13:00:00,2025-08-20 14:00:00,2,2,short_vector_linear,True,,2,2025-08-20T13:00:00|2025-08-20T14:00:00,0,,,,,,,,,,,
SAN_BORJA,DIR_VIENTO,2025-09-02 07:00:00,2025-09-02 07:00:00,1,1,short_vector_linear,True,,1,2025-09-02T07:00:00,0,,,,,,,,,,,
SAN_BORJA,VEL_VIENTO,2025-09-02 07:00:00,2025-09-02 07:00:00,1,1,short_vector_linear,True,,1,2025-09-02T07:00:00,0,,,,,,,,,,,
SAN_BORJA,DIR_VIENTO,2025-09-16 15:00:00,2025-09-16 15:00:00,1,1,short_vector_linear,True,,1,2025-09-16T15:00:00,0,,,,,,,,,,,
SAN_BORJA,VEL_VIENTO,2025-09-16 15:00:00,2025-09-16 15:00:00,1,1,short_vector_linear,True,,1,2025-09-16T15:00:00,0,,,,,,,,,,,
SAN_BORJA,DIR_VIENTO,2025-09-20 18:00:00,2025-09-20 18:00:00,1,1,short_vector_linear,True,,1,2025-09-20T18:00:00,0,,,,,,,,,,,
SAN_BORJA,VEL_VIENTO,2025-09-20 18:00:00,2025-09-20 18:00:00,1,1,short_vector_linear,True,,1,2025-09-20T18:00:00,0,,,,,,,,,,,
SAN_BORJA,DIR_VIENTO,2025-10-16 21:00:00,2025-10-17 09:00:00,13,13,weekly_vector_seasonal,True,,13,2025-10-16T21:00:00|2025-10-16T22:00:00|2025-10-16T23:00:00|2025-10-17T00:00:00|2025-10-17T01:00:00|2025-10-17T02:00:00|2025-10-17T03:00:00|2025-10-17T04:00:00|2025-10-17T05:00:00|2025-10-17T06:00:00|2025-10-17T07:00:00|2025-10-17T08:00:00|2025-10-17T09:00:00,0,,,,,,,,,,4.0,
SAN_BORJA,VEL_VIENTO,2025-10-16 21:00:00,2025-10-17 09:00:00,13,13,weekly_vector_seasonal,True,,13,2025-10-16T21:00:00|2025-10-16T22:00:00|2025-10-16T23:00:00|2025-10-17T00:00:00|2025-10-17T01:00:00|2025-10-17T02:00:00|2025-10-17T03:00:00|2025-10-17T04:00:00|2025-10-17T05:00:00|2025-10-17T06:00:00|2025-10-17T07:00:00|2025-10-17T08:00:00|2025-10-17T09:00:00,0,,,,,,,,,,4.0,
SAN_BORJA,DIR_VIENTO,2025-10-20 12:00:00,2025-10-20 12:00:00,1,1,short_vector_linear,True,,1,2025-10-20T12:00:00,0,,,,,,,,,,,
SAN_BORJA,VEL_VIENTO,2025-10-20 12:00:00,2025-10-20 12:00:00,1,1,short_vector_linear,True,,1,2025-10-20T12:00:00,0,,,,,,,,,,,
SAN_BORJA,DIR_VIENTO,2025-10-27 09:00:00,2025-10-27 09:00:00,1,1,short_vector_linear,True,,1,2025-10-27T09:00:00,0,,,,,,,,,,,
SAN_BORJA,VEL_VIENTO,2025-10-27 09:00:00,2025-10-27 09:00:00,1,1,short_vector_linear,True,,1,2025-10-27T09:00:00,0,,,,,,,,,,,
SAN_BORJA,DIR_VIENTO,2025-10-28 05:00:00,2025-10-28 05:00:00,1,1,short_vector_linear,True,,1,2025-10-28T05:00:00,0,,,,,,,,,,,
SAN_BORJA,VEL_VIENTO,2025-10-28 05:00:00,2025-10-28 05:00:00,1,1,short_vector_linear,True,,1,2025-10-28T05:00:00,0,,,,,,,,,,,
SAN_BORJA,DIR_VIENTO,2025-10-28 21:00:00,2025-10-28 21:00:00,1,1,short_vector_linear,True,,1,2025-10-28T21:00:00,0,,,,,,,,,,,
SAN_BORJA,VEL_VIENTO,2025-10-28 21:00:00,2025-10-28 21:00:00,1,1,short_vector_linear,True,,1,2025-10-28T21:00:00,0,,,,,,,,,,,
SAN_BORJA,DIR_VIENTO,2025-11-08 09:00:00,2025-11-08 09:00:00,1,1,short_vector_linear,True,,1,2025-11-08T09:00:00,0,,,,,,,,,,,
SAN_BORJA,VEL_VIENTO,2025-11-08 09:00:00,2025-11-08 09:00:00,1,1,short_vector_linear,True,,1,2025-11-08T09:00:00,0,,,,,,,,,,,
SAN_BORJA,DIR_VIENTO,2025-11-21 08:00:00,2025-11-21 08:00:00,1,1,short_vector_linear,True,,1,2025-11-21T08:00:00,0,,,,,,,,,,,
SAN_BORJA,VEL_VIENTO,2025-11-21 08:00:00,2025-11-21 08:00:00,1,1,short_vector_linear,True,,1,2025-11-21T08:00:00,0,,,,,,,,,,,
SAN_BORJA,DIR_VIENTO,2025-11-21 23:00:00,2025-11-21 23:00:00,1,1,short_vector_linear,True,,1,2025-11-21T23:00:00,0,,,,,,,,,,,
SAN_BORJA,VEL_VIENTO,2025-11-21 23:00:00,2025-11-21 23:00:00,1,1,short_vector_linear,True,,1,2025-11-21T23:00:00,0,,,,,,,,,,,
SAN_BORJA,DIR_VIENTO,2025-11-22 04:00:00,2025-11-22 04:00:00,1,1,short_vector_linear,True,,1,2025-11-22T04:00:00,0,,,,,,,,,,,
SAN_BORJA,VEL_VIENTO,2025-11-22 04:00:00,2025-11-22 04:00:00,1,1,short_vector_linear,True,,1,2025-11-22T04:00:00,0,,,,,,,,,,,
SAN_BORJA,DIR_VIENTO,2025-11-22 07:00:00,2025-11-22 07:00:00,1,1,short_vector_linear,True,,1,2025-11-22T07:00:00,0,,,,,,,,,,,
SAN_BORJA,VEL_VIENTO,2025-11-22 07:00:00,2025-11-22 07:00:00,1,1,short_vector_linear,True,,1,2025-11-22T07:00:00,0,,,,,,,,,,,
SAN_BORJA,DIR_VIENTO,2025-11-22 12:00:00,2025-11-22 13:00:00,2,2,short_vector_linear,True,,2,2025-11-22T12:00:00|2025-11-22T13:00:00,0,,,,,,,,,,,
SAN_BORJA,VEL_VIENTO,2025-11-22 12:00:00,2025-11-22 13:00:00,2,2,short_vector_linear,True,,2,2025-11-22T12:00:00|2025-11-22T13:00:00,0,,,,,,,,,,,
SAN_BORJA,DIR_VIENTO,2025-11-23 03:00:00,2025-11-23 03:00:00,1,1,short_vector_linear,True,,1,2025-11-23T03:00:00,0,,,,,,,,,,,
SAN_BORJA,VEL_VIENTO,2025-11-23 03:00:00,2025-11-23 03:00:00,1,1,short_vector_linear,True,,1,2025-11-23T03:00:00,0,,,,,,,,,,,
SAN_BORJA,DIR_VIENTO,2025-11-23 09:00:00,2025-11-23 09:00:00,1,1,short_vector_linear,True,,1,2025-11-23T09:00:00,0,,,,,,,,,,,
SAN_BORJA,VEL_VIENTO,2025-11-23 09:00:00,2025-11-23 09:00:00,1,1,short_vector_linear,True,,1,2025-11-23T09:00:00,0,,,,,,,,,,,
SAN_BORJA,DIR_VIENTO,2025-11-28 15:00:00,2025-11-28 15:00:00,1,1,short_vector_linear,True,,1,2025-11-28T15:00:00,0,,,,,,,,,,,
SAN_BORJA,VEL_VIENTO,2025-11-28 15:00:00,2025-11-28 15:00:00,1,1,short_vector_linear,True,,1,2025-11-28T15:00:00,0,,,,,,,,,,,
SAN_BORJA,DIR_VIENTO,2025-12-03 21:00:00,2025-12-03 21:00:00,1,1,short_vector_linear,True,,1,2025-12-03T21:00:00,0,,,,,,,,,,,
SAN_BORJA,VEL_VIENTO,2025-12-03 21:00:00,2025-12-03 21:00:00,1,1,short_vector_linear,True,,1,2025-12-03T21:00:00,0,,,,,,,,,,,
SAN_BORJA,DIR_VIENTO,2025-12-04 07:00:00,2025-12-04 09:00:00,3,3,short_vector_linear,True,,3,2025-12-04T07:00:00|2025-12-04T08:00:00|2025-12-04T09:00:00,0,,,,,,,,,,,
SAN_BORJA,VEL_VIENTO,2025-12-04 07:00:00,2025-12-04 09:00:00,3,3,short_vector_linear,True,,3,2025-12-04T07:00:00|2025-12-04T08:00:00|2025-12-04T09:00:00,0,,,,,,,,,,,
SAN_BORJA,DIR_VIENTO,2025-12-04 20:00:00,2025-12-04 22:00:00,3,3,short_vector_linear,True,,3,2025-12-04T20:00:00|2025-12-04T21:00:00|2025-12-04T22:00:00,0,,,,,,,,,,,
SAN_BORJA,VEL_VIENTO,2025-12-04 20:00:00,2025-12-04 22:00:00,3,3,short_vector_linear,True,,3,2025-12-04T20:00:00|2025-12-04T21:00:00|2025-12-04T22:00:00,0,,,,,,,,,,,
SAN_BORJA,DIR_VIENTO,2025-12-07 20:00:00,2025-12-07 20:00:00,1,1,short_vector_linear,True,,1,2025-12-07T20:00:00,0,,,,,,,,,,,
SAN_BORJA,VEL_VIENTO,2025-12-07 20:00:00,2025-12-07 20:00:00,1,1,short_vector_linear,True,,1,2025-12-07T20:00:00,0,,,,,,,,,,,
SAN_BORJA,DIR_VIENTO,2025-12-08 00:00:00,2025-12-08 02:00:00,3,3,short_vector_linear,True,,3,2025-12-08T00:00:00|2025-12-08T01:00:00|2025-12-08T02:00:00,0,,,,,,,,,,,
SAN_BORJA,VEL_VIENTO,2025-12-08 00:00:00,2025-12-08 02:00:00,3,3,short_vector_linear,True,,3,2025-12-08T00:00:00|2025-12-08T01:00:00|2025-12-08T02:00:00,0,,,,,,,,,,,
SAN_BORJA,DIR_VIENTO,2025-12-09 03:00:00,2025-12-09 03:00:00,1,1,short_vector_linear,True,,1,2025-12-09T03:00:00,0,,,,,,,,,,,
SAN_BORJA,VEL_VIENTO,2025-12-09 03:00:00,2025-12-09 03:00:00,1,1,short_vector_linear,True,,1,2025-12-09T03:00:00,0,,,,,,,,,,,
SAN_BORJA,DIR_VIENTO,2025-12-09 08:00:00,2025-12-09 08:00:00,1,1,short_vector_linear,True,,1,2025-12-09T08:00:00,0,,,,,,,,,,,
SAN_BORJA,VEL_VIENTO,2025-12-09 08:00:00,2025-12-09 08:00:00,1,1,short_vector_linear,True,,1,2025-12-09T08:00:00,0,,,,,,,,,,,
SAN_BORJA,DIR_VIENTO,2025-12-10 19:00:00,2025-12-10 19:00:00,1,1,short_vector_linear,True,,1,2025-12-10T19:00:00,0,,,,,,,,,,,
SAN_BORJA,VEL_VIENTO,2025-12-10 19:00:00,2025-12-10 19:00:00,1,1,short_vector_linear,True,,1,2025-12-10T19:00:00,0,,,,,,,,,,,
SAN_BORJA,DIR_VIENTO,2025-12-11 08:00:00,2025-12-11 08:00:00,1,1,short_vector_linear,True,,1,2025-12-11T08:00:00,0,,,,,,,,,,,
SAN_BORJA,VEL_VIENTO,2025-12-11 08:00:00,2025-12-11 08:00:00,1,1,short_vector_linear,True,,1,2025-12-11T08:00:00,0,,,,,,,,,,,
SAN_BORJA,DIR_VIENTO,2025-12-12 05:00:00,2025-12-12 05:00:00,1,1,short_vector_linear,True,,1,2025-12-12T05:00:00,0,,,,,,,,,,,
SAN_BORJA,VEL_VIENTO,2025-12-12 05:00:00,2025-12-12 05:00:00,1,1,short_vector_linear,True,,1,2025-12-12T05:00:00,0,,,,,,,,,,,
SAN_BORJA,DIR_VIENTO,2025-12-12 17:00:00,2025-12-12 17:00:00,1,1,short_vector_linear,True,,1,2025-12-12T17:00:00,0,,,,,,,,,,,
SAN_BORJA,VEL_VIENTO,2025-12-12 17:00:00,2025-12-12 17:00:00,1,1,short_vector_linear,True,,1,2025-12-12T17:00:00,0,,,,,,,,,,,
SAN_BORJA,DIR_VIENTO,2025-12-12 23:00:00,2025-12-12 23:00:00,1,1,short_vector_linear,True,,1,2025-12-12T23:00:00,0,,,,,,,,,,,
SAN_BORJA,VEL_VIENTO,2025-12-12 23:00:00,2025-12-12 23:00:00,1,1,short_vector_linear,True,,1,2025-12-12T23:00:00,0,,,,,,,,,,,
SAN_BORJA,DIR_VIENTO,2025-12-13 07:00:00,2025-12-13 08:00:00,2,2,short_vector_linear,True,,2,2025-12-13T07:00:00|2025-12-13T08:00:00,0,,,,,,,,,,,
SAN_BORJA,VEL_VIENTO,2025-12-13 07:00:00,2025-12-13 08:00:00,2,2,short_vector_linear,True,,2,2025-12-13T07:00:00|2025-12-13T08:00:00,0,,,,,,,,,,,
SAN_BORJA,DIR_VIENTO,2025-12-14 00:00:00,2025-12-14 00:00:00,1,1,short_vector_linear,True,,1,2025-12-14T00:00:00,0,,,,,,,,,,,
SAN_BORJA,VEL_VIENTO,2025-12-14 00:00:00,2025-12-14 00:00:00,1,1,short_vector_linear,True,,1,2025-12-14T00:00:00,0,,,,,,,,,,,
SAN_BORJA,DIR_VIENTO,2025-12-14 07:00:00,2025-12-14 07:00:00,1,1,short_vector_linear,True,,1,2025-12-14T07:00:00,0,,,,,,,,,,,
SAN_BORJA,VEL_VIENTO,2025-12-14 07:00:00,2025-12-14 07:00:00,1,1,short_vector_linear,True,,1,2025-12-14T07:00:00,0,,,,,,,,,,,
SAN_BORJA,DIR_VIENTO,2025-12-14 11:00:00,2025-12-14 12:00:00,2,2,short_vector_linear,True,,2,2025-12-14T11:00:00|2025-12-14T12:00:00,0,,,,,,,,,,,
SAN_BORJA,VEL_VIENTO,2025-12-14 11:00:00,2025-12-14 12:00:00,2,2,short_vector_linear,True,,2,2025-12-14T11:00:00|2025-12-14T12:00:00,0,,,,,,,,,,,
SAN_BORJA,DIR_VIENTO,2025-12-14 22:00:00,2025-12-14 22:00:00,1,1,short_vector_linear,True,,1,2025-12-14T22:00:00,0,,,,,,,,,,,
SAN_BORJA,VEL_VIENTO,2025-12-14 22:00:00,2025-12-14 22:00:00,1,1,short_vector_linear,True,,1,2025-12-14T22:00:00,0,,,,,,,,,,,
SAN_BORJA,DIR_VIENTO,2025-12-15 09:00:00,2025-12-15 09:00:00,1,1,short_vector_linear,True,,1,2025-12-15T09:00:00,0,,,,,,,,,,,
SAN_BORJA,VEL_VIENTO,2025-12-15 09:00:00,2025-12-15 09:00:00,1,1,short_vector_linear,True,,1,2025-12-15T09:00:00,0,,,,,,,,,,,
SAN_BORJA,DIR_VIENTO,2025-12-16 13:00:00,2025-12-16 13:00:00,1,1,short_vector_linear,True,,1,2025-12-16T13:00:00,0,,,,,,,,,,,
SAN_BORJA,VEL_VIENTO,2025-12-16 13:00:00,2025-12-16 13:00:00,1,1,short_vector_linear,True,,1,2025-12-16T13:00:00,0,,,,,,,,,,,
SAN_BORJA,DIR_VIENTO,2025-12-17 06:00:00,2025-12-17 06:00:00,1,1,short_vector_linear,True,,1,2025-12-17T06:00:00,0,,,,,,,,,,,
SAN_BORJA,VEL_VIENTO,2025-12-17 06:00:00,2025-12-17 06:00:00,1,1,short_vector_linear,True,,1,2025-12-17T06:00:00,0,,,,,,,,,,,
SAN_BORJA,DIR_VIENTO,2025-12-17 08:00:00,2025-12-17 12:00:00,5,5,weekly_vector_seasonal,True,,5,2025-12-17T08:00:00|2025-12-17T09:00:00|2025-12-17T10:00:00|2025-12-17T11:00:00|2025-12-17T12:00:00,0,,,,,,,,,,4.0,
SAN_BORJA,VEL_VIENTO,2025-12-17 08:00:00,2025-12-17 12:00:00,5,5,weekly_vector_seasonal,True,,5,2025-12-17T08:00:00|2025-12-17T09:00:00|2025-12-17T10:00:00|2025-12-17T11:00:00|2025-12-17T12:00:00,0,,,,,,,,,,4.0,
SAN_BORJA,DIR_VIENTO,2025-12-17 22:00:00,2025-12-17 23:00:00,2,2,short_vector_linear,True,,2,2025-12-17T22:00:00|2025-12-17T23:00:00,0,,,,,,,,,,,
SAN_BORJA,VEL_VIENTO,2025-12-17 22:00:00,2025-12-17 23:00:00,2,2,short_vector_linear,True,,2,2025-12-17T22:00:00|2025-12-17T23:00:00,0,,,,,,,,,,,
SAN_BORJA,DIR_VIENTO,2025-12-18 12:00:00,2025-12-18 12:00:00,1,1,short_vector_linear,True,,1,2025-12-18T12:00:00,0,,,,,,,,,,,
SAN_BORJA,VEL_VIENTO,2025-12-18 12:00:00,2025-12-18 12:00:00,1,1,short_vector_linear,True,,1,2025-12-18T12:00:00,0,,,,,,,,,,,
SAN_BORJA,DIR_VIENTO,2025-12-20 10:00:00,2025-12-20 10:00:00,1,1,short_vector_linear,True,,1,2025-12-20T10:00:00,0,,,,,,,,,,,
SAN_BORJA,VEL_VIENTO,2025-12-20 10:00:00,2025-12-20 10:00:00,1,1,short_vector_linear,True,,1,2025-12-20T10:00:00,0,,,,,,,,,,,
SAN_BORJA,DIR_VIENTO,2025-12-21 14:00:00,2025-12-21 14:00:00,1,1,short_vector_linear,True,,1,2025-12-21T14:00:00,0,,,,,,,,,,,
SAN_BORJA,VEL_VIENTO,2025-12-21 14:00:00,2025-12-21 14:00:00,1,1,short_vector_linear,True,,1,2025-12-21T14:00:00,0,,,,,,,,,,,
SAN_BORJA,DIR_VIENTO,2025-12-29 12:00:00,2025-12-29 12:00:00,1,1,short_vector_linear,True,,1,2025-12-29T12:00:00,0,,,,,,,,,,,
SAN_BORJA,VEL_VIENTO,2025-12-29 12:00:00,2025-12-29 12:00:00,1,1,short_vector_linear,True,,1,2025-12-29T12:00:00,0,,,,,,,,,,,
SAN_BORJA,DIR_VIENTO,2026-01-03 14:00:00,2026-01-03 14:00:00,1,1,short_vector_linear,True,,1,2026-01-03T14:00:00,0,,,,,,,,,,,
SAN_BORJA,VEL_VIENTO,2026-01-03 14:00:00,2026-01-03 14:00:00,1,1,short_vector_linear,True,,1,2026-01-03T14:00:00,0,,,,,,,,,,,
SAN_BORJA,DIR_VIENTO,2026-01-03 16:00:00,2026-01-03 16:00:00,1,1,short_vector_linear,True,,1,2026-01-03T16:00:00,0,,,,,,,,,,,
SAN_BORJA,VEL_VIENTO,2026-01-03 16:00:00,2026-01-03 16:00:00,1,1,short_vector_linear,True,,1,2026-01-03T16:00:00,0,,,,,,,,,,,
SAN_BORJA,DIR_VIENTO,2026-01-04 13:00:00,2026-01-04 13:00:00,1,1,short_vector_linear,True,,1,2026-01-04T13:00:00,0,,,,,,,,,,,
SAN_BORJA,VEL_VIENTO,2026-01-04 13:00:00,2026-01-04 13:00:00,1,1,short_vector_linear,True,,1,2026-01-04T13:00:00,0,,,,,,,,,,,
SAN_BORJA,DIR_VIENTO,2026-01-04 16:00:00,2026-01-04 16:00:00,1,1,short_vector_linear,True,,1,2026-01-04T16:00:00,0,,,,,,,,,,,
SAN_BORJA,VEL_VIENTO,2026-01-04 16:00:00,2026-01-04 16:00:00,1,1,short_vector_linear,True,,1,2026-01-04T16:00:00,0,,,,,,,,,,,
SAN_BORJA,DIR_VIENTO,2026-01-04 19:00:00,2026-01-04 19:00:00,1,1,short_vector_linear,True,,1,2026-01-04T19:00:00,0,,,,,,,,,,,
SAN_BORJA,VEL_VIENTO,2026-01-04 19:00:00,2026-01-04 19:00:00,1,1,short_vector_linear,True,,1,2026-01-04T19:00:00,0,,,,,,,,,,,
SAN_BORJA,DIR_VIENTO,2026-01-04 21:00:00,2026-01-04 23:00:00,3,3,short_vector_linear,True,,3,2026-01-04T21:00:00|2026-01-04T22:00:00|2026-01-04T23:00:00,0,,,,,,,,,,,
SAN_BORJA,VEL_VIENTO,2026-01-04 21:00:00,2026-01-04 23:00:00,3,3,short_vector_linear,True,,3,2026-01-04T21:00:00|2026-01-04T22:00:00|2026-01-04T23:00:00,0,,,,,,,,,,,
SAN_BORJA,DIR_VIENTO,2026-01-05 21:00:00,2026-01-05 21:00:00,1,1,short_vector_linear,True,,1,2026-01-05T21:00:00,0,,,,,,,,,,,
SAN_BORJA,VEL_VIENTO,2026-01-05 21:00:00,2026-01-05 21:00:00,1,1,short_vector_linear,True,,1,2026-01-05T21:00:00,0,,,,,,,,,,,
SAN_BORJA,DIR_VIENTO,2026-01-06 01:00:00,2026-01-06 02:00:00,2,2,short_vector_linear,True,,2,2026-01-06T01:00:00|2026-01-06T02:00:00,0,,,,,,,,,,,
SAN_BORJA,VEL_VIENTO,2026-01-06 01:00:00,2026-01-06 02:00:00,2,2,short_vector_linear,True,,2,2026-01-06T01:00:00|2026-01-06T02:00:00,0,,,,,,,,,,,
SAN_BORJA,DIR_VIENTO,2026-01-06 07:00:00,2026-01-06 08:00:00,2,2,short_vector_linear,True,,2,2026-01-06T07:00:00|2026-01-06T08:00:00,0,,,,,,,,,,,
SAN_BORJA,VEL_VIENTO,2026-01-06 07:00:00,2026-01-06 08:00:00,2,2,short_vector_linear,True,,2,2026-01-06T07:00:00|2026-01-06T08:00:00,0,,,,,,,,,,,
SAN_BORJA,DIR_VIENTO,2026-01-06 11:00:00,2026-01-06 11:00:00,1,1,short_vector_linear,True,,1,2026-01-06T11:00:00,0,,,,,,,,,,,
SAN_BORJA,VEL_VIENTO,2026-01-06 11:00:00,2026-01-06 11:00:00,1,1,short_vector_linear,True,,1,2026-01-06T11:00:00,0,,,,,,,,,,,
SAN_BORJA,DIR_VIENTO,2026-01-06 22:00:00,2026-01-06 23:00:00,2,2,short_vector_linear,True,,2,2026-01-06T22:00:00|2026-01-06T23:00:00,0,,,,,,,,,,,
SAN_BORJA,VEL_VIENTO,2026-01-06 22:00:00,2026-01-06 23:00:00,2,2,short_vector_linear,True,,2,2026-01-06T22:00:00|2026-01-06T23:00:00,0,,,,,,,,,,,
SAN_BORJA,DIR_VIENTO,2026-01-07 18:00:00,2026-01-07 18:00:00,1,1,short_vector_linear,True,,1,2026-01-07T18:00:00,0,,,,,,,,,,,
SAN_BORJA,VEL_VIENTO,2026-01-07 18:00:00,2026-01-07 18:00:00,1,1,short_vector_linear,True,,1,2026-01-07T18:00:00,0,,,,,,,,,,,
SAN_BORJA,DIR_VIENTO,2026-01-09 05:00:00,2026-01-09 05:00:00,1,1,short_vector_linear,True,,1,2026-01-09T05:00:00,0,,,,,,,,,,,
SAN_BORJA,VEL_VIENTO,2026-01-09 05:00:00,2026-01-09 05:00:00,1,1,short_vector_linear,True,,1,2026-01-09T05:00:00,0,,,,,,,,,,,
SAN_BORJA,DIR_VIENTO,2026-01-09 13:00:00,2026-01-09 13:00:00,1,1,short_vector_linear,True,,1,2026-01-09T13:00:00,0,,,,,,,,,,,
SAN_BORJA,VEL_VIENTO,2026-01-09 13:00:00,2026-01-09 13:00:00,1,1,short_vector_linear,True,,1,2026-01-09T13:00:00,0,,,,,,,,,,,
SAN_BORJA,DIR_VIENTO,2026-01-10 03:00:00,2026-01-10 03:00:00,1,1,short_vector_linear,True,,1,2026-01-10T03:00:00,0,,,,,,,,,,,
SAN_BORJA,VEL_VIENTO,2026-01-10 03:00:00,2026-01-10 03:00:00,1,1,short_vector_linear,True,,1,2026-01-10T03:00:00,0,,,,,,,,,,,
SAN_BORJA,DIR_VIENTO,2026-01-10 11:00:00,2026-01-10 11:00:00,1,1,short_vector_linear,True,,1,2026-01-10T11:00:00,0,,,,,,,,,,,
SAN_BORJA,VEL_VIENTO,2026-01-10 11:00:00,2026-01-10 11:00:00,1,1,short_vector_linear,True,,1,2026-01-10T11:00:00,0,,,,,,,,,,,
SAN_BORJA,DIR_VIENTO,2026-01-10 16:00:00,2026-01-10 16:00:00,1,1,short_vector_linear,True,,1,2026-01-10T16:00:00,0,,,,,,,,,,,
SAN_BORJA,VEL_VIENTO,2026-01-10 16:00:00,2026-01-10 16:00:00,1,1,short_vector_linear,True,,1,2026-01-10T16:00:00,0,,,,,,,,,,,
SAN_BORJA,DIR_VIENTO,2026-01-10 21:00:00,2026-01-10 21:00:00,1,1,short_vector_linear,True,,1,2026-01-10T21:00:00,0,,,,,,,,,,,
SAN_BORJA,VEL_VIENTO,2026-01-10 21:00:00,2026-01-10 21:00:00,1,1,short_vector_linear,True,,1,2026-01-10T21:00:00,0,,,,,,,,,,,
SAN_BORJA,DIR_VIENTO,2026-01-12 12:00:00,2026-01-12 12:00:00,1,1,short_vector_linear,True,,1,2026-01-12T12:00:00,0,,,,,,,,,,,
SAN_BORJA,VEL_VIENTO,2026-01-12 12:00:00,2026-01-12 12:00:00,1,1,short_vector_linear,True,,1,2026-01-12T12:00:00,0,,,,,,,,,,,
SAN_BORJA,DIR_VIENTO,2026-01-18 09:00:00,2026-01-18 09:00:00,1,1,short_vector_linear,True,,1,2026-01-18T09:00:00,0,,,,,,,,,,,
SAN_BORJA,VEL_VIENTO,2026-01-18 09:00:00,2026-01-18 09:00:00,1,1,short_vector_linear,True,,1,2026-01-18T09:00:00,0,,,,,,,,,,,
SAN_BORJA,DIR_VIENTO,2026-01-18 14:00:00,2026-01-18 14:00:00,1,1,short_vector_linear,True,,1,2026-01-18T14:00:00,0,,,,,,,,,,,
SAN_BORJA,VEL_VIENTO,2026-01-18 14:00:00,2026-01-18 14:00:00,1,1,short_vector_linear,True,,1,2026-01-18T14:00:00,0,,,,,,,,,,,
SAN_BORJA,DIR_VIENTO,2026-01-23 14:00:00,2026-01-23 14:00:00,1,1,short_vector_linear,True,,1,2026-01-23T14:00:00,0,,,,,,,,,,,
SAN_BORJA,VEL_VIENTO,2026-01-23 14:00:00,2026-01-23 14:00:00,1,1,short_vector_linear,True,,1,2026-01-23T14:00:00,0,,,,,,,,,,,
SAN_BORJA,DIR_VIENTO,2026-01-24 03:00:00,2026-01-24 03:00:00,1,1,short_vector_linear,True,,1,2026-01-24T03:00:00,0,,,,,,,,,,,
SAN_BORJA,VEL_VIENTO,2026-01-24 03:00:00,2026-01-24 03:00:00,1,1,short_vector_linear,True,,1,2026-01-24T03:00:00,0,,,,,,,,,,,
SAN_BORJA,DIR_VIENTO,2026-01-26 03:00:00,2026-01-26 03:00:00,1,1,short_vector_linear,True,,1,2026-01-26T03:00:00,0,,,,,,,,,,,
SAN_BORJA,VEL_VIENTO,2026-01-26 03:00:00,2026-01-26 03:00:00,1,1,short_vector_linear,True,,1,2026-01-26T03:00:00,0,,,,,,,,,,,
SAN_BORJA,DIR_VIENTO,2026-02-15 01:00:00,2026-02-15 01:00:00,1,1,short_vector_linear,True,,1,2026-02-15T01:00:00,0,,,,,,,,,,,
SAN_BORJA,VEL_VIENTO,2026-02-15 01:00:00,2026-02-15 01:00:00,1,1,short_vector_linear,True,,1,2026-02-15T01:00:00,0,,,,,,,,,,,
SAN_BORJA,DIR_VIENTO,2026-02-15 04:00:00,2026-02-15 04:00:00,1,1,short_vector_linear,True,,1,2026-02-15T04:00:00,0,,,,,,,,,,,
SAN_BORJA,VEL_VIENTO,2026-02-15 04:00:00,2026-02-15 04:00:00,1,1,short_vector_linear,True,,1,2026-02-15T04:00:00,0,,,,,,,,,,,
SAN_BORJA,DIR_VIENTO,2026-02-15 07:00:00,2026-02-15 07:00:00,1,1,short_vector_linear,True,,1,2026-02-15T07:00:00,0,,,,,,,,,,,
SAN_BORJA,VEL_VIENTO,2026-02-15 07:00:00,2026-02-15 07:00:00,1,1,short_vector_linear,True,,1,2026-02-15T07:00:00,0,,,,,,,,,,,
SAN_BORJA,DIR_VIENTO,2026-02-15 10:00:00,2026-02-15 10:00:00,1,1,short_vector_linear,True,,1,2026-02-15T10:00:00,0,,,,,,,,,,,
SAN_BORJA,VEL_VIENTO,2026-02-15 10:00:00,2026-02-15 10:00:00,1,1,short_vector_linear,True,,1,2026-02-15T10:00:00,0,,,,,,,,,,,
SAN_BORJA,DIR_VIENTO,2026-02-15 20:00:00,2026-02-16 00:00:00,5,5,weekly_vector_seasonal,True,,5,2026-02-15T20:00:00|2026-02-15T21:00:00|2026-02-15T22:00:00|2026-02-15T23:00:00|2026-02-16T00:00:00,0,,,,,,,,,,4.0,
SAN_BORJA,VEL_VIENTO,2026-02-15 20:00:00,2026-02-16 00:00:00,5,5,weekly_vector_seasonal,True,,5,2026-02-15T20:00:00|2026-02-15T21:00:00|2026-02-15T22:00:00|2026-02-15T23:00:00|2026-02-16T00:00:00,0,,,,,,,,,,4.0,
SAN_BORJA,DIR_VIENTO,2026-02-16 02:00:00,2026-02-16 02:00:00,1,1,short_vector_linear,True,,1,2026-02-16T02:00:00,0,,,,,,,,,,,
SAN_BORJA,VEL_VIENTO,2026-02-16 02:00:00,2026-02-16 02:00:00,1,1,short_vector_linear,True,,1,2026-02-16T02:00:00,0,,,,,,,,,,,
SAN_BORJA,DIR_VIENTO,2026-02-16 06:00:00,2026-02-16 06:00:00,1,1,short_vector_linear,True,,1,2026-02-16T06:00:00,0,,,,,,,,,,,
SAN_BORJA,VEL_VIENTO,2026-02-16 06:00:00,2026-02-16 06:00:00,1,1,short_vector_linear,True,,1,2026-02-16T06:00:00,0,,,,,,,,,,,
SAN_BORJA,DIR_VIENTO,2026-02-16 08:00:00,2026-02-16 08:00:00,1,1,short_vector_linear,True,,1,2026-02-16T08:00:00,0,,,,,,,,,,,
SAN_BORJA,VEL_VIENTO,2026-02-16 08:00:00,2026-02-16 08:00:00,1,1,short_vector_linear,True,,1,2026-02-16T08:00:00,0,,,,,,,,,,,
SAN_BORJA,DIR_VIENTO,2026-02-16 10:00:00,2026-02-16 10:00:00,1,1,short_vector_linear,True,,1,2026-02-16T10:00:00,0,,,,,,,,,,,
SAN_BORJA,VEL_VIENTO,2026-02-16 10:00:00,2026-02-16 10:00:00,1,1,short_vector_linear,True,,1,2026-02-16T10:00:00,0,,,,,,,,,,,
SAN_BORJA,DIR_VIENTO,2026-02-16 17:00:00,2026-02-16 17:00:00,1,1,short_vector_linear,True,,1,2026-02-16T17:00:00,0,,,,,,,,,,,
SAN_BORJA,VEL_VIENTO,2026-02-16 17:00:00,2026-02-16 17:00:00,1,1,short_vector_linear,True,,1,2026-02-16T17:00:00,0,,,,,,,,,,,
SAN_BORJA,DIR_VIENTO,2026-02-17 00:00:00,2026-02-17 02:00:00,3,3,short_vector_linear,True,,3,2026-02-17T00:00:00|2026-02-17T01:00:00|2026-02-17T02:00:00,0,,,,,,,,,,,
SAN_BORJA,VEL_VIENTO,2026-02-17 00:00:00,2026-02-17 02:00:00,3,3,short_vector_linear,True,,3,2026-02-17T00:00:00|2026-02-17T01:00:00|2026-02-17T02:00:00,0,,,,,,,,,,,
SAN_BORJA,DIR_VIENTO,2026-02-21 15:00:00,2026-02-21 16:00:00,2,2,short_vector_linear,True,,2,2026-02-21T15:00:00|2026-02-21T16:00:00,0,,,,,,,,,,,
SAN_BORJA,VEL_VIENTO,2026-02-21 15:00:00,2026-02-21 16:00:00,2,2,short_vector_linear,True,,2,2026-02-21T15:00:00|2026-02-21T16:00:00,0,,,,,,,,,,,
SAN_BORJA,DIR_VIENTO,2026-02-24 16:00:00,2026-02-24 16:00:00,1,1,short_vector_linear,True,,1,2026-02-24T16:00:00,0,,,,,,,,,,,
SAN_BORJA,VEL_VIENTO,2026-02-24 16:00:00,2026-02-24 16:00:00,1,1,short_vector_linear,True,,1,2026-02-24T16:00:00,0,,,,,,,,,,,
SAN_BORJA,DIR_VIENTO,2026-03-06 12:00:00,2026-03-06 12:00:00,1,1,short_vector_linear,True,,1,2026-03-06T12:00:00,0,,,,,,,,,,,
SAN_BORJA,VEL_VIENTO,2026-03-06 12:00:00,2026-03-06 12:00:00,1,1,short_vector_linear,True,,1,2026-03-06T12:00:00,0,,,,,,,,,,,
SAN_BORJA,DIR_VIENTO,2026-03-06 21:00:00,2026-03-07 02:00:00,6,6,weekly_vector_seasonal,True,,6,2026-03-06T21:00:00|2026-03-06T22:00:00|2026-03-06T23:00:00|2026-03-07T00:00:00|2026-03-07T01:00:00|2026-03-07T02:00:00,0,,,,,,,,,,4.0,
SAN_BORJA,VEL_VIENTO,2026-03-06 21:00:00,2026-03-07 02:00:00,6,6,weekly_vector_seasonal,True,,6,2026-03-06T21:00:00|2026-03-06T22:00:00|2026-03-06T23:00:00|2026-03-07T00:00:00|2026-03-07T01:00:00|2026-03-07T02:00:00,0,,,,,,,,,,4.0,
SAN_BORJA,DIR_VIENTO,2026-03-07 05:00:00,2026-03-07 05:00:00,1,1,short_vector_linear,True,,1,2026-03-07T05:00:00,0,,,,,,,,,,,
SAN_BORJA,VEL_VIENTO,2026-03-07 05:00:00,2026-03-07 05:00:00,1,1,short_vector_linear,True,,1,2026-03-07T05:00:00,0,,,,,,,,,,,
SAN_BORJA,DIR_VIENTO,2026-03-07 09:00:00,2026-03-07 09:00:00,1,1,short_vector_linear,True,,1,2026-03-07T09:00:00,0,,,,,,,,,,,
SAN_BORJA,VEL_VIENTO,2026-03-07 09:00:00,2026-03-07 09:00:00,1,1,short_vector_linear,True,,1,2026-03-07T09:00:00,0,,,,,,,,,,,
SAN_BORJA,DIR_VIENTO,2026-03-07 23:00:00,2026-03-07 23:00:00,1,1,short_vector_linear,True,,1,2026-03-07T23:00:00,0,,,,,,,,,,,
SAN_BORJA,VEL_VIENTO,2026-03-07 23:00:00,2026-03-07 23:00:00,1,1,short_vector_linear,True,,1,2026-03-07T23:00:00,0,,,,,,,,,,,
SAN_BORJA,DIR_VIENTO,2026-03-08 03:00:00,2026-03-08 03:00:00,1,1,short_vector_linear,True,,1,2026-03-08T03:00:00,0,,,,,,,,,,,
SAN_BORJA,VEL_VIENTO,2026-03-08 03:00:00,2026-03-08 03:00:00,1,1,short_vector_linear,True,,1,2026-03-08T03:00:00,0,,,,,,,,,,,
SAN_BORJA,DIR_VIENTO,2026-03-08 08:00:00,2026-03-08 09:00:00,2,2,short_vector_linear,True,,2,2026-03-08T08:00:00|2026-03-08T09:00:00,0,,,,,,,,,,,
SAN_BORJA,VEL_VIENTO,2026-03-08 08:00:00,2026-03-08 09:00:00,2,2,short_vector_linear,True,,2,2026-03-08T08:00:00|2026-03-08T09:00:00,0,,,,,,,,,,,
SAN_BORJA,DIR_VIENTO,2026-03-16 11:00:00,2026-03-16 11:00:00,1,1,short_vector_linear,True,,1,2026-03-16T11:00:00,0,,,,,,,,,,,
SAN_BORJA,VEL_VIENTO,2026-03-16 11:00:00,2026-03-16 11:00:00,1,1,short_vector_linear,True,,1,2026-03-16T11:00:00,0,,,,,,,,,,,
SAN_BORJA,DIR_VIENTO,2026-05-20 03:00:00,2026-05-20 05:00:00,3,3,short_vector_linear,True,,3,2026-05-20T03:00:00|2026-05-20T04:00:00|2026-05-20T05:00:00,0,,,,,,,,,,,
SAN_BORJA,VEL_VIENTO,2026-05-20 03:00:00,2026-05-20 05:00:00,3,3,short_vector_linear,True,,3,2026-05-20T03:00:00|2026-05-20T04:00:00|2026-05-20T05:00:00,0,,,,,,,,,,,
SAN_BORJA,DIR_VIENTO,2026-05-20 08:00:00,2026-05-20 08:00:00,1,1,short_vector_linear,True,,1,2026-05-20T08:00:00,0,,,,,,,,,,,
SAN_BORJA,VEL_VIENTO,2026-05-20 08:00:00,2026-05-20 08:00:00,1,1,short_vector_linear,True,,1,2026-05-20T08:00:00,0,,,,,,,,,,,
SAN_BORJA,DIR_VIENTO,2026-05-21 03:00:00,2026-05-21 03:00:00,1,1,short_vector_linear,True,,1,2026-05-21T03:00:00,0,,,,,,,,,,,
SAN_BORJA,VEL_VIENTO,2026-05-21 03:00:00,2026-05-21 03:00:00,1,1,short_vector_linear,True,,1,2026-05-21T03:00:00,0,,,,,,,,,,,
SAN_BORJA,DIR_VIENTO,2026-05-21 05:00:00,2026-05-21 07:00:00,3,3,short_vector_linear,True,,3,2026-05-21T05:00:00|2026-05-21T06:00:00|2026-05-21T07:00:00,0,,,,,,,,,,,
SAN_BORJA,VEL_VIENTO,2026-05-21 05:00:00,2026-05-21 07:00:00,3,3,short_vector_linear,True,,3,2026-05-21T05:00:00|2026-05-21T06:00:00|2026-05-21T07:00:00,0,,,,,,,,,,,
SAN_BORJA,DIR_VIENTO,2026-05-22 02:00:00,2026-05-22 02:00:00,1,1,short_vector_linear,True,,1,2026-05-22T02:00:00,0,,,,,,,,,,,
SAN_BORJA,VEL_VIENTO,2026-05-22 02:00:00,2026-05-22 02:00:00,1,1,short_vector_linear,True,,1,2026-05-22T02:00:00,0,,,,,,,,,,,
SAN_BORJA,DIR_VIENTO,2026-05-22 05:00:00,2026-05-22 06:00:00,2,2,short_vector_linear,True,,2,2026-05-22T05:00:00|2026-05-22T06:00:00,0,,,,,,,,,,,
SAN_BORJA,VEL_VIENTO,2026-05-22 05:00:00,2026-05-22 06:00:00,2,2,short_vector_linear,True,,2,2026-05-22T05:00:00|2026-05-22T06:00:00,0,,,,,,,,,,,
SAN_BORJA,DIR_VIENTO,2026-05-22 09:00:00,2026-05-22 09:00:00,1,1,short_vector_linear,True,,1,2026-05-22T09:00:00,0,,,,,,,,,,,
SAN_BORJA,VEL_VIENTO,2026-05-22 09:00:00,2026-05-22 09:00:00,1,1,short_vector_linear,True,,1,2026-05-22T09:00:00,0,,,,,,,,,,,
SAN_BORJA,DIR_VIENTO,2026-05-22 11:00:00,2026-05-22 11:00:00,1,1,short_vector_linear,True,,1,2026-05-22T11:00:00,0,,,,,,,,,,,
SAN_BORJA,VEL_VIENTO,2026-05-22 11:00:00,2026-05-22 11:00:00,1,1,short_vector_linear,True,,1,2026-05-22T11:00:00,0,,,,,,,,,,,
SAN_BORJA,DIR_VIENTO,2026-05-22 18:00:00,2026-05-22 18:00:00,1,1,short_vector_linear,True,,1,2026-05-22T18:00:00,0,,,,,,,,,,,
SAN_BORJA,VEL_VIENTO,2026-05-22 18:00:00,2026-05-22 18:00:00,1,1,short_vector_linear,True,,1,2026-05-22T18:00:00,0,,,,,,,,,,,
SAN_BORJA,DIR_VIENTO,2026-05-22 22:00:00,2026-05-22 23:00:00,2,2,short_vector_linear,True,,2,2026-05-22T22:00:00|2026-05-22T23:00:00,0,,,,,,,,,,,
SAN_BORJA,VEL_VIENTO,2026-05-22 22:00:00,2026-05-22 23:00:00,2,2,short_vector_linear,True,,2,2026-05-22T22:00:00|2026-05-22T23:00:00,0,,,,,,,,,,,
SAN_BORJA,DIR_VIENTO,2026-05-23 09:00:00,2026-05-23 09:00:00,1,1,short_vector_linear,True,,1,2026-05-23T09:00:00,0,,,,,,,,,,,
SAN_BORJA,VEL_VIENTO,2026-05-23 09:00:00,2026-05-23 09:00:00,1,1,short_vector_linear,True,,1,2026-05-23T09:00:00,0,,,,,,,,,,,
SAN_BORJA,DIR_VIENTO,2026-05-24 09:00:00,2026-05-24 10:00:00,2,2,short_vector_linear,True,,2,2026-05-24T09:00:00|2026-05-24T10:00:00,0,,,,,,,,,,,
SAN_BORJA,VEL_VIENTO,2026-05-24 09:00:00,2026-05-24 10:00:00,2,2,short_vector_linear,True,,2,2026-05-24T09:00:00|2026-05-24T10:00:00,0,,,,,,,,,,,
SAN_BORJA,DIR_VIENTO,2026-05-24 14:00:00,2026-05-24 14:00:00,1,1,short_vector_linear,True,,1,2026-05-24T14:00:00,0,,,,,,,,,,,
SAN_BORJA,VEL_VIENTO,2026-05-24 14:00:00,2026-05-24 14:00:00,1,1,short_vector_linear,True,,1,2026-05-24T14:00:00,0,,,,,,,,,,,
SAN_BORJA,DIR_VIENTO,2026-05-25 06:00:00,2026-05-25 06:00:00,1,1,short_vector_linear,True,,1,2026-05-25T06:00:00,0,,,,,,,,,,,
SAN_BORJA,VEL_VIENTO,2026-05-25 06:00:00,2026-05-25 06:00:00,1,1,short_vector_linear,True,,1,2026-05-25T06:00:00,0,,,,,,,,,,,
SAN_BORJA,DIR_VIENTO,2026-05-25 17:00:00,2026-05-25 17:00:00,1,1,short_vector_linear,True,,1,2026-05-25T17:00:00,0,,,,,,,,,,,
SAN_BORJA,VEL_VIENTO,2026-05-25 17:00:00,2026-05-25 17:00:00,1,1,short_vector_linear,True,,1,2026-05-25T17:00:00,0,,,,,,,,,,,
SAN_BORJA,DIR_VIENTO,2026-05-26 05:00:00,2026-05-26 05:00:00,1,1,short_vector_linear,True,,1,2026-05-26T05:00:00,0,,,,,,,,,,,
SAN_BORJA,VEL_VIENTO,2026-05-26 05:00:00,2026-05-26 05:00:00,1,1,short_vector_linear,True,,1,2026-05-26T05:00:00,0,,,,,,,,,,,
SAN_BORJA,DIR_VIENTO,2026-05-26 18:00:00,2026-05-26 18:00:00,1,1,short_vector_linear,True,,1,2026-05-26T18:00:00,0,,,,,,,,,,,
SAN_BORJA,VEL_VIENTO,2026-05-26 18:00:00,2026-05-26 18:00:00,1,1,short_vector_linear,True,,1,2026-05-26T18:00:00,0,,,,,,,,,,,
SAN_BORJA,DIR_VIENTO,2026-05-26 20:00:00,2026-05-26 20:00:00,1,1,short_vector_linear,True,,1,2026-05-26T20:00:00,0,,,,,,,,,,,
SAN_BORJA,VEL_VIENTO,2026-05-26 20:00:00,2026-05-26 20:00:00,1,1,short_vector_linear,True,,1,2026-05-26T20:00:00,0,,,,,,,,,,,
SAN_BORJA,DIR_VIENTO,2026-05-27 02:00:00,2026-05-27 05:00:00,4,4,short_vector_linear,True,,4,2026-05-27T02:00:00|2026-05-27T03:00:00|2026-05-27T04:00:00|2026-05-27T05:00:00,0,,,,,,,,,,,
SAN_BORJA,VEL_VIENTO,2026-05-27 02:00:00,2026-05-27 05:00:00,4,4,short_vector_linear,True,,4,2026-05-27T02:00:00|2026-05-27T03:00:00|2026-05-27T04:00:00|2026-05-27T05:00:00,0,,,,,,,,,,,
SAN_BORJA,DIR_VIENTO,2026-05-27 08:00:00,2026-05-27 08:00:00,1,1,short_vector_linear,True,,1,2026-05-27T08:00:00,0,,,,,,,,,,,
SAN_BORJA,VEL_VIENTO,2026-05-27 08:00:00,2026-05-27 08:00:00,1,1,short_vector_linear,True,,1,2026-05-27T08:00:00,0,,,,,,,,,,,
SAN_BORJA,DIR_VIENTO,2026-05-27 10:00:00,2026-05-27 10:00:00,1,1,short_vector_linear,True,,1,2026-05-27T10:00:00,0,,,,,,,,,,,
SAN_BORJA,VEL_VIENTO,2026-05-27 10:00:00,2026-05-27 10:00:00,1,1,short_vector_linear,True,,1,2026-05-27T10:00:00,0,,,,,,,,,,,
SAN_BORJA,DIR_VIENTO,2026-05-27 12:00:00,2026-05-27 12:00:00,1,1,short_vector_linear,True,,1,2026-05-27T12:00:00,0,,,,,,,,,,,
SAN_BORJA,VEL_VIENTO,2026-05-27 12:00:00,2026-05-27 12:00:00,1,1,short_vector_linear,True,,1,2026-05-27T12:00:00,0,,,,,,,,,,,
SAN_BORJA,DIR_VIENTO,2026-05-27 18:00:00,2026-05-27 19:00:00,2,2,short_vector_linear,True,,2,2026-05-27T18:00:00|2026-05-27T19:00:00,0,,,,,,,,,,,
SAN_BORJA,VEL_VIENTO,2026-05-27 18:00:00,2026-05-27 19:00:00,2,2,short_vector_linear,True,,2,2026-05-27T18:00:00|2026-05-27T19:00:00,0,,,,,,,,,,,
SAN_BORJA,DIR_VIENTO,2026-05-27 22:00:00,2026-05-27 22:00:00,1,1,short_vector_linear,True,,1,2026-05-27T22:00:00,0,,,,,,,,,,,
SAN_BORJA,VEL_VIENTO,2026-05-27 22:00:00,2026-05-27 22:00:00,1,1,short_vector_linear,True,,1,2026-05-27T22:00:00,0,,,,,,,,,,,
SAN_BORJA,DIR_VIENTO,2026-05-28 00:00:00,2026-05-28 04:00:00,5,5,weekly_vector_seasonal,True,,5,2026-05-28T00:00:00|2026-05-28T01:00:00|2026-05-28T02:00:00|2026-05-28T03:00:00|2026-05-28T04:00:00,0,,,,,,,,,,3.0,
SAN_BORJA,VEL_VIENTO,2026-05-28 00:00:00,2026-05-28 04:00:00,5,5,weekly_vector_seasonal,True,,5,2026-05-28T00:00:00|2026-05-28T01:00:00|2026-05-28T02:00:00|2026-05-28T03:00:00|2026-05-28T04:00:00,0,,,,,,,,,,3.0,
SAN_BORJA,DIR_VIENTO,2026-05-28 06:00:00,2026-05-28 06:00:00,1,1,short_vector_linear,True,,1,2026-05-28T06:00:00,0,,,,,,,,,,,
SAN_BORJA,VEL_VIENTO,2026-05-28 06:00:00,2026-05-28 06:00:00,1,1,short_vector_linear,True,,1,2026-05-28T06:00:00,0,,,,,,,,,,,
SAN_BORJA,DIR_VIENTO,2026-05-28 09:00:00,2026-05-28 10:00:00,2,2,short_vector_linear,True,,2,2026-05-28T09:00:00|2026-05-28T10:00:00,0,,,,,,,,,,,
SAN_BORJA,VEL_VIENTO,2026-05-28 09:00:00,2026-05-28 10:00:00,2,2,short_vector_linear,True,,2,2026-05-28T09:00:00|2026-05-28T10:00:00,0,,,,,,,,,,,
SAN_BORJA,DIR_VIENTO,2026-05-29 03:00:00,2026-05-29 05:00:00,3,3,short_vector_linear,True,,3,2026-05-29T03:00:00|2026-05-29T04:00:00|2026-05-29T05:00:00,0,,,,,,,,,,,
SAN_BORJA,VEL_VIENTO,2026-05-29 03:00:00,2026-05-29 05:00:00,3,3,short_vector_linear,True,,3,2026-05-29T03:00:00|2026-05-29T04:00:00|2026-05-29T05:00:00,0,,,,,,,,,,,
SAN_BORJA,DIR_VIENTO,2026-05-29 08:00:00,2026-05-29 09:00:00,2,2,short_vector_linear,True,,2,2026-05-29T08:00:00|2026-05-29T09:00:00,0,,,,,,,,,,,
SAN_BORJA,VEL_VIENTO,2026-05-29 08:00:00,2026-05-29 09:00:00,2,2,short_vector_linear,True,,2,2026-05-29T08:00:00|2026-05-29T09:00:00,0,,,,,,,,,,,
SAN_BORJA,DIR_VIENTO,2026-05-29 16:00:00,2026-05-29 16:00:00,1,1,short_vector_linear,True,,1,2026-05-29T16:00:00,0,,,,,,,,,,,
SAN_BORJA,VEL_VIENTO,2026-05-29 16:00:00,2026-05-29 16:00:00,1,1,short_vector_linear,True,,1,2026-05-29T16:00:00,0,,,,,,,,,,,
SAN_BORJA,DIR_VIENTO,2026-05-29 19:00:00,2026-05-29 19:00:00,1,1,short_vector_linear,True,,1,2026-05-29T19:00:00,0,,,,,,,,,,,
SAN_BORJA,VEL_VIENTO,2026-05-29 19:00:00,2026-05-29 19:00:00,1,1,short_vector_linear,True,,1,2026-05-29T19:00:00,0,,,,,,,,,,,
SAN_BORJA,DIR_VIENTO,2026-05-29 21:00:00,2026-05-29 21:00:00,1,1,short_vector_linear,True,,1,2026-05-29T21:00:00,0,,,,,,,,,,,
SAN_BORJA,VEL_VIENTO,2026-05-29 21:00:00,2026-05-29 21:00:00,1,1,short_vector_linear,True,,1,2026-05-29T21:00:00,0,,,,,,,,,,,
SAN_BORJA,DIR_VIENTO,2026-05-29 23:00:00,2026-05-29 23:00:00,1,1,short_vector_linear,True,,1,2026-05-29T23:00:00,0,,,,,,,,,,,
SAN_BORJA,VEL_VIENTO,2026-05-29 23:00:00,2026-05-29 23:00:00,1,1,short_vector_linear,True,,1,2026-05-29T23:00:00,0,,,,,,,,,,,
SAN_BORJA,DIR_VIENTO,2026-05-30 01:00:00,2026-05-30 01:00:00,1,1,short_vector_linear,True,,1,2026-05-30T01:00:00,0,,,,,,,,,,,
SAN_BORJA,VEL_VIENTO,2026-05-30 01:00:00,2026-05-30 01:00:00,1,1,short_vector_linear,True,,1,2026-05-30T01:00:00,0,,,,,,,,,,,
SAN_BORJA,DIR_VIENTO,2026-05-30 03:00:00,2026-05-30 03:00:00,1,1,short_vector_linear,True,,1,2026-05-30T03:00:00,0,,,,,,,,,,,
SAN_BORJA,VEL_VIENTO,2026-05-30 03:00:00,2026-05-30 03:00:00,1,1,short_vector_linear,True,,1,2026-05-30T03:00:00,0,,,,,,,,,,,
SAN_BORJA,DIR_VIENTO,2026-05-31 04:00:00,2026-05-31 04:00:00,1,1,short_vector_linear,True,,1,2026-05-31T04:00:00,0,,,,,,,,,,,
SAN_BORJA,VEL_VIENTO,2026-05-31 04:00:00,2026-05-31 04:00:00,1,1,short_vector_linear,True,,1,2026-05-31T04:00:00,0,,,,,,,,,,,
SAN_BORJA,DIR_VIENTO,2026-05-31 08:00:00,2026-05-31 09:00:00,2,2,short_vector_linear,True,,2,2026-05-31T08:00:00|2026-05-31T09:00:00,0,,,,,,,,,,,
SAN_BORJA,VEL_VIENTO,2026-05-31 08:00:00,2026-05-31 09:00:00,2,2,short_vector_linear,True,,2,2026-05-31T08:00:00|2026-05-31T09:00:00,0,,,,,,,,,,,
SAN_BORJA,DIR_VIENTO,2026-05-31 16:00:00,2026-05-31 16:00:00,1,1,short_vector_linear,True,,1,2026-05-31T16:00:00,0,,,,,,,,,,,
SAN_BORJA,VEL_VIENTO,2026-05-31 16:00:00,2026-05-31 16:00:00,1,1,short_vector_linear,True,,1,2026-05-31T16:00:00,0,,,,,,,,,,,
SAN_BORJA,DIR_VIENTO,2026-06-01 01:00:00,2026-06-01 03:00:00,3,3,short_vector_linear,True,,3,2026-06-01T01:00:00|2026-06-01T02:00:00|2026-06-01T03:00:00,0,,,,,,,,,,,
SAN_BORJA,VEL_VIENTO,2026-06-01 01:00:00,2026-06-01 03:00:00,3,3,short_vector_linear,True,,3,2026-06-01T01:00:00|2026-06-01T02:00:00|2026-06-01T03:00:00,0,,,,,,,,,,,
SAN_BORJA,DIR_VIENTO,2026-06-01 17:00:00,2026-06-01 17:00:00,1,1,short_vector_linear,True,,1,2026-06-01T17:00:00,0,,,,,,,,,,,
SAN_BORJA,VEL_VIENTO,2026-06-01 17:00:00,2026-06-01 17:00:00,1,1,short_vector_linear,True,,1,2026-06-01T17:00:00,0,,,,,,,,,,,
SAN_BORJA,DIR_VIENTO,2026-06-01 23:00:00,2026-06-01 23:00:00,1,1,short_vector_linear,True,,1,2026-06-01T23:00:00,0,,,,,,,,,,,
SAN_BORJA,VEL_VIENTO,2026-06-01 23:00:00,2026-06-01 23:00:00,1,1,short_vector_linear,True,,1,2026-06-01T23:00:00,0,,,,,,,,,,,
SAN_BORJA,DIR_VIENTO,2026-06-02 09:00:00,2026-06-02 09:00:00,1,1,short_vector_linear,True,,1,2026-06-02T09:00:00,0,,,,,,,,,,,
SAN_BORJA,VEL_VIENTO,2026-06-02 09:00:00,2026-06-02 09:00:00,1,1,short_vector_linear,True,,1,2026-06-02T09:00:00,0,,,,,,,,,,,
SAN_BORJA,DIR_VIENTO,2026-06-02 20:00:00,2026-06-02 20:00:00,1,1,short_vector_linear,True,,1,2026-06-02T20:00:00,0,,,,,,,,,,,
SAN_BORJA,VEL_VIENTO,2026-06-02 20:00:00,2026-06-02 20:00:00,1,1,short_vector_linear,True,,1,2026-06-02T20:00:00,0,,,,,,,,,,,
SAN_BORJA,DIR_VIENTO,2026-06-03 00:00:00,2026-06-03 00:00:00,1,1,short_vector_linear,True,,1,2026-06-03T00:00:00,0,,,,,,,,,,,
SAN_BORJA,VEL_VIENTO,2026-06-03 00:00:00,2026-06-03 00:00:00,1,1,short_vector_linear,True,,1,2026-06-03T00:00:00,0,,,,,,,,,,,
SAN_BORJA,DIR_VIENTO,2026-06-03 05:00:00,2026-06-03 05:00:00,1,1,short_vector_linear,True,,1,2026-06-03T05:00:00,0,,,,,,,,,,,
SAN_BORJA,VEL_VIENTO,2026-06-03 05:00:00,2026-06-03 05:00:00,1,1,short_vector_linear,True,,1,2026-06-03T05:00:00,0,,,,,,,,,,,
SAN_BORJA,DIR_VIENTO,2026-06-03 15:00:00,2026-06-03 15:00:00,1,1,short_vector_linear,True,,1,2026-06-03T15:00:00,0,,,,,,,,,,,
SAN_BORJA,VEL_VIENTO,2026-06-03 15:00:00,2026-06-03 15:00:00,1,1,short_vector_linear,True,,1,2026-06-03T15:00:00,0,,,,,,,,,,,
SAN_BORJA,DIR_VIENTO,2026-06-04 12:00:00,2026-06-04 12:00:00,1,1,short_vector_linear,True,,1,2026-06-04T12:00:00,0,,,,,,,,,,,
SAN_BORJA,VEL_VIENTO,2026-06-04 12:00:00,2026-06-04 12:00:00,1,1,short_vector_linear,True,,1,2026-06-04T12:00:00,0,,,,,,,,,,,
SAN_BORJA,DIR_VIENTO,2026-06-05 08:00:00,2026-06-05 08:00:00,1,1,short_vector_linear,True,,1,2026-06-05T08:00:00,0,,,,,,,,,,,
SAN_BORJA,VEL_VIENTO,2026-06-05 08:00:00,2026-06-05 08:00:00,1,1,short_vector_linear,True,,1,2026-06-05T08:00:00,0,,,,,,,,,,,
SAN_BORJA,DIR_VIENTO,2026-06-05 13:00:00,2026-06-05 13:00:00,1,1,short_vector_linear,True,,1,2026-06-05T13:00:00,0,,,,,,,,,,,
SAN_BORJA,VEL_VIENTO,2026-06-05 13:00:00,2026-06-05 13:00:00,1,1,short_vector_linear,True,,1,2026-06-05T13:00:00,0,,,,,,,,,,,
SAN_BORJA,DIR_VIENTO,2026-06-05 18:00:00,2026-06-05 18:00:00,1,1,short_vector_linear,True,,1,2026-06-05T18:00:00,0,,,,,,,,,,,
SAN_BORJA,VEL_VIENTO,2026-06-05 18:00:00,2026-06-05 18:00:00,1,1,short_vector_linear,True,,1,2026-06-05T18:00:00,0,,,,,,,,,,,
SAN_BORJA,DIR_VIENTO,2026-06-05 22:00:00,2026-06-05 22:00:00,1,1,short_vector_linear,True,,1,2026-06-05T22:00:00,0,,,,,,,,,,,
SAN_BORJA,VEL_VIENTO,2026-06-05 22:00:00,2026-06-05 22:00:00,1,1,short_vector_linear,True,,1,2026-06-05T22:00:00,0,,,,,,,,,,,
SAN_BORJA,DIR_VIENTO,2026-06-06 21:00:00,2026-06-06 21:00:00,1,1,short_vector_linear,True,,1,2026-06-06T21:00:00,0,,,,,,,,,,,
SAN_BORJA,VEL_VIENTO,2026-06-06 21:00:00,2026-06-06 21:00:00,1,1,short_vector_linear,True,,1,2026-06-06T21:00:00,0,,,,,,,,,,,
SAN_BORJA,DIR_VIENTO,2026-06-07 04:00:00,2026-06-07 04:00:00,1,1,short_vector_linear,True,,1,2026-06-07T04:00:00,0,,,,,,,,,,,
SAN_BORJA,VEL_VIENTO,2026-06-07 04:00:00,2026-06-07 04:00:00,1,1,short_vector_linear,True,,1,2026-06-07T04:00:00,0,,,,,,,,,,,
SAN_BORJA,DIR_VIENTO,2026-06-08 02:00:00,2026-06-08 02:00:00,1,1,short_vector_linear,True,,1,2026-06-08T02:00:00,0,,,,,,,,,,,
SAN_BORJA,VEL_VIENTO,2026-06-08 02:00:00,2026-06-08 02:00:00,1,1,short_vector_linear,True,,1,2026-06-08T02:00:00,0,,,,,,,,,,,
SAN_BORJA,DIR_VIENTO,2026-06-08 04:00:00,2026-06-08 04:00:00,1,1,short_vector_linear,True,,1,2026-06-08T04:00:00,0,,,,,,,,,,,
SAN_BORJA,VEL_VIENTO,2026-06-08 04:00:00,2026-06-08 04:00:00,1,1,short_vector_linear,True,,1,2026-06-08T04:00:00,0,,,,,,,,,,,
SAN_BORJA,DIR_VIENTO,2026-06-08 15:00:00,2026-06-08 15:00:00,1,1,short_vector_linear,True,,1,2026-06-08T15:00:00,0,,,,,,,,,,,
SAN_BORJA,VEL_VIENTO,2026-06-08 15:00:00,2026-06-08 15:00:00,1,1,short_vector_linear,True,,1,2026-06-08T15:00:00,0,,,,,,,,,,,
SAN_BORJA,DIR_VIENTO,2026-06-08 19:00:00,2026-06-08 21:00:00,3,3,short_vector_linear,True,,3,2026-06-08T19:00:00|2026-06-08T20:00:00|2026-06-08T21:00:00,0,,,,,,,,,,,
SAN_BORJA,VEL_VIENTO,2026-06-08 19:00:00,2026-06-08 21:00:00,3,3,short_vector_linear,True,,3,2026-06-08T19:00:00|2026-06-08T20:00:00|2026-06-08T21:00:00,0,,,,,,,,,,,
SAN_BORJA,DIR_VIENTO,2026-06-09 12:00:00,2026-06-09 13:00:00,2,2,short_vector_linear,True,,2,2026-06-09T12:00:00|2026-06-09T13:00:00,0,,,,,,,,,,,
SAN_BORJA,VEL_VIENTO,2026-06-09 12:00:00,2026-06-09 13:00:00,2,2,short_vector_linear,True,,2,2026-06-09T12:00:00|2026-06-09T13:00:00,0,,,,,,,,,,,
SAN_BORJA,DIR_VIENTO,2026-06-09 15:00:00,2026-06-09 15:00:00,1,1,short_vector_linear,True,,1,2026-06-09T15:00:00,0,,,,,,,,,,,
SAN_BORJA,VEL_VIENTO,2026-06-09 15:00:00,2026-06-09 15:00:00,1,1,short_vector_linear,True,,1,2026-06-09T15:00:00,0,,,,,,,,,,,
SAN_BORJA,DIR_VIENTO,2026-06-09 17:00:00,2026-06-09 17:00:00,1,1,short_vector_linear,True,,1,2026-06-09T17:00:00,0,,,,,,,,,,,
SAN_BORJA,VEL_VIENTO,2026-06-09 17:00:00,2026-06-09 17:00:00,1,1,short_vector_linear,True,,1,2026-06-09T17:00:00,0,,,,,,,,,,,
SAN_BORJA,DIR_VIENTO,2026-06-09 19:00:00,2026-06-09 20:00:00,2,2,short_vector_linear,True,,2,2026-06-09T19:00:00|2026-06-09T20:00:00,0,,,,,,,,,,,
SAN_BORJA,VEL_VIENTO,2026-06-09 19:00:00,2026-06-09 20:00:00,2,2,short_vector_linear,True,,2,2026-06-09T19:00:00|2026-06-09T20:00:00,0,,,,,,,,,,,
SAN_BORJA,DIR_VIENTO,2026-06-09 22:00:00,2026-06-10 01:00:00,4,4,short_vector_linear,True,,4,2026-06-09T22:00:00|2026-06-09T23:00:00|2026-06-10T00:00:00|2026-06-10T01:00:00,0,,,,,,,,,,,
SAN_BORJA,VEL_VIENTO,2026-06-09 22:00:00,2026-06-10 01:00:00,4,4,short_vector_linear,True,,4,2026-06-09T22:00:00|2026-06-09T23:00:00|2026-06-10T00:00:00|2026-06-10T01:00:00,0,,,,,,,,,,,
SAN_BORJA,DIR_VIENTO,2026-06-10 03:00:00,2026-06-10 04:00:00,2,2,short_vector_linear,True,,2,2026-06-10T03:00:00|2026-06-10T04:00:00,0,,,,,,,,,,,
SAN_BORJA,VEL_VIENTO,2026-06-10 03:00:00,2026-06-10 04:00:00,2,2,short_vector_linear,True,,2,2026-06-10T03:00:00|2026-06-10T04:00:00,0,,,,,,,,,,,
SAN_BORJA,DIR_VIENTO,2026-06-10 06:00:00,2026-06-10 07:00:00,2,2,short_vector_linear,True,,2,2026-06-10T06:00:00|2026-06-10T07:00:00,0,,,,,,,,,,,
SAN_BORJA,VEL_VIENTO,2026-06-10 06:00:00,2026-06-10 07:00:00,2,2,short_vector_linear,True,,2,2026-06-10T06:00:00|2026-06-10T07:00:00,0,,,,,,,,,,,
SAN_BORJA,DIR_VIENTO,2026-06-10 10:00:00,2026-06-10 10:00:00,1,1,short_vector_linear,True,,1,2026-06-10T10:00:00,0,,,,,,,,,,,
SAN_BORJA,VEL_VIENTO,2026-06-10 10:00:00,2026-06-10 10:00:00,1,1,short_vector_linear,True,,1,2026-06-10T10:00:00,0,,,,,,,,,,,
SAN_BORJA,DIR_VIENTO,2026-06-12 21:00:00,2026-06-12 21:00:00,1,1,short_vector_linear,True,,1,2026-06-12T21:00:00,0,,,,,,,,,,,
SAN_BORJA,VEL_VIENTO,2026-06-12 21:00:00,2026-06-12 21:00:00,1,1,short_vector_linear,True,,1,2026-06-12T21:00:00,0,,,,,,,,,,,
SAN_BORJA,DIR_VIENTO,2026-06-13 05:00:00,2026-06-13 05:00:00,1,1,short_vector_linear,True,,1,2026-06-13T05:00:00,0,,,,,,,,,,,
SAN_BORJA,VEL_VIENTO,2026-06-13 05:00:00,2026-06-13 05:00:00,1,1,short_vector_linear,True,,1,2026-06-13T05:00:00,0,,,,,,,,,,,
SAN_BORJA,DIR_VIENTO,2026-06-13 14:00:00,2026-06-13 14:00:00,1,1,short_vector_linear,True,,1,2026-06-13T14:00:00,0,,,,,,,,,,,
SAN_BORJA,VEL_VIENTO,2026-06-13 14:00:00,2026-06-13 14:00:00,1,1,short_vector_linear,True,,1,2026-06-13T14:00:00,0,,,,,,,,,,,
SAN_BORJA,DIR_VIENTO,2026-06-14 01:00:00,2026-06-14 01:00:00,1,1,short_vector_linear,True,,1,2026-06-14T01:00:00,0,,,,,,,,,,,
SAN_BORJA,VEL_VIENTO,2026-06-14 01:00:00,2026-06-14 01:00:00,1,1,short_vector_linear,True,,1,2026-06-14T01:00:00,0,,,,,,,,,,,
SAN_BORJA,DIR_VIENTO,2026-06-14 18:00:00,2026-06-14 18:00:00,1,1,short_vector_linear,True,,1,2026-06-14T18:00:00,0,,,,,,,,,,,
SAN_BORJA,VEL_VIENTO,2026-06-14 18:00:00,2026-06-14 18:00:00,1,1,short_vector_linear,True,,1,2026-06-14T18:00:00,0,,,,,,,,,,,
SAN_BORJA,DIR_VIENTO,2026-06-16 13:00:00,2026-06-16 13:00:00,1,1,short_vector_linear,True,,1,2026-06-16T13:00:00,0,,,,,,,,,,,
SAN_BORJA,VEL_VIENTO,2026-06-16 13:00:00,2026-06-16 13:00:00,1,1,short_vector_linear,True,,1,2026-06-16T13:00:00,0,,,,,,,,,,,
SAN_BORJA,DIR_VIENTO,2026-06-17 10:00:00,2026-06-17 10:00:00,1,1,short_vector_linear,True,,1,2026-06-17T10:00:00,0,,,,,,,,,,,
SAN_BORJA,VEL_VIENTO,2026-06-17 10:00:00,2026-06-17 10:00:00,1,1,short_vector_linear,True,,1,2026-06-17T10:00:00,0,,,,,,,,,,,
SAN_BORJA,DIR_VIENTO,2026-06-19 01:00:00,2026-06-19 02:00:00,2,2,short_vector_linear,True,,2,2026-06-19T01:00:00|2026-06-19T02:00:00,0,,,,,,,,,,,
SAN_BORJA,VEL_VIENTO,2026-06-19 01:00:00,2026-06-19 02:00:00,2,2,short_vector_linear,True,,2,2026-06-19T01:00:00|2026-06-19T02:00:00,0,,,,,,,,,,,
SAN_BORJA,DIR_VIENTO,2026-06-19 08:00:00,2026-06-19 08:00:00,1,1,short_vector_linear,True,,1,2026-06-19T08:00:00,0,,,,,,,,,,,
SAN_BORJA,VEL_VIENTO,2026-06-19 08:00:00,2026-06-19 08:00:00,1,1,short_vector_linear,True,,1,2026-06-19T08:00:00,0,,,,,,,,,,,
SAN_BORJA,DIR_VIENTO,2026-06-19 21:00:00,2026-06-19 21:00:00,1,1,short_vector_linear,True,,1,2026-06-19T21:00:00,0,,,,,,,,,,,
SAN_BORJA,VEL_VIENTO,2026-06-19 21:00:00,2026-06-19 21:00:00,1,1,short_vector_linear,True,,1,2026-06-19T21:00:00,0,,,,,,,,,,,
SAN_BORJA,DIR_VIENTO,2026-06-19 23:00:00,2026-06-19 23:00:00,1,1,short_vector_linear,True,,1,2026-06-19T23:00:00,0,,,,,,,,,,,
SAN_BORJA,VEL_VIENTO,2026-06-19 23:00:00,2026-06-19 23:00:00,1,1,short_vector_linear,True,,1,2026-06-19T23:00:00,0,,,,,,,,,,,
SAN_BORJA,DIR_VIENTO,2026-06-20 01:00:00,2026-06-20 01:00:00,1,1,short_vector_linear,True,,1,2026-06-20T01:00:00,0,,,,,,,,,,,
SAN_BORJA,VEL_VIENTO,2026-06-20 01:00:00,2026-06-20 01:00:00,1,1,short_vector_linear,True,,1,2026-06-20T01:00:00,0,,,,,,,,,,,
SAN_BORJA,DIR_VIENTO,2026-06-20 04:00:00,2026-06-20 04:00:00,1,1,short_vector_linear,True,,1,2026-06-20T04:00:00,0,,,,,,,,,,,
SAN_BORJA,VEL_VIENTO,2026-06-20 04:00:00,2026-06-20 04:00:00,1,1,short_vector_linear,True,,1,2026-06-20T04:00:00,0,,,,,,,,,,,
SAN_BORJA,DIR_VIENTO,2026-06-20 09:00:00,2026-06-20 09:00:00,1,1,short_vector_linear,True,,1,2026-06-20T09:00:00,0,,,,,,,,,,,
SAN_BORJA,VEL_VIENTO,2026-06-20 09:00:00,2026-06-20 09:00:00,1,1,short_vector_linear,True,,1,2026-06-20T09:00:00,0,,,,,,,,,,,
SAN_BORJA,DIR_VIENTO,2026-06-21 08:00:00,2026-06-21 08:00:00,1,1,short_vector_linear,True,,1,2026-06-21T08:00:00,0,,,,,,,,,,,
SAN_BORJA,VEL_VIENTO,2026-06-21 08:00:00,2026-06-21 08:00:00,1,1,short_vector_linear,True,,1,2026-06-21T08:00:00,0,,,,,,,,,,,
SAN_BORJA,DIR_VIENTO,2026-06-22 17:00:00,2026-06-22 17:00:00,1,1,short_vector_linear,True,,1,2026-06-22T17:00:00,0,,,,,,,,,,,
SAN_BORJA,VEL_VIENTO,2026-06-22 17:00:00,2026-06-22 17:00:00,1,1,short_vector_linear,True,,1,2026-06-22T17:00:00,0,,,,,,,,,,,
SAN_BORJA,DIR_VIENTO,2026-06-22 21:00:00,2026-06-22 21:00:00,1,1,short_vector_linear,True,,1,2026-06-22T21:00:00,0,,,,,,,,,,,
SAN_BORJA,VEL_VIENTO,2026-06-22 21:00:00,2026-06-22 21:00:00,1,1,short_vector_linear,True,,1,2026-06-22T21:00:00,0,,,,,,,,,,,
SAN_BORJA,DIR_VIENTO,2026-06-23 14:00:00,2026-06-23 14:00:00,1,1,short_vector_linear,True,,1,2026-06-23T14:00:00,0,,,,,,,,,,,
SAN_BORJA,VEL_VIENTO,2026-06-23 14:00:00,2026-06-23 14:00:00,1,1,short_vector_linear,True,,1,2026-06-23T14:00:00,0,,,,,,,,,,,
SAN_JUAN_DE_LURIGANCHO,TEMP,2025-03-05 15:00:00,2025-03-05 21:00:00,7,7,weekly_seasonal,True,,7,2025-03-05T15:00:00|2025-03-05T16:00:00|2025-03-05T17:00:00|2025-03-05T18:00:00|2025-03-05T19:00:00|2025-03-05T20:00:00|2025-03-05T21:00:00,0,,,,,,,,,,3.0,
SAN_JUAN_DE_LURIGANCHO,TEMP,2025-05-27 13:00:00,2025-05-27 18:00:00,6,6,weekly_seasonal,True,,6,2025-05-27T13:00:00|2025-05-27T14:00:00|2025-05-27T15:00:00|2025-05-27T16:00:00|2025-05-27T17:00:00|2025-05-27T18:00:00,0,,,,,,,,,,4.0,
SAN_JUAN_DE_LURIGANCHO,TEMP,2025-06-29 14:00:00,2025-06-29 14:00:00,1,1,short_linear,True,,1,2025-06-29T14:00:00,0,,,,,,,,,,,
SAN_JUAN_DE_LURIGANCHO,TEMP,2025-07-08 18:00:00,2025-07-08 18:00:00,1,1,short_linear,True,,1,2025-07-08T18:00:00,0,,,,,,,,,,,
SAN_JUAN_DE_LURIGANCHO,TEMP,2025-07-29 19:00:00,2025-07-29 19:00:00,1,1,short_linear,True,,1,2025-07-29T19:00:00,0,,,,,,,,,,,
SAN_JUAN_DE_LURIGANCHO,TEMP,2025-08-15 10:00:00,2025-08-15 10:00:00,1,1,short_linear,True,,1,2025-08-15T10:00:00,0,,,,,,,,,,,
SAN_JUAN_DE_LURIGANCHO,TEMP,2025-08-16 07:00:00,2025-08-16 08:00:00,2,2,short_linear,True,,2,2025-08-16T07:00:00|2025-08-16T08:00:00,0,,,,,,,,,,,
SAN_JUAN_DE_LURIGANCHO,TEMP,2025-09-26 12:00:00,2025-09-26 12:00:00,1,1,short_linear,True,,1,2025-09-26T12:00:00,0,,,,,,,,,,,
SAN_JUAN_DE_LURIGANCHO,TEMP,2025-09-27 13:00:00,2025-09-27 20:00:00,8,8,weekly_seasonal,True,,8,2025-09-27T13:00:00|2025-09-27T14:00:00|2025-09-27T15:00:00|2025-09-27T16:00:00|2025-09-27T17:00:00|2025-09-27T18:00:00|2025-09-27T19:00:00|2025-09-27T20:00:00,0,,,,,,,,,,4.0,
SAN_JUAN_DE_LURIGANCHO,TEMP,2025-12-09 07:00:00,2025-12-09 07:00:00,1,1,short_linear,True,,1,2025-12-09T07:00:00,0,,,,,,,,,,,
SAN_JUAN_DE_LURIGANCHO,TEMP,2025-12-16 12:00:00,2025-12-16 12:00:00,1,1,short_linear,True,,1,2025-12-16T12:00:00,0,,,,,,,,,,,
SAN_JUAN_DE_LURIGANCHO,TEMP,2026-01-07 22:00:00,2026-01-07 22:00:00,1,1,short_linear,True,,1,2026-01-07T22:00:00,0,,,,,,,,,,,
SAN_JUAN_DE_LURIGANCHO,TEMP,2026-01-15 12:00:00,2026-01-15 15:00:00,4,4,short_linear,True,,4,2026-01-15T12:00:00|2026-01-15T13:00:00|2026-01-15T14:00:00|2026-01-15T15:00:00,0,,,,,,,,,,,
SAN_JUAN_DE_LURIGANCHO,TEMP,2026-01-16 01:00:00,2026-01-16 01:00:00,1,1,short_linear,True,,1,2026-01-16T01:00:00,0,,,,,,,,,,,
SAN_JUAN_DE_LURIGANCHO,TEMP,2026-02-11 14:00:00,2026-02-11 18:00:00,5,5,weekly_seasonal,True,,5,2026-02-11T14:00:00|2026-02-11T15:00:00|2026-02-11T16:00:00|2026-02-11T17:00:00|2026-02-11T18:00:00,0,,,,,,,,,,4.0,
SAN_JUAN_DE_LURIGANCHO,TEMP,2026-02-12 20:00:00,2026-02-12 20:00:00,1,1,short_linear,True,,1,2026-02-12T20:00:00,0,,,,,,,,,,,
SAN_JUAN_DE_LURIGANCHO,TEMP,2026-02-27 14:00:00,2026-02-27 14:00:00,1,1,short_linear,True,,1,2026-02-27T14:00:00,0,,,,,,,,,,,
SAN_JUAN_DE_LURIGANCHO,TEMP,2026-02-28 13:00:00,2026-03-03 10:00:00,70,70,weekly_seasonal,True,,70,2026-02-28T13:00:00|2026-02-28T14:00:00|2026-02-28T15:00:00|2026-02-28T16:00:00|2026-02-28T17:00:00|2026-02-28T18:00:00|2026-02-28T19:00:00|2026-02-28T20:00:00|2026-02-28T21:00:00|2026-02-28T22:00:00|2026-02-28T23:00:00|2026-03-01T00:00:00|2026-03-01T01:00:00|2026-03-01T02:00:00|2026-03-01T03:00:00|2026-03-01T04:00:00|2026-03-01T05:00:00|2026-03-01T06:00:00|2026-03-01T07:00:00|2026-03-01T08:00:00|2026-03-01T09:00:00|2026-03-01T10:00:00|2026-03-01T11:00:00|2026-03-01T12:00:00|2026-03-01T13:00:00|2026-03-01T14:00:00|2026-03-01T15:00:00|2026-03-01T16:00:00|2026-03-01T17:00:00|2026-03-01T18:00:00|2026-03-01T19:00:00|2026-03-01T20:00:00|2026-03-01T21:00:00|2026-03-01T22:00:00|2026-03-01T23:00:00|2026-03-02T00:00:00|2026-03-02T01:00:00|2026-03-02T02:00:00|2026-03-02T03:00:00|2026-03-02T04:00:00|2026-03-02T05:00:00|2026-03-02T06:00:00|2026-03-02T07:00:00|2026-03-02T08:00:00|2026-03-02T09:00:00|2026-03-02T10:00:00|2026-03-02T11:00:00|2026-03-02T12:00:00|2026-03-02T13:00:00|2026-03-02T14:00:00|2026-03-02T15:00:00|2026-03-02T16:00:00|2026-03-02T17:00:00|2026-03-02T18:00:00|2026-03-02T19:00:00|2026-03-02T20:00:00|2026-03-02T21:00:00|2026-03-02T22:00:00|2026-03-02T23:00:00|2026-03-03T00:00:00|2026-03-03T01:00:00|2026-03-03T02:00:00|2026-03-03T03:00:00|2026-03-03T04:00:00|2026-03-03T05:00:00|2026-03-03T06:00:00|2026-03-03T07:00:00|2026-03-03T08:00:00|2026-03-03T09:00:00|2026-03-03T10:00:00,0,,,,,,,,,,4.0,
SAN_JUAN_DE_LURIGANCHO,TEMP,2026-04-14 11:00:00,2026-04-14 15:00:00,5,5,weekly_seasonal,True,,5,2026-04-14T11:00:00|2026-04-14T12:00:00|2026-04-14T13:00:00|2026-04-14T14:00:00|2026-04-14T15:00:00,0,,,,,,,,,,4.0,
SAN_JUAN_DE_LURIGANCHO,TEMP,2026-06-04 22:00:00,2026-06-04 22:00:00,1,1,short_linear,True,,1,2026-06-04T22:00:00,0,,,,,,,,,,,
SAN_JUAN_DE_LURIGANCHO,HR,2025-03-05 15:00:00,2025-03-05 21:00:00,7,7,weekly_seasonal,True,,7,2025-03-05T15:00:00|2025-03-05T16:00:00|2025-03-05T17:00:00|2025-03-05T18:00:00|2025-03-05T19:00:00|2025-03-05T20:00:00|2025-03-05T21:00:00,0,,,,,,,,,,3.0,
SAN_JUAN_DE_LURIGANCHO,HR,2025-05-27 13:00:00,2025-05-27 18:00:00,6,6,weekly_seasonal,True,,6,2025-05-27T13:00:00|2025-05-27T14:00:00|2025-05-27T15:00:00|2025-05-27T16:00:00|2025-05-27T17:00:00|2025-05-27T18:00:00,0,,,,,,,,,,4.0,
SAN_JUAN_DE_LURIGANCHO,HR,2025-06-29 14:00:00,2025-06-29 14:00:00,1,1,short_linear,True,,1,2025-06-29T14:00:00,0,,,,,,,,,,,
SAN_JUAN_DE_LURIGANCHO,HR,2025-07-08 18:00:00,2025-07-08 18:00:00,1,1,short_linear,True,,1,2025-07-08T18:00:00,0,,,,,,,,,,,
SAN_JUAN_DE_LURIGANCHO,HR,2025-07-29 19:00:00,2025-07-29 19:00:00,1,1,short_linear,True,,1,2025-07-29T19:00:00,0,,,,,,,,,,,
SAN_JUAN_DE_LURIGANCHO,HR,2025-08-15 10:00:00,2025-08-15 10:00:00,1,1,short_linear,True,,1,2025-08-15T10:00:00,0,,,,,,,,,,,
SAN_JUAN_DE_LURIGANCHO,HR,2025-08-16 07:00:00,2025-08-16 08:00:00,2,2,short_linear,True,,2,2025-08-16T07:00:00|2025-08-16T08:00:00,0,,,,,,,,,,,
SAN_JUAN_DE_LURIGANCHO,HR,2025-09-26 12:00:00,2025-09-26 12:00:00,1,1,short_linear,True,,1,2025-09-26T12:00:00,0,,,,,,,,,,,
SAN_JUAN_DE_LURIGANCHO,HR,2025-09-27 13:00:00,2025-09-27 20:00:00,8,8,weekly_seasonal,True,,8,2025-09-27T13:00:00|2025-09-27T14:00:00|2025-09-27T15:00:00|2025-09-27T16:00:00|2025-09-27T17:00:00|2025-09-27T18:00:00|2025-09-27T19:00:00|2025-09-27T20:00:00,0,,,,,,,,,,4.0,
SAN_JUAN_DE_LURIGANCHO,HR,2025-12-09 07:00:00,2025-12-09 07:00:00,1,1,short_linear,True,,1,2025-12-09T07:00:00,0,,,,,,,,,,,
SAN_JUAN_DE_LURIGANCHO,HR,2025-12-16 12:00:00,2025-12-16 12:00:00,1,1,short_linear,True,,1,2025-12-16T12:00:00,0,,,,,,,,,,,
SAN_JUAN_DE_LURIGANCHO,HR,2026-01-07 22:00:00,2026-01-07 22:00:00,1,1,short_linear,True,,1,2026-01-07T22:00:00,0,,,,,,,,,,,
SAN_JUAN_DE_LURIGANCHO,HR,2026-01-15 12:00:00,2026-01-15 15:00:00,4,4,short_linear,True,,4,2026-01-15T12:00:00|2026-01-15T13:00:00|2026-01-15T14:00:00|2026-01-15T15:00:00,0,,,,,,,,,,,
SAN_JUAN_DE_LURIGANCHO,HR,2026-01-16 01:00:00,2026-01-16 01:00:00,1,1,short_linear,True,,1,2026-01-16T01:00:00,0,,,,,,,,,,,
SAN_JUAN_DE_LURIGANCHO,HR,2026-02-11 14:00:00,2026-02-11 18:00:00,5,5,weekly_seasonal,True,,5,2026-02-11T14:00:00|2026-02-11T15:00:00|2026-02-11T16:00:00|2026-02-11T17:00:00|2026-02-11T18:00:00,0,,,,,,,,,,4.0,
SAN_JUAN_DE_LURIGANCHO,HR,2026-02-12 20:00:00,2026-02-12 20:00:00,1,1,short_linear,True,,1,2026-02-12T20:00:00,0,,,,,,,,,,,
SAN_JUAN_DE_LURIGANCHO,HR,2026-02-27 14:00:00,2026-02-27 14:00:00,1,1,short_linear,True,,1,2026-02-27T14:00:00,0,,,,,,,,,,,
SAN_JUAN_DE_LURIGANCHO,HR,2026-02-28 13:00:00,2026-03-03 10:00:00,70,70,weekly_seasonal,True,,70,2026-02-28T13:00:00|2026-02-28T14:00:00|2026-02-28T15:00:00|2026-02-28T16:00:00|2026-02-28T17:00:00|2026-02-28T18:00:00|2026-02-28T19:00:00|2026-02-28T20:00:00|2026-02-28T21:00:00|2026-02-28T22:00:00|2026-02-28T23:00:00|2026-03-01T00:00:00|2026-03-01T01:00:00|2026-03-01T02:00:00|2026-03-01T03:00:00|2026-03-01T04:00:00|2026-03-01T05:00:00|2026-03-01T06:00:00|2026-03-01T07:00:00|2026-03-01T08:00:00|2026-03-01T09:00:00|2026-03-01T10:00:00|2026-03-01T11:00:00|2026-03-01T12:00:00|2026-03-01T13:00:00|2026-03-01T14:00:00|2026-03-01T15:00:00|2026-03-01T16:00:00|2026-03-01T17:00:00|2026-03-01T18:00:00|2026-03-01T19:00:00|2026-03-01T20:00:00|2026-03-01T21:00:00|2026-03-01T22:00:00|2026-03-01T23:00:00|2026-03-02T00:00:00|2026-03-02T01:00:00|2026-03-02T02:00:00|2026-03-02T03:00:00|2026-03-02T04:00:00|2026-03-02T05:00:00|2026-03-02T06:00:00|2026-03-02T07:00:00|2026-03-02T08:00:00|2026-03-02T09:00:00|2026-03-02T10:00:00|2026-03-02T11:00:00|2026-03-02T12:00:00|2026-03-02T13:00:00|2026-03-02T14:00:00|2026-03-02T15:00:00|2026-03-02T16:00:00|2026-03-02T17:00:00|2026-03-02T18:00:00|2026-03-02T19:00:00|2026-03-02T20:00:00|2026-03-02T21:00:00|2026-03-02T22:00:00|2026-03-02T23:00:00|2026-03-03T00:00:00|2026-03-03T01:00:00|2026-03-03T02:00:00|2026-03-03T03:00:00|2026-03-03T04:00:00|2026-03-03T05:00:00|2026-03-03T06:00:00|2026-03-03T07:00:00|2026-03-03T08:00:00|2026-03-03T09:00:00|2026-03-03T10:00:00,0,,,,,,,,,,4.0,
SAN_JUAN_DE_LURIGANCHO,HR,2026-04-14 11:00:00,2026-04-14 15:00:00,5,5,weekly_seasonal,True,,5,2026-04-14T11:00:00|2026-04-14T12:00:00|2026-04-14T13:00:00|2026-04-14T14:00:00|2026-04-14T15:00:00,0,,,,,,,,,,4.0,
SAN_JUAN_DE_LURIGANCHO,HR,2026-06-04 22:00:00,2026-06-04 22:00:00,1,1,short_linear,True,,1,2026-06-04T22:00:00,0,,,,,,,,,,,
SAN_JUAN_DE_LURIGANCHO,PP,2025-03-05 15:00:00,2025-03-05 21:00:00,7,7,weekly_seasonal,True,,7,2025-03-05T15:00:00|2025-03-05T16:00:00|2025-03-05T17:00:00|2025-03-05T18:00:00|2025-03-05T19:00:00|2025-03-05T20:00:00|2025-03-05T21:00:00,0,,,,,,,,,,3.0,
SAN_JUAN_DE_LURIGANCHO,PP,2025-05-27 13:00:00,2025-05-27 18:00:00,6,6,weekly_seasonal,True,,6,2025-05-27T13:00:00|2025-05-27T14:00:00|2025-05-27T15:00:00|2025-05-27T16:00:00|2025-05-27T17:00:00|2025-05-27T18:00:00,0,,,,,,,,,,4.0,
SAN_JUAN_DE_LURIGANCHO,PP,2025-06-29 14:00:00,2025-06-29 14:00:00,1,1,short_zero,True,,1,2025-06-29T14:00:00,0,,,,,,,,,,,
SAN_JUAN_DE_LURIGANCHO,PP,2025-07-08 18:00:00,2025-07-08 18:00:00,1,1,short_zero,True,,1,2025-07-08T18:00:00,0,,,,,,,,,,,
SAN_JUAN_DE_LURIGANCHO,PP,2025-07-29 19:00:00,2025-07-29 19:00:00,1,1,short_zero,True,,1,2025-07-29T19:00:00,0,,,,,,,,,,,
SAN_JUAN_DE_LURIGANCHO,PP,2025-08-15 10:00:00,2025-08-15 10:00:00,1,1,short_zero,True,,1,2025-08-15T10:00:00,0,,,,,,,,,,,
SAN_JUAN_DE_LURIGANCHO,PP,2025-08-16 07:00:00,2025-08-16 08:00:00,2,2,short_zero,True,,2,2025-08-16T07:00:00|2025-08-16T08:00:00,0,,,,,,,,,,,
SAN_JUAN_DE_LURIGANCHO,PP,2025-09-26 12:00:00,2025-09-26 12:00:00,1,1,short_zero,True,,1,2025-09-26T12:00:00,0,,,,,,,,,,,
SAN_JUAN_DE_LURIGANCHO,PP,2025-09-27 13:00:00,2025-09-27 20:00:00,8,8,weekly_seasonal,True,,8,2025-09-27T13:00:00|2025-09-27T14:00:00|2025-09-27T15:00:00|2025-09-27T16:00:00|2025-09-27T17:00:00|2025-09-27T18:00:00|2025-09-27T19:00:00|2025-09-27T20:00:00,0,,,,,,,,,,4.0,
SAN_JUAN_DE_LURIGANCHO,PP,2025-11-28 13:00:00,2025-11-28 13:00:00,1,1,short_zero,True,,1,2025-11-28T13:00:00,0,,,,,,,,,,,
SAN_JUAN_DE_LURIGANCHO,PP,2025-12-09 07:00:00,2025-12-09 07:00:00,1,1,short_zero,True,,1,2025-12-09T07:00:00,0,,,,,,,,,,,
SAN_JUAN_DE_LURIGANCHO,PP,2025-12-16 12:00:00,2025-12-16 12:00:00,1,1,short_zero,True,,1,2025-12-16T12:00:00,0,,,,,,,,,,,
SAN_JUAN_DE_LURIGANCHO,PP,2026-01-07 22:00:00,2026-01-07 22:00:00,1,1,short_zero,True,,1,2026-01-07T22:00:00,0,,,,,,,,,,,
SAN_JUAN_DE_LURIGANCHO,PP,2026-01-15 12:00:00,2026-01-15 15:00:00,4,4,short_zero,True,,4,2026-01-15T12:00:00|2026-01-15T13:00:00|2026-01-15T14:00:00|2026-01-15T15:00:00,0,,,,,,,,,,,
SAN_JUAN_DE_LURIGANCHO,PP,2026-01-16 01:00:00,2026-01-16 01:00:00,1,1,short_zero,True,,1,2026-01-16T01:00:00,0,,,,,,,,,,,
SAN_JUAN_DE_LURIGANCHO,PP,2026-02-11 14:00:00,2026-02-11 18:00:00,5,5,weekly_seasonal,True,,5,2026-02-11T14:00:00|2026-02-11T15:00:00|2026-02-11T16:00:00|2026-02-11T17:00:00|2026-02-11T18:00:00,0,,,,,,,,,,4.0,
SAN_JUAN_DE_LURIGANCHO,PP,2026-02-12 20:00:00,2026-02-12 20:00:00,1,1,short_zero,True,,1,2026-02-12T20:00:00,0,,,,,,,,,,,
SAN_JUAN_DE_LURIGANCHO,PP,2026-02-27 14:00:00,2026-02-27 14:00:00,1,1,short_zero,True,,1,2026-02-27T14:00:00,0,,,,,,,,,,,
SAN_JUAN_DE_LURIGANCHO,PP,2026-02-28 13:00:00,2026-03-03 10:00:00,70,70,weekly_seasonal,True,,70,2026-02-28T13:00:00|2026-02-28T14:00:00|2026-02-28T15:00:00|2026-02-28T16:00:00|2026-02-28T17:00:00|2026-02-28T18:00:00|2026-02-28T19:00:00|2026-02-28T20:00:00|2026-02-28T21:00:00|2026-02-28T22:00:00|2026-02-28T23:00:00|2026-03-01T00:00:00|2026-03-01T01:00:00|2026-03-01T02:00:00|2026-03-01T03:00:00|2026-03-01T04:00:00|2026-03-01T05:00:00|2026-03-01T06:00:00|2026-03-01T07:00:00|2026-03-01T08:00:00|2026-03-01T09:00:00|2026-03-01T10:00:00|2026-03-01T11:00:00|2026-03-01T12:00:00|2026-03-01T13:00:00|2026-03-01T14:00:00|2026-03-01T15:00:00|2026-03-01T16:00:00|2026-03-01T17:00:00|2026-03-01T18:00:00|2026-03-01T19:00:00|2026-03-01T20:00:00|2026-03-01T21:00:00|2026-03-01T22:00:00|2026-03-01T23:00:00|2026-03-02T00:00:00|2026-03-02T01:00:00|2026-03-02T02:00:00|2026-03-02T03:00:00|2026-03-02T04:00:00|2026-03-02T05:00:00|2026-03-02T06:00:00|2026-03-02T07:00:00|2026-03-02T08:00:00|2026-03-02T09:00:00|2026-03-02T10:00:00|2026-03-02T11:00:00|2026-03-02T12:00:00|2026-03-02T13:00:00|2026-03-02T14:00:00|2026-03-02T15:00:00|2026-03-02T16:00:00|2026-03-02T17:00:00|2026-03-02T18:00:00|2026-03-02T19:00:00|2026-03-02T20:00:00|2026-03-02T21:00:00|2026-03-02T22:00:00|2026-03-02T23:00:00|2026-03-03T00:00:00|2026-03-03T01:00:00|2026-03-03T02:00:00|2026-03-03T03:00:00|2026-03-03T04:00:00|2026-03-03T05:00:00|2026-03-03T06:00:00|2026-03-03T07:00:00|2026-03-03T08:00:00|2026-03-03T09:00:00|2026-03-03T10:00:00,0,,,,,,,,,,4.0,
SAN_JUAN_DE_LURIGANCHO,PP,2026-04-14 11:00:00,2026-04-14 15:00:00,5,5,weekly_seasonal,True,,5,2026-04-14T11:00:00|2026-04-14T12:00:00|2026-04-14T13:00:00|2026-04-14T14:00:00|2026-04-14T15:00:00,0,,,,,,,,,,4.0,
SAN_JUAN_DE_LURIGANCHO,PP,2026-06-04 22:00:00,2026-06-04 22:00:00,1,1,short_zero,True,,1,2026-06-04T22:00:00,0,,,,,,,,,,,
SAN_JUAN_DE_LURIGANCHO,VEL_VIENTO,2025-02-28 07:00:00,2025-03-04 04:00:00,94,94,cross_year_vector_analog,True,,24,2025-02-28T07:00:00|2025-02-28T08:00:00|2025-02-28T09:00:00|2025-02-28T10:00:00|2025-02-28T11:00:00|2025-02-28T12:00:00|2025-03-03T11:00:00|2025-03-03T12:00:00|2025-03-03T13:00:00|2025-03-03T14:00:00|2025-03-03T15:00:00|2025-03-03T16:00:00|2025-03-03T17:00:00|2025-03-03T18:00:00|2025-03-03T19:00:00|2025-03-03T20:00:00|2025-03-03T21:00:00|2025-03-03T22:00:00|2025-03-03T23:00:00|2025-03-04T00:00:00|2025-03-04T01:00:00|2025-03-04T02:00:00|2025-03-04T03:00:00|2025-03-04T04:00:00,70,,,,,,,,,,1.0,
SAN_JUAN_DE_LURIGANCHO,VIENTO_VECTOR,2025-02-28 07:00:00,2025-03-04 04:00:00,94,94,interstation_vector_regression,False,insufficient_gap_coverage,0,,70,,SANTA_ANITA,7.4653240754465795,0.0,,,,0.5,TimeSeriesSplit(5) multisalida,,
SAN_JUAN_DE_LURIGANCHO,VIENTO_VECTOR,2025-02-28 07:00:00,2025-03-04 04:00:00,94,94,interstation_vector_regression,False,r2_below_threshold,0,,70,-1.2504130488580807,CERES,9.429216388609277,1.0,7047.0,"[-0.07220261894801394, -0.3370204406907482]","[[0.6380474932617379, 0.9964959514721488], [-0.10380141064927667, -0.4666687298991079]]",0.5,TimeSeriesSplit(5) multisalida,,
SAN_JUAN_DE_LURIGANCHO,VIENTO_VECTOR,2025-02-28 07:00:00,2025-03-04 04:00:00,94,94,interstation_vector_regression,False,r2_below_threshold,0,,70,-1.116639339354385,CARABAYLLO,9.593975224056559,1.0,6775.0,"[-0.47994722645075205, -0.23558945647015422]","[[1.3043965739301941, 1.2910569710873347], [-0.5205484736307412, -0.20062954408102732]]",0.5,TimeSeriesSplit(5) multisalida,,
SAN_JUAN_DE_LURIGANCHO,VIENTO_VECTOR,2025-02-28 07:00:00,2025-03-04 04:00:00,94,94,interstation_vector_regression,False,r2_below_threshold,0,,70,-1.3621975320050008,SAN_MARTIN_DE_PORRES,9.75182688225575,1.0,7022.0,"[-0.22324650724074546, -0.38932956327374457]","[[0.3642119079219212, 0.611401927491485], [-0.08397048602893663, -0.16333947748576433]]",0.5,TimeSeriesSplit(5) multisalida,,
SAN_JUAN_DE_LURIGANCHO,VIENTO_VECTOR,2025-02-28 07:00:00,2025-03-04 04:00:00,94,94,interstation_vector_regression,False,r2_below_threshold,0,,70,-1.4264838051169741,CAMPO_DE_MARTE,10.979336409143984,1.0,6958.0,"[-0.33766372108840803, -0.26393964422885025]","[[0.9221922133777543, 0.40169055512710705], [-0.42807090936805836, -0.06770779455417039]]",0.5,TimeSeriesSplit(5) multisalida,,
SAN_JUAN_DE_LURIGANCHO,VIENTO_VECTOR,2025-02-28 07:00:00,2025-03-04 04:00:00,94,94,interstation_vector_regression,False,r2_below_threshold,0,,70,-2.1139152858500103,SAN_BORJA,14.1460220348316,1.0,6828.0,"[0.3543860109431772, -0.47143092266841735]","[[0.7547673255855715, 0.13991635051322784], [-0.41626514649765245, -0.19523022668211273]]",0.5,TimeSeriesSplit(5) multisalida,,
SAN_JUAN_DE_LURIGANCHO,VIENTO_VECTOR,2025-02-28 07:00:00,2025-03-04 04:00:00,94,94,unimputable,False,no_vector_method_available,0,,70,,,,,,,,,,,
SAN_JUAN_DE_LURIGANCHO,VEL_VIENTO,2025-03-04 08:00:00,2025-03-05 00:00:00,17,17,cross_year_vector_analog,True,,17,2025-03-04T08:00:00|2025-03-04T09:00:00|2025-03-04T10:00:00|2025-03-04T11:00:00|2025-03-04T12:00:00|2025-03-04T13:00:00|2025-03-04T14:00:00|2025-03-04T15:00:00|2025-03-04T16:00:00|2025-03-04T17:00:00|2025-03-04T18:00:00|2025-03-04T19:00:00|2025-03-04T20:00:00|2025-03-04T21:00:00|2025-03-04T22:00:00|2025-03-04T23:00:00|2025-03-05T00:00:00,0,,,,,,,,,,1.0,
SAN_JUAN_DE_LURIGANCHO,VEL_VIENTO,2025-03-05 03:00:00,2025-03-05 06:00:00,4,4,short_vector_linear,True,,4,2025-03-05T03:00:00|2025-03-05T04:00:00|2025-03-05T05:00:00|2025-03-05T06:00:00,0,,,,,,,,,,,
SAN_JUAN_DE_LURIGANCHO,DIR_VIENTO,2025-03-05 08:00:00,2025-03-11 04:00:00,141,141,cross_year_vector_analog,True,,7,2025-03-05T15:00:00|2025-03-05T16:00:00|2025-03-05T17:00:00|2025-03-05T18:00:00|2025-03-05T19:00:00|2025-03-05T20:00:00|2025-03-05T21:00:00,0,,,,,,,,,,1.0,
SAN_JUAN_DE_LURIGANCHO,VEL_VIENTO,2025-03-05 08:00:00,2025-03-11 04:00:00,141,141,cross_year_vector_analog,True,,137,2025-03-05T08:00:00|2025-03-05T09:00:00|2025-03-05T10:00:00|2025-03-05T11:00:00|2025-03-05T12:00:00|2025-03-05T13:00:00|2025-03-05T14:00:00|2025-03-05T15:00:00|2025-03-05T16:00:00|2025-03-05T17:00:00|2025-03-05T18:00:00|2025-03-05T19:00:00|2025-03-05T20:00:00|2025-03-05T21:00:00|2025-03-05T22:00:00|2025-03-05T23:00:00|2025-03-06T00:00:00|2025-03-06T01:00:00|2025-03-06T02:00:00|2025-03-06T03:00:00|2025-03-06T05:00:00|2025-03-06T06:00:00|2025-03-06T07:00:00|2025-03-06T08:00:00|2025-03-06T09:00:00|2025-03-06T10:00:00|2025-03-06T11:00:00|2025-03-06T12:00:00|2025-03-06T13:00:00|2025-03-06T14:00:00|2025-03-06T15:00:00|2025-03-06T16:00:00|2025-03-06T17:00:00|2025-03-06T18:00:00|2025-03-06T19:00:00|2025-03-06T20:00:00|2025-03-06T21:00:00|2025-03-06T22:00:00|2025-03-06T23:00:00|2025-03-07T00:00:00|2025-03-07T02:00:00|2025-03-07T03:00:00|2025-03-07T04:00:00|2025-03-07T05:00:00|2025-03-07T06:00:00|2025-03-07T07:00:00|2025-03-07T08:00:00|2025-03-07T09:00:00|2025-03-07T10:00:00|2025-03-07T11:00:00|2025-03-07T12:00:00|2025-03-07T13:00:00|2025-03-07T14:00:00|2025-03-07T15:00:00|2025-03-07T16:00:00|2025-03-07T17:00:00|2025-03-07T18:00:00|2025-03-07T19:00:00|2025-03-07T20:00:00|2025-03-07T21:00:00|2025-03-07T22:00:00|2025-03-07T23:00:00|2025-03-08T00:00:00|2025-03-08T01:00:00|2025-03-08T02:00:00|2025-03-08T03:00:00|2025-03-08T04:00:00|2025-03-08T05:00:00|2025-03-08T06:00:00|2025-03-08T07:00:00|2025-03-08T08:00:00|2025-03-08T09:00:00|2025-03-08T10:00:00|2025-03-08T11:00:00|2025-03-08T12:00:00|2025-03-08T13:00:00|2025-03-08T14:00:00|2025-03-08T15:00:00|2025-03-08T16:00:00|2025-03-08T17:00:00|2025-03-08T18:00:00|2025-03-08T19:00:00|2025-03-08T20:00:00|2025-03-08T21:00:00|2025-03-08T22:00:00|2025-03-08T23:00:00|2025-03-09T00:00:00|2025-03-09T01:00:00|2025-03-09T02:00:00|2025-03-09T03:00:00|2025-03-09T04:00:00|2025-03-09T05:00:00|2025-03-09T06:00:00|2025-03-09T07:00:00|2025-03-09T08:00:00|2025-03-09T09:00:00|2025-03-09T10:00:00|2025-03-09T11:00:00|2025-03-09T12:00:00|2025-03-09T13:00:00|2025-03-09T14:00:00|2025-03-09T15:00:00|2025-03-09T16:00:00|2025-03-09T17:00:00|2025-03-09T18:00:00|2025-03-09T19:00:00|2025-03-09T20:00:00|2025-03-09T21:00:00|2025-03-09T22:00:00|2025-03-09T23:00:00|2025-03-10T00:00:00|2025-03-10T01:00:00|2025-03-10T02:00:00|2025-03-10T03:00:00|2025-03-10T06:00:00|2025-03-10T07:00:00|2025-03-10T08:00:00|2025-03-10T09:00:00|2025-03-10T10:00:00|2025-03-10T11:00:00|2025-03-10T12:00:00|2025-03-10T13:00:00|2025-03-10T14:00:00|2025-03-10T15:00:00|2025-03-10T16:00:00|2025-03-10T17:00:00|2025-03-10T18:00:00|2025-03-10T19:00:00|2025-03-10T20:00:00|2025-03-10T21:00:00|2025-03-10T22:00:00|2025-03-10T23:00:00|2025-03-11T00:00:00|2025-03-11T01:00:00|2025-03-11T02:00:00|2025-03-11T03:00:00|2025-03-11T04:00:00,4,,,,,,,,,,1.0,
SAN_JUAN_DE_LURIGANCHO,VIENTO_VECTOR,2025-03-05 08:00:00,2025-03-11 04:00:00,141,141,cross_year_vector_analog,False,calm_candidate_conflicts_with_observed_component,0,,4,,,,,,,,,,1.0,2025-03-06T04:00:00|2025-03-07T01:00:00|2025-03-10T04:00:00|2025-03-10T05:00:00
SAN_JUAN_DE_LURIGANCHO,VIENTO_VECTOR,2025-03-05 08:00:00,2025-03-11 04:00:00,141,141,interstation_vector_regression,False,insufficient_gap_coverage,0,,4,,SANTA_ANITA,7.4653240754465795,0.0,,,,0.5,TimeSeriesSplit(5) multisalida,,
SAN_JUAN_DE_LURIGANCHO,VIENTO_VECTOR,2025-03-05 08:00:00,2025-03-11 04:00:00,141,141,interstation_vector_regression,False,r2_below_threshold,0,,4,-1.2504130488580807,CERES,9.429216388609277,1.0,7047.0,"[-0.07220261894801394, -0.3370204406907482]","[[0.6380474932617379, 0.9964959514721488], [-0.10380141064927667, -0.4666687298991079]]",0.5,TimeSeriesSplit(5) multisalida,,
SAN_JUAN_DE_LURIGANCHO,VIENTO_VECTOR,2025-03-05 08:00:00,2025-03-11 04:00:00,141,141,interstation_vector_regression,False,r2_below_threshold,0,,4,-1.116639339354385,CARABAYLLO,9.593975224056559,1.0,6775.0,"[-0.47994722645075205, -0.23558945647015422]","[[1.3043965739301941, 1.2910569710873347], [-0.5205484736307412, -0.20062954408102732]]",0.5,TimeSeriesSplit(5) multisalida,,
SAN_JUAN_DE_LURIGANCHO,VIENTO_VECTOR,2025-03-05 08:00:00,2025-03-11 04:00:00,141,141,interstation_vector_regression,False,r2_below_threshold,0,,4,-1.3621975320050008,SAN_MARTIN_DE_PORRES,9.75182688225575,1.0,7022.0,"[-0.22324650724074546, -0.38932956327374457]","[[0.3642119079219212, 0.611401927491485], [-0.08397048602893663, -0.16333947748576433]]",0.5,TimeSeriesSplit(5) multisalida,,
SAN_JUAN_DE_LURIGANCHO,VIENTO_VECTOR,2025-03-05 08:00:00,2025-03-11 04:00:00,141,141,interstation_vector_regression,False,r2_below_threshold,0,,4,-1.4264838051169741,CAMPO_DE_MARTE,10.979336409143984,1.0,6958.0,"[-0.33766372108840803, -0.26393964422885025]","[[0.9221922133777543, 0.40169055512710705], [-0.42807090936805836, -0.06770779455417039]]",0.5,TimeSeriesSplit(5) multisalida,,
SAN_JUAN_DE_LURIGANCHO,VIENTO_VECTOR,2025-03-05 08:00:00,2025-03-11 04:00:00,141,141,interstation_vector_regression,False,r2_below_threshold,0,,4,-2.1139152858500103,SAN_BORJA,14.1460220348316,1.0,6828.0,"[0.3543860109431772, -0.47143092266841735]","[[0.7547673255855715, 0.13991635051322784], [-0.41626514649765245, -0.19523022668211273]]",0.5,TimeSeriesSplit(5) multisalida,,
SAN_JUAN_DE_LURIGANCHO,VIENTO_VECTOR,2025-03-05 08:00:00,2025-03-11 04:00:00,141,141,unimputable,False,no_vector_method_available,0,,4,,,,,,,,,,,
SAN_JUAN_DE_LURIGANCHO,VEL_VIENTO,2025-03-11 08:00:00,2025-03-12 01:00:00,18,18,cross_year_vector_analog,True,,18,2025-03-11T08:00:00|2025-03-11T09:00:00|2025-03-11T10:00:00|2025-03-11T11:00:00|2025-03-11T12:00:00|2025-03-11T13:00:00|2025-03-11T14:00:00|2025-03-11T15:00:00|2025-03-11T16:00:00|2025-03-11T17:00:00|2025-03-11T18:00:00|2025-03-11T19:00:00|2025-03-11T20:00:00|2025-03-11T21:00:00|2025-03-11T22:00:00|2025-03-11T23:00:00|2025-03-12T00:00:00|2025-03-12T01:00:00,0,,,,,,,,,,1.0,
SAN_JUAN_DE_LURIGANCHO,VEL_VIENTO,2025-03-12 08:00:00,2025-03-13 03:00:00,20,20,cross_year_vector_analog,True,,20,2025-03-12T08:00:00|2025-03-12T09:00:00|2025-03-12T10:00:00|2025-03-12T11:00:00|2025-03-12T12:00:00|2025-03-12T13:00:00|2025-03-12T14:00:00|2025-03-12T15:00:00|2025-03-12T16:00:00|2025-03-12T17:00:00|2025-03-12T18:00:00|2025-03-12T19:00:00|2025-03-12T20:00:00|2025-03-12T21:00:00|2025-03-12T22:00:00|2025-03-12T23:00:00|2025-03-13T00:00:00|2025-03-13T01:00:00|2025-03-13T02:00:00|2025-03-13T03:00:00,0,,,,,,,,,,1.0,
SAN_JUAN_DE_LURIGANCHO,VEL_VIENTO,2025-03-13 08:00:00,2025-03-19 04:00:00,141,141,cross_year_vector_analog,True,,137,2025-03-13T08:00:00|2025-03-13T09:00:00|2025-03-13T10:00:00|2025-03-13T11:00:00|2025-03-13T12:00:00|2025-03-13T13:00:00|2025-03-13T14:00:00|2025-03-13T15:00:00|2025-03-13T16:00:00|2025-03-13T17:00:00|2025-03-13T18:00:00|2025-03-13T19:00:00|2025-03-13T20:00:00|2025-03-13T21:00:00|2025-03-13T22:00:00|2025-03-13T23:00:00|2025-03-14T00:00:00|2025-03-14T01:00:00|2025-03-14T03:00:00|2025-03-14T05:00:00|2025-03-14T06:00:00|2025-03-14T07:00:00|2025-03-14T08:00:00|2025-03-14T09:00:00|2025-03-14T10:00:00|2025-03-14T11:00:00|2025-03-14T12:00:00|2025-03-14T13:00:00|2025-03-14T14:00:00|2025-03-14T15:00:00|2025-03-14T16:00:00|2025-03-14T17:00:00|2025-03-14T18:00:00|2025-03-14T19:00:00|2025-03-14T20:00:00|2025-03-14T21:00:00|2025-03-14T22:00:00|2025-03-14T23:00:00|2025-03-15T00:00:00|2025-03-15T01:00:00|2025-03-15T02:00:00|2025-03-15T03:00:00|2025-03-15T04:00:00|2025-03-15T06:00:00|2025-03-15T07:00:00|2025-03-15T08:00:00|2025-03-15T09:00:00|2025-03-15T10:00:00|2025-03-15T11:00:00|2025-03-15T12:00:00|2025-03-15T13:00:00|2025-03-15T14:00:00|2025-03-15T15:00:00|2025-03-15T16:00:00|2025-03-15T17:00:00|2025-03-15T18:00:00|2025-03-15T19:00:00|2025-03-15T20:00:00|2025-03-15T21:00:00|2025-03-15T22:00:00|2025-03-15T23:00:00|2025-03-16T00:00:00|2025-03-16T01:00:00|2025-03-16T02:00:00|2025-03-16T03:00:00|2025-03-16T04:00:00|2025-03-16T05:00:00|2025-03-16T06:00:00|2025-03-16T07:00:00|2025-03-16T08:00:00|2025-03-16T09:00:00|2025-03-16T10:00:00|2025-03-16T11:00:00|2025-03-16T12:00:00|2025-03-16T13:00:00|2025-03-16T14:00:00|2025-03-16T15:00:00|2025-03-16T16:00:00|2025-03-16T17:00:00|2025-03-16T18:00:00|2025-03-16T19:00:00|2025-03-16T20:00:00|2025-03-16T21:00:00|2025-03-16T22:00:00|2025-03-16T23:00:00|2025-03-17T00:00:00|2025-03-17T01:00:00|2025-03-17T02:00:00|2025-03-17T03:00:00|2025-03-17T04:00:00|2025-03-17T05:00:00|2025-03-17T06:00:00|2025-03-17T08:00:00|2025-03-17T09:00:00|2025-03-17T10:00:00|2025-03-17T11:00:00|2025-03-17T12:00:00|2025-03-17T13:00:00|2025-03-17T14:00:00|2025-03-17T15:00:00|2025-03-17T16:00:00|2025-03-17T17:00:00|2025-03-17T18:00:00|2025-03-17T19:00:00|2025-03-17T20:00:00|2025-03-17T21:00:00|2025-03-17T22:00:00|2025-03-17T23:00:00|2025-03-18T00:00:00|2025-03-18T01:00:00|2025-03-18T02:00:00|2025-03-18T03:00:00|2025-03-18T04:00:00|2025-03-18T05:00:00|2025-03-18T06:00:00|2025-03-18T07:00:00|2025-03-18T08:00:00|2025-03-18T09:00:00|2025-03-18T10:00:00|2025-03-18T11:00:00|2025-03-18T12:00:00|2025-03-18T13:00:00|2025-03-18T14:00:00|2025-03-18T15:00:00|2025-03-18T16:00:00|2025-03-18T17:00:00|2025-03-18T18:00:00|2025-03-18T19:00:00|2025-03-18T20:00:00|2025-03-18T21:00:00|2025-03-18T22:00:00|2025-03-18T23:00:00|2025-03-19T00:00:00|2025-03-19T01:00:00|2025-03-19T02:00:00|2025-03-19T03:00:00|2025-03-19T04:00:00,4,,,,,,,,,,1.0,
SAN_JUAN_DE_LURIGANCHO,VIENTO_VECTOR,2025-03-13 08:00:00,2025-03-19 04:00:00,141,141,cross_year_vector_analog,False,calm_candidate_conflicts_with_observed_component,0,,4,,,,,,,,,,1.0,2025-03-14T02:00:00|2025-03-14T04:00:00|2025-03-15T05:00:00|2025-03-17T07:00:00
SAN_JUAN_DE_LURIGANCHO,VIENTO_VECTOR,2025-03-13 08:00:00,2025-03-19 04:00:00,141,141,interstation_vector_regression,False,insufficient_gap_coverage,0,,4,,SANTA_ANITA,7.4653240754465795,0.0,,,,0.5,TimeSeriesSplit(5) multisalida,,
SAN_JUAN_DE_LURIGANCHO,VIENTO_VECTOR,2025-03-13 08:00:00,2025-03-19 04:00:00,141,141,interstation_vector_regression,False,r2_below_threshold,0,,4,-1.2504130488580807,CERES,9.429216388609277,1.0,7047.0,"[-0.07220261894801394, -0.3370204406907482]","[[0.6380474932617379, 0.9964959514721488], [-0.10380141064927667, -0.4666687298991079]]",0.5,TimeSeriesSplit(5) multisalida,,
SAN_JUAN_DE_LURIGANCHO,VIENTO_VECTOR,2025-03-13 08:00:00,2025-03-19 04:00:00,141,141,interstation_vector_regression,False,r2_below_threshold,0,,4,-1.116639339354385,CARABAYLLO,9.593975224056559,1.0,6775.0,"[-0.47994722645075205, -0.23558945647015422]","[[1.3043965739301941, 1.2910569710873347], [-0.5205484736307412, -0.20062954408102732]]",0.5,TimeSeriesSplit(5) multisalida,,
SAN_JUAN_DE_LURIGANCHO,VIENTO_VECTOR,2025-03-13 08:00:00,2025-03-19 04:00:00,141,141,interstation_vector_regression,False,r2_below_threshold,0,,4,-1.3621975320050008,SAN_MARTIN_DE_PORRES,9.75182688225575,1.0,7022.0,"[-0.22324650724074546, -0.38932956327374457]","[[0.3642119079219212, 0.611401927491485], [-0.08397048602893663, -0.16333947748576433]]",0.5,TimeSeriesSplit(5) multisalida,,
SAN_JUAN_DE_LURIGANCHO,VIENTO_VECTOR,2025-03-13 08:00:00,2025-03-19 04:00:00,141,141,interstation_vector_regression,False,r2_below_threshold,0,,4,-1.4264838051169741,CAMPO_DE_MARTE,10.979336409143984,1.0,6958.0,"[-0.33766372108840803, -0.26393964422885025]","[[0.9221922133777543, 0.40169055512710705], [-0.42807090936805836, -0.06770779455417039]]",0.5,TimeSeriesSplit(5) multisalida,,
SAN_JUAN_DE_LURIGANCHO,VIENTO_VECTOR,2025-03-13 08:00:00,2025-03-19 04:00:00,141,141,interstation_vector_regression,False,r2_below_threshold,0,,4,-2.1139152858500103,SAN_BORJA,14.1460220348316,1.0,6828.0,"[0.3543860109431772, -0.47143092266841735]","[[0.7547673255855715, 0.13991635051322784], [-0.41626514649765245, -0.19523022668211273]]",0.5,TimeSeriesSplit(5) multisalida,,
SAN_JUAN_DE_LURIGANCHO,VIENTO_VECTOR,2025-03-13 08:00:00,2025-03-19 04:00:00,141,141,unimputable,False,no_vector_method_available,0,,4,,,,,,,,,,,
SAN_JUAN_DE_LURIGANCHO,VEL_VIENTO,2025-03-19 08:00:00,2025-03-25 03:00:00,140,140,cross_year_vector_analog,True,,137,2025-03-19T08:00:00|2025-03-19T09:00:00|2025-03-19T10:00:00|2025-03-19T11:00:00|2025-03-19T12:00:00|2025-03-19T13:00:00|2025-03-19T14:00:00|2025-03-19T15:00:00|2025-03-19T16:00:00|2025-03-19T17:00:00|2025-03-19T18:00:00|2025-03-19T19:00:00|2025-03-19T20:00:00|2025-03-19T21:00:00|2025-03-19T22:00:00|2025-03-19T23:00:00|2025-03-20T00:00:00|2025-03-20T01:00:00|2025-03-20T02:00:00|2025-03-20T04:00:00|2025-03-20T05:00:00|2025-03-20T06:00:00|2025-03-20T07:00:00|2025-03-20T08:00:00|2025-03-20T09:00:00|2025-03-20T10:00:00|2025-03-20T11:00:00|2025-03-20T12:00:00|2025-03-20T13:00:00|2025-03-20T14:00:00|2025-03-20T15:00:00|2025-03-20T16:00:00|2025-03-20T17:00:00|2025-03-20T18:00:00|2025-03-20T19:00:00|2025-03-20T20:00:00|2025-03-20T21:00:00|2025-03-20T22:00:00|2025-03-20T23:00:00|2025-03-21T00:00:00|2025-03-21T01:00:00|2025-03-21T02:00:00|2025-03-21T03:00:00|2025-03-21T04:00:00|2025-03-21T05:00:00|2025-03-21T06:00:00|2025-03-21T07:00:00|2025-03-21T08:00:00|2025-03-21T09:00:00|2025-03-21T10:00:00|2025-03-21T11:00:00|2025-03-21T12:00:00|2025-03-21T13:00:00|2025-03-21T14:00:00|2025-03-21T15:00:00|2025-03-21T16:00:00|2025-03-21T17:00:00|2025-03-21T18:00:00|2025-03-21T19:00:00|2025-03-21T20:00:00|2025-03-21T21:00:00|2025-03-21T22:00:00|2025-03-21T23:00:00|2025-03-22T00:00:00|2025-03-22T01:00:00|2025-03-22T02:00:00|2025-03-22T03:00:00|2025-03-22T04:00:00|2025-03-22T05:00:00|2025-03-22T06:00:00|2025-03-22T07:00:00|2025-03-22T08:00:00|2025-03-22T09:00:00|2025-03-22T10:00:00|2025-03-22T11:00:00|2025-03-22T12:00:00|2025-03-22T13:00:00|2025-03-22T14:00:00|2025-03-22T15:00:00|2025-03-22T16:00:00|2025-03-22T17:00:00|2025-03-22T18:00:00|2025-03-22T19:00:00|2025-03-22T20:00:00|2025-03-22T21:00:00|2025-03-22T22:00:00|2025-03-22T23:00:00|2025-03-23T00:00:00|2025-03-23T01:00:00|2025-03-23T02:00:00|2025-03-23T03:00:00|2025-03-23T04:00:00|2025-03-23T05:00:00|2025-03-23T06:00:00|2025-03-23T07:00:00|2025-03-23T08:00:00|2025-03-23T09:00:00|2025-03-23T10:00:00|2025-03-23T11:00:00|2025-03-23T12:00:00|2025-03-23T13:00:00|2025-03-23T14:00:00|2025-03-23T15:00:00|2025-03-23T16:00:00|2025-03-23T17:00:00|2025-03-23T18:00:00|2025-03-23T19:00:00|2025-03-23T20:00:00|2025-03-23T21:00:00|2025-03-23T22:00:00|2025-03-23T23:00:00|2025-03-24T00:00:00|2025-03-24T01:00:00|2025-03-24T02:00:00|2025-03-24T03:00:00|2025-03-24T04:00:00|2025-03-24T05:00:00|2025-03-24T06:00:00|2025-03-24T07:00:00|2025-03-24T08:00:00|2025-03-24T09:00:00|2025-03-24T10:00:00|2025-03-24T11:00:00|2025-03-24T12:00:00|2025-03-24T13:00:00|2025-03-24T14:00:00|2025-03-24T15:00:00|2025-03-24T16:00:00|2025-03-24T17:00:00|2025-03-24T18:00:00|2025-03-24T19:00:00|2025-03-24T20:00:00|2025-03-24T21:00:00|2025-03-24T22:00:00|2025-03-24T23:00:00|2025-03-25T00:00:00|2025-03-25T02:00:00,3,,,,,,,,,,1.0,
SAN_JUAN_DE_LURIGANCHO,VIENTO_VECTOR,2025-03-19 08:00:00,2025-03-25 03:00:00,140,140,cross_year_vector_analog,False,calm_candidate_conflicts_with_observed_component,0,,3,,,,,,,,,,1.0,2025-03-20T03:00:00|2025-03-25T01:00:00|2025-03-25T03:00:00
SAN_JUAN_DE_LURIGANCHO,VIENTO_VECTOR,2025-03-19 08:00:00,2025-03-25 03:00:00,140,140,interstation_vector_regression,False,insufficient_gap_coverage,0,,3,,SANTA_ANITA,7.4653240754465795,0.0,,,,0.5,TimeSeriesSplit(5) multisalida,,
SAN_JUAN_DE_LURIGANCHO,VIENTO_VECTOR,2025-03-19 08:00:00,2025-03-25 03:00:00,140,140,interstation_vector_regression,False,r2_below_threshold,0,,3,-1.2504130488580807,CERES,9.429216388609277,1.0,7047.0,"[-0.07220261894801394, -0.3370204406907482]","[[0.6380474932617379, 0.9964959514721488], [-0.10380141064927667, -0.4666687298991079]]",0.5,TimeSeriesSplit(5) multisalida,,
SAN_JUAN_DE_LURIGANCHO,VIENTO_VECTOR,2025-03-19 08:00:00,2025-03-25 03:00:00,140,140,interstation_vector_regression,False,r2_below_threshold,0,,3,-1.116639339354385,CARABAYLLO,9.593975224056559,1.0,6775.0,"[-0.47994722645075205, -0.23558945647015422]","[[1.3043965739301941, 1.2910569710873347], [-0.5205484736307412, -0.20062954408102732]]",0.5,TimeSeriesSplit(5) multisalida,,
SAN_JUAN_DE_LURIGANCHO,VIENTO_VECTOR,2025-03-19 08:00:00,2025-03-25 03:00:00,140,140,interstation_vector_regression,False,r2_below_threshold,0,,3,-1.3621975320050008,SAN_MARTIN_DE_PORRES,9.75182688225575,1.0,7022.0,"[-0.22324650724074546, -0.38932956327374457]","[[0.3642119079219212, 0.611401927491485], [-0.08397048602893663, -0.16333947748576433]]",0.5,TimeSeriesSplit(5) multisalida,,
SAN_JUAN_DE_LURIGANCHO,VIENTO_VECTOR,2025-03-19 08:00:00,2025-03-25 03:00:00,140,140,interstation_vector_regression,False,r2_below_threshold,0,,3,-1.4264838051169741,CAMPO_DE_MARTE,10.979336409143984,1.0,6958.0,"[-0.33766372108840803, -0.26393964422885025]","[[0.9221922133777543, 0.40169055512710705], [-0.42807090936805836, -0.06770779455417039]]",0.5,TimeSeriesSplit(5) multisalida,,
SAN_JUAN_DE_LURIGANCHO,VIENTO_VECTOR,2025-03-19 08:00:00,2025-03-25 03:00:00,140,140,interstation_vector_regression,False,r2_below_threshold,0,,3,-2.1139152858500103,SAN_BORJA,14.1460220348316,1.0,6828.0,"[0.3543860109431772, -0.47143092266841735]","[[0.7547673255855715, 0.13991635051322784], [-0.41626514649765245, -0.19523022668211273]]",0.5,TimeSeriesSplit(5) multisalida,,
SAN_JUAN_DE_LURIGANCHO,VIENTO_VECTOR,2025-03-19 08:00:00,2025-03-25 03:00:00,140,140,unimputable,False,no_vector_method_available,0,,3,,,,,,,,,,,
SAN_JUAN_DE_LURIGANCHO,VEL_VIENTO,2025-03-25 05:00:00,2025-04-05 03:00:00,263,263,cross_year_vector_analog,True,,259,2025-03-25T05:00:00|2025-03-25T06:00:00|2025-03-25T07:00:00|2025-03-25T08:00:00|2025-03-25T09:00:00|2025-03-25T10:00:00|2025-03-25T11:00:00|2025-03-25T12:00:00|2025-03-25T13:00:00|2025-03-25T14:00:00|2025-03-25T15:00:00|2025-03-25T16:00:00|2025-03-25T17:00:00|2025-03-25T18:00:00|2025-03-25T19:00:00|2025-03-25T20:00:00|2025-03-25T21:00:00|2025-03-25T23:00:00|2025-03-26T00:00:00|2025-03-26T01:00:00|2025-03-26T02:00:00|2025-03-26T03:00:00|2025-03-26T04:00:00|2025-03-26T05:00:00|2025-03-26T06:00:00|2025-03-26T07:00:00|2025-03-26T08:00:00|2025-03-26T09:00:00|2025-03-26T10:00:00|2025-03-26T11:00:00|2025-03-26T12:00:00|2025-03-26T13:00:00|2025-03-26T14:00:00|2025-03-26T15:00:00|2025-03-26T16:00:00|2025-03-26T17:00:00|2025-03-26T18:00:00|2025-03-26T19:00:00|2025-03-26T20:00:00|2025-03-26T21:00:00|2025-03-26T22:00:00|2025-03-26T23:00:00|2025-03-27T00:00:00|2025-03-27T01:00:00|2025-03-27T02:00:00|2025-03-27T03:00:00|2025-03-27T04:00:00|2025-03-27T05:00:00|2025-03-27T06:00:00|2025-03-27T07:00:00|2025-03-27T08:00:00|2025-03-27T09:00:00|2025-03-27T10:00:00|2025-03-27T11:00:00|2025-03-27T12:00:00|2025-03-27T13:00:00|2025-03-27T14:00:00|2025-03-27T15:00:00|2025-03-27T16:00:00|2025-03-27T17:00:00|2025-03-27T18:00:00|2025-03-27T19:00:00|2025-03-27T20:00:00|2025-03-27T21:00:00|2025-03-27T22:00:00|2025-03-27T23:00:00|2025-03-28T00:00:00|2025-03-28T01:00:00|2025-03-28T02:00:00|2025-03-28T03:00:00|2025-03-28T05:00:00|2025-03-28T06:00:00|2025-03-28T07:00:00|2025-03-28T08:00:00|2025-03-28T09:00:00|2025-03-28T10:00:00|2025-03-28T11:00:00|2025-03-28T12:00:00|2025-03-28T13:00:00|2025-03-28T14:00:00|2025-03-28T15:00:00|2025-03-28T16:00:00|2025-03-28T17:00:00|2025-03-28T18:00:00|2025-03-28T19:00:00|2025-03-28T20:00:00|2025-03-28T21:00:00|2025-03-28T22:00:00|2025-03-28T23:00:00|2025-03-29T00:00:00|2025-03-29T01:00:00|2025-03-29T02:00:00|2025-03-29T03:00:00|2025-03-29T04:00:00|2025-03-29T05:00:00|2025-03-29T06:00:00|2025-03-29T07:00:00|2025-03-29T08:00:00|2025-03-29T09:00:00|2025-03-29T10:00:00|2025-03-29T11:00:00|2025-03-29T12:00:00|2025-03-29T13:00:00|2025-03-29T14:00:00|2025-03-29T15:00:00|2025-03-29T16:00:00|2025-03-29T17:00:00|2025-03-29T18:00:00|2025-03-29T19:00:00|2025-03-29T20:00:00|2025-03-29T21:00:00|2025-03-29T22:00:00|2025-03-29T23:00:00|2025-03-30T00:00:00|2025-03-30T01:00:00|2025-03-30T02:00:00|2025-03-30T03:00:00|2025-03-30T04:00:00|2025-03-30T05:00:00|2025-03-30T08:00:00|2025-03-30T09:00:00|2025-03-30T10:00:00|2025-03-30T11:00:00|2025-03-30T12:00:00|2025-03-30T13:00:00|2025-03-30T14:00:00|2025-03-30T15:00:00|2025-03-30T16:00:00|2025-03-30T17:00:00|2025-03-30T18:00:00|2025-03-30T19:00:00|2025-03-30T20:00:00|2025-03-30T21:00:00|2025-03-30T22:00:00|2025-03-30T23:00:00|2025-03-31T00:00:00|2025-03-31T01:00:00|2025-03-31T02:00:00|2025-03-31T03:00:00|2025-03-31T04:00:00|2025-03-31T05:00:00|2025-03-31T06:00:00|2025-03-31T07:00:00|2025-03-31T08:00:00|2025-03-31T09:00:00|2025-03-31T10:00:00|2025-03-31T11:00:00|2025-03-31T12:00:00|2025-03-31T13:00:00|2025-03-31T14:00:00|2025-03-31T15:00:00|2025-03-31T16:00:00|2025-03-31T17:00:00|2025-03-31T18:00:00|2025-03-31T19:00:00|2025-03-31T20:00:00|2025-03-31T21:00:00|2025-03-31T22:00:00|2025-03-31T23:00:00|2025-04-01T00:00:00|2025-04-01T01:00:00|2025-04-01T02:00:00|2025-04-01T03:00:00|2025-04-01T04:00:00|2025-04-01T05:00:00|2025-04-01T06:00:00|2025-04-01T07:00:00|2025-04-01T08:00:00|2025-04-01T09:00:00|2025-04-01T10:00:00|2025-04-01T11:00:00|2025-04-01T12:00:00|2025-04-01T13:00:00|2025-04-01T14:00:00|2025-04-01T15:00:00|2025-04-01T16:00:00|2025-04-01T17:00:00|2025-04-01T18:00:00|2025-04-01T19:00:00|2025-04-01T20:00:00|2025-04-01T21:00:00|2025-04-01T22:00:00|2025-04-01T23:00:00|2025-04-02T00:00:00|2025-04-02T01:00:00|2025-04-02T02:00:00|2025-04-02T03:00:00|2025-04-02T04:00:00|2025-04-02T05:00:00|2025-04-02T06:00:00|2025-04-02T07:00:00|2025-04-02T08:00:00|2025-04-02T09:00:00|2025-04-02T10:00:00|2025-04-02T11:00:00|2025-04-02T12:00:00|2025-04-02T13:00:00|2025-04-02T14:00:00|2025-04-02T15:00:00|2025-04-02T16:00:00|2025-04-02T17:00:00|2025-04-02T18:00:00|2025-04-02T19:00:00|2025-04-02T20:00:00|2025-04-02T21:00:00|2025-04-02T22:00:00|2025-04-02T23:00:00|2025-04-03T00:00:00|2025-04-03T01:00:00|2025-04-03T02:00:00|2025-04-03T03:00:00|2025-04-03T04:00:00|2025-04-03T05:00:00|2025-04-03T06:00:00|2025-04-03T07:00:00|2025-04-03T08:00:00|2025-04-03T09:00:00|2025-04-03T10:00:00|2025-04-03T11:00:00|2025-04-03T12:00:00|2025-04-03T13:00:00|2025-04-03T14:00:00|2025-04-03T15:00:00|2025-04-03T16:00:00|2025-04-03T17:00:00|2025-04-03T18:00:00|2025-04-03T19:00:00|2025-04-03T20:00:00|2025-04-03T21:00:00|2025-04-03T22:00:00|2025-04-03T23:00:00|2025-04-04T00:00:00|2025-04-04T01:00:00|2025-04-04T02:00:00|2025-04-04T03:00:00|2025-04-04T04:00:00|2025-04-04T05:00:00|2025-04-04T06:00:00|2025-04-04T07:00:00|2025-04-04T08:00:00|2025-04-04T09:00:00|2025-04-04T10:00:00|2025-04-04T11:00:00|2025-04-04T12:00:00|2025-04-04T13:00:00|2025-04-04T14:00:00|2025-04-04T15:00:00|2025-04-04T16:00:00|2025-04-04T17:00:00|2025-04-04T18:00:00|2025-04-04T19:00:00|2025-04-04T20:00:00|2025-04-04T21:00:00|2025-04-04T22:00:00|2025-04-04T23:00:00|2025-04-05T00:00:00|2025-04-05T01:00:00|2025-04-05T02:00:00|2025-04-05T03:00:00,4,,,,,,,,,,1.0,
SAN_JUAN_DE_LURIGANCHO,VIENTO_VECTOR,2025-03-25 05:00:00,2025-04-05 03:00:00,263,263,cross_year_vector_analog,False,calm_candidate_conflicts_with_observed_component,0,,4,,,,,,,,,,1.0,2025-03-25T22:00:00|2025-03-28T04:00:00|2025-03-30T06:00:00|2025-03-30T07:00:00
SAN_JUAN_DE_LURIGANCHO,VIENTO_VECTOR,2025-03-25 05:00:00,2025-04-05 03:00:00,263,263,interstation_vector_regression,False,insufficient_gap_coverage,0,,4,,SANTA_ANITA,7.4653240754465795,0.0,,,,0.5,TimeSeriesSplit(5) multisalida,,
SAN_JUAN_DE_LURIGANCHO,VIENTO_VECTOR,2025-03-25 05:00:00,2025-04-05 03:00:00,263,263,interstation_vector_regression,False,r2_below_threshold,0,,4,-1.2504130488580807,CERES,9.429216388609277,1.0,7047.0,"[-0.07220261894801394, -0.3370204406907482]","[[0.6380474932617379, 0.9964959514721488], [-0.10380141064927667, -0.4666687298991079]]",0.5,TimeSeriesSplit(5) multisalida,,
SAN_JUAN_DE_LURIGANCHO,VIENTO_VECTOR,2025-03-25 05:00:00,2025-04-05 03:00:00,263,263,interstation_vector_regression,False,r2_below_threshold,0,,4,-1.116639339354385,CARABAYLLO,9.593975224056559,1.0,6775.0,"[-0.47994722645075205, -0.23558945647015422]","[[1.3043965739301941, 1.2910569710873347], [-0.5205484736307412, -0.20062954408102732]]",0.5,TimeSeriesSplit(5) multisalida,,
SAN_JUAN_DE_LURIGANCHO,VIENTO_VECTOR,2025-03-25 05:00:00,2025-04-05 03:00:00,263,263,interstation_vector_regression,False,r2_below_threshold,0,,4,-1.3621975320050008,SAN_MARTIN_DE_PORRES,9.75182688225575,1.0,7022.0,"[-0.22324650724074546, -0.38932956327374457]","[[0.3642119079219212, 0.611401927491485], [-0.08397048602893663, -0.16333947748576433]]",0.5,TimeSeriesSplit(5) multisalida,,
SAN_JUAN_DE_LURIGANCHO,VIENTO_VECTOR,2025-03-25 05:00:00,2025-04-05 03:00:00,263,263,interstation_vector_regression,False,r2_below_threshold,0,,4,-1.4264838051169741,CAMPO_DE_MARTE,10.979336409143984,1.0,6958.0,"[-0.33766372108840803, -0.26393964422885025]","[[0.9221922133777543, 0.40169055512710705], [-0.42807090936805836, -0.06770779455417039]]",0.5,TimeSeriesSplit(5) multisalida,,
SAN_JUAN_DE_LURIGANCHO,VIENTO_VECTOR,2025-03-25 05:00:00,2025-04-05 03:00:00,263,263,interstation_vector_regression,False,r2_below_threshold,0,,4,-2.1139152858500103,SAN_BORJA,14.1460220348316,1.0,6828.0,"[0.3543860109431772, -0.47143092266841735]","[[0.7547673255855715, 0.13991635051322784], [-0.41626514649765245, -0.19523022668211273]]",0.5,TimeSeriesSplit(5) multisalida,,
SAN_JUAN_DE_LURIGANCHO,VIENTO_VECTOR,2025-03-25 05:00:00,2025-04-05 03:00:00,263,263,unimputable,False,no_vector_method_available,0,,4,,,,,,,,,,,
SAN_JUAN_DE_LURIGANCHO,VEL_VIENTO,2025-04-05 05:00:00,2025-04-07 06:00:00,50,50,cross_year_vector_analog,True,,50,2025-04-05T05:00:00|2025-04-05T06:00:00|2025-04-05T07:00:00|2025-04-05T08:00:00|2025-04-05T09:00:00|2025-04-05T10:00:00|2025-04-05T11:00:00|2025-04-05T12:00:00|2025-04-05T13:00:00|2025-04-05T14:00:00|2025-04-05T15:00:00|2025-04-05T16:00:00|2025-04-05T17:00:00|2025-04-05T18:00:00|2025-04-05T19:00:00|2025-04-05T20:00:00|2025-04-05T21:00:00|2025-04-05T22:00:00|2025-04-05T23:00:00|2025-04-06T00:00:00|2025-04-06T01:00:00|2025-04-06T02:00:00|2025-04-06T03:00:00|2025-04-06T04:00:00|2025-04-06T05:00:00|2025-04-06T06:00:00|2025-04-06T07:00:00|2025-04-06T08:00:00|2025-04-06T09:00:00|2025-04-06T10:00:00|2025-04-06T11:00:00|2025-04-06T12:00:00|2025-04-06T13:00:00|2025-04-06T14:00:00|2025-04-06T15:00:00|2025-04-06T16:00:00|2025-04-06T17:00:00|2025-04-06T18:00:00|2025-04-06T19:00:00|2025-04-06T20:00:00|2025-04-06T21:00:00|2025-04-06T22:00:00|2025-04-06T23:00:00|2025-04-07T00:00:00|2025-04-07T01:00:00|2025-04-07T02:00:00|2025-04-07T03:00:00|2025-04-07T04:00:00|2025-04-07T05:00:00|2025-04-07T06:00:00,0,,,,,,,,,,1.0,
SAN_JUAN_DE_LURIGANCHO,VEL_VIENTO,2025-04-07 08:00:00,2025-04-10 05:00:00,70,70,cross_year_vector_analog,True,,67,2025-04-07T08:00:00|2025-04-07T09:00:00|2025-04-07T10:00:00|2025-04-07T11:00:00|2025-04-07T12:00:00|2025-04-07T13:00:00|2025-04-07T14:00:00|2025-04-07T15:00:00|2025-04-07T16:00:00|2025-04-07T17:00:00|2025-04-07T18:00:00|2025-04-07T19:00:00|2025-04-07T20:00:00|2025-04-07T21:00:00|2025-04-07T22:00:00|2025-04-07T23:00:00|2025-04-08T02:00:00|2025-04-08T03:00:00|2025-04-08T04:00:00|2025-04-08T05:00:00|2025-04-08T06:00:00|2025-04-08T08:00:00|2025-04-08T09:00:00|2025-04-08T10:00:00|2025-04-08T11:00:00|2025-04-08T12:00:00|2025-04-08T13:00:00|2025-04-08T14:00:00|2025-04-08T15:00:00|2025-04-08T16:00:00|2025-04-08T17:00:00|2025-04-08T18:00:00|2025-04-08T19:00:00|2025-04-08T20:00:00|2025-04-08T21:00:00|2025-04-08T22:00:00|2025-04-08T23:00:00|2025-04-09T00:00:00|2025-04-09T01:00:00|2025-04-09T02:00:00|2025-04-09T03:00:00|2025-04-09T04:00:00|2025-04-09T05:00:00|2025-04-09T06:00:00|2025-04-09T07:00:00|2025-04-09T08:00:00|2025-04-09T09:00:00|2025-04-09T10:00:00|2025-04-09T11:00:00|2025-04-09T12:00:00|2025-04-09T13:00:00|2025-04-09T14:00:00|2025-04-09T15:00:00|2025-04-09T16:00:00|2025-04-09T17:00:00|2025-04-09T18:00:00|2025-04-09T19:00:00|2025-04-09T20:00:00|2025-04-09T21:00:00|2025-04-09T22:00:00|2025-04-09T23:00:00|2025-04-10T00:00:00|2025-04-10T01:00:00|2025-04-10T02:00:00|2025-04-10T03:00:00|2025-04-10T04:00:00|2025-04-10T05:00:00,3,,,,,,,,,,1.0,
SAN_JUAN_DE_LURIGANCHO,VIENTO_VECTOR,2025-04-07 08:00:00,2025-04-10 05:00:00,70,70,cross_year_vector_analog,False,calm_candidate_conflicts_with_observed_component,0,,3,,,,,,,,,,1.0,2025-04-08T00:00:00|2025-04-08T01:00:00|2025-04-08T07:00:00
SAN_JUAN_DE_LURIGANCHO,VIENTO_VECTOR,2025-04-07 08:00:00,2025-04-10 05:00:00,70,70,interstation_vector_regression,False,insufficient_gap_coverage,0,,3,,SANTA_ANITA,7.4653240754465795,0.0,,,,0.5,TimeSeriesSplit(5) multisalida,,
SAN_JUAN_DE_LURIGANCHO,VIENTO_VECTOR,2025-04-07 08:00:00,2025-04-10 05:00:00,70,70,interstation_vector_regression,False,r2_below_threshold,0,,3,-1.2504130488580807,CERES,9.429216388609277,1.0,7047.0,"[-0.07220261894801394, -0.3370204406907482]","[[0.6380474932617379, 0.9964959514721488], [-0.10380141064927667, -0.4666687298991079]]",0.5,TimeSeriesSplit(5) multisalida,,
SAN_JUAN_DE_LURIGANCHO,VIENTO_VECTOR,2025-04-07 08:00:00,2025-04-10 05:00:00,70,70,interstation_vector_regression,False,r2_below_threshold,0,,3,-1.116639339354385,CARABAYLLO,9.593975224056559,1.0,6775.0,"[-0.47994722645075205, -0.23558945647015422]","[[1.3043965739301941, 1.2910569710873347], [-0.5205484736307412, -0.20062954408102732]]",0.5,TimeSeriesSplit(5) multisalida,,
SAN_JUAN_DE_LURIGANCHO,VIENTO_VECTOR,2025-04-07 08:00:00,2025-04-10 05:00:00,70,70,interstation_vector_regression,False,r2_below_threshold,0,,3,-1.3621975320050008,SAN_MARTIN_DE_PORRES,9.75182688225575,1.0,7022.0,"[-0.22324650724074546, -0.38932956327374457]","[[0.3642119079219212, 0.611401927491485], [-0.08397048602893663, -0.16333947748576433]]",0.5,TimeSeriesSplit(5) multisalida,,
SAN_JUAN_DE_LURIGANCHO,VIENTO_VECTOR,2025-04-07 08:00:00,2025-04-10 05:00:00,70,70,interstation_vector_regression,False,r2_below_threshold,0,,3,-1.4264838051169741,CAMPO_DE_MARTE,10.979336409143984,1.0,6958.0,"[-0.33766372108840803, -0.26393964422885025]","[[0.9221922133777543, 0.40169055512710705], [-0.42807090936805836, -0.06770779455417039]]",0.5,TimeSeriesSplit(5) multisalida,,
SAN_JUAN_DE_LURIGANCHO,VIENTO_VECTOR,2025-04-07 08:00:00,2025-04-10 05:00:00,70,70,interstation_vector_regression,False,r2_below_threshold,0,,3,-2.1139152858500103,SAN_BORJA,14.1460220348316,1.0,6828.0,"[0.3543860109431772, -0.47143092266841735]","[[0.7547673255855715, 0.13991635051322784], [-0.41626514649765245, -0.19523022668211273]]",0.5,TimeSeriesSplit(5) multisalida,,
SAN_JUAN_DE_LURIGANCHO,VIENTO_VECTOR,2025-04-07 08:00:00,2025-04-10 05:00:00,70,70,unimputable,False,no_vector_method_available,0,,3,,,,,,,,,,,
SAN_JUAN_DE_LURIGANCHO,VEL_VIENTO,2025-04-10 08:00:00,2025-04-11 05:00:00,22,22,cross_year_vector_analog,True,,22,2025-04-10T08:00:00|2025-04-10T09:00:00|2025-04-10T10:00:00|2025-04-10T11:00:00|2025-04-10T12:00:00|2025-04-10T13:00:00|2025-04-10T14:00:00|2025-04-10T15:00:00|2025-04-10T16:00:00|2025-04-10T17:00:00|2025-04-10T18:00:00|2025-04-10T19:00:00|2025-04-10T20:00:00|2025-04-10T21:00:00|2025-04-10T22:00:00|2025-04-10T23:00:00|2025-04-11T00:00:00|2025-04-11T01:00:00|2025-04-11T02:00:00|2025-04-11T03:00:00|2025-04-11T04:00:00|2025-04-11T05:00:00,0,,,,,,,,,,1.0,
SAN_JUAN_DE_LURIGANCHO,VEL_VIENTO,2025-04-11 08:00:00,2025-04-15 02:00:00,91,91,cross_year_vector_analog,True,,85,2025-04-11T08:00:00|2025-04-11T09:00:00|2025-04-11T10:00:00|2025-04-11T11:00:00|2025-04-11T12:00:00|2025-04-11T13:00:00|2025-04-11T14:00:00|2025-04-11T15:00:00|2025-04-11T16:00:00|2025-04-11T17:00:00|2025-04-11T18:00:00|2025-04-11T19:00:00|2025-04-11T20:00:00|2025-04-11T21:00:00|2025-04-11T22:00:00|2025-04-11T23:00:00|2025-04-12T00:00:00|2025-04-12T01:00:00|2025-04-12T02:00:00|2025-04-12T03:00:00|2025-04-12T04:00:00|2025-04-12T05:00:00|2025-04-12T06:00:00|2025-04-12T07:00:00|2025-04-12T08:00:00|2025-04-12T09:00:00|2025-04-12T10:00:00|2025-04-12T11:00:00|2025-04-12T12:00:00|2025-04-12T13:00:00|2025-04-12T14:00:00|2025-04-12T15:00:00|2025-04-12T16:00:00|2025-04-12T17:00:00|2025-04-12T18:00:00|2025-04-12T19:00:00|2025-04-12T20:00:00|2025-04-12T21:00:00|2025-04-12T22:00:00|2025-04-12T23:00:00|2025-04-13T00:00:00|2025-04-13T01:00:00|2025-04-13T02:00:00|2025-04-13T03:00:00|2025-04-13T04:00:00|2025-04-13T06:00:00|2025-04-13T07:00:00|2025-04-13T08:00:00|2025-04-13T09:00:00|2025-04-13T10:00:00|2025-04-13T11:00:00|2025-04-13T12:00:00|2025-04-13T13:00:00|2025-04-13T14:00:00|2025-04-13T15:00:00|2025-04-13T16:00:00|2025-04-13T17:00:00|2025-04-13T18:00:00|2025-04-13T19:00:00|2025-04-13T20:00:00|2025-04-13T21:00:00|2025-04-13T22:00:00|2025-04-13T23:00:00|2025-04-14T00:00:00|2025-04-14T01:00:00|2025-04-14T02:00:00|2025-04-14T03:00:00|2025-04-14T04:00:00|2025-04-14T05:00:00|2025-04-14T06:00:00|2025-04-14T07:00:00|2025-04-14T08:00:00|2025-04-14T09:00:00|2025-04-14T10:00:00|2025-04-14T16:00:00|2025-04-14T17:00:00|2025-04-14T18:00:00|2025-04-14T19:00:00|2025-04-14T20:00:00|2025-04-14T21:00:00|2025-04-14T22:00:00|2025-04-14T23:00:00|2025-04-15T00:00:00|2025-04-15T01:00:00|2025-04-15T02:00:00,6,,,,,,,,,,1.0,
SAN_JUAN_DE_LURIGANCHO,VIENTO_VECTOR,2025-04-11 08:00:00,2025-04-15 02:00:00,91,91,cross_year_vector_analog,False,calm_candidate_conflicts_with_observed_component,0,,6,,,,,,,,,,1.0,2025-04-13T05:00:00
SAN_JUAN_DE_LURIGANCHO,VIENTO_VECTOR,2025-04-11 08:00:00,2025-04-15 02:00:00,91,91,interstation_vector_regression,False,insufficient_gap_coverage,0,,6,,SANTA_ANITA,7.4653240754465795,0.0,,,,0.5,TimeSeriesSplit(5) multisalida,,
SAN_JUAN_DE_LURIGANCHO,VIENTO_VECTOR,2025-04-11 08:00:00,2025-04-15 02:00:00,91,91,interstation_vector_regression,False,r2_below_threshold,0,,6,-1.2504130488580807,CERES,9.429216388609277,1.0,7047.0,"[-0.07220261894801394, -0.3370204406907482]","[[0.6380474932617379, 0.9964959514721488], [-0.10380141064927667, -0.4666687298991079]]",0.5,TimeSeriesSplit(5) multisalida,,
SAN_JUAN_DE_LURIGANCHO,VIENTO_VECTOR,2025-04-11 08:00:00,2025-04-15 02:00:00,91,91,interstation_vector_regression,False,r2_below_threshold,0,,6,-1.116639339354385,CARABAYLLO,9.593975224056559,1.0,6775.0,"[-0.47994722645075205, -0.23558945647015422]","[[1.3043965739301941, 1.2910569710873347], [-0.5205484736307412, -0.20062954408102732]]",0.5,TimeSeriesSplit(5) multisalida,,
SAN_JUAN_DE_LURIGANCHO,VIENTO_VECTOR,2025-04-11 08:00:00,2025-04-15 02:00:00,91,91,interstation_vector_regression,False,r2_below_threshold,0,,6,-1.3621975320050008,SAN_MARTIN_DE_PORRES,9.75182688225575,1.0,7022.0,"[-0.22324650724074546, -0.38932956327374457]","[[0.3642119079219212, 0.611401927491485], [-0.08397048602893663, -0.16333947748576433]]",0.5,TimeSeriesSplit(5) multisalida,,
SAN_JUAN_DE_LURIGANCHO,VIENTO_VECTOR,2025-04-11 08:00:00,2025-04-15 02:00:00,91,91,interstation_vector_regression,False,r2_below_threshold,0,,6,-1.4264838051169741,CAMPO_DE_MARTE,10.979336409143984,1.0,6958.0,"[-0.33766372108840803, -0.26393964422885025]","[[0.9221922133777543, 0.40169055512710705], [-0.42807090936805836, -0.06770779455417039]]",0.5,TimeSeriesSplit(5) multisalida,,
SAN_JUAN_DE_LURIGANCHO,VIENTO_VECTOR,2025-04-11 08:00:00,2025-04-15 02:00:00,91,91,interstation_vector_regression,False,r2_below_threshold,0,,6,-2.1139152858500103,SAN_BORJA,14.1460220348316,1.0,6828.0,"[0.3543860109431772, -0.47143092266841735]","[[0.7547673255855715, 0.13991635051322784], [-0.41626514649765245, -0.19523022668211273]]",0.5,TimeSeriesSplit(5) multisalida,,
SAN_JUAN_DE_LURIGANCHO,VIENTO_VECTOR,2025-04-11 08:00:00,2025-04-15 02:00:00,91,91,unimputable,False,no_vector_method_available,0,,6,,,,,,,,,,,
SAN_JUAN_DE_LURIGANCHO,VEL_VIENTO,2025-04-15 08:00:00,2025-04-16 04:00:00,21,21,cross_year_vector_analog,True,,20,2025-04-15T08:00:00|2025-04-15T09:00:00|2025-04-15T10:00:00|2025-04-15T11:00:00|2025-04-15T12:00:00|2025-04-15T13:00:00|2025-04-15T14:00:00|2025-04-15T15:00:00|2025-04-15T16:00:00|2025-04-15T17:00:00|2025-04-15T18:00:00|2025-04-15T19:00:00|2025-04-15T20:00:00|2025-04-15T21:00:00|2025-04-15T22:00:00|2025-04-15T23:00:00|2025-04-16T00:00:00|2025-04-16T01:00:00|2025-04-16T02:00:00|2025-04-16T04:00:00,1,,,,,,,,,,1.0,
SAN_JUAN_DE_LURIGANCHO,VIENTO_VECTOR,2025-04-15 08:00:00,2025-04-16 04:00:00,21,21,cross_year_vector_analog,False,calm_candidate_conflicts_with_observed_component,0,,1,,,,,,,,,,1.0,2025-04-16T03:00:00
SAN_JUAN_DE_LURIGANCHO,VIENTO_VECTOR,2025-04-15 08:00:00,2025-04-16 04:00:00,21,21,interstation_vector_regression,False,insufficient_gap_coverage,0,,1,,SANTA_ANITA,7.4653240754465795,0.0,,,,0.5,TimeSeriesSplit(5) multisalida,,
SAN_JUAN_DE_LURIGANCHO,VIENTO_VECTOR,2025-04-15 08:00:00,2025-04-16 04:00:00,21,21,interstation_vector_regression,False,r2_below_threshold,0,,1,-1.2504130488580807,CERES,9.429216388609277,1.0,7047.0,"[-0.07220261894801394, -0.3370204406907482]","[[0.6380474932617379, 0.9964959514721488], [-0.10380141064927667, -0.4666687298991079]]",0.5,TimeSeriesSplit(5) multisalida,,
SAN_JUAN_DE_LURIGANCHO,VIENTO_VECTOR,2025-04-15 08:00:00,2025-04-16 04:00:00,21,21,interstation_vector_regression,False,r2_below_threshold,0,,1,-1.116639339354385,CARABAYLLO,9.593975224056559,1.0,6775.0,"[-0.47994722645075205, -0.23558945647015422]","[[1.3043965739301941, 1.2910569710873347], [-0.5205484736307412, -0.20062954408102732]]",0.5,TimeSeriesSplit(5) multisalida,,
SAN_JUAN_DE_LURIGANCHO,VIENTO_VECTOR,2025-04-15 08:00:00,2025-04-16 04:00:00,21,21,interstation_vector_regression,False,r2_below_threshold,0,,1,-1.3621975320050008,SAN_MARTIN_DE_PORRES,9.75182688225575,1.0,7022.0,"[-0.22324650724074546, -0.38932956327374457]","[[0.3642119079219212, 0.611401927491485], [-0.08397048602893663, -0.16333947748576433]]",0.5,TimeSeriesSplit(5) multisalida,,
SAN_JUAN_DE_LURIGANCHO,VIENTO_VECTOR,2025-04-15 08:00:00,2025-04-16 04:00:00,21,21,interstation_vector_regression,False,r2_below_threshold,0,,1,-1.4264838051169741,CAMPO_DE_MARTE,10.979336409143984,1.0,6958.0,"[-0.33766372108840803, -0.26393964422885025]","[[0.9221922133777543, 0.40169055512710705], [-0.42807090936805836, -0.06770779455417039]]",0.5,TimeSeriesSplit(5) multisalida,,
SAN_JUAN_DE_LURIGANCHO,VIENTO_VECTOR,2025-04-15 08:00:00,2025-04-16 04:00:00,21,21,interstation_vector_regression,False,r2_below_threshold,0,,1,-2.1139152858500103,SAN_BORJA,14.1460220348316,1.0,6828.0,"[0.3543860109431772, -0.47143092266841735]","[[0.7547673255855715, 0.13991635051322784], [-0.41626514649765245, -0.19523022668211273]]",0.5,TimeSeriesSplit(5) multisalida,,
SAN_JUAN_DE_LURIGANCHO,VIENTO_VECTOR,2025-04-15 08:00:00,2025-04-16 04:00:00,21,21,unimputable,False,no_vector_method_available,0,,1,,,,,,,,,,,
SAN_JUAN_DE_LURIGANCHO,VEL_VIENTO,2025-04-16 08:00:00,2025-04-17 06:00:00,23,23,cross_year_vector_analog,True,,22,2025-04-16T08:00:00|2025-04-16T09:00:00|2025-04-16T10:00:00|2025-04-16T11:00:00|2025-04-16T12:00:00|2025-04-16T13:00:00|2025-04-16T14:00:00|2025-04-16T15:00:00|2025-04-16T16:00:00|2025-04-16T17:00:00|2025-04-16T18:00:00|2025-04-16T19:00:00|2025-04-16T20:00:00|2025-04-16T22:00:00|2025-04-16T23:00:00|2025-04-17T00:00:00|2025-04-17T01:00:00|2025-04-17T02:00:00|2025-04-17T03:00:00|2025-04-17T04:00:00|2025-04-17T05:00:00|2025-04-17T06:00:00,1,,,,,,,,,,1.0,
SAN_JUAN_DE_LURIGANCHO,VIENTO_VECTOR,2025-04-16 08:00:00,2025-04-17 06:00:00,23,23,cross_year_vector_analog,False,calm_candidate_conflicts_with_observed_component,0,,1,,,,,,,,,,1.0,2025-04-16T21:00:00
SAN_JUAN_DE_LURIGANCHO,VIENTO_VECTOR,2025-04-16 08:00:00,2025-04-17 06:00:00,23,23,interstation_vector_regression,False,insufficient_gap_coverage,0,,1,,SANTA_ANITA,7.4653240754465795,0.0,,,,0.5,TimeSeriesSplit(5) multisalida,,
SAN_JUAN_DE_LURIGANCHO,VIENTO_VECTOR,2025-04-16 08:00:00,2025-04-17 06:00:00,23,23,interstation_vector_regression,False,r2_below_threshold,0,,1,-1.2504130488580807,CERES,9.429216388609277,1.0,7047.0,"[-0.07220261894801394, -0.3370204406907482]","[[0.6380474932617379, 0.9964959514721488], [-0.10380141064927667, -0.4666687298991079]]",0.5,TimeSeriesSplit(5) multisalida,,
SAN_JUAN_DE_LURIGANCHO,VIENTO_VECTOR,2025-04-16 08:00:00,2025-04-17 06:00:00,23,23,interstation_vector_regression,False,r2_below_threshold,0,,1,-1.116639339354385,CARABAYLLO,9.593975224056559,1.0,6775.0,"[-0.47994722645075205, -0.23558945647015422]","[[1.3043965739301941, 1.2910569710873347], [-0.5205484736307412, -0.20062954408102732]]",0.5,TimeSeriesSplit(5) multisalida,,
SAN_JUAN_DE_LURIGANCHO,VIENTO_VECTOR,2025-04-16 08:00:00,2025-04-17 06:00:00,23,23,interstation_vector_regression,False,r2_below_threshold,0,,1,-1.3621975320050008,SAN_MARTIN_DE_PORRES,9.75182688225575,1.0,7022.0,"[-0.22324650724074546, -0.38932956327374457]","[[0.3642119079219212, 0.611401927491485], [-0.08397048602893663, -0.16333947748576433]]",0.5,TimeSeriesSplit(5) multisalida,,
SAN_JUAN_DE_LURIGANCHO,VIENTO_VECTOR,2025-04-16 08:00:00,2025-04-17 06:00:00,23,23,interstation_vector_regression,False,r2_below_threshold,0,,1,-1.4264838051169741,CAMPO_DE_MARTE,10.979336409143984,1.0,6958.0,"[-0.33766372108840803, -0.26393964422885025]","[[0.9221922133777543, 0.40169055512710705], [-0.42807090936805836, -0.06770779455417039]]",0.5,TimeSeriesSplit(5) multisalida,,
SAN_JUAN_DE_LURIGANCHO,VIENTO_VECTOR,2025-04-16 08:00:00,2025-04-17 06:00:00,23,23,interstation_vector_regression,False,r2_below_threshold,0,,1,-2.1139152858500103,SAN_BORJA,14.1460220348316,1.0,6828.0,"[0.3543860109431772, -0.47143092266841735]","[[0.7547673255855715, 0.13991635051322784], [-0.41626514649765245, -0.19523022668211273]]",0.5,TimeSeriesSplit(5) multisalida,,
SAN_JUAN_DE_LURIGANCHO,VIENTO_VECTOR,2025-04-16 08:00:00,2025-04-17 06:00:00,23,23,unimputable,False,no_vector_method_available,0,,1,,,,,,,,,,,
SAN_JUAN_DE_LURIGANCHO,VEL_VIENTO,2025-04-17 08:00:00,2025-04-18 05:00:00,22,22,cross_year_vector_analog,True,,21,2025-04-17T08:00:00|2025-04-17T09:00:00|2025-04-17T10:00:00|2025-04-17T11:00:00|2025-04-17T12:00:00|2025-04-17T13:00:00|2025-04-17T14:00:00|2025-04-17T15:00:00|2025-04-17T16:00:00|2025-04-17T17:00:00|2025-04-17T18:00:00|2025-04-17T19:00:00|2025-04-17T20:00:00|2025-04-17T21:00:00|2025-04-17T22:00:00|2025-04-17T23:00:00|2025-04-18T00:00:00|2025-04-18T02:00:00|2025-04-18T03:00:00|2025-04-18T04:00:00|2025-04-18T05:00:00,1,,,,,,,,,,1.0,
SAN_JUAN_DE_LURIGANCHO,VIENTO_VECTOR,2025-04-17 08:00:00,2025-04-18 05:00:00,22,22,cross_year_vector_analog,False,calm_candidate_conflicts_with_observed_component,0,,1,,,,,,,,,,1.0,2025-04-18T01:00:00
SAN_JUAN_DE_LURIGANCHO,VIENTO_VECTOR,2025-04-17 08:00:00,2025-04-18 05:00:00,22,22,interstation_vector_regression,False,insufficient_gap_coverage,0,,1,,SANTA_ANITA,7.4653240754465795,0.0,,,,0.5,TimeSeriesSplit(5) multisalida,,
SAN_JUAN_DE_LURIGANCHO,VIENTO_VECTOR,2025-04-17 08:00:00,2025-04-18 05:00:00,22,22,interstation_vector_regression,False,r2_below_threshold,0,,1,-1.2504130488580807,CERES,9.429216388609277,1.0,7047.0,"[-0.07220261894801394, -0.3370204406907482]","[[0.6380474932617379, 0.9964959514721488], [-0.10380141064927667, -0.4666687298991079]]",0.5,TimeSeriesSplit(5) multisalida,,
SAN_JUAN_DE_LURIGANCHO,VIENTO_VECTOR,2025-04-17 08:00:00,2025-04-18 05:00:00,22,22,interstation_vector_regression,False,r2_below_threshold,0,,1,-1.116639339354385,CARABAYLLO,9.593975224056559,1.0,6775.0,"[-0.47994722645075205, -0.23558945647015422]","[[1.3043965739301941, 1.2910569710873347], [-0.5205484736307412, -0.20062954408102732]]",0.5,TimeSeriesSplit(5) multisalida,,
SAN_JUAN_DE_LURIGANCHO,VIENTO_VECTOR,2025-04-17 08:00:00,2025-04-18 05:00:00,22,22,interstation_vector_regression,False,r2_below_threshold,0,,1,-1.3621975320050008,SAN_MARTIN_DE_PORRES,9.75182688225575,1.0,7022.0,"[-0.22324650724074546, -0.38932956327374457]","[[0.3642119079219212, 0.611401927491485], [-0.08397048602893663, -0.16333947748576433]]",0.5,TimeSeriesSplit(5) multisalida,,
SAN_JUAN_DE_LURIGANCHO,VIENTO_VECTOR,2025-04-17 08:00:00,2025-04-18 05:00:00,22,22,interstation_vector_regression,False,r2_below_threshold,0,,1,-1.4264838051169741,CAMPO_DE_MARTE,10.979336409143984,1.0,6958.0,"[-0.33766372108840803, -0.26393964422885025]","[[0.9221922133777543, 0.40169055512710705], [-0.42807090936805836, -0.06770779455417039]]",0.5,TimeSeriesSplit(5) multisalida,,
SAN_JUAN_DE_LURIGANCHO,VIENTO_VECTOR,2025-04-17 08:00:00,2025-04-18 05:00:00,22,22,interstation_vector_regression,False,r2_below_threshold,0,,1,-2.1139152858500103,SAN_BORJA,14.1460220348316,1.0,6828.0,"[0.3543860109431772, -0.47143092266841735]","[[0.7547673255855715, 0.13991635051322784], [-0.41626514649765245, -0.19523022668211273]]",0.5,TimeSeriesSplit(5) multisalida,,
SAN_JUAN_DE_LURIGANCHO,VIENTO_VECTOR,2025-04-17 08:00:00,2025-04-18 05:00:00,22,22,unimputable,False,no_vector_method_available,0,,1,,,,,,,,,,,
SAN_JUAN_DE_LURIGANCHO,VEL_VIENTO,2025-04-18 07:00:00,2025-04-19 00:00:00,18,18,cross_year_vector_analog,True,,18,2025-04-18T07:00:00|2025-04-18T08:00:00|2025-04-18T09:00:00|2025-04-18T10:00:00|2025-04-18T11:00:00|2025-04-18T12:00:00|2025-04-18T13:00:00|2025-04-18T14:00:00|2025-04-18T15:00:00|2025-04-18T16:00:00|2025-04-18T17:00:00|2025-04-18T18:00:00|2025-04-18T19:00:00|2025-04-18T20:00:00|2025-04-18T21:00:00|2025-04-18T22:00:00|2025-04-18T23:00:00|2025-04-19T00:00:00,0,,,,,,,,,,1.0,
SAN_JUAN_DE_LURIGANCHO,VEL_VIENTO,2025-04-19 03:00:00,2025-04-21 02:00:00,48,48,cross_year_vector_analog,True,,46,2025-04-19T03:00:00|2025-04-19T04:00:00|2025-04-19T05:00:00|2025-04-19T07:00:00|2025-04-19T08:00:00|2025-04-19T09:00:00|2025-04-19T10:00:00|2025-04-19T11:00:00|2025-04-19T12:00:00|2025-04-19T13:00:00|2025-04-19T14:00:00|2025-04-19T15:00:00|2025-04-19T16:00:00|2025-04-19T17:00:00|2025-04-19T18:00:00|2025-04-19T19:00:00|2025-04-19T20:00:00|2025-04-19T21:00:00|2025-04-19T22:00:00|2025-04-19T23:00:00|2025-04-20T00:00:00|2025-04-20T01:00:00|2025-04-20T02:00:00|2025-04-20T04:00:00|2025-04-20T05:00:00|2025-04-20T06:00:00|2025-04-20T07:00:00|2025-04-20T08:00:00|2025-04-20T09:00:00|2025-04-20T10:00:00|2025-04-20T11:00:00|2025-04-20T12:00:00|2025-04-20T13:00:00|2025-04-20T14:00:00|2025-04-20T15:00:00|2025-04-20T16:00:00|2025-04-20T17:00:00|2025-04-20T18:00:00|2025-04-20T19:00:00|2025-04-20T20:00:00|2025-04-20T21:00:00|2025-04-20T22:00:00|2025-04-20T23:00:00|2025-04-21T00:00:00|2025-04-21T01:00:00|2025-04-21T02:00:00,2,,,,,,,,,,1.0,
SAN_JUAN_DE_LURIGANCHO,VIENTO_VECTOR,2025-04-19 03:00:00,2025-04-21 02:00:00,48,48,cross_year_vector_analog,False,calm_candidate_conflicts_with_observed_component,0,,2,,,,,,,,,,1.0,2025-04-19T06:00:00|2025-04-20T03:00:00
SAN_JUAN_DE_LURIGANCHO,VIENTO_VECTOR,2025-04-19 03:00:00,2025-04-21 02:00:00,48,48,interstation_vector_regression,False,insufficient_gap_coverage,0,,2,,SANTA_ANITA,7.4653240754465795,0.0,,,,0.5,TimeSeriesSplit(5) multisalida,,
SAN_JUAN_DE_LURIGANCHO,VIENTO_VECTOR,2025-04-19 03:00:00,2025-04-21 02:00:00,48,48,interstation_vector_regression,False,r2_below_threshold,0,,2,-1.2504130488580807,CERES,9.429216388609277,1.0,7047.0,"[-0.07220261894801394, -0.3370204406907482]","[[0.6380474932617379, 0.9964959514721488], [-0.10380141064927667, -0.4666687298991079]]",0.5,TimeSeriesSplit(5) multisalida,,
SAN_JUAN_DE_LURIGANCHO,VIENTO_VECTOR,2025-04-19 03:00:00,2025-04-21 02:00:00,48,48,interstation_vector_regression,False,r2_below_threshold,0,,2,-1.116639339354385,CARABAYLLO,9.593975224056559,1.0,6775.0,"[-0.47994722645075205, -0.23558945647015422]","[[1.3043965739301941, 1.2910569710873347], [-0.5205484736307412, -0.20062954408102732]]",0.5,TimeSeriesSplit(5) multisalida,,
SAN_JUAN_DE_LURIGANCHO,VIENTO_VECTOR,2025-04-19 03:00:00,2025-04-21 02:00:00,48,48,interstation_vector_regression,False,r2_below_threshold,0,,2,-1.3621975320050008,SAN_MARTIN_DE_PORRES,9.75182688225575,1.0,7022.0,"[-0.22324650724074546, -0.38932956327374457]","[[0.3642119079219212, 0.611401927491485], [-0.08397048602893663, -0.16333947748576433]]",0.5,TimeSeriesSplit(5) multisalida,,
SAN_JUAN_DE_LURIGANCHO,VIENTO_VECTOR,2025-04-19 03:00:00,2025-04-21 02:00:00,48,48,interstation_vector_regression,False,r2_below_threshold,0,,2,-1.4264838051169741,CAMPO_DE_MARTE,10.979336409143984,1.0,6958.0,"[-0.33766372108840803, -0.26393964422885025]","[[0.9221922133777543, 0.40169055512710705], [-0.42807090936805836, -0.06770779455417039]]",0.5,TimeSeriesSplit(5) multisalida,,
SAN_JUAN_DE_LURIGANCHO,VIENTO_VECTOR,2025-04-19 03:00:00,2025-04-21 02:00:00,48,48,interstation_vector_regression,False,r2_below_threshold,0,,2,-2.1139152858500103,SAN_BORJA,14.1460220348316,1.0,6828.0,"[0.3543860109431772, -0.47143092266841735]","[[0.7547673255855715, 0.13991635051322784], [-0.41626514649765245, -0.19523022668211273]]",0.5,TimeSeriesSplit(5) multisalida,,
SAN_JUAN_DE_LURIGANCHO,VIENTO_VECTOR,2025-04-19 03:00:00,2025-04-21 02:00:00,48,48,unimputable,False,no_vector_method_available,0,,2,,,,,,,,,,,
SAN_JUAN_DE_LURIGANCHO,VEL_VIENTO,2025-04-21 07:00:00,2025-04-22 04:00:00,22,22,cross_year_vector_analog,True,,21,2025-04-21T07:00:00|2025-04-21T08:00:00|2025-04-21T09:00:00|2025-04-21T10:00:00|2025-04-21T11:00:00|2025-04-21T12:00:00|2025-04-21T13:00:00|2025-04-21T14:00:00|2025-04-21T15:00:00|2025-04-21T16:00:00|2025-04-21T17:00:00|2025-04-21T18:00:00|2025-04-21T19:00:00|2025-04-21T20:00:00|2025-04-21T21:00:00|2025-04-21T22:00:00|2025-04-21T23:00:00|2025-04-22T01:00:00|2025-04-22T02:00:00|2025-04-22T03:00:00|2025-04-22T04:00:00,1,,,,,,,,,,1.0,
SAN_JUAN_DE_LURIGANCHO,VIENTO_VECTOR,2025-04-21 07:00:00,2025-04-22 04:00:00,22,22,cross_year_vector_analog,False,calm_candidate_conflicts_with_observed_component,0,,1,,,,,,,,,,1.0,2025-04-22T00:00:00
SAN_JUAN_DE_LURIGANCHO,VIENTO_VECTOR,2025-04-21 07:00:00,2025-04-22 04:00:00,22,22,interstation_vector_regression,False,insufficient_gap_coverage,0,,1,,SANTA_ANITA,7.4653240754465795,0.0,,,,0.5,TimeSeriesSplit(5) multisalida,,
SAN_JUAN_DE_LURIGANCHO,VIENTO_VECTOR,2025-04-21 07:00:00,2025-04-22 04:00:00,22,22,interstation_vector_regression,False,r2_below_threshold,0,,1,-1.2504130488580807,CERES,9.429216388609277,1.0,7047.0,"[-0.07220261894801394, -0.3370204406907482]","[[0.6380474932617379, 0.9964959514721488], [-0.10380141064927667, -0.4666687298991079]]",0.5,TimeSeriesSplit(5) multisalida,,
SAN_JUAN_DE_LURIGANCHO,VIENTO_VECTOR,2025-04-21 07:00:00,2025-04-22 04:00:00,22,22,interstation_vector_regression,False,r2_below_threshold,0,,1,-1.116639339354385,CARABAYLLO,9.593975224056559,1.0,6775.0,"[-0.47994722645075205, -0.23558945647015422]","[[1.3043965739301941, 1.2910569710873347], [-0.5205484736307412, -0.20062954408102732]]",0.5,TimeSeriesSplit(5) multisalida,,
SAN_JUAN_DE_LURIGANCHO,VIENTO_VECTOR,2025-04-21 07:00:00,2025-04-22 04:00:00,22,22,interstation_vector_regression,False,r2_below_threshold,0,,1,-1.3621975320050008,SAN_MARTIN_DE_PORRES,9.75182688225575,1.0,7022.0,"[-0.22324650724074546, -0.38932956327374457]","[[0.3642119079219212, 0.611401927491485], [-0.08397048602893663, -0.16333947748576433]]",0.5,TimeSeriesSplit(5) multisalida,,
SAN_JUAN_DE_LURIGANCHO,VIENTO_VECTOR,2025-04-21 07:00:00,2025-04-22 04:00:00,22,22,interstation_vector_regression,False,r2_below_threshold,0,,1,-1.4264838051169741,CAMPO_DE_MARTE,10.979336409143984,1.0,6958.0,"[-0.33766372108840803, -0.26393964422885025]","[[0.9221922133777543, 0.40169055512710705], [-0.42807090936805836, -0.06770779455417039]]",0.5,TimeSeriesSplit(5) multisalida,,
SAN_JUAN_DE_LURIGANCHO,VIENTO_VECTOR,2025-04-21 07:00:00,2025-04-22 04:00:00,22,22,interstation_vector_regression,False,r2_below_threshold,0,,1,-2.1139152858500103,SAN_BORJA,14.1460220348316,1.0,6828.0,"[0.3543860109431772, -0.47143092266841735]","[[0.7547673255855715, 0.13991635051322784], [-0.41626514649765245, -0.19523022668211273]]",0.5,TimeSeriesSplit(5) multisalida,,
SAN_JUAN_DE_LURIGANCHO,VIENTO_VECTOR,2025-04-21 07:00:00,2025-04-22 04:00:00,22,22,unimputable,False,no_vector_method_available,0,,1,,,,,,,,,,,
SAN_JUAN_DE_LURIGANCHO,VEL_VIENTO,2025-04-22 08:00:00,2025-04-23 02:00:00,19,19,cross_year_vector_analog,True,,19,2025-04-22T08:00:00|2025-04-22T09:00:00|2025-04-22T10:00:00|2025-04-22T11:00:00|2025-04-22T12:00:00|2025-04-22T13:00:00|2025-04-22T14:00:00|2025-04-22T15:00:00|2025-04-22T16:00:00|2025-04-22T17:00:00|2025-04-22T18:00:00|2025-04-22T19:00:00|2025-04-22T20:00:00|2025-04-22T21:00:00|2025-04-22T22:00:00|2025-04-22T23:00:00|2025-04-23T00:00:00|2025-04-23T01:00:00|2025-04-23T02:00:00,0,,,,,,,,,,1.0,
SAN_JUAN_DE_LURIGANCHO,VEL_VIENTO,2025-04-23 08:00:00,2025-04-30 03:00:00,164,164,weekly_vector_seasonal,True,,3,2025-04-24T07:00:00|2025-04-25T06:00:00|2025-04-29T07:00:00,161,,,,,,,,,,3.0,
SAN_JUAN_DE_LURIGANCHO,VEL_VIENTO,2025-04-23 08:00:00,2025-04-30 03:00:00,164,164,cross_year_vector_analog,True,,159,2025-04-23T08:00:00|2025-04-23T09:00:00|2025-04-23T10:00:00|2025-04-23T11:00:00|2025-04-23T12:00:00|2025-04-23T13:00:00|2025-04-23T14:00:00|2025-04-23T15:00:00|2025-04-23T16:00:00|2025-04-23T17:00:00|2025-04-23T18:00:00|2025-04-23T19:00:00|2025-04-23T20:00:00|2025-04-23T21:00:00|2025-04-23T22:00:00|2025-04-23T23:00:00|2025-04-24T00:00:00|2025-04-24T01:00:00|2025-04-24T02:00:00|2025-04-24T03:00:00|2025-04-24T04:00:00|2025-04-24T05:00:00|2025-04-24T06:00:00|2025-04-24T08:00:00|2025-04-24T09:00:00|2025-04-24T10:00:00|2025-04-24T11:00:00|2025-04-24T12:00:00|2025-04-24T13:00:00|2025-04-24T14:00:00|2025-04-24T15:00:00|2025-04-24T16:00:00|2025-04-24T17:00:00|2025-04-24T18:00:00|2025-04-24T19:00:00|2025-04-24T20:00:00|2025-04-24T21:00:00|2025-04-24T22:00:00|2025-04-24T23:00:00|2025-04-25T00:00:00|2025-04-25T01:00:00|2025-04-25T02:00:00|2025-04-25T03:00:00|2025-04-25T04:00:00|2025-04-25T05:00:00|2025-04-25T07:00:00|2025-04-25T08:00:00|2025-04-25T09:00:00|2025-04-25T10:00:00|2025-04-25T11:00:00|2025-04-25T12:00:00|2025-04-25T13:00:00|2025-04-25T14:00:00|2025-04-25T15:00:00|2025-04-25T16:00:00|2025-04-25T17:00:00|2025-04-25T18:00:00|2025-04-25T19:00:00|2025-04-25T20:00:00|2025-04-25T21:00:00|2025-04-25T22:00:00|2025-04-25T23:00:00|2025-04-26T00:00:00|2025-04-26T01:00:00|2025-04-26T02:00:00|2025-04-26T03:00:00|2025-04-26T04:00:00|2025-04-26T05:00:00|2025-04-26T06:00:00|2025-04-26T07:00:00|2025-04-26T08:00:00|2025-04-26T09:00:00|2025-04-26T10:00:00|2025-04-26T11:00:00|2025-04-26T12:00:00|2025-04-26T13:00:00|2025-04-26T14:00:00|2025-04-26T15:00:00|2025-04-26T16:00:00|2025-04-26T17:00:00|2025-04-26T18:00:00|2025-04-26T19:00:00|2025-04-26T20:00:00|2025-04-26T21:00:00|2025-04-26T22:00:00|2025-04-26T23:00:00|2025-04-27T00:00:00|2025-04-27T02:00:00|2025-04-27T03:00:00|2025-04-27T04:00:00|2025-04-27T05:00:00|2025-04-27T06:00:00|2025-04-27T07:00:00|2025-04-27T08:00:00|2025-04-27T09:00:00|2025-04-27T10:00:00|2025-04-27T11:00:00|2025-04-27T12:00:00|2025-04-27T13:00:00|2025-04-27T14:00:00|2025-04-27T15:00:00|2025-04-27T16:00:00|2025-04-27T17:00:00|2025-04-27T18:00:00|2025-04-27T19:00:00|2025-04-27T20:00:00|2025-04-27T21:00:00|2025-04-27T22:00:00|2025-04-27T23:00:00|2025-04-28T00:00:00|2025-04-28T01:00:00|2025-04-28T02:00:00|2025-04-28T03:00:00|2025-04-28T05:00:00|2025-04-28T06:00:00|2025-04-28T07:00:00|2025-04-28T08:00:00|2025-04-28T09:00:00|2025-04-28T10:00:00|2025-04-28T11:00:00|2025-04-28T12:00:00|2025-04-28T13:00:00|2025-04-28T14:00:00|2025-04-28T15:00:00|2025-04-28T16:00:00|2025-04-28T17:00:00|2025-04-28T18:00:00|2025-04-28T19:00:00|2025-04-28T20:00:00|2025-04-28T21:00:00|2025-04-28T22:00:00|2025-04-28T23:00:00|2025-04-29T00:00:00|2025-04-29T01:00:00|2025-04-29T02:00:00|2025-04-29T03:00:00|2025-04-29T04:00:00|2025-04-29T05:00:00|2025-04-29T06:00:00|2025-04-29T08:00:00|2025-04-29T09:00:00|2025-04-29T10:00:00|2025-04-29T11:00:00|2025-04-29T12:00:00|2025-04-29T13:00:00|2025-04-29T14:00:00|2025-04-29T15:00:00|2025-04-29T16:00:00|2025-04-29T17:00:00|2025-04-29T18:00:00|2025-04-29T19:00:00|2025-04-29T20:00:00|2025-04-29T21:00:00|2025-04-29T22:00:00|2025-04-29T23:00:00|2025-04-30T00:00:00|2025-04-30T01:00:00|2025-04-30T02:00:00|2025-04-30T03:00:00,2,,,,,,,,,,1.0,
SAN_JUAN_DE_LURIGANCHO,VIENTO_VECTOR,2025-04-23 08:00:00,2025-04-30 03:00:00,164,164,cross_year_vector_analog,False,calm_candidate_conflicts_with_observed_component,0,,2,,,,,,,,,,1.0,2025-04-27T01:00:00|2025-04-28T04:00:00
SAN_JUAN_DE_LURIGANCHO,VIENTO_VECTOR,2025-04-23 08:00:00,2025-04-30 03:00:00,164,164,interstation_vector_regression,False,insufficient_gap_coverage,0,,2,,SANTA_ANITA,7.4653240754465795,0.0,,,,0.5,TimeSeriesSplit(5) multisalida,,
SAN_JUAN_DE_LURIGANCHO,VIENTO_VECTOR,2025-04-23 08:00:00,2025-04-30 03:00:00,164,164,interstation_vector_regression,False,r2_below_threshold,0,,2,-1.2504130488580807,CERES,9.429216388609277,1.0,7047.0,"[-0.07220261894801394, -0.3370204406907482]","[[0.6380474932617379, 0.9964959514721488], [-0.10380141064927667, -0.4666687298991079]]",0.5,TimeSeriesSplit(5) multisalida,,
SAN_JUAN_DE_LURIGANCHO,VIENTO_VECTOR,2025-04-23 08:00:00,2025-04-30 03:00:00,164,164,interstation_vector_regression,False,r2_below_threshold,0,,2,-1.116639339354385,CARABAYLLO,9.593975224056559,1.0,6775.0,"[-0.47994722645075205, -0.23558945647015422]","[[1.3043965739301941, 1.2910569710873347], [-0.5205484736307412, -0.20062954408102732]]",0.5,TimeSeriesSplit(5) multisalida,,
SAN_JUAN_DE_LURIGANCHO,VIENTO_VECTOR,2025-04-23 08:00:00,2025-04-30 03:00:00,164,164,interstation_vector_regression,False,r2_below_threshold,0,,2,-1.3621975320050008,SAN_MARTIN_DE_PORRES,9.75182688225575,1.0,7022.0,"[-0.22324650724074546, -0.38932956327374457]","[[0.3642119079219212, 0.611401927491485], [-0.08397048602893663, -0.16333947748576433]]",0.5,TimeSeriesSplit(5) multisalida,,
SAN_JUAN_DE_LURIGANCHO,VIENTO_VECTOR,2025-04-23 08:00:00,2025-04-30 03:00:00,164,164,interstation_vector_regression,False,r2_below_threshold,0,,2,-1.4264838051169741,CAMPO_DE_MARTE,10.979336409143984,1.0,6958.0,"[-0.33766372108840803, -0.26393964422885025]","[[0.9221922133777543, 0.40169055512710705], [-0.42807090936805836, -0.06770779455417039]]",0.5,TimeSeriesSplit(5) multisalida,,
SAN_JUAN_DE_LURIGANCHO,VIENTO_VECTOR,2025-04-23 08:00:00,2025-04-30 03:00:00,164,164,interstation_vector_regression,False,r2_below_threshold,0,,2,-2.1139152858500103,SAN_BORJA,14.1460220348316,1.0,6828.0,"[0.3543860109431772, -0.47143092266841735]","[[0.7547673255855715, 0.13991635051322784], [-0.41626514649765245, -0.19523022668211273]]",0.5,TimeSeriesSplit(5) multisalida,,
SAN_JUAN_DE_LURIGANCHO,VIENTO_VECTOR,2025-04-23 08:00:00,2025-04-30 03:00:00,164,164,unimputable,False,no_vector_method_available,0,,2,,,,,,,,,,,
SAN_JUAN_DE_LURIGANCHO,VEL_VIENTO,2025-04-30 08:00:00,2025-05-07 21:00:00,182,182,weekly_vector_seasonal,True,,13,2025-05-02T06:00:00|2025-05-03T01:00:00|2025-05-03T02:00:00|2025-05-05T03:00:00|2025-05-05T04:00:00|2025-05-05T05:00:00|2025-05-05T06:00:00|2025-05-06T07:00:00|2025-05-07T03:00:00|2025-05-07T04:00:00|2025-05-07T05:00:00|2025-05-07T06:00:00|2025-05-07T07:00:00,169,,,,,,,,,,3.0,
SAN_JUAN_DE_LURIGANCHO,VEL_VIENTO,2025-04-30 08:00:00,2025-05-07 21:00:00,182,182,cross_year_vector_analog,True,,164,2025-04-30T08:00:00|2025-04-30T09:00:00|2025-04-30T10:00:00|2025-04-30T11:00:00|2025-04-30T12:00:00|2025-04-30T13:00:00|2025-04-30T14:00:00|2025-04-30T15:00:00|2025-04-30T16:00:00|2025-04-30T17:00:00|2025-04-30T18:00:00|2025-04-30T19:00:00|2025-04-30T20:00:00|2025-04-30T21:00:00|2025-04-30T22:00:00|2025-04-30T23:00:00|2025-05-01T00:00:00|2025-05-01T01:00:00|2025-05-01T02:00:00|2025-05-01T03:00:00|2025-05-01T07:00:00|2025-05-01T08:00:00|2025-05-01T09:00:00|2025-05-01T10:00:00|2025-05-01T11:00:00|2025-05-01T12:00:00|2025-05-01T13:00:00|2025-05-01T14:00:00|2025-05-01T15:00:00|2025-05-01T16:00:00|2025-05-01T17:00:00|2025-05-01T18:00:00|2025-05-01T19:00:00|2025-05-01T20:00:00|2025-05-01T21:00:00|2025-05-01T22:00:00|2025-05-01T23:00:00|2025-05-02T00:00:00|2025-05-02T01:00:00|2025-05-02T02:00:00|2025-05-02T03:00:00|2025-05-02T04:00:00|2025-05-02T05:00:00|2025-05-02T07:00:00|2025-05-02T08:00:00|2025-05-02T09:00:00|2025-05-02T10:00:00|2025-05-02T11:00:00|2025-05-02T12:00:00|2025-05-02T13:00:00|2025-05-02T14:00:00|2025-05-02T15:00:00|2025-05-02T16:00:00|2025-05-02T17:00:00|2025-05-02T18:00:00|2025-05-02T19:00:00|2025-05-02T20:00:00|2025-05-02T21:00:00|2025-05-02T22:00:00|2025-05-02T23:00:00|2025-05-03T00:00:00|2025-05-03T03:00:00|2025-05-03T04:00:00|2025-05-03T05:00:00|2025-05-03T06:00:00|2025-05-03T07:00:00|2025-05-03T08:00:00|2025-05-03T09:00:00|2025-05-03T10:00:00|2025-05-03T11:00:00|2025-05-03T12:00:00|2025-05-03T13:00:00|2025-05-03T14:00:00|2025-05-03T15:00:00|2025-05-03T16:00:00|2025-05-03T17:00:00|2025-05-03T18:00:00|2025-05-03T19:00:00|2025-05-03T20:00:00|2025-05-03T21:00:00|2025-05-03T22:00:00|2025-05-03T23:00:00|2025-05-04T00:00:00|2025-05-04T01:00:00|2025-05-04T02:00:00|2025-05-04T03:00:00|2025-05-04T04:00:00|2025-05-04T05:00:00|2025-05-04T06:00:00|2025-05-04T07:00:00|2025-05-04T08:00:00|2025-05-04T09:00:00|2025-05-04T10:00:00|2025-05-04T11:00:00|2025-05-04T12:00:00|2025-05-04T13:00:00|2025-05-04T14:00:00|2025-05-04T15:00:00|2025-05-04T16:00:00|2025-05-04T17:00:00|2025-05-04T18:00:00|2025-05-04T19:00:00|2025-05-04T20:00:00|2025-05-04T21:00:00|2025-05-04T22:00:00|2025-05-04T23:00:00|2025-05-05T00:00:00|2025-05-05T01:00:00|2025-05-05T02:00:00|2025-05-05T08:00:00|2025-05-05T09:00:00|2025-05-05T10:00:00|2025-05-05T11:00:00|2025-05-05T12:00:00|2025-05-05T13:00:00|2025-05-05T14:00:00|2025-05-05T15:00:00|2025-05-05T16:00:00|2025-05-05T17:00:00|2025-05-05T18:00:00|2025-05-05T19:00:00|2025-05-05T20:00:00|2025-05-05T21:00:00|2025-05-05T22:00:00|2025-05-05T23:00:00|2025-05-06T00:00:00|2025-05-06T01:00:00|2025-05-06T02:00:00|2025-05-06T03:00:00|2025-05-06T04:00:00|2025-05-06T05:00:00|2025-05-06T06:00:00|2025-05-06T08:00:00|2025-05-06T09:00:00|2025-05-06T10:00:00|2025-05-06T11:00:00|2025-05-06T12:00:00|2025-05-06T13:00:00|2025-05-06T14:00:00|2025-05-06T15:00:00|2025-05-06T16:00:00|2025-05-06T17:00:00|2025-05-06T18:00:00|2025-05-06T19:00:00|2025-05-06T20:00:00|2025-05-06T21:00:00|2025-05-06T22:00:00|2025-05-06T23:00:00|2025-05-07T01:00:00|2025-05-07T02:00:00|2025-05-07T08:00:00|2025-05-07T09:00:00|2025-05-07T10:00:00|2025-05-07T11:00:00|2025-05-07T12:00:00|2025-05-07T13:00:00|2025-05-07T14:00:00|2025-05-07T15:00:00|2025-05-07T16:00:00|2025-05-07T17:00:00|2025-05-07T18:00:00|2025-05-07T19:00:00|2025-05-07T20:00:00|2025-05-07T21:00:00,5,,,,,,,,,,1.0,
SAN_JUAN_DE_LURIGANCHO,VIENTO_VECTOR,2025-04-30 08:00:00,2025-05-07 21:00:00,182,182,cross_year_vector_analog,False,calm_candidate_conflicts_with_observed_component,0,,5,,,,,,,,,,1.0,2025-05-01T04:00:00|2025-05-01T05:00:00|2025-05-01T06:00:00|2025-05-05T07:00:00|2025-05-07T00:00:00
SAN_JUAN_DE_LURIGANCHO,VIENTO_VECTOR,2025-04-30 08:00:00,2025-05-07 21:00:00,182,182,interstation_vector_regression,False,insufficient_gap_coverage,0,,5,,SANTA_ANITA,7.4653240754465795,0.0,,,,0.5,TimeSeriesSplit(5) multisalida,,
SAN_JUAN_DE_LURIGANCHO,VIENTO_VECTOR,2025-04-30 08:00:00,2025-05-07 21:00:00,182,182,interstation_vector_regression,False,r2_below_threshold,0,,5,-1.2504130488580807,CERES,9.429216388609277,1.0,7047.0,"[-0.07220261894801394, -0.3370204406907482]","[[0.6380474932617379, 0.9964959514721488], [-0.10380141064927667, -0.4666687298991079]]",0.5,TimeSeriesSplit(5) multisalida,,
SAN_JUAN_DE_LURIGANCHO,VIENTO_VECTOR,2025-04-30 08:00:00,2025-05-07 21:00:00,182,182,interstation_vector_regression,False,insufficient_gap_coverage,0,,5,,CARABAYLLO,9.593975224056559,0.8,,,,0.5,TimeSeriesSplit(5) multisalida,,
SAN_JUAN_DE_LURIGANCHO,VIENTO_VECTOR,2025-04-30 08:00:00,2025-05-07 21:00:00,182,182,interstation_vector_regression,False,insufficient_gap_coverage,0,,5,,SAN_MARTIN_DE_PORRES,9.75182688225575,0.8,,,,0.5,TimeSeriesSplit(5) multisalida,,
SAN_JUAN_DE_LURIGANCHO,VIENTO_VECTOR,2025-04-30 08:00:00,2025-05-07 21:00:00,182,182,interstation_vector_regression,False,r2_below_threshold,0,,5,-1.4264838051169741,CAMPO_DE_MARTE,10.979336409143984,1.0,6958.0,"[-0.33766372108840803, -0.26393964422885025]","[[0.9221922133777543, 0.40169055512710705], [-0.42807090936805836, -0.06770779455417039]]",0.5,TimeSeriesSplit(5) multisalida,,
SAN_JUAN_DE_LURIGANCHO,VIENTO_VECTOR,2025-04-30 08:00:00,2025-05-07 21:00:00,182,182,interstation_vector_regression,False,r2_below_threshold,0,,5,-2.1139152858500103,SAN_BORJA,14.1460220348316,1.0,6828.0,"[0.3543860109431772, -0.47143092266841735]","[[0.7547673255855715, 0.13991635051322784], [-0.41626514649765245, -0.19523022668211273]]",0.5,TimeSeriesSplit(5) multisalida,,
SAN_JUAN_DE_LURIGANCHO,VIENTO_VECTOR,2025-04-30 08:00:00,2025-05-07 21:00:00,182,182,unimputable,False,no_vector_method_available,0,,5,,,,,,,,,,,
SAN_JUAN_DE_LURIGANCHO,VEL_VIENTO,2025-05-07 23:00:00,2025-05-08 04:00:00,6,6,cross_year_vector_analog,True,,6,2025-05-07T23:00:00|2025-05-08T00:00:00|2025-05-08T01:00:00|2025-05-08T02:00:00|2025-05-08T03:00:00|2025-05-08T04:00:00,0,,,,,,,,,,1.0,
SAN_JUAN_DE_LURIGANCHO,VEL_VIENTO,2025-05-08 08:00:00,2025-05-09 00:00:00,17,17,cross_year_vector_analog,True,,17,2025-05-08T08:00:00|2025-05-08T09:00:00|2025-05-08T10:00:00|2025-05-08T11:00:00|2025-05-08T12:00:00|2025-05-08T13:00:00|2025-05-08T14:00:00|2025-05-08T15:00:00|2025-05-08T16:00:00|2025-05-08T17:00:00|2025-05-08T18:00:00|2025-05-08T19:00:00|2025-05-08T20:00:00|2025-05-08T21:00:00|2025-05-08T22:00:00|2025-05-08T23:00:00|2025-05-09T00:00:00,0,,,,,,,,,,1.0,
SAN_JUAN_DE_LURIGANCHO,VEL_VIENTO,2025-05-09 09:00:00,2025-05-10 00:00:00,16,16,cross_year_vector_analog,True,,16,2025-05-09T09:00:00|2025-05-09T10:00:00|2025-05-09T11:00:00|2025-05-09T12:00:00|2025-05-09T13:00:00|2025-05-09T14:00:00|2025-05-09T15:00:00|2025-05-09T16:00:00|2025-05-09T17:00:00|2025-05-09T18:00:00|2025-05-09T19:00:00|2025-05-09T20:00:00|2025-05-09T21:00:00|2025-05-09T22:00:00|2025-05-09T23:00:00|2025-05-10T00:00:00,0,,,,,,,,,,1.0,
SAN_JUAN_DE_LURIGANCHO,VEL_VIENTO,2025-05-10 09:00:00,2025-05-11 01:00:00,17,17,cross_year_vector_analog,True,,15,2025-05-10T09:00:00|2025-05-10T10:00:00|2025-05-10T11:00:00|2025-05-10T12:00:00|2025-05-10T13:00:00|2025-05-10T14:00:00|2025-05-10T15:00:00|2025-05-10T16:00:00|2025-05-10T17:00:00|2025-05-10T18:00:00|2025-05-10T19:00:00|2025-05-10T20:00:00|2025-05-10T21:00:00|2025-05-10T23:00:00|2025-05-11T00:00:00,2,,,,,,,,,,1.0,
SAN_JUAN_DE_LURIGANCHO,VIENTO_VECTOR,2025-05-10 09:00:00,2025-05-11 01:00:00,17,17,cross_year_vector_analog,False,calm_candidate_conflicts_with_observed_component,0,,2,,,,,,,,,,1.0,2025-05-10T22:00:00|2025-05-11T01:00:00
SAN_JUAN_DE_LURIGANCHO,VIENTO_VECTOR,2025-05-10 09:00:00,2025-05-11 01:00:00,17,17,interstation_vector_regression,False,insufficient_gap_coverage,0,,2,,SANTA_ANITA,7.4653240754465795,0.0,,,,0.5,TimeSeriesSplit(5) multisalida,,
SAN_JUAN_DE_LURIGANCHO,VIENTO_VECTOR,2025-05-10 09:00:00,2025-05-11 01:00:00,17,17,interstation_vector_regression,False,r2_below_threshold,0,,2,-1.2504130488580807,CERES,9.429216388609277,1.0,7047.0,"[-0.07220261894801394, -0.3370204406907482]","[[0.6380474932617379, 0.9964959514721488], [-0.10380141064927667, -0.4666687298991079]]",0.5,TimeSeriesSplit(5) multisalida,,
SAN_JUAN_DE_LURIGANCHO,VIENTO_VECTOR,2025-05-10 09:00:00,2025-05-11 01:00:00,17,17,interstation_vector_regression,False,r2_below_threshold,0,,2,-1.116639339354385,CARABAYLLO,9.593975224056559,1.0,6775.0,"[-0.47994722645075205, -0.23558945647015422]","[[1.3043965739301941, 1.2910569710873347], [-0.5205484736307412, -0.20062954408102732]]",0.5,TimeSeriesSplit(5) multisalida,,
SAN_JUAN_DE_LURIGANCHO,VIENTO_VECTOR,2025-05-10 09:00:00,2025-05-11 01:00:00,17,17,interstation_vector_regression,False,r2_below_threshold,0,,2,-1.3621975320050008,SAN_MARTIN_DE_PORRES,9.75182688225575,1.0,7022.0,"[-0.22324650724074546, -0.38932956327374457]","[[0.3642119079219212, 0.611401927491485], [-0.08397048602893663, -0.16333947748576433]]",0.5,TimeSeriesSplit(5) multisalida,,
SAN_JUAN_DE_LURIGANCHO,VIENTO_VECTOR,2025-05-10 09:00:00,2025-05-11 01:00:00,17,17,interstation_vector_regression,False,r2_below_threshold,0,,2,-1.4264838051169741,CAMPO_DE_MARTE,10.979336409143984,1.0,6958.0,"[-0.33766372108840803, -0.26393964422885025]","[[0.9221922133777543, 0.40169055512710705], [-0.42807090936805836, -0.06770779455417039]]",0.5,TimeSeriesSplit(5) multisalida,,
SAN_JUAN_DE_LURIGANCHO,VIENTO_VECTOR,2025-05-10 09:00:00,2025-05-11 01:00:00,17,17,interstation_vector_regression,False,r2_below_threshold,0,,2,-2.1139152858500103,SAN_BORJA,14.1460220348316,1.0,6828.0,"[0.3543860109431772, -0.47143092266841735]","[[0.7547673255855715, 0.13991635051322784], [-0.41626514649765245, -0.19523022668211273]]",0.5,TimeSeriesSplit(5) multisalida,,
SAN_JUAN_DE_LURIGANCHO,VIENTO_VECTOR,2025-05-10 09:00:00,2025-05-11 01:00:00,17,17,unimputable,False,no_vector_method_available,0,,2,,,,,,,,,,,
SAN_JUAN_DE_LURIGANCHO,VEL_VIENTO,2025-05-11 09:00:00,2025-05-12 01:00:00,17,17,cross_year_vector_analog,True,,17,2025-05-11T09:00:00|2025-05-11T10:00:00|2025-05-11T11:00:00|2025-05-11T12:00:00|2025-05-11T13:00:00|2025-05-11T14:00:00|2025-05-11T15:00:00|2025-05-11T16:00:00|2025-05-11T17:00:00|2025-05-11T18:00:00|2025-05-11T19:00:00|2025-05-11T20:00:00|2025-05-11T21:00:00|2025-05-11T22:00:00|2025-05-11T23:00:00|2025-05-12T00:00:00|2025-05-12T01:00:00,0,,,,,,,,,,1.0,
SAN_JUAN_DE_LURIGANCHO,VEL_VIENTO,2025-05-12 08:00:00,2025-05-13 06:00:00,23,23,cross_year_vector_analog,True,,23,2025-05-12T08:00:00|2025-05-12T09:00:00|2025-05-12T10:00:00|2025-05-12T11:00:00|2025-05-12T12:00:00|2025-05-12T13:00:00|2025-05-12T14:00:00|2025-05-12T15:00:00|2025-05-12T16:00:00|2025-05-12T17:00:00|2025-05-12T18:00:00|2025-05-12T19:00:00|2025-05-12T20:00:00|2025-05-12T21:00:00|2025-05-12T22:00:00|2025-05-12T23:00:00|2025-05-13T00:00:00|2025-05-13T01:00:00|2025-05-13T02:00:00|2025-05-13T03:00:00|2025-05-13T04:00:00|2025-05-13T05:00:00|2025-05-13T06:00:00,0,,,,,,,,,,1.0,
SAN_JUAN_DE_LURIGANCHO,VEL_VIENTO,2025-05-13 09:00:00,2025-05-13 22:00:00,14,14,cross_year_vector_analog,True,,14,2025-05-13T09:00:00|2025-05-13T10:00:00|2025-05-13T11:00:00|2025-05-13T12:00:00|2025-05-13T13:00:00|2025-05-13T14:00:00|2025-05-13T15:00:00|2025-05-13T16:00:00|2025-05-13T17:00:00|2025-05-13T18:00:00|2025-05-13T19:00:00|2025-05-13T20:00:00|2025-05-13T21:00:00|2025-05-13T22:00:00,0,,,,,,,,,,1.0,
SAN_JUAN_DE_LURIGANCHO,VEL_VIENTO,2025-05-14 09:00:00,2025-05-16 05:00:00,45,45,weekly_vector_seasonal,True,,8,2025-05-15T05:00:00|2025-05-15T06:00:00|2025-05-15T07:00:00|2025-05-16T01:00:00|2025-05-16T02:00:00|2025-05-16T03:00:00|2025-05-16T04:00:00|2025-05-16T05:00:00,37,,,,,,,,,,3.0,
SAN_JUAN_DE_LURIGANCHO,VEL_VIENTO,2025-05-14 09:00:00,2025-05-16 05:00:00,45,45,cross_year_vector_analog,True,,37,2025-05-14T09:00:00|2025-05-14T10:00:00|2025-05-14T11:00:00|2025-05-14T12:00:00|2025-05-14T13:00:00|2025-05-14T14:00:00|2025-05-14T15:00:00|2025-05-14T16:00:00|2025-05-14T17:00:00|2025-05-14T18:00:00|2025-05-14T19:00:00|2025-05-14T20:00:00|2025-05-14T21:00:00|2025-05-14T22:00:00|2025-05-14T23:00:00|2025-05-15T00:00:00|2025-05-15T01:00:00|2025-05-15T02:00:00|2025-05-15T03:00:00|2025-05-15T04:00:00|2025-05-15T08:00:00|2025-05-15T09:00:00|2025-05-15T10:00:00|2025-05-15T11:00:00|2025-05-15T12:00:00|2025-05-15T13:00:00|2025-05-15T14:00:00|2025-05-15T15:00:00|2025-05-15T16:00:00|2025-05-15T17:00:00|2025-05-15T18:00:00|2025-05-15T19:00:00|2025-05-15T20:00:00|2025-05-15T21:00:00|2025-05-15T22:00:00|2025-05-15T23:00:00|2025-05-16T00:00:00,0,,,,,,,,,,1.0,
SAN_JUAN_DE_LURIGANCHO,VEL_VIENTO,2025-05-16 08:00:00,2025-05-16 20:00:00,13,13,weekly_vector_seasonal,True,,1,2025-05-16T08:00:00,12,,,,,,,,,,3.0,
SAN_JUAN_DE_LURIGANCHO,VEL_VIENTO,2025-05-16 08:00:00,2025-05-16 20:00:00,13,13,cross_year_vector_analog,True,,12,2025-05-16T09:00:00|2025-05-16T10:00:00|2025-05-16T11:00:00|2025-05-16T12:00:00|2025-05-16T13:00:00|2025-05-16T14:00:00|2025-05-16T15:00:00|2025-05-16T16:00:00|2025-05-16T17:00:00|2025-05-16T18:00:00|2025-05-16T19:00:00|2025-05-16T20:00:00,0,,,,,,,,,,1.0,
SAN_JUAN_DE_LURIGANCHO,VEL_VIENTO,2025-05-17 08:00:00,2025-05-17 19:00:00,12,12,weekly_vector_seasonal,True,,1,2025-05-17T08:00:00,11,,,,,,,,,,3.0,
SAN_JUAN_DE_LURIGANCHO,VEL_VIENTO,2025-05-17 08:00:00,2025-05-17 19:00:00,12,12,cross_year_vector_analog,True,,11,2025-05-17T09:00:00|2025-05-17T10:00:00|2025-05-17T11:00:00|2025-05-17T12:00:00|2025-05-17T13:00:00|2025-05-17T14:00:00|2025-05-17T15:00:00|2025-05-17T16:00:00|2025-05-17T17:00:00|2025-05-17T18:00:00|2025-05-17T19:00:00,0,,,,,,,,,,1.0,
SAN_JUAN_DE_LURIGANCHO,VEL_VIENTO,2025-05-18 01:00:00,2025-05-18 01:00:00,1,1,short_vector_linear,True,,1,2025-05-18T01:00:00,0,,,,,,,,,,,
SAN_JUAN_DE_LURIGANCHO,VEL_VIENTO,2025-05-18 09:00:00,2025-05-18 21:00:00,13,13,cross_year_vector_analog,True,,13,2025-05-18T09:00:00|2025-05-18T10:00:00|2025-05-18T11:00:00|2025-05-18T12:00:00|2025-05-18T13:00:00|2025-05-18T14:00:00|2025-05-18T15:00:00|2025-05-18T16:00:00|2025-05-18T17:00:00|2025-05-18T18:00:00|2025-05-18T19:00:00|2025-05-18T20:00:00|2025-05-18T21:00:00,0,,,,,,,,,,1.0,
SAN_JUAN_DE_LURIGANCHO,VEL_VIENTO,2025-05-19 09:00:00,2025-05-19 17:00:00,9,9,cross_year_vector_analog,True,,9,2025-05-19T09:00:00|2025-05-19T10:00:00|2025-05-19T11:00:00|2025-05-19T12:00:00|2025-05-19T13:00:00|2025-05-19T14:00:00|2025-05-19T15:00:00|2025-05-19T16:00:00|2025-05-19T17:00:00,0,,,,,,,,,,1.0,
SAN_JUAN_DE_LURIGANCHO,VEL_VIENTO,2025-05-20 12:00:00,2025-05-20 21:00:00,10,10,cross_year_vector_analog,True,,10,2025-05-20T12:00:00|2025-05-20T13:00:00|2025-05-20T14:00:00|2025-05-20T15:00:00|2025-05-20T16:00:00|2025-05-20T17:00:00|2025-05-20T18:00:00|2025-05-20T19:00:00|2025-05-20T20:00:00|2025-05-20T21:00:00,0,,,,,,,,,,1.0,
SAN_JUAN_DE_LURIGANCHO,VEL_VIENTO,2025-05-21 08:00:00,2025-05-21 22:00:00,15,15,weekly_vector_seasonal,True,,2,2025-05-21T08:00:00|2025-05-21T22:00:00,13,,,,,,,,,,3.0,
SAN_JUAN_DE_LURIGANCHO,VEL_VIENTO,2025-05-21 08:00:00,2025-05-21 22:00:00,15,15,cross_year_vector_analog,True,,13,2025-05-21T09:00:00|2025-05-21T10:00:00|2025-05-21T11:00:00|2025-05-21T12:00:00|2025-05-21T13:00:00|2025-05-21T14:00:00|2025-05-21T15:00:00|2025-05-21T16:00:00|2025-05-21T17:00:00|2025-05-21T18:00:00|2025-05-21T19:00:00|2025-05-21T20:00:00|2025-05-21T21:00:00,0,,,,,,,,,,1.0,
SAN_JUAN_DE_LURIGANCHO,VEL_VIENTO,2025-05-22 10:00:00,2025-05-22 20:00:00,11,11,cross_year_vector_analog,True,,11,2025-05-22T10:00:00|2025-05-22T11:00:00|2025-05-22T12:00:00|2025-05-22T13:00:00|2025-05-22T14:00:00|2025-05-22T15:00:00|2025-05-22T16:00:00|2025-05-22T17:00:00|2025-05-22T18:00:00|2025-05-22T19:00:00|2025-05-22T20:00:00,0,,,,,,,,,,1.0,
SAN_JUAN_DE_LURIGANCHO,VEL_VIENTO,2025-05-23 11:00:00,2025-05-23 23:00:00,13,13,weekly_vector_seasonal,True,,3,2025-05-23T21:00:00|2025-05-23T22:00:00|2025-05-23T23:00:00,10,,,,,,,,,,3.0,
SAN_JUAN_DE_LURIGANCHO,VEL_VIENTO,2025-05-23 11:00:00,2025-05-23 23:00:00,13,13,cross_year_vector_analog,True,,10,2025-05-23T11:00:00|2025-05-23T12:00:00|2025-05-23T13:00:00|2025-05-23T14:00:00|2025-05-23T15:00:00|2025-05-23T16:00:00|2025-05-23T17:00:00|2025-05-23T18:00:00|2025-05-23T19:00:00|2025-05-23T20:00:00,0,,,,,,,,,,1.0,
SAN_JUAN_DE_LURIGANCHO,VEL_VIENTO,2025-05-24 11:00:00,2025-05-24 21:00:00,11,11,weekly_vector_seasonal,True,,1,2025-05-24T21:00:00,10,,,,,,,,,,3.0,
SAN_JUAN_DE_LURIGANCHO,VEL_VIENTO,2025-05-24 11:00:00,2025-05-24 21:00:00,11,11,cross_year_vector_analog,True,,10,2025-05-24T11:00:00|2025-05-24T12:00:00|2025-05-24T13:00:00|2025-05-24T14:00:00|2025-05-24T15:00:00|2025-05-24T16:00:00|2025-05-24T17:00:00|2025-05-24T18:00:00|2025-05-24T19:00:00|2025-05-24T20:00:00,0,,,,,,,,,,1.0,
SAN_JUAN_DE_LURIGANCHO,VEL_VIENTO,2025-05-25 09:00:00,2025-05-26 05:00:00,21,21,weekly_vector_seasonal,True,,8,2025-05-25T22:00:00|2025-05-25T23:00:00|2025-05-26T00:00:00|2025-05-26T01:00:00|2025-05-26T02:00:00|2025-05-26T03:00:00|2025-05-26T04:00:00|2025-05-26T05:00:00,13,,,,,,,,,,3.0,
SAN_JUAN_DE_LURIGANCHO,VEL_VIENTO,2025-05-25 09:00:00,2025-05-26 05:00:00,21,21,cross_year_vector_analog,True,,13,2025-05-25T09:00:00|2025-05-25T10:00:00|2025-05-25T11:00:00|2025-05-25T12:00:00|2025-05-25T13:00:00|2025-05-25T14:00:00|2025-05-25T15:00:00|2025-05-25T16:00:00|2025-05-25T17:00:00|2025-05-25T18:00:00|2025-05-25T19:00:00|2025-05-25T20:00:00|2025-05-25T21:00:00,0,,,,,,,,,,1.0,
SAN_JUAN_DE_LURIGANCHO,VEL_VIENTO,2025-05-26 07:00:00,2025-05-27 00:00:00,18,18,weekly_vector_seasonal,True,,2,2025-05-26T07:00:00|2025-05-26T08:00:00,16,,,,,,,,,,3.0,
SAN_JUAN_DE_LURIGANCHO,VEL_VIENTO,2025-05-26 07:00:00,2025-05-27 00:00:00,18,18,cross_year_vector_analog,True,,16,2025-05-26T09:00:00|2025-05-26T10:00:00|2025-05-26T11:00:00|2025-05-26T12:00:00|2025-05-26T13:00:00|2025-05-26T14:00:00|2025-05-26T15:00:00|2025-05-26T16:00:00|2025-05-26T17:00:00|2025-05-26T18:00:00|2025-05-26T19:00:00|2025-05-26T20:00:00|2025-05-26T21:00:00|2025-05-26T22:00:00|2025-05-26T23:00:00|2025-05-27T00:00:00,0,,,,,,,,,,1.0,
SAN_JUAN_DE_LURIGANCHO,DIR_VIENTO,2025-05-27 10:00:00,2025-05-27 21:00:00,12,12,cross_year_vector_analog,True,,6,2025-05-27T13:00:00|2025-05-27T14:00:00|2025-05-27T15:00:00|2025-05-27T16:00:00|2025-05-27T17:00:00|2025-05-27T18:00:00,0,,,,,,,,,,1.0,
SAN_JUAN_DE_LURIGANCHO,VEL_VIENTO,2025-05-27 10:00:00,2025-05-27 21:00:00,12,12,cross_year_vector_analog,True,,12,2025-05-27T10:00:00|2025-05-27T11:00:00|2025-05-27T12:00:00|2025-05-27T13:00:00|2025-05-27T14:00:00|2025-05-27T15:00:00|2025-05-27T16:00:00|2025-05-27T17:00:00|2025-05-27T18:00:00|2025-05-27T19:00:00|2025-05-27T20:00:00|2025-05-27T21:00:00,0,,,,,,,,,,1.0,
SAN_JUAN_DE_LURIGANCHO,VEL_VIENTO,2025-05-28 10:00:00,2025-05-28 18:00:00,9,9,cross_year_vector_analog,True,,9,2025-05-28T10:00:00|2025-05-28T11:00:00|2025-05-28T12:00:00|2025-05-28T13:00:00|2025-05-28T14:00:00|2025-05-28T15:00:00|2025-05-28T16:00:00|2025-05-28T17:00:00|2025-05-28T18:00:00,0,,,,,,,,,,1.0,
SAN_JUAN_DE_LURIGANCHO,VEL_VIENTO,2025-05-29 10:00:00,2025-05-29 18:00:00,9,9,cross_year_vector_analog,True,,9,2025-05-29T10:00:00|2025-05-29T11:00:00|2025-05-29T12:00:00|2025-05-29T13:00:00|2025-05-29T14:00:00|2025-05-29T15:00:00|2025-05-29T16:00:00|2025-05-29T17:00:00|2025-05-29T18:00:00,0,,,,,,,,,,1.0,
SAN_JUAN_DE_LURIGANCHO,VEL_VIENTO,2025-05-30 13:00:00,2025-05-30 19:00:00,7,7,cross_year_vector_analog,True,,7,2025-05-30T13:00:00|2025-05-30T14:00:00|2025-05-30T15:00:00|2025-05-30T16:00:00|2025-05-30T17:00:00|2025-05-30T18:00:00|2025-05-30T19:00:00,0,,,,,,,,,,1.0,
SAN_JUAN_DE_LURIGANCHO,VEL_VIENTO,2025-05-31 19:00:00,2025-05-31 19:00:00,1,1,short_vector_linear,True,,1,2025-05-31T19:00:00,0,,,,,,,,,,,
SAN_JUAN_DE_LURIGANCHO,VEL_VIENTO,2025-06-01 12:00:00,2025-06-01 16:00:00,5,5,cross_year_vector_analog,True,,5,2025-06-01T12:00:00|2025-06-01T13:00:00|2025-06-01T14:00:00|2025-06-01T15:00:00|2025-06-01T16:00:00,0,,,,,,,,,,1.0,
SAN_JUAN_DE_LURIGANCHO,VEL_VIENTO,2025-06-02 14:00:00,2025-06-02 17:00:00,4,4,short_vector_linear,True,,4,2025-06-02T14:00:00|2025-06-02T15:00:00|2025-06-02T16:00:00|2025-06-02T17:00:00,0,,,,,,,,,,,
SAN_JUAN_DE_LURIGANCHO,VEL_VIENTO,2025-06-03 11:00:00,2025-06-03 17:00:00,7,7,cross_year_vector_analog,True,,7,2025-06-03T11:00:00|2025-06-03T12:00:00|2025-06-03T13:00:00|2025-06-03T14:00:00|2025-06-03T15:00:00|2025-06-03T16:00:00|2025-06-03T17:00:00,0,,,,,,,,,,1.0,
SAN_JUAN_DE_LURIGANCHO,VEL_VIENTO,2025-06-04 12:00:00,2025-06-04 16:00:00,5,5,cross_year_vector_analog,True,,5,2025-06-04T12:00:00|2025-06-04T13:00:00|2025-06-04T14:00:00|2025-06-04T15:00:00|2025-06-04T16:00:00,0,,,,,,,,,,1.0,
SAN_JUAN_DE_LURIGANCHO,VEL_VIENTO,2025-06-05 14:00:00,2025-06-05 17:00:00,4,4,short_vector_linear,True,,4,2025-06-05T14:00:00|2025-06-05T15:00:00|2025-06-05T16:00:00|2025-06-05T17:00:00,0,,,,,,,,,,,
SAN_JUAN_DE_LURIGANCHO,VEL_VIENTO,2025-06-06 13:00:00,2025-06-06 16:00:00,4,4,short_vector_linear,True,,4,2025-06-06T13:00:00|2025-06-06T14:00:00|2025-06-06T15:00:00|2025-06-06T16:00:00,0,,,,,,,,,,,
SAN_JUAN_DE_LURIGANCHO,VEL_VIENTO,2025-06-07 11:00:00,2025-06-07 20:00:00,10,10,weekly_vector_seasonal,True,,3,2025-06-07T17:00:00|2025-06-07T18:00:00|2025-06-07T20:00:00,7,,,,,,,,,,3.0,
SAN_JUAN_DE_LURIGANCHO,VEL_VIENTO,2025-06-07 11:00:00,2025-06-07 20:00:00,10,10,cross_year_vector_analog,True,,7,2025-06-07T11:00:00|2025-06-07T12:00:00|2025-06-07T13:00:00|2025-06-07T14:00:00|2025-06-07T15:00:00|2025-06-07T16:00:00|2025-06-07T19:00:00,0,,,,,,,,,,1.0,
SAN_JUAN_DE_LURIGANCHO,VEL_VIENTO,2025-06-08 07:00:00,2025-06-08 21:00:00,15,15,weekly_vector_seasonal,True,,6,2025-06-08T07:00:00|2025-06-08T08:00:00|2025-06-08T09:00:00|2025-06-08T10:00:00|2025-06-08T20:00:00|2025-06-08T21:00:00,9,,,,,,,,,,3.0,
SAN_JUAN_DE_LURIGANCHO,VEL_VIENTO,2025-06-08 07:00:00,2025-06-08 21:00:00,15,15,cross_year_vector_analog,True,,9,2025-06-08T11:00:00|2025-06-08T12:00:00|2025-06-08T13:00:00|2025-06-08T14:00:00|2025-06-08T15:00:00|2025-06-08T16:00:00|2025-06-08T17:00:00|2025-06-08T18:00:00|2025-06-08T19:00:00,0,,,,,,,,,,1.0,
SAN_JUAN_DE_LURIGANCHO,VEL_VIENTO,2025-06-09 11:00:00,2025-06-10 05:00:00,19,19,weekly_vector_seasonal,True,,6,2025-06-10T00:00:00|2025-06-10T01:00:00|2025-06-10T02:00:00|2025-06-10T03:00:00|2025-06-10T04:00:00|2025-06-10T05:00:00,13,,,,,,,,,,3.0,
SAN_JUAN_DE_LURIGANCHO,VEL_VIENTO,2025-06-09 11:00:00,2025-06-10 05:00:00,19,19,cross_year_vector_analog,True,,13,2025-06-09T11:00:00|2025-06-09T12:00:00|2025-06-09T13:00:00|2025-06-09T14:00:00|2025-06-09T15:00:00|2025-06-09T16:00:00|2025-06-09T17:00:00|2025-06-09T18:00:00|2025-06-09T19:00:00|2025-06-09T20:00:00|2025-06-09T21:00:00|2025-06-09T22:00:00|2025-06-09T23:00:00,0,,,,,,,,,,1.0,
SAN_JUAN_DE_LURIGANCHO,VEL_VIENTO,2025-06-10 07:00:00,2025-06-10 17:00:00,11,11,weekly_vector_seasonal,True,,3,2025-06-10T07:00:00|2025-06-10T08:00:00|2025-06-10T09:00:00,8,,,,,,,,,,3.0,
SAN_JUAN_DE_LURIGANCHO,VEL_VIENTO,2025-06-10 07:00:00,2025-06-10 17:00:00,11,11,cross_year_vector_analog,True,,8,2025-06-10T10:00:00|2025-06-10T11:00:00|2025-06-10T12:00:00|2025-06-10T13:00:00|2025-06-10T14:00:00|2025-06-10T15:00:00|2025-06-10T16:00:00|2025-06-10T17:00:00,0,,,,,,,,,,1.0,
SAN_JUAN_DE_LURIGANCHO,VEL_VIENTO,2025-06-10 21:00:00,2025-06-10 21:00:00,1,1,short_vector_linear,True,,1,2025-06-10T21:00:00,0,,,,,,,,,,,
SAN_JUAN_DE_LURIGANCHO,VEL_VIENTO,2025-06-10 23:00:00,2025-06-11 02:00:00,4,4,short_vector_linear,True,,4,2025-06-10T23:00:00|2025-06-11T00:00:00|2025-06-11T01:00:00|2025-06-11T02:00:00,0,,,,,,,,,,,
SAN_JUAN_DE_LURIGANCHO,VEL_VIENTO,2025-06-11 08:00:00,2025-06-12 03:00:00,20,20,weekly_vector_seasonal,True,,11,2025-06-11T08:00:00|2025-06-11T09:00:00|2025-06-11T19:00:00|2025-06-11T20:00:00|2025-06-11T21:00:00|2025-06-11T22:00:00|2025-06-11T23:00:00|2025-06-12T00:00:00|2025-06-12T01:00:00|2025-06-12T02:00:00|2025-06-12T03:00:00,9,,,,,,,,,,3.0,
SAN_JUAN_DE_LURIGANCHO,VEL_VIENTO,2025-06-11 08:00:00,2025-06-12 03:00:00,20,20,cross_year_vector_analog,True,,9,2025-06-11T10:00:00|2025-06-11T11:00:00|2025-06-11T12:00:00|2025-06-11T13:00:00|2025-06-11T14:00:00|2025-06-11T15:00:00|2025-06-11T16:00:00|2025-06-11T17:00:00|2025-06-11T18:00:00,0,,,,,,,,,,1.0,
SAN_JUAN_DE_LURIGANCHO,VEL_VIENTO,2025-06-12 08:00:00,2025-06-13 00:00:00,17,17,weekly_vector_seasonal,True,,8,2025-06-12T08:00:00|2025-06-12T09:00:00|2025-06-12T19:00:00|2025-06-12T20:00:00|2025-06-12T21:00:00|2025-06-12T22:00:00|2025-06-12T23:00:00|2025-06-13T00:00:00,9,,,,,,,,,,3.0,
SAN_JUAN_DE_LURIGANCHO,VEL_VIENTO,2025-06-12 08:00:00,2025-06-13 00:00:00,17,17,cross_year_vector_analog,True,,9,2025-06-12T10:00:00|2025-06-12T11:00:00|2025-06-12T12:00:00|2025-06-12T13:00:00|2025-06-12T14:00:00|2025-06-12T15:00:00|2025-06-12T16:00:00|2025-06-12T17:00:00|2025-06-12T18:00:00,0,,,,,,,,,,1.0,
SAN_JUAN_DE_LURIGANCHO,VEL_VIENTO,2025-06-13 10:00:00,2025-06-13 18:00:00,9,9,weekly_vector_seasonal,True,,5,2025-06-13T10:00:00|2025-06-13T11:00:00|2025-06-13T12:00:00|2025-06-13T17:00:00|2025-06-13T18:00:00,4,,,,,,,,,,3.0,
SAN_JUAN_DE_LURIGANCHO,VEL_VIENTO,2025-06-13 10:00:00,2025-06-13 18:00:00,9,9,cross_year_vector_analog,True,,4,2025-06-13T13:00:00|2025-06-13T14:00:00|2025-06-13T15:00:00|2025-06-13T16:00:00,0,,,,,,,,,,1.0,
SAN_JUAN_DE_LURIGANCHO,VEL_VIENTO,2025-06-14 09:00:00,2025-06-14 16:00:00,8,8,weekly_vector_seasonal,True,,5,2025-06-14T09:00:00|2025-06-14T10:00:00|2025-06-14T11:00:00|2025-06-14T12:00:00|2025-06-14T13:00:00,3,,,,,,,,,,3.0,
SAN_JUAN_DE_LURIGANCHO,VEL_VIENTO,2025-06-14 09:00:00,2025-06-14 16:00:00,8,8,cross_year_vector_analog,True,,3,2025-06-14T14:00:00|2025-06-14T15:00:00|2025-06-14T16:00:00,0,,,,,,,,,,1.0,
SAN_JUAN_DE_LURIGANCHO,VEL_VIENTO,2025-06-15 11:00:00,2025-06-15 19:00:00,9,9,weekly_vector_seasonal,True,,4,2025-06-15T11:00:00|2025-06-15T17:00:00|2025-06-15T18:00:00|2025-06-15T19:00:00,5,,,,,,,,,,3.0,
SAN_JUAN_DE_LURIGANCHO,VEL_VIENTO,2025-06-15 11:00:00,2025-06-15 19:00:00,9,9,cross_year_vector_analog,True,,5,2025-06-15T12:00:00|2025-06-15T13:00:00|2025-06-15T14:00:00|2025-06-15T15:00:00|2025-06-15T16:00:00,0,,,,,,,,,,1.0,
SAN_JUAN_DE_LURIGANCHO,VEL_VIENTO,2025-06-16 12:00:00,2025-06-16 17:00:00,6,6,cross_year_vector_analog,True,,6,2025-06-16T12:00:00|2025-06-16T13:00:00|2025-06-16T14:00:00|2025-06-16T15:00:00|2025-06-16T16:00:00|2025-06-16T17:00:00,0,,,,,,,,,,1.0,
SAN_JUAN_DE_LURIGANCHO,VEL_VIENTO,2025-06-17 11:00:00,2025-06-17 11:00:00,1,1,short_vector_linear,True,,1,2025-06-17T11:00:00,0,,,,,,,,,,,
SAN_JUAN_DE_LURIGANCHO,VEL_VIENTO,2025-06-17 14:00:00,2025-06-17 14:00:00,1,1,short_vector_linear,True,,1,2025-06-17T14:00:00,0,,,,,,,,,,,
SAN_JUAN_DE_LURIGANCHO,VEL_VIENTO,2025-06-18 12:00:00,2025-06-18 12:00:00,1,1,short_vector_linear,True,,1,2025-06-18T12:00:00,0,,,,,,,,,,,
SAN_JUAN_DE_LURIGANCHO,VEL_VIENTO,2025-06-18 14:00:00,2025-06-18 14:00:00,1,1,short_vector_linear,True,,1,2025-06-18T14:00:00,0,,,,,,,,,,,
SAN_JUAN_DE_LURIGANCHO,VEL_VIENTO,2025-06-21 14:00:00,2025-06-21 16:00:00,3,3,short_vector_linear,True,,3,2025-06-21T14:00:00|2025-06-21T15:00:00|2025-06-21T16:00:00,0,,,,,,,,,,,
SAN_JUAN_DE_LURIGANCHO,VEL_VIENTO,2025-06-23 09:00:00,2025-06-23 23:00:00,15,15,weekly_vector_seasonal,True,,5,2025-06-23T09:00:00|2025-06-23T10:00:00|2025-06-23T19:00:00|2025-06-23T22:00:00|2025-06-23T23:00:00,10,,,,,,,,,,3.0,
SAN_JUAN_DE_LURIGANCHO,VEL_VIENTO,2025-06-23 09:00:00,2025-06-23 23:00:00,15,15,cross_year_vector_analog,True,,10,2025-06-23T11:00:00|2025-06-23T12:00:00|2025-06-23T13:00:00|2025-06-23T14:00:00|2025-06-23T15:00:00|2025-06-23T16:00:00|2025-06-23T17:00:00|2025-06-23T18:00:00|2025-06-23T20:00:00|2025-06-23T21:00:00,0,,,,,,,,,,1.0,
SAN_JUAN_DE_LURIGANCHO,VEL_VIENTO,2025-06-24 08:00:00,2025-06-25 02:00:00,19,19,weekly_vector_seasonal,True,,8,2025-06-24T08:00:00|2025-06-24T09:00:00|2025-06-24T10:00:00|2025-06-24T12:00:00|2025-06-24T18:00:00|2025-06-24T19:00:00|2025-06-24T20:00:00|2025-06-24T22:00:00,11,,,,,,,,,,3.0,
SAN_JUAN_DE_LURIGANCHO,VEL_VIENTO,2025-06-24 08:00:00,2025-06-25 02:00:00,19,19,cross_year_vector_analog,True,,11,2025-06-24T11:00:00|2025-06-24T13:00:00|2025-06-24T14:00:00|2025-06-24T15:00:00|2025-06-24T16:00:00|2025-06-24T17:00:00|2025-06-24T21:00:00|2025-06-24T23:00:00|2025-06-25T00:00:00|2025-06-25T01:00:00|2025-06-25T02:00:00,0,,,,,,,,,,1.0,
SAN_JUAN_DE_LURIGANCHO,VEL_VIENTO,2025-06-25 07:00:00,2025-06-25 22:00:00,16,16,weekly_vector_seasonal,True,,7,2025-06-25T07:00:00|2025-06-25T08:00:00|2025-06-25T09:00:00|2025-06-25T10:00:00|2025-06-25T20:00:00|2025-06-25T21:00:00|2025-06-25T22:00:00,9,,,,,,,,,,3.0,
SAN_JUAN_DE_LURIGANCHO,VEL_VIENTO,2025-06-25 07:00:00,2025-06-25 22:00:00,16,16,cross_year_vector_analog,True,,9,2025-06-25T11:00:00|2025-06-25T12:00:00|2025-06-25T13:00:00|2025-06-25T14:00:00|2025-06-25T15:00:00|2025-06-25T16:00:00|2025-06-25T17:00:00|2025-06-25T18:00:00|2025-06-25T19:00:00,0,,,,,,,,,,1.0,
SAN_JUAN_DE_LURIGANCHO,VEL_VIENTO,2025-06-26 01:00:00,2025-06-26 01:00:00,1,1,short_vector_linear,True,,1,2025-06-26T01:00:00,0,,,,,,,,,,,
SAN_JUAN_DE_LURIGANCHO,VEL_VIENTO,2025-06-26 09:00:00,2025-06-26 20:00:00,12,12,weekly_vector_seasonal,True,,2,2025-06-26T19:00:00|2025-06-26T20:00:00,10,,,,,,,,,,3.0,
SAN_JUAN_DE_LURIGANCHO,VEL_VIENTO,2025-06-26 09:00:00,2025-06-26 20:00:00,12,12,cross_year_vector_analog,True,,10,2025-06-26T09:00:00|2025-06-26T10:00:00|2025-06-26T11:00:00|2025-06-26T12:00:00|2025-06-26T13:00:00|2025-06-26T14:00:00|2025-06-26T15:00:00|2025-06-26T16:00:00|2025-06-26T17:00:00|2025-06-26T18:00:00,0,,,,,,,,,,1.0,
SAN_JUAN_DE_LURIGANCHO,VEL_VIENTO,2025-06-27 11:00:00,2025-06-27 12:00:00,2,2,short_vector_linear,True,,2,2025-06-27T11:00:00|2025-06-27T12:00:00,0,,,,,,,,,,,
SAN_JUAN_DE_LURIGANCHO,DIR_VIENTO,2025-06-29 14:00:00,2025-06-29 15:00:00,2,2,short_vector_linear,True,,1,2025-06-29T14:00:00,0,,,,,,,,,,,
SAN_JUAN_DE_LURIGANCHO,VEL_VIENTO,2025-06-29 14:00:00,2025-06-29 15:00:00,2,2,short_vector_linear,True,,2,2025-06-29T14:00:00|2025-06-29T15:00:00,0,,,,,,,,,,,
SAN_JUAN_DE_LURIGANCHO,VEL_VIENTO,2025-07-01 16:00:00,2025-07-01 16:00:00,1,1,short_vector_linear,True,,1,2025-07-01T16:00:00,0,,,,,,,,,,,
SAN_JUAN_DE_LURIGANCHO,VEL_VIENTO,2025-07-02 11:00:00,2025-07-02 19:00:00,9,9,weekly_vector_seasonal,True,,2,2025-07-02T18:00:00|2025-07-02T19:00:00,7,,,,,,,,,,3.0,
SAN_JUAN_DE_LURIGANCHO,VIENTO_VECTOR,2025-07-02 11:00:00,2025-07-02 19:00:00,9,9,interstation_vector_regression,False,insufficient_gap_coverage,0,,7,,SANTA_ANITA,7.4653240754465795,0.0,,,,0.5,TimeSeriesSplit(5) multisalida,,
SAN_JUAN_DE_LURIGANCHO,VIENTO_VECTOR,2025-07-02 11:00:00,2025-07-02 19:00:00,9,9,interstation_vector_regression,False,r2_below_threshold,0,,7,-1.2504130488580807,CERES,9.429216388609277,1.0,7047.0,"[-0.07220261894801394, -0.3370204406907482]","[[0.6380474932617379, 0.9964959514721488], [-0.10380141064927667, -0.4666687298991079]]",0.5,TimeSeriesSplit(5) multisalida,,
SAN_JUAN_DE_LURIGANCHO,VIENTO_VECTOR,2025-07-02 11:00:00,2025-07-02 19:00:00,9,9,interstation_vector_regression,False,r2_below_threshold,0,,7,-1.116639339354385,CARABAYLLO,9.593975224056559,1.0,6775.0,"[-0.47994722645075205, -0.23558945647015422]","[[1.3043965739301941, 1.2910569710873347], [-0.5205484736307412, -0.20062954408102732]]",0.5,TimeSeriesSplit(5) multisalida,,
SAN_JUAN_DE_LURIGANCHO,VIENTO_VECTOR,2025-07-02 11:00:00,2025-07-02 19:00:00,9,9,interstation_vector_regression,False,r2_below_threshold,0,,7,-1.3621975320050008,SAN_MARTIN_DE_PORRES,9.75182688225575,1.0,7022.0,"[-0.22324650724074546, -0.38932956327374457]","[[0.3642119079219212, 0.611401927491485], [-0.08397048602893663, -0.16333947748576433]]",0.5,TimeSeriesSplit(5) multisalida,,
SAN_JUAN_DE_LURIGANCHO,VIENTO_VECTOR,2025-07-02 11:00:00,2025-07-02 19:00:00,9,9,interstation_vector_regression,False,r2_below_threshold,0,,7,-1.4264838051169741,CAMPO_DE_MARTE,10.979336409143984,1.0,6958.0,"[-0.33766372108840803, -0.26393964422885025]","[[0.9221922133777543, 0.40169055512710705], [-0.42807090936805836, -0.06770779455417039]]",0.5,TimeSeriesSplit(5) multisalida,,
SAN_JUAN_DE_LURIGANCHO,VIENTO_VECTOR,2025-07-02 11:00:00,2025-07-02 19:00:00,9,9,interstation_vector_regression,False,r2_below_threshold,0,,7,-2.1139152858500103,SAN_BORJA,14.1460220348316,1.0,6828.0,"[0.3543860109431772, -0.47143092266841735]","[[0.7547673255855715, 0.13991635051322784], [-0.41626514649765245, -0.19523022668211273]]",0.5,TimeSeriesSplit(5) multisalida,,
SAN_JUAN_DE_LURIGANCHO,VIENTO_VECTOR,2025-07-02 11:00:00,2025-07-02 19:00:00,9,9,unimputable,False,no_vector_method_available,0,,7,,,,,,,,,,,
SAN_JUAN_DE_LURIGANCHO,VIENTO_VECTOR,2025-07-03 10:00:00,2025-07-03 18:00:00,9,9,interstation_vector_regression,False,insufficient_gap_coverage,0,,9,,SANTA_ANITA,7.4653240754465795,0.0,,,,0.5,TimeSeriesSplit(5) multisalida,,
SAN_JUAN_DE_LURIGANCHO,VIENTO_VECTOR,2025-07-03 10:00:00,2025-07-03 18:00:00,9,9,interstation_vector_regression,False,r2_below_threshold,0,,9,-1.2504130488580807,CERES,9.429216388609277,1.0,7047.0,"[-0.07220261894801394, -0.3370204406907482]","[[0.6380474932617379, 0.9964959514721488], [-0.10380141064927667, -0.4666687298991079]]",0.5,TimeSeriesSplit(5) multisalida,,
SAN_JUAN_DE_LURIGANCHO,VIENTO_VECTOR,2025-07-03 10:00:00,2025-07-03 18:00:00,9,9,interstation_vector_regression,False,r2_below_threshold,0,,9,-1.116639339354385,CARABAYLLO,9.593975224056559,1.0,6775.0,"[-0.47994722645075205, -0.23558945647015422]","[[1.3043965739301941, 1.2910569710873347], [-0.5205484736307412, -0.20062954408102732]]",0.5,TimeSeriesSplit(5) multisalida,,
SAN_JUAN_DE_LURIGANCHO,VIENTO_VECTOR,2025-07-03 10:00:00,2025-07-03 18:00:00,9,9,interstation_vector_regression,False,r2_below_threshold,0,,9,-1.3621975320050008,SAN_MARTIN_DE_PORRES,9.75182688225575,1.0,7022.0,"[-0.22324650724074546, -0.38932956327374457]","[[0.3642119079219212, 0.611401927491485], [-0.08397048602893663, -0.16333947748576433]]",0.5,TimeSeriesSplit(5) multisalida,,
SAN_JUAN_DE_LURIGANCHO,VIENTO_VECTOR,2025-07-03 10:00:00,2025-07-03 18:00:00,9,9,interstation_vector_regression,False,r2_below_threshold,0,,9,-1.4264838051169741,CAMPO_DE_MARTE,10.979336409143984,1.0,6958.0,"[-0.33766372108840803, -0.26393964422885025]","[[0.9221922133777543, 0.40169055512710705], [-0.42807090936805836, -0.06770779455417039]]",0.5,TimeSeriesSplit(5) multisalida,,
SAN_JUAN_DE_LURIGANCHO,VIENTO_VECTOR,2025-07-03 10:00:00,2025-07-03 18:00:00,9,9,interstation_vector_regression,False,r2_below_threshold,0,,9,-2.1139152858500103,SAN_BORJA,14.1460220348316,1.0,6828.0,"[0.3543860109431772, -0.47143092266841735]","[[0.7547673255855715, 0.13991635051322784], [-0.41626514649765245, -0.19523022668211273]]",0.5,TimeSeriesSplit(5) multisalida,,
SAN_JUAN_DE_LURIGANCHO,VIENTO_VECTOR,2025-07-03 10:00:00,2025-07-03 18:00:00,9,9,unimputable,False,no_vector_method_available,0,,9,,,,,,,,,,,
SAN_JUAN_DE_LURIGANCHO,VEL_VIENTO,2025-07-04 11:00:00,2025-07-04 20:00:00,10,10,weekly_vector_seasonal,True,,8,2025-07-04T13:00:00|2025-07-04T14:00:00|2025-07-04T15:00:00|2025-07-04T16:00:00|2025-07-04T17:00:00|2025-07-04T18:00:00|2025-07-04T19:00:00|2025-07-04T20:00:00,2,,,,,,,,,,3.0,
SAN_JUAN_DE_LURIGANCHO,VIENTO_VECTOR,2025-07-04 11:00:00,2025-07-04 20:00:00,10,10,interstation_vector_regression,False,insufficient_gap_coverage,0,,2,,SANTA_ANITA,7.4653240754465795,0.0,,,,0.5,TimeSeriesSplit(5) multisalida,,
SAN_JUAN_DE_LURIGANCHO,VIENTO_VECTOR,2025-07-04 11:00:00,2025-07-04 20:00:00,10,10,interstation_vector_regression,False,r2_below_threshold,0,,2,-1.2504130488580807,CERES,9.429216388609277,1.0,7047.0,"[-0.07220261894801394, -0.3370204406907482]","[[0.6380474932617379, 0.9964959514721488], [-0.10380141064927667, -0.4666687298991079]]",0.5,TimeSeriesSplit(5) multisalida,,
SAN_JUAN_DE_LURIGANCHO,VIENTO_VECTOR,2025-07-04 11:00:00,2025-07-04 20:00:00,10,10,interstation_vector_regression,False,r2_below_threshold,0,,2,-1.116639339354385,CARABAYLLO,9.593975224056559,1.0,6775.0,"[-0.47994722645075205, -0.23558945647015422]","[[1.3043965739301941, 1.2910569710873347], [-0.5205484736307412, -0.20062954408102732]]",0.5,TimeSeriesSplit(5) multisalida,,
SAN_JUAN_DE_LURIGANCHO,VIENTO_VECTOR,2025-07-04 11:00:00,2025-07-04 20:00:00,10,10,interstation_vector_regression,False,r2_below_threshold,0,,2,-1.3621975320050008,SAN_MARTIN_DE_PORRES,9.75182688225575,1.0,7022.0,"[-0.22324650724074546, -0.38932956327374457]","[[0.3642119079219212, 0.611401927491485], [-0.08397048602893663, -0.16333947748576433]]",0.5,TimeSeriesSplit(5) multisalida,,
SAN_JUAN_DE_LURIGANCHO,VIENTO_VECTOR,2025-07-04 11:00:00,2025-07-04 20:00:00,10,10,interstation_vector_regression,False,r2_below_threshold,0,,2,-1.4264838051169741,CAMPO_DE_MARTE,10.979336409143984,1.0,6958.0,"[-0.33766372108840803, -0.26393964422885025]","[[0.9221922133777543, 0.40169055512710705], [-0.42807090936805836, -0.06770779455417039]]",0.5,TimeSeriesSplit(5) multisalida,,
SAN_JUAN_DE_LURIGANCHO,VIENTO_VECTOR,2025-07-04 11:00:00,2025-07-04 20:00:00,10,10,interstation_vector_regression,False,insufficient_gap_coverage,0,,2,,SAN_BORJA,14.1460220348316,0.5,,,,0.5,TimeSeriesSplit(5) multisalida,,
SAN_JUAN_DE_LURIGANCHO,VIENTO_VECTOR,2025-07-04 11:00:00,2025-07-04 20:00:00,10,10,unimputable,False,no_vector_method_available,0,,2,,,,,,,,,,,
SAN_JUAN_DE_LURIGANCHO,VEL_VIENTO,2025-07-06 11:00:00,2025-07-06 12:00:00,2,2,short_vector_linear,True,,2,2025-07-06T11:00:00|2025-07-06T12:00:00,0,,,,,,,,,,,
SAN_JUAN_DE_LURIGANCHO,VIENTO_VECTOR,2025-07-07 11:00:00,2025-07-07 18:00:00,8,8,interstation_vector_regression,False,insufficient_gap_coverage,0,,8,,SANTA_ANITA,7.4653240754465795,0.5,,,,0.5,TimeSeriesSplit(5) multisalida,,
SAN_JUAN_DE_LURIGANCHO,VIENTO_VECTOR,2025-07-07 11:00:00,2025-07-07 18:00:00,8,8,interstation_vector_regression,False,r2_below_threshold,0,,8,-1.2504130488580807,CERES,9.429216388609277,1.0,7047.0,"[-0.07220261894801394, -0.3370204406907482]","[[0.6380474932617379, 0.9964959514721488], [-0.10380141064927667, -0.4666687298991079]]",0.5,TimeSeriesSplit(5) multisalida,,
SAN_JUAN_DE_LURIGANCHO,VIENTO_VECTOR,2025-07-07 11:00:00,2025-07-07 18:00:00,8,8,interstation_vector_regression,False,r2_below_threshold,0,,8,-1.116639339354385,CARABAYLLO,9.593975224056559,1.0,6775.0,"[-0.47994722645075205, -0.23558945647015422]","[[1.3043965739301941, 1.2910569710873347], [-0.5205484736307412, -0.20062954408102732]]",0.5,TimeSeriesSplit(5) multisalida,,
SAN_JUAN_DE_LURIGANCHO,VIENTO_VECTOR,2025-07-07 11:00:00,2025-07-07 18:00:00,8,8,interstation_vector_regression,False,r2_below_threshold,0,,8,-1.3621975320050008,SAN_MARTIN_DE_PORRES,9.75182688225575,1.0,7022.0,"[-0.22324650724074546, -0.38932956327374457]","[[0.3642119079219212, 0.611401927491485], [-0.08397048602893663, -0.16333947748576433]]",0.5,TimeSeriesSplit(5) multisalida,,
SAN_JUAN_DE_LURIGANCHO,VIENTO_VECTOR,2025-07-07 11:00:00,2025-07-07 18:00:00,8,8,interstation_vector_regression,False,r2_below_threshold,0,,8,-1.4264838051169741,CAMPO_DE_MARTE,10.979336409143984,1.0,6958.0,"[-0.33766372108840803, -0.26393964422885025]","[[0.9221922133777543, 0.40169055512710705], [-0.42807090936805836, -0.06770779455417039]]",0.5,TimeSeriesSplit(5) multisalida,,
SAN_JUAN_DE_LURIGANCHO,VIENTO_VECTOR,2025-07-07 11:00:00,2025-07-07 18:00:00,8,8,interstation_vector_regression,False,insufficient_gap_coverage,0,,8,,SAN_BORJA,14.1460220348316,0.875,,,,0.5,TimeSeriesSplit(5) multisalida,,
SAN_JUAN_DE_LURIGANCHO,VIENTO_VECTOR,2025-07-07 11:00:00,2025-07-07 18:00:00,8,8,unimputable,False,no_vector_method_available,0,,8,,,,,,,,,,,
SAN_JUAN_DE_LURIGANCHO,VEL_VIENTO,2025-07-07 20:00:00,2025-07-07 21:00:00,2,2,short_vector_linear,True,,2,2025-07-07T20:00:00|2025-07-07T21:00:00,0,,,,,,,,,,,
SAN_JUAN_DE_LURIGANCHO,VEL_VIENTO,2025-07-08 13:00:00,2025-07-09 03:00:00,15,15,weekly_vector_seasonal,True,,1,2025-07-09T03:00:00,14,,,,,,,,,,3.0,
SAN_JUAN_DE_LURIGANCHO,VIENTO_VECTOR,2025-07-08 13:00:00,2025-07-09 03:00:00,15,15,interstation_vector_regression,False,insufficient_gap_coverage,0,,14,,SANTA_ANITA,7.4653240754465795,0.0,,,,0.5,TimeSeriesSplit(5) multisalida,,
SAN_JUAN_DE_LURIGANCHO,VIENTO_VECTOR,2025-07-08 13:00:00,2025-07-09 03:00:00,15,15,interstation_vector_regression,False,r2_below_threshold,0,,14,-1.2504130488580807,CERES,9.429216388609277,0.9285714285714286,7047.0,"[-0.07220261894801394, -0.3370204406907482]","[[0.6380474932617379, 0.9964959514721488], [-0.10380141064927667, -0.4666687298991079]]",0.5,TimeSeriesSplit(5) multisalida,,
SAN_JUAN_DE_LURIGANCHO,VIENTO_VECTOR,2025-07-08 13:00:00,2025-07-09 03:00:00,15,15,interstation_vector_regression,False,r2_below_threshold,0,,14,-1.116639339354385,CARABAYLLO,9.593975224056559,0.9285714285714286,6775.0,"[-0.47994722645075205, -0.23558945647015422]","[[1.3043965739301941, 1.2910569710873347], [-0.5205484736307412, -0.20062954408102732]]",0.5,TimeSeriesSplit(5) multisalida,,
SAN_JUAN_DE_LURIGANCHO,VIENTO_VECTOR,2025-07-08 13:00:00,2025-07-09 03:00:00,15,15,interstation_vector_regression,False,r2_below_threshold,0,,14,-1.3621975320050008,SAN_MARTIN_DE_PORRES,9.75182688225575,0.9285714285714286,7022.0,"[-0.22324650724074546, -0.38932956327374457]","[[0.3642119079219212, 0.611401927491485], [-0.08397048602893663, -0.16333947748576433]]",0.5,TimeSeriesSplit(5) multisalida,,
SAN_JUAN_DE_LURIGANCHO,VIENTO_VECTOR,2025-07-08 13:00:00,2025-07-09 03:00:00,15,15,interstation_vector_regression,False,r2_below_threshold,0,,14,-1.4264838051169741,CAMPO_DE_MARTE,10.979336409143984,1.0,6958.0,"[-0.33766372108840803, -0.26393964422885025]","[[0.9221922133777543, 0.40169055512710705], [-0.42807090936805836, -0.06770779455417039]]",0.5,TimeSeriesSplit(5) multisalida,,
SAN_JUAN_DE_LURIGANCHO,VIENTO_VECTOR,2025-07-08 13:00:00,2025-07-09 03:00:00,15,15,interstation_vector_regression,False,insufficient_gap_coverage,0,,14,,SAN_BORJA,14.1460220348316,0.8571428571428571,,,,0.5,TimeSeriesSplit(5) multisalida,,
SAN_JUAN_DE_LURIGANCHO,VIENTO_VECTOR,2025-07-08 13:00:00,2025-07-09 03:00:00,15,15,unimputable,False,no_vector_method_available,0,,14,,,,,,,,,,,
SAN_JUAN_DE_LURIGANCHO,VIENTO_VECTOR,2025-07-09 11:00:00,2025-07-09 17:00:00,7,7,interstation_vector_regression,False,insufficient_gap_coverage,0,,7,,SANTA_ANITA,7.4653240754465795,0.2857142857142857,,,,0.5,TimeSeriesSplit(5) multisalida,,
SAN_JUAN_DE_LURIGANCHO,VIENTO_VECTOR,2025-07-09 11:00:00,2025-07-09 17:00:00,7,7,interstation_vector_regression,False,r2_below_threshold,0,,7,-1.2504130488580807,CERES,9.429216388609277,1.0,7047.0,"[-0.07220261894801394, -0.3370204406907482]","[[0.6380474932617379, 0.9964959514721488], [-0.10380141064927667, -0.4666687298991079]]",0.5,TimeSeriesSplit(5) multisalida,,
SAN_JUAN_DE_LURIGANCHO,VIENTO_VECTOR,2025-07-09 11:00:00,2025-07-09 17:00:00,7,7,interstation_vector_regression,False,r2_below_threshold,0,,7,-1.116639339354385,CARABAYLLO,9.593975224056559,1.0,6775.0,"[-0.47994722645075205, -0.23558945647015422]","[[1.3043965739301941, 1.2910569710873347], [-0.5205484736307412, -0.20062954408102732]]",0.5,TimeSeriesSplit(5) multisalida,,
SAN_JUAN_DE_LURIGANCHO,VIENTO_VECTOR,2025-07-09 11:00:00,2025-07-09 17:00:00,7,7,interstation_vector_regression,False,r2_below_threshold,0,,7,-1.3621975320050008,SAN_MARTIN_DE_PORRES,9.75182688225575,1.0,7022.0,"[-0.22324650724074546, -0.38932956327374457]","[[0.3642119079219212, 0.611401927491485], [-0.08397048602893663, -0.16333947748576433]]",0.5,TimeSeriesSplit(5) multisalida,,
SAN_JUAN_DE_LURIGANCHO,VIENTO_VECTOR,2025-07-09 11:00:00,2025-07-09 17:00:00,7,7,interstation_vector_regression,False,r2_below_threshold,0,,7,-1.4264838051169741,CAMPO_DE_MARTE,10.979336409143984,1.0,6958.0,"[-0.33766372108840803, -0.26393964422885025]","[[0.9221922133777543, 0.40169055512710705], [-0.42807090936805836, -0.06770779455417039]]",0.5,TimeSeriesSplit(5) multisalida,,
SAN_JUAN_DE_LURIGANCHO,VIENTO_VECTOR,2025-07-09 11:00:00,2025-07-09 17:00:00,7,7,interstation_vector_regression,False,r2_below_threshold,0,,7,-2.1139152858500103,SAN_BORJA,14.1460220348316,1.0,6828.0,"[0.3543860109431772, -0.47143092266841735]","[[0.7547673255855715, 0.13991635051322784], [-0.41626514649765245, -0.19523022668211273]]",0.5,TimeSeriesSplit(5) multisalida,,
SAN_JUAN_DE_LURIGANCHO,VIENTO_VECTOR,2025-07-09 11:00:00,2025-07-09 17:00:00,7,7,unimputable,False,no_vector_method_available,0,,7,,,,,,,,,,,
SAN_JUAN_DE_LURIGANCHO,VIENTO_VECTOR,2025-07-10 09:00:00,2025-07-10 16:00:00,8,8,interstation_vector_regression,False,insufficient_gap_coverage,0,,8,,SANTA_ANITA,7.4653240754465795,0.5,,,,0.5,TimeSeriesSplit(5) multisalida,,
SAN_JUAN_DE_LURIGANCHO,VIENTO_VECTOR,2025-07-10 09:00:00,2025-07-10 16:00:00,8,8,interstation_vector_regression,False,r2_below_threshold,0,,8,-1.2504130488580807,CERES,9.429216388609277,1.0,7047.0,"[-0.07220261894801394, -0.3370204406907482]","[[0.6380474932617379, 0.9964959514721488], [-0.10380141064927667, -0.4666687298991079]]",0.5,TimeSeriesSplit(5) multisalida,,
SAN_JUAN_DE_LURIGANCHO,VIENTO_VECTOR,2025-07-10 09:00:00,2025-07-10 16:00:00,8,8,interstation_vector_regression,False,r2_below_threshold,0,,8,-1.116639339354385,CARABAYLLO,9.593975224056559,1.0,6775.0,"[-0.47994722645075205, -0.23558945647015422]","[[1.3043965739301941, 1.2910569710873347], [-0.5205484736307412, -0.20062954408102732]]",0.5,TimeSeriesSplit(5) multisalida,,
SAN_JUAN_DE_LURIGANCHO,VIENTO_VECTOR,2025-07-10 09:00:00,2025-07-10 16:00:00,8,8,interstation_vector_regression,False,r2_below_threshold,0,,8,-1.3621975320050008,SAN_MARTIN_DE_PORRES,9.75182688225575,1.0,7022.0,"[-0.22324650724074546, -0.38932956327374457]","[[0.3642119079219212, 0.611401927491485], [-0.08397048602893663, -0.16333947748576433]]",0.5,TimeSeriesSplit(5) multisalida,,
SAN_JUAN_DE_LURIGANCHO,VIENTO_VECTOR,2025-07-10 09:00:00,2025-07-10 16:00:00,8,8,interstation_vector_regression,False,r2_below_threshold,0,,8,-1.4264838051169741,CAMPO_DE_MARTE,10.979336409143984,1.0,6958.0,"[-0.33766372108840803, -0.26393964422885025]","[[0.9221922133777543, 0.40169055512710705], [-0.42807090936805836, -0.06770779455417039]]",0.5,TimeSeriesSplit(5) multisalida,,
SAN_JUAN_DE_LURIGANCHO,VIENTO_VECTOR,2025-07-10 09:00:00,2025-07-10 16:00:00,8,8,interstation_vector_regression,False,r2_below_threshold,0,,8,-2.1139152858500103,SAN_BORJA,14.1460220348316,1.0,6828.0,"[0.3543860109431772, -0.47143092266841735]","[[0.7547673255855715, 0.13991635051322784], [-0.41626514649765245, -0.19523022668211273]]",0.5,TimeSeriesSplit(5) multisalida,,
SAN_JUAN_DE_LURIGANCHO,VIENTO_VECTOR,2025-07-10 09:00:00,2025-07-10 16:00:00,8,8,unimputable,False,no_vector_method_available,0,,8,,,,,,,,,,,
SAN_JUAN_DE_LURIGANCHO,VEL_VIENTO,2025-07-11 10:00:00,2025-07-11 23:00:00,14,14,weekly_vector_seasonal,True,,4,2025-07-11T10:00:00|2025-07-11T21:00:00|2025-07-11T22:00:00|2025-07-11T23:00:00,10,,,,,,,,,,3.0,
SAN_JUAN_DE_LURIGANCHO,VIENTO_VECTOR,2025-07-11 10:00:00,2025-07-11 23:00:00,14,14,interstation_vector_regression,False,r2_below_threshold,0,,10,-1.3774211367867903,SANTA_ANITA,7.4653240754465795,1.0,5978.0,"[-0.003915207043303948, -0.18618919098320125]","[[0.6553746212213365, 0.6564678196009518], [-0.27301503282919937, -0.42357223052918236]]",0.5,TimeSeriesSplit(5) multisalida,,
SAN_JUAN_DE_LURIGANCHO,VIENTO_VECTOR,2025-07-11 10:00:00,2025-07-11 23:00:00,14,14,interstation_vector_regression,False,r2_below_threshold,0,,10,-1.2504130488580807,CERES,9.429216388609277,1.0,7047.0,"[-0.07220261894801394, -0.3370204406907482]","[[0.6380474932617379, 0.9964959514721488], [-0.10380141064927667, -0.4666687298991079]]",0.5,TimeSeriesSplit(5) multisalida,,
SAN_JUAN_DE_LURIGANCHO,VIENTO_VECTOR,2025-07-11 10:00:00,2025-07-11 23:00:00,14,14,interstation_vector_regression,False,r2_below_threshold,0,,10,-1.116639339354385,CARABAYLLO,9.593975224056559,1.0,6775.0,"[-0.47994722645075205, -0.23558945647015422]","[[1.3043965739301941, 1.2910569710873347], [-0.5205484736307412, -0.20062954408102732]]",0.5,TimeSeriesSplit(5) multisalida,,
SAN_JUAN_DE_LURIGANCHO,VIENTO_VECTOR,2025-07-11 10:00:00,2025-07-11 23:00:00,14,14,interstation_vector_regression,False,r2_below_threshold,0,,10,-1.3621975320050008,SAN_MARTIN_DE_PORRES,9.75182688225575,1.0,7022.0,"[-0.22324650724074546, -0.38932956327374457]","[[0.3642119079219212, 0.611401927491485], [-0.08397048602893663, -0.16333947748576433]]",0.5,TimeSeriesSplit(5) multisalida,,
SAN_JUAN_DE_LURIGANCHO,VIENTO_VECTOR,2025-07-11 10:00:00,2025-07-11 23:00:00,14,14,interstation_vector_regression,False,r2_below_threshold,0,,10,-1.4264838051169741,CAMPO_DE_MARTE,10.979336409143984,1.0,6958.0,"[-0.33766372108840803, -0.26393964422885025]","[[0.9221922133777543, 0.40169055512710705], [-0.42807090936805836, -0.06770779455417039]]",0.5,TimeSeriesSplit(5) multisalida,,
SAN_JUAN_DE_LURIGANCHO,VIENTO_VECTOR,2025-07-11 10:00:00,2025-07-11 23:00:00,14,14,interstation_vector_regression,False,r2_below_threshold,0,,10,-2.1139152858500103,SAN_BORJA,14.1460220348316,1.0,6828.0,"[0.3543860109431772, -0.47143092266841735]","[[0.7547673255855715, 0.13991635051322784], [-0.41626514649765245, -0.19523022668211273]]",0.5,TimeSeriesSplit(5) multisalida,,
SAN_JUAN_DE_LURIGANCHO,VIENTO_VECTOR,2025-07-11 10:00:00,2025-07-11 23:00:00,14,14,unimputable,False,no_vector_method_available,0,,10,,,,,,,,,,,
SAN_JUAN_DE_LURIGANCHO,VEL_VIENTO,2025-07-12 10:00:00,2025-07-13 00:00:00,15,15,weekly_vector_seasonal,True,,10,2025-07-12T10:00:00|2025-07-12T11:00:00|2025-07-12T12:00:00|2025-07-12T18:00:00|2025-07-12T19:00:00|2025-07-12T20:00:00|2025-07-12T21:00:00|2025-07-12T22:00:00|2025-07-12T23:00:00|2025-07-13T00:00:00,5,,,,,,,,,,3.0,
SAN_JUAN_DE_LURIGANCHO,VIENTO_VECTOR,2025-07-12 10:00:00,2025-07-13 00:00:00,15,15,interstation_vector_regression,False,r2_below_threshold,0,,5,-1.3774211367867903,SANTA_ANITA,7.4653240754465795,1.0,5978.0,"[-0.003915207043303948, -0.18618919098320125]","[[0.6553746212213365, 0.6564678196009518], [-0.27301503282919937, -0.42357223052918236]]",0.5,TimeSeriesSplit(5) multisalida,,
SAN_JUAN_DE_LURIGANCHO,VIENTO_VECTOR,2025-07-12 10:00:00,2025-07-13 00:00:00,15,15,interstation_vector_regression,False,r2_below_threshold,0,,5,-1.2504130488580807,CERES,9.429216388609277,1.0,7047.0,"[-0.07220261894801394, -0.3370204406907482]","[[0.6380474932617379, 0.9964959514721488], [-0.10380141064927667, -0.4666687298991079]]",0.5,TimeSeriesSplit(5) multisalida,,
SAN_JUAN_DE_LURIGANCHO,VIENTO_VECTOR,2025-07-12 10:00:00,2025-07-13 00:00:00,15,15,interstation_vector_regression,False,r2_below_threshold,0,,5,-1.116639339354385,CARABAYLLO,9.593975224056559,1.0,6775.0,"[-0.47994722645075205, -0.23558945647015422]","[[1.3043965739301941, 1.2910569710873347], [-0.5205484736307412, -0.20062954408102732]]",0.5,TimeSeriesSplit(5) multisalida,,
SAN_JUAN_DE_LURIGANCHO,VIENTO_VECTOR,2025-07-12 10:00:00,2025-07-13 00:00:00,15,15,interstation_vector_regression,False,r2_below_threshold,0,,5,-1.3621975320050008,SAN_MARTIN_DE_PORRES,9.75182688225575,1.0,7022.0,"[-0.22324650724074546, -0.38932956327374457]","[[0.3642119079219212, 0.611401927491485], [-0.08397048602893663, -0.16333947748576433]]",0.5,TimeSeriesSplit(5) multisalida,,
SAN_JUAN_DE_LURIGANCHO,VIENTO_VECTOR,2025-07-12 10:00:00,2025-07-13 00:00:00,15,15,interstation_vector_regression,False,r2_below_threshold,0,,5,-1.4264838051169741,CAMPO_DE_MARTE,10.979336409143984,1.0,6958.0,"[-0.33766372108840803, -0.26393964422885025]","[[0.9221922133777543, 0.40169055512710705], [-0.42807090936805836, -0.06770779455417039]]",0.5,TimeSeriesSplit(5) multisalida,,
SAN_JUAN_DE_LURIGANCHO,VIENTO_VECTOR,2025-07-12 10:00:00,2025-07-13 00:00:00,15,15,interstation_vector_regression,False,r2_below_threshold,0,,5,-2.1139152858500103,SAN_BORJA,14.1460220348316,1.0,6828.0,"[0.3543860109431772, -0.47143092266841735]","[[0.7547673255855715, 0.13991635051322784], [-0.41626514649765245, -0.19523022668211273]]",0.5,TimeSeriesSplit(5) multisalida,,
SAN_JUAN_DE_LURIGANCHO,VIENTO_VECTOR,2025-07-12 10:00:00,2025-07-13 00:00:00,15,15,unimputable,False,no_vector_method_available,0,,5,,,,,,,,,,,
SAN_JUAN_DE_LURIGANCHO,VEL_VIENTO,2025-07-13 02:00:00,2025-07-13 02:00:00,1,1,short_vector_linear,True,,1,2025-07-13T02:00:00,0,,,,,,,,,,,
SAN_JUAN_DE_LURIGANCHO,VEL_VIENTO,2025-07-13 10:00:00,2025-07-14 00:00:00,15,15,weekly_vector_seasonal,True,,7,2025-07-13T10:00:00|2025-07-13T19:00:00|2025-07-13T20:00:00|2025-07-13T21:00:00|2025-07-13T22:00:00|2025-07-13T23:00:00|2025-07-14T00:00:00,8,,,,,,,,,,3.0,
SAN_JUAN_DE_LURIGANCHO,VIENTO_VECTOR,2025-07-13 10:00:00,2025-07-14 00:00:00,15,15,interstation_vector_regression,False,r2_below_threshold,0,,8,-1.3774211367867903,SANTA_ANITA,7.4653240754465795,1.0,5978.0,"[-0.003915207043303948, -0.18618919098320125]","[[0.6553746212213365, 0.6564678196009518], [-0.27301503282919937, -0.42357223052918236]]",0.5,TimeSeriesSplit(5) multisalida,,
SAN_JUAN_DE_LURIGANCHO,VIENTO_VECTOR,2025-07-13 10:00:00,2025-07-14 00:00:00,15,15,interstation_vector_regression,False,r2_below_threshold,0,,8,-1.2504130488580807,CERES,9.429216388609277,1.0,7047.0,"[-0.07220261894801394, -0.3370204406907482]","[[0.6380474932617379, 0.9964959514721488], [-0.10380141064927667, -0.4666687298991079]]",0.5,TimeSeriesSplit(5) multisalida,,
SAN_JUAN_DE_LURIGANCHO,VIENTO_VECTOR,2025-07-13 10:00:00,2025-07-14 00:00:00,15,15,interstation_vector_regression,False,r2_below_threshold,0,,8,-1.116639339354385,CARABAYLLO,9.593975224056559,1.0,6775.0,"[-0.47994722645075205, -0.23558945647015422]","[[1.3043965739301941, 1.2910569710873347], [-0.5205484736307412, -0.20062954408102732]]",0.5,TimeSeriesSplit(5) multisalida,,
SAN_JUAN_DE_LURIGANCHO,VIENTO_VECTOR,2025-07-13 10:00:00,2025-07-14 00:00:00,15,15,interstation_vector_regression,False,r2_below_threshold,0,,8,-1.3621975320050008,SAN_MARTIN_DE_PORRES,9.75182688225575,1.0,7022.0,"[-0.22324650724074546, -0.38932956327374457]","[[0.3642119079219212, 0.611401927491485], [-0.08397048602893663, -0.16333947748576433]]",0.5,TimeSeriesSplit(5) multisalida,,
SAN_JUAN_DE_LURIGANCHO,VIENTO_VECTOR,2025-07-13 10:00:00,2025-07-14 00:00:00,15,15,interstation_vector_regression,False,r2_below_threshold,0,,8,-1.4264838051169741,CAMPO_DE_MARTE,10.979336409143984,1.0,6958.0,"[-0.33766372108840803, -0.26393964422885025]","[[0.9221922133777543, 0.40169055512710705], [-0.42807090936805836, -0.06770779455417039]]",0.5,TimeSeriesSplit(5) multisalida,,
SAN_JUAN_DE_LURIGANCHO,VIENTO_VECTOR,2025-07-13 10:00:00,2025-07-14 00:00:00,15,15,interstation_vector_regression,False,r2_below_threshold,0,,8,-2.1139152858500103,SAN_BORJA,14.1460220348316,1.0,6828.0,"[0.3543860109431772, -0.47143092266841735]","[[0.7547673255855715, 0.13991635051322784], [-0.41626514649765245, -0.19523022668211273]]",0.5,TimeSeriesSplit(5) multisalida,,
SAN_JUAN_DE_LURIGANCHO,VIENTO_VECTOR,2025-07-13 10:00:00,2025-07-14 00:00:00,15,15,unimputable,False,no_vector_method_available,0,,8,,,,,,,,,,,
SAN_JUAN_DE_LURIGANCHO,VEL_VIENTO,2025-07-14 05:00:00,2025-07-14 20:00:00,16,16,weekly_vector_seasonal,True,,6,2025-07-14T05:00:00|2025-07-14T06:00:00|2025-07-14T07:00:00|2025-07-14T08:00:00|2025-07-14T09:00:00|2025-07-14T10:00:00,10,,,,,,,,,,3.0,
SAN_JUAN_DE_LURIGANCHO,VIENTO_VECTOR,2025-07-14 05:00:00,2025-07-14 20:00:00,16,16,interstation_vector_regression,False,r2_below_threshold,0,,10,-1.3774211367867903,SANTA_ANITA,7.4653240754465795,1.0,5978.0,"[-0.003915207043303948, -0.18618919098320125]","[[0.6553746212213365, 0.6564678196009518], [-0.27301503282919937, -0.42357223052918236]]",0.5,TimeSeriesSplit(5) multisalida,,
SAN_JUAN_DE_LURIGANCHO,VIENTO_VECTOR,2025-07-14 05:00:00,2025-07-14 20:00:00,16,16,interstation_vector_regression,False,r2_below_threshold,0,,10,-1.2504130488580807,CERES,9.429216388609277,1.0,7047.0,"[-0.07220261894801394, -0.3370204406907482]","[[0.6380474932617379, 0.9964959514721488], [-0.10380141064927667, -0.4666687298991079]]",0.5,TimeSeriesSplit(5) multisalida,,
SAN_JUAN_DE_LURIGANCHO,VIENTO_VECTOR,2025-07-14 05:00:00,2025-07-14 20:00:00,16,16,interstation_vector_regression,False,r2_below_threshold,0,,10,-1.116639339354385,CARABAYLLO,9.593975224056559,1.0,6775.0,"[-0.47994722645075205, -0.23558945647015422]","[[1.3043965739301941, 1.2910569710873347], [-0.5205484736307412, -0.20062954408102732]]",0.5,TimeSeriesSplit(5) multisalida,,
SAN_JUAN_DE_LURIGANCHO,VIENTO_VECTOR,2025-07-14 05:00:00,2025-07-14 20:00:00,16,16,interstation_vector_regression,False,r2_below_threshold,0,,10,-1.3621975320050008,SAN_MARTIN_DE_PORRES,9.75182688225575,1.0,7022.0,"[-0.22324650724074546, -0.38932956327374457]","[[0.3642119079219212, 0.611401927491485], [-0.08397048602893663, -0.16333947748576433]]",0.5,TimeSeriesSplit(5) multisalida,,
SAN_JUAN_DE_LURIGANCHO,VIENTO_VECTOR,2025-07-14 05:00:00,2025-07-14 20:00:00,16,16,interstation_vector_regression,False,r2_below_threshold,0,,10,-1.4264838051169741,CAMPO_DE_MARTE,10.979336409143984,1.0,6958.0,"[-0.33766372108840803, -0.26393964422885025]","[[0.9221922133777543, 0.40169055512710705], [-0.42807090936805836, -0.06770779455417039]]",0.5,TimeSeriesSplit(5) multisalida,,
SAN_JUAN_DE_LURIGANCHO,VIENTO_VECTOR,2025-07-14 05:00:00,2025-07-14 20:00:00,16,16,interstation_vector_regression,False,r2_below_threshold,0,,10,-2.1139152858500103,SAN_BORJA,14.1460220348316,1.0,6828.0,"[0.3543860109431772, -0.47143092266841735]","[[0.7547673255855715, 0.13991635051322784], [-0.41626514649765245, -0.19523022668211273]]",0.5,TimeSeriesSplit(5) multisalida,,
SAN_JUAN_DE_LURIGANCHO,VIENTO_VECTOR,2025-07-14 05:00:00,2025-07-14 20:00:00,16,16,unimputable,False,no_vector_method_available,0,,10,,,,,,,,,,,
SAN_JUAN_DE_LURIGANCHO,VIENTO_VECTOR,2025-07-15 09:00:00,2025-07-15 17:00:00,9,9,interstation_vector_regression,False,r2_below_threshold,0,,9,-1.3774211367867903,SANTA_ANITA,7.4653240754465795,1.0,5978.0,"[-0.003915207043303948, -0.18618919098320125]","[[0.6553746212213365, 0.6564678196009518], [-0.27301503282919937, -0.42357223052918236]]",0.5,TimeSeriesSplit(5) multisalida,,
SAN_JUAN_DE_LURIGANCHO,VIENTO_VECTOR,2025-07-15 09:00:00,2025-07-15 17:00:00,9,9,interstation_vector_regression,False,r2_below_threshold,0,,9,-1.2504130488580807,CERES,9.429216388609277,1.0,7047.0,"[-0.07220261894801394, -0.3370204406907482]","[[0.6380474932617379, 0.9964959514721488], [-0.10380141064927667, -0.4666687298991079]]",0.5,TimeSeriesSplit(5) multisalida,,
SAN_JUAN_DE_LURIGANCHO,VIENTO_VECTOR,2025-07-15 09:00:00,2025-07-15 17:00:00,9,9,interstation_vector_regression,False,r2_below_threshold,0,,9,-1.116639339354385,CARABAYLLO,9.593975224056559,1.0,6775.0,"[-0.47994722645075205, -0.23558945647015422]","[[1.3043965739301941, 1.2910569710873347], [-0.5205484736307412, -0.20062954408102732]]",0.5,TimeSeriesSplit(5) multisalida,,
SAN_JUAN_DE_LURIGANCHO,VIENTO_VECTOR,2025-07-15 09:00:00,2025-07-15 17:00:00,9,9,interstation_vector_regression,False,r2_below_threshold,0,,9,-1.3621975320050008,SAN_MARTIN_DE_PORRES,9.75182688225575,1.0,7022.0,"[-0.22324650724074546, -0.38932956327374457]","[[0.3642119079219212, 0.611401927491485], [-0.08397048602893663, -0.16333947748576433]]",0.5,TimeSeriesSplit(5) multisalida,,
SAN_JUAN_DE_LURIGANCHO,VIENTO_VECTOR,2025-07-15 09:00:00,2025-07-15 17:00:00,9,9,interstation_vector_regression,False,r2_below_threshold,0,,9,-1.4264838051169741,CAMPO_DE_MARTE,10.979336409143984,1.0,6958.0,"[-0.33766372108840803, -0.26393964422885025]","[[0.9221922133777543, 0.40169055512710705], [-0.42807090936805836, -0.06770779455417039]]",0.5,TimeSeriesSplit(5) multisalida,,
SAN_JUAN_DE_LURIGANCHO,VIENTO_VECTOR,2025-07-15 09:00:00,2025-07-15 17:00:00,9,9,interstation_vector_regression,False,r2_below_threshold,0,,9,-2.1139152858500103,SAN_BORJA,14.1460220348316,1.0,6828.0,"[0.3543860109431772, -0.47143092266841735]","[[0.7547673255855715, 0.13991635051322784], [-0.41626514649765245, -0.19523022668211273]]",0.5,TimeSeriesSplit(5) multisalida,,
SAN_JUAN_DE_LURIGANCHO,VIENTO_VECTOR,2025-07-15 09:00:00,2025-07-15 17:00:00,9,9,unimputable,False,no_vector_method_available,0,,9,,,,,,,,,,,
SAN_JUAN_DE_LURIGANCHO,VEL_VIENTO,2025-07-16 10:00:00,2025-07-16 16:00:00,7,7,weekly_vector_seasonal,True,,1,2025-07-16T10:00:00,6,,,,,,,,,,3.0,
SAN_JUAN_DE_LURIGANCHO,VIENTO_VECTOR,2025-07-16 10:00:00,2025-07-16 16:00:00,7,7,interstation_vector_regression,False,r2_below_threshold,0,,6,-1.3774211367867903,SANTA_ANITA,7.4653240754465795,1.0,5978.0,"[-0.003915207043303948, -0.18618919098320125]","[[0.6553746212213365, 0.6564678196009518], [-0.27301503282919937, -0.42357223052918236]]",0.5,TimeSeriesSplit(5) multisalida,,
SAN_JUAN_DE_LURIGANCHO,VIENTO_VECTOR,2025-07-16 10:00:00,2025-07-16 16:00:00,7,7,interstation_vector_regression,False,r2_below_threshold,0,,6,-1.2504130488580807,CERES,9.429216388609277,1.0,7047.0,"[-0.07220261894801394, -0.3370204406907482]","[[0.6380474932617379, 0.9964959514721488], [-0.10380141064927667, -0.4666687298991079]]",0.5,TimeSeriesSplit(5) multisalida,,
SAN_JUAN_DE_LURIGANCHO,VIENTO_VECTOR,2025-07-16 10:00:00,2025-07-16 16:00:00,7,7,interstation_vector_regression,False,r2_below_threshold,0,,6,-1.116639339354385,CARABAYLLO,9.593975224056559,1.0,6775.0,"[-0.47994722645075205, -0.23558945647015422]","[[1.3043965739301941, 1.2910569710873347], [-0.5205484736307412, -0.20062954408102732]]",0.5,TimeSeriesSplit(5) multisalida,,
SAN_JUAN_DE_LURIGANCHO,VIENTO_VECTOR,2025-07-16 10:00:00,2025-07-16 16:00:00,7,7,interstation_vector_regression,False,r2_below_threshold,0,,6,-1.3621975320050008,SAN_MARTIN_DE_PORRES,9.75182688225575,1.0,7022.0,"[-0.22324650724074546, -0.38932956327374457]","[[0.3642119079219212, 0.611401927491485], [-0.08397048602893663, -0.16333947748576433]]",0.5,TimeSeriesSplit(5) multisalida,,
SAN_JUAN_DE_LURIGANCHO,VIENTO_VECTOR,2025-07-16 10:00:00,2025-07-16 16:00:00,7,7,interstation_vector_regression,False,r2_below_threshold,0,,6,-1.4264838051169741,CAMPO_DE_MARTE,10.979336409143984,1.0,6958.0,"[-0.33766372108840803, -0.26393964422885025]","[[0.9221922133777543, 0.40169055512710705], [-0.42807090936805836, -0.06770779455417039]]",0.5,TimeSeriesSplit(5) multisalida,,
SAN_JUAN_DE_LURIGANCHO,VIENTO_VECTOR,2025-07-16 10:00:00,2025-07-16 16:00:00,7,7,interstation_vector_regression,False,r2_below_threshold,0,,6,-2.1139152858500103,SAN_BORJA,14.1460220348316,1.0,6828.0,"[0.3543860109431772, -0.47143092266841735]","[[0.7547673255855715, 0.13991635051322784], [-0.41626514649765245, -0.19523022668211273]]",0.5,TimeSeriesSplit(5) multisalida,,
SAN_JUAN_DE_LURIGANCHO,VIENTO_VECTOR,2025-07-16 10:00:00,2025-07-16 16:00:00,7,7,unimputable,False,no_vector_method_available,0,,6,,,,,,,,,,,
SAN_JUAN_DE_LURIGANCHO,VIENTO_VECTOR,2025-07-17 14:00:00,2025-07-17 18:00:00,5,5,interstation_vector_regression,False,r2_below_threshold,0,,5,-1.3774211367867903,SANTA_ANITA,7.4653240754465795,1.0,5978.0,"[-0.003915207043303948, -0.18618919098320125]","[[0.6553746212213365, 0.6564678196009518], [-0.27301503282919937, -0.42357223052918236]]",0.5,TimeSeriesSplit(5) multisalida,,
SAN_JUAN_DE_LURIGANCHO,VIENTO_VECTOR,2025-07-17 14:00:00,2025-07-17 18:00:00,5,5,interstation_vector_regression,False,r2_below_threshold,0,,5,-1.2504130488580807,CERES,9.429216388609277,1.0,7047.0,"[-0.07220261894801394, -0.3370204406907482]","[[0.6380474932617379, 0.9964959514721488], [-0.10380141064927667, -0.4666687298991079]]",0.5,TimeSeriesSplit(5) multisalida,,
SAN_JUAN_DE_LURIGANCHO,VIENTO_VECTOR,2025-07-17 14:00:00,2025-07-17 18:00:00,5,5,interstation_vector_regression,False,r2_below_threshold,0,,5,-1.116639339354385,CARABAYLLO,9.593975224056559,1.0,6775.0,"[-0.47994722645075205, -0.23558945647015422]","[[1.3043965739301941, 1.2910569710873347], [-0.5205484736307412, -0.20062954408102732]]",0.5,TimeSeriesSplit(5) multisalida,,
SAN_JUAN_DE_LURIGANCHO,VIENTO_VECTOR,2025-07-17 14:00:00,2025-07-17 18:00:00,5,5,interstation_vector_regression,False,r2_below_threshold,0,,5,-1.3621975320050008,SAN_MARTIN_DE_PORRES,9.75182688225575,1.0,7022.0,"[-0.22324650724074546, -0.38932956327374457]","[[0.3642119079219212, 0.611401927491485], [-0.08397048602893663, -0.16333947748576433]]",0.5,TimeSeriesSplit(5) multisalida,,
SAN_JUAN_DE_LURIGANCHO,VIENTO_VECTOR,2025-07-17 14:00:00,2025-07-17 18:00:00,5,5,interstation_vector_regression,False,r2_below_threshold,0,,5,-1.4264838051169741,CAMPO_DE_MARTE,10.979336409143984,1.0,6958.0,"[-0.33766372108840803, -0.26393964422885025]","[[0.9221922133777543, 0.40169055512710705], [-0.42807090936805836, -0.06770779455417039]]",0.5,TimeSeriesSplit(5) multisalida,,
SAN_JUAN_DE_LURIGANCHO,VIENTO_VECTOR,2025-07-17 14:00:00,2025-07-17 18:00:00,5,5,interstation_vector_regression,False,r2_below_threshold,0,,5,-2.1139152858500103,SAN_BORJA,14.1460220348316,1.0,6828.0,"[0.3543860109431772, -0.47143092266841735]","[[0.7547673255855715, 0.13991635051322784], [-0.41626514649765245, -0.19523022668211273]]",0.5,TimeSeriesSplit(5) multisalida,,
SAN_JUAN_DE_LURIGANCHO,VIENTO_VECTOR,2025-07-17 14:00:00,2025-07-17 18:00:00,5,5,unimputable,False,no_vector_method_available,0,,5,,,,,,,,,,,
SAN_JUAN_DE_LURIGANCHO,VIENTO_VECTOR,2025-07-19 13:00:00,2025-07-19 17:00:00,5,5,interstation_vector_regression,False,r2_below_threshold,0,,5,-1.3774211367867903,SANTA_ANITA,7.4653240754465795,1.0,5978.0,"[-0.003915207043303948, -0.18618919098320125]","[[0.6553746212213365, 0.6564678196009518], [-0.27301503282919937, -0.42357223052918236]]",0.5,TimeSeriesSplit(5) multisalida,,
SAN_JUAN_DE_LURIGANCHO,VIENTO_VECTOR,2025-07-19 13:00:00,2025-07-19 17:00:00,5,5,interstation_vector_regression,False,r2_below_threshold,0,,5,-1.2504130488580807,CERES,9.429216388609277,1.0,7047.0,"[-0.07220261894801394, -0.3370204406907482]","[[0.6380474932617379, 0.9964959514721488], [-0.10380141064927667, -0.4666687298991079]]",0.5,TimeSeriesSplit(5) multisalida,,
SAN_JUAN_DE_LURIGANCHO,VIENTO_VECTOR,2025-07-19 13:00:00,2025-07-19 17:00:00,5,5,interstation_vector_regression,False,r2_below_threshold,0,,5,-1.116639339354385,CARABAYLLO,9.593975224056559,1.0,6775.0,"[-0.47994722645075205, -0.23558945647015422]","[[1.3043965739301941, 1.2910569710873347], [-0.5205484736307412, -0.20062954408102732]]",0.5,TimeSeriesSplit(5) multisalida,,
SAN_JUAN_DE_LURIGANCHO,VIENTO_VECTOR,2025-07-19 13:00:00,2025-07-19 17:00:00,5,5,interstation_vector_regression,False,r2_below_threshold,0,,5,-1.3621975320050008,SAN_MARTIN_DE_PORRES,9.75182688225575,1.0,7022.0,"[-0.22324650724074546, -0.38932956327374457]","[[0.3642119079219212, 0.611401927491485], [-0.08397048602893663, -0.16333947748576433]]",0.5,TimeSeriesSplit(5) multisalida,,
SAN_JUAN_DE_LURIGANCHO,VIENTO_VECTOR,2025-07-19 13:00:00,2025-07-19 17:00:00,5,5,interstation_vector_regression,False,r2_below_threshold,0,,5,-1.4264838051169741,CAMPO_DE_MARTE,10.979336409143984,1.0,6958.0,"[-0.33766372108840803, -0.26393964422885025]","[[0.9221922133777543, 0.40169055512710705], [-0.42807090936805836, -0.06770779455417039]]",0.5,TimeSeriesSplit(5) multisalida,,
SAN_JUAN_DE_LURIGANCHO,VIENTO_VECTOR,2025-07-19 13:00:00,2025-07-19 17:00:00,5,5,interstation_vector_regression,False,r2_below_threshold,0,,5,-2.1139152858500103,SAN_BORJA,14.1460220348316,1.0,6828.0,"[0.3543860109431772, -0.47143092266841735]","[[0.7547673255855715, 0.13991635051322784], [-0.41626514649765245, -0.19523022668211273]]",0.5,TimeSeriesSplit(5) multisalida,,
SAN_JUAN_DE_LURIGANCHO,VIENTO_VECTOR,2025-07-19 13:00:00,2025-07-19 17:00:00,5,5,unimputable,False,no_vector_method_available,0,,5,,,,,,,,,,,
SAN_JUAN_DE_LURIGANCHO,VIENTO_VECTOR,2025-07-20 11:00:00,2025-07-20 18:00:00,8,8,interstation_vector_regression,False,r2_below_threshold,0,,8,-1.3774211367867903,SANTA_ANITA,7.4653240754465795,1.0,5978.0,"[-0.003915207043303948, -0.18618919098320125]","[[0.6553746212213365, 0.6564678196009518], [-0.27301503282919937, -0.42357223052918236]]",0.5,TimeSeriesSplit(5) multisalida,,
SAN_JUAN_DE_LURIGANCHO,VIENTO_VECTOR,2025-07-20 11:00:00,2025-07-20 18:00:00,8,8,interstation_vector_regression,False,r2_below_threshold,0,,8,-1.2504130488580807,CERES,9.429216388609277,1.0,7047.0,"[-0.07220261894801394, -0.3370204406907482]","[[0.6380474932617379, 0.9964959514721488], [-0.10380141064927667, -0.4666687298991079]]",0.5,TimeSeriesSplit(5) multisalida,,
SAN_JUAN_DE_LURIGANCHO,VIENTO_VECTOR,2025-07-20 11:00:00,2025-07-20 18:00:00,8,8,interstation_vector_regression,False,r2_below_threshold,0,,8,-1.116639339354385,CARABAYLLO,9.593975224056559,1.0,6775.0,"[-0.47994722645075205, -0.23558945647015422]","[[1.3043965739301941, 1.2910569710873347], [-0.5205484736307412, -0.20062954408102732]]",0.5,TimeSeriesSplit(5) multisalida,,
SAN_JUAN_DE_LURIGANCHO,VIENTO_VECTOR,2025-07-20 11:00:00,2025-07-20 18:00:00,8,8,interstation_vector_regression,False,r2_below_threshold,0,,8,-1.3621975320050008,SAN_MARTIN_DE_PORRES,9.75182688225575,1.0,7022.0,"[-0.22324650724074546, -0.38932956327374457]","[[0.3642119079219212, 0.611401927491485], [-0.08397048602893663, -0.16333947748576433]]",0.5,TimeSeriesSplit(5) multisalida,,
SAN_JUAN_DE_LURIGANCHO,VIENTO_VECTOR,2025-07-20 11:00:00,2025-07-20 18:00:00,8,8,interstation_vector_regression,False,r2_below_threshold,0,,8,-1.4264838051169741,CAMPO_DE_MARTE,10.979336409143984,1.0,6958.0,"[-0.33766372108840803, -0.26393964422885025]","[[0.9221922133777543, 0.40169055512710705], [-0.42807090936805836, -0.06770779455417039]]",0.5,TimeSeriesSplit(5) multisalida,,
SAN_JUAN_DE_LURIGANCHO,VIENTO_VECTOR,2025-07-20 11:00:00,2025-07-20 18:00:00,8,8,interstation_vector_regression,False,r2_below_threshold,0,,8,-2.1139152858500103,SAN_BORJA,14.1460220348316,1.0,6828.0,"[0.3543860109431772, -0.47143092266841735]","[[0.7547673255855715, 0.13991635051322784], [-0.41626514649765245, -0.19523022668211273]]",0.5,TimeSeriesSplit(5) multisalida,,
SAN_JUAN_DE_LURIGANCHO,VIENTO_VECTOR,2025-07-20 11:00:00,2025-07-20 18:00:00,8,8,unimputable,False,no_vector_method_available,0,,8,,,,,,,,,,,
SAN_JUAN_DE_LURIGANCHO,VEL_VIENTO,2025-07-21 11:00:00,2025-07-22 02:00:00,16,16,weekly_vector_seasonal,True,,5,2025-07-21T22:00:00|2025-07-21T23:00:00|2025-07-22T00:00:00|2025-07-22T01:00:00|2025-07-22T02:00:00,11,,,,,,,,,,3.0,
SAN_JUAN_DE_LURIGANCHO,VIENTO_VECTOR,2025-07-21 11:00:00,2025-07-22 02:00:00,16,16,interstation_vector_regression,False,r2_below_threshold,0,,11,-1.3774211367867903,SANTA_ANITA,7.4653240754465795,1.0,5978.0,"[-0.003915207043303948, -0.18618919098320125]","[[0.6553746212213365, 0.6564678196009518], [-0.27301503282919937, -0.42357223052918236]]",0.5,TimeSeriesSplit(5) multisalida,,
SAN_JUAN_DE_LURIGANCHO,VIENTO_VECTOR,2025-07-21 11:00:00,2025-07-22 02:00:00,16,16,interstation_vector_regression,False,r2_below_threshold,0,,11,-1.2504130488580807,CERES,9.429216388609277,1.0,7047.0,"[-0.07220261894801394, -0.3370204406907482]","[[0.6380474932617379, 0.9964959514721488], [-0.10380141064927667, -0.4666687298991079]]",0.5,TimeSeriesSplit(5) multisalida,,
SAN_JUAN_DE_LURIGANCHO,VIENTO_VECTOR,2025-07-21 11:00:00,2025-07-22 02:00:00,16,16,interstation_vector_regression,False,r2_below_threshold,0,,11,-1.116639339354385,CARABAYLLO,9.593975224056559,1.0,6775.0,"[-0.47994722645075205, -0.23558945647015422]","[[1.3043965739301941, 1.2910569710873347], [-0.5205484736307412, -0.20062954408102732]]",0.5,TimeSeriesSplit(5) multisalida,,
SAN_JUAN_DE_LURIGANCHO,VIENTO_VECTOR,2025-07-21 11:00:00,2025-07-22 02:00:00,16,16,interstation_vector_regression,False,r2_below_threshold,0,,11,-1.3621975320050008,SAN_MARTIN_DE_PORRES,9.75182688225575,1.0,7022.0,"[-0.22324650724074546, -0.38932956327374457]","[[0.3642119079219212, 0.611401927491485], [-0.08397048602893663, -0.16333947748576433]]",0.5,TimeSeriesSplit(5) multisalida,,
SAN_JUAN_DE_LURIGANCHO,VIENTO_VECTOR,2025-07-21 11:00:00,2025-07-22 02:00:00,16,16,interstation_vector_regression,False,insufficient_gap_coverage,0,,11,,CAMPO_DE_MARTE,10.979336409143984,0.8181818181818182,,,,0.5,TimeSeriesSplit(5) multisalida,,
SAN_JUAN_DE_LURIGANCHO,VIENTO_VECTOR,2025-07-21 11:00:00,2025-07-22 02:00:00,16,16,interstation_vector_regression,False,r2_below_threshold,0,,11,-2.1139152858500103,SAN_BORJA,14.1460220348316,1.0,6828.0,"[0.3543860109431772, -0.47143092266841735]","[[0.7547673255855715, 0.13991635051322784], [-0.41626514649765245, -0.19523022668211273]]",0.5,TimeSeriesSplit(5) multisalida,,
SAN_JUAN_DE_LURIGANCHO,VIENTO_VECTOR,2025-07-21 11:00:00,2025-07-22 02:00:00,16,16,unimputable,False,no_vector_method_available,0,,11,,,,,,,,,,,
SAN_JUAN_DE_LURIGANCHO,VEL_VIENTO,2025-07-22 09:00:00,2025-07-23 03:00:00,19,19,weekly_vector_seasonal,True,,8,2025-07-22T20:00:00|2025-07-22T21:00:00|2025-07-22T22:00:00|2025-07-22T23:00:00|2025-07-23T00:00:00|2025-07-23T01:00:00|2025-07-23T02:00:00|2025-07-23T03:00:00,11,,,,,,,,,,3.0,
SAN_JUAN_DE_LURIGANCHO,VIENTO_VECTOR,2025-07-22 09:00:00,2025-07-23 03:00:00,19,19,interstation_vector_regression,False,r2_below_threshold,0,,11,-1.3774211367867903,SANTA_ANITA,7.4653240754465795,1.0,5978.0,"[-0.003915207043303948, -0.18618919098320125]","[[0.6553746212213365, 0.6564678196009518], [-0.27301503282919937, -0.42357223052918236]]",0.5,TimeSeriesSplit(5) multisalida,,
SAN_JUAN_DE_LURIGANCHO,VIENTO_VECTOR,2025-07-22 09:00:00,2025-07-23 03:00:00,19,19,interstation_vector_regression,False,r2_below_threshold,0,,11,-1.2504130488580807,CERES,9.429216388609277,1.0,7047.0,"[-0.07220261894801394, -0.3370204406907482]","[[0.6380474932617379, 0.9964959514721488], [-0.10380141064927667, -0.4666687298991079]]",0.5,TimeSeriesSplit(5) multisalida,,
SAN_JUAN_DE_LURIGANCHO,VIENTO_VECTOR,2025-07-22 09:00:00,2025-07-23 03:00:00,19,19,interstation_vector_regression,False,r2_below_threshold,0,,11,-1.116639339354385,CARABAYLLO,9.593975224056559,1.0,6775.0,"[-0.47994722645075205, -0.23558945647015422]","[[1.3043965739301941, 1.2910569710873347], [-0.5205484736307412, -0.20062954408102732]]",0.5,TimeSeriesSplit(5) multisalida,,
SAN_JUAN_DE_LURIGANCHO,VIENTO_VECTOR,2025-07-22 09:00:00,2025-07-23 03:00:00,19,19,interstation_vector_regression,False,r2_below_threshold,0,,11,-1.3621975320050008,SAN_MARTIN_DE_PORRES,9.75182688225575,1.0,7022.0,"[-0.22324650724074546, -0.38932956327374457]","[[0.3642119079219212, 0.611401927491485], [-0.08397048602893663, -0.16333947748576433]]",0.5,TimeSeriesSplit(5) multisalida,,
SAN_JUAN_DE_LURIGANCHO,VIENTO_VECTOR,2025-07-22 09:00:00,2025-07-23 03:00:00,19,19,interstation_vector_regression,False,r2_below_threshold,0,,11,-1.4264838051169741,CAMPO_DE_MARTE,10.979336409143984,1.0,6958.0,"[-0.33766372108840803, -0.26393964422885025]","[[0.9221922133777543, 0.40169055512710705], [-0.42807090936805836, -0.06770779455417039]]",0.5,TimeSeriesSplit(5) multisalida,,
SAN_JUAN_DE_LURIGANCHO,VIENTO_VECTOR,2025-07-22 09:00:00,2025-07-23 03:00:00,19,19,interstation_vector_regression,False,r2_below_threshold,0,,11,-2.1139152858500103,SAN_BORJA,14.1460220348316,1.0,6828.0,"[0.3543860109431772, -0.47143092266841735]","[[0.7547673255855715, 0.13991635051322784], [-0.41626514649765245, -0.19523022668211273]]",0.5,TimeSeriesSplit(5) multisalida,,
SAN_JUAN_DE_LURIGANCHO,VIENTO_VECTOR,2025-07-22 09:00:00,2025-07-23 03:00:00,19,19,unimputable,False,no_vector_method_available,0,,11,,,,,,,,,,,
SAN_JUAN_DE_LURIGANCHO,VEL_VIENTO,2025-07-23 10:00:00,2025-07-24 02:00:00,17,17,weekly_vector_seasonal,True,,5,2025-07-23T22:00:00|2025-07-23T23:00:00|2025-07-24T00:00:00|2025-07-24T01:00:00|2025-07-24T02:00:00,12,,,,,,,,,,3.0,
SAN_JUAN_DE_LURIGANCHO,VIENTO_VECTOR,2025-07-23 10:00:00,2025-07-24 02:00:00,17,17,interstation_vector_regression,False,r2_below_threshold,0,,12,-1.3774211367867903,SANTA_ANITA,7.4653240754465795,1.0,5978.0,"[-0.003915207043303948, -0.18618919098320125]","[[0.6553746212213365, 0.6564678196009518], [-0.27301503282919937, -0.42357223052918236]]",0.5,TimeSeriesSplit(5) multisalida,,
SAN_JUAN_DE_LURIGANCHO,VIENTO_VECTOR,2025-07-23 10:00:00,2025-07-24 02:00:00,17,17,interstation_vector_regression,False,r2_below_threshold,0,,12,-1.2504130488580807,CERES,9.429216388609277,1.0,7047.0,"[-0.07220261894801394, -0.3370204406907482]","[[0.6380474932617379, 0.9964959514721488], [-0.10380141064927667, -0.4666687298991079]]",0.5,TimeSeriesSplit(5) multisalida,,
SAN_JUAN_DE_LURIGANCHO,VIENTO_VECTOR,2025-07-23 10:00:00,2025-07-24 02:00:00,17,17,interstation_vector_regression,False,r2_below_threshold,0,,12,-1.116639339354385,CARABAYLLO,9.593975224056559,1.0,6775.0,"[-0.47994722645075205, -0.23558945647015422]","[[1.3043965739301941, 1.2910569710873347], [-0.5205484736307412, -0.20062954408102732]]",0.5,TimeSeriesSplit(5) multisalida,,
SAN_JUAN_DE_LURIGANCHO,VIENTO_VECTOR,2025-07-23 10:00:00,2025-07-24 02:00:00,17,17,interstation_vector_regression,False,r2_below_threshold,0,,12,-1.3621975320050008,SAN_MARTIN_DE_PORRES,9.75182688225575,1.0,7022.0,"[-0.22324650724074546, -0.38932956327374457]","[[0.3642119079219212, 0.611401927491485], [-0.08397048602893663, -0.16333947748576433]]",0.5,TimeSeriesSplit(5) multisalida,,
SAN_JUAN_DE_LURIGANCHO,VIENTO_VECTOR,2025-07-23 10:00:00,2025-07-24 02:00:00,17,17,interstation_vector_regression,False,r2_below_threshold,0,,12,-1.4264838051169741,CAMPO_DE_MARTE,10.979336409143984,1.0,6958.0,"[-0.33766372108840803, -0.26393964422885025]","[[0.9221922133777543, 0.40169055512710705], [-0.42807090936805836, -0.06770779455417039]]",0.5,TimeSeriesSplit(5) multisalida,,
SAN_JUAN_DE_LURIGANCHO,VIENTO_VECTOR,2025-07-23 10:00:00,2025-07-24 02:00:00,17,17,interstation_vector_regression,False,r2_below_threshold,0,,12,-2.1139152858500103,SAN_BORJA,14.1460220348316,1.0,6828.0,"[0.3543860109431772, -0.47143092266841735]","[[0.7547673255855715, 0.13991635051322784], [-0.41626514649765245, -0.19523022668211273]]",0.5,TimeSeriesSplit(5) multisalida,,
SAN_JUAN_DE_LURIGANCHO,VIENTO_VECTOR,2025-07-23 10:00:00,2025-07-24 02:00:00,17,17,unimputable,False,no_vector_method_available,0,,12,,,,,,,,,,,
SAN_JUAN_DE_LURIGANCHO,VEL_VIENTO,2025-07-24 08:00:00,2025-07-29 19:00:00,132,132,weekly_vector_seasonal,True,,59,2025-07-24T08:00:00|2025-07-24T19:00:00|2025-07-24T20:00:00|2025-07-24T21:00:00|2025-07-24T22:00:00|2025-07-24T23:00:00|2025-07-25T00:00:00|2025-07-25T01:00:00|2025-07-25T02:00:00|2025-07-25T03:00:00|2025-07-25T04:00:00|2025-07-25T05:00:00|2025-07-25T06:00:00|2025-07-25T07:00:00|2025-07-25T08:00:00|2025-07-25T09:00:00|2025-07-25T17:00:00|2025-07-25T19:00:00|2025-07-25T20:00:00|2025-07-25T21:00:00|2025-07-25T22:00:00|2025-07-25T23:00:00|2025-07-26T00:00:00|2025-07-26T01:00:00|2025-07-26T02:00:00|2025-07-26T03:00:00|2025-07-26T04:00:00|2025-07-26T05:00:00|2025-07-26T06:00:00|2025-07-26T07:00:00|2025-07-26T08:00:00|2025-07-26T09:00:00|2025-07-27T00:00:00|2025-07-27T01:00:00|2025-07-27T02:00:00|2025-07-27T03:00:00|2025-07-27T04:00:00|2025-07-27T05:00:00|2025-07-27T06:00:00|2025-07-27T07:00:00|2025-07-27T08:00:00|2025-07-27T09:00:00|2025-07-27T10:00:00|2025-07-28T01:00:00|2025-07-28T02:00:00|2025-07-28T03:00:00|2025-07-28T04:00:00|2025-07-28T05:00:00|2025-07-28T06:00:00|2025-07-28T07:00:00|2025-07-28T08:00:00|2025-07-29T01:00:00|2025-07-29T02:00:00|2025-07-29T03:00:00|2025-07-29T04:00:00|2025-07-29T05:00:00|2025-07-29T06:00:00|2025-07-29T07:00:00|2025-07-29T08:00:00,73,,,,,,,,,,3.0,
SAN_JUAN_DE_LURIGANCHO,VIENTO_VECTOR,2025-07-24 08:00:00,2025-07-29 19:00:00,132,132,interstation_vector_regression,False,r2_below_threshold,0,,73,-1.3774211367867903,SANTA_ANITA,7.4653240754465795,1.0,5978.0,"[-0.003915207043303948, -0.18618919098320125]","[[0.6553746212213365, 0.6564678196009518], [-0.27301503282919937, -0.42357223052918236]]",0.5,TimeSeriesSplit(5) multisalida,,
SAN_JUAN_DE_LURIGANCHO,VIENTO_VECTOR,2025-07-24 08:00:00,2025-07-29 19:00:00,132,132,interstation_vector_regression,False,r2_below_threshold,0,,73,-1.2504130488580807,CERES,9.429216388609277,0.9863013698630136,7047.0,"[-0.07220261894801394, -0.3370204406907482]","[[0.6380474932617379, 0.9964959514721488], [-0.10380141064927667, -0.4666687298991079]]",0.5,TimeSeriesSplit(5) multisalida,,
SAN_JUAN_DE_LURIGANCHO,VIENTO_VECTOR,2025-07-24 08:00:00,2025-07-29 19:00:00,132,132,interstation_vector_regression,False,r2_below_threshold,0,,73,-1.116639339354385,CARABAYLLO,9.593975224056559,1.0,6775.0,"[-0.47994722645075205, -0.23558945647015422]","[[1.3043965739301941, 1.2910569710873347], [-0.5205484736307412, -0.20062954408102732]]",0.5,TimeSeriesSplit(5) multisalida,,
SAN_JUAN_DE_LURIGANCHO,VIENTO_VECTOR,2025-07-24 08:00:00,2025-07-29 19:00:00,132,132,interstation_vector_regression,False,r2_below_threshold,0,,73,-1.3621975320050008,SAN_MARTIN_DE_PORRES,9.75182688225575,0.9863013698630136,7022.0,"[-0.22324650724074546, -0.38932956327374457]","[[0.3642119079219212, 0.611401927491485], [-0.08397048602893663, -0.16333947748576433]]",0.5,TimeSeriesSplit(5) multisalida,,
SAN_JUAN_DE_LURIGANCHO,VIENTO_VECTOR,2025-07-24 08:00:00,2025-07-29 19:00:00,132,132,interstation_vector_regression,False,r2_below_threshold,0,,73,-1.4264838051169741,CAMPO_DE_MARTE,10.979336409143984,1.0,6958.0,"[-0.33766372108840803, -0.26393964422885025]","[[0.9221922133777543, 0.40169055512710705], [-0.42807090936805836, -0.06770779455417039]]",0.5,TimeSeriesSplit(5) multisalida,,
SAN_JUAN_DE_LURIGANCHO,VIENTO_VECTOR,2025-07-24 08:00:00,2025-07-29 19:00:00,132,132,interstation_vector_regression,False,r2_below_threshold,0,,73,-2.1139152858500103,SAN_BORJA,14.1460220348316,0.9863013698630136,6828.0,"[0.3543860109431772, -0.47143092266841735]","[[0.7547673255855715, 0.13991635051322784], [-0.41626514649765245, -0.19523022668211273]]",0.5,TimeSeriesSplit(5) multisalida,,
SAN_JUAN_DE_LURIGANCHO,VIENTO_VECTOR,2025-07-24 08:00:00,2025-07-29 19:00:00,132,132,unimputable,False,no_vector_method_available,0,,73,,,,,,,,,,,
SAN_JUAN_DE_LURIGANCHO,VEL_VIENTO,2025-07-30 09:00:00,2025-07-30 09:00:00,1,1,short_vector_linear,True,,1,2025-07-30T09:00:00,0,,,,,,,,,,,
SAN_JUAN_DE_LURIGANCHO,VIENTO_VECTOR,2025-07-30 11:00:00,2025-07-30 22:00:00,12,12,interstation_vector_regression,False,r2_below_threshold,0,,12,-1.3774211367867903,SANTA_ANITA,7.4653240754465795,1.0,5978.0,"[-0.003915207043303948, -0.18618919098320125]","[[0.6553746212213365, 0.6564678196009518], [-0.27301503282919937, -0.42357223052918236]]",0.5,TimeSeriesSplit(5) multisalida,,
SAN_JUAN_DE_LURIGANCHO,VIENTO_VECTOR,2025-07-30 11:00:00,2025-07-30 22:00:00,12,12,interstation_vector_regression,False,r2_below_threshold,0,,12,-1.2504130488580807,CERES,9.429216388609277,1.0,7047.0,"[-0.07220261894801394, -0.3370204406907482]","[[0.6380474932617379, 0.9964959514721488], [-0.10380141064927667, -0.4666687298991079]]",0.5,TimeSeriesSplit(5) multisalida,,
SAN_JUAN_DE_LURIGANCHO,VIENTO_VECTOR,2025-07-30 11:00:00,2025-07-30 22:00:00,12,12,interstation_vector_regression,False,r2_below_threshold,0,,12,-1.116639339354385,CARABAYLLO,9.593975224056559,1.0,6775.0,"[-0.47994722645075205, -0.23558945647015422]","[[1.3043965739301941, 1.2910569710873347], [-0.5205484736307412, -0.20062954408102732]]",0.5,TimeSeriesSplit(5) multisalida,,
SAN_JUAN_DE_LURIGANCHO,VIENTO_VECTOR,2025-07-30 11:00:00,2025-07-30 22:00:00,12,12,interstation_vector_regression,False,r2_below_threshold,0,,12,-1.3621975320050008,SAN_MARTIN_DE_PORRES,9.75182688225575,1.0,7022.0,"[-0.22324650724074546, -0.38932956327374457]","[[0.3642119079219212, 0.611401927491485], [-0.08397048602893663, -0.16333947748576433]]",0.5,TimeSeriesSplit(5) multisalida,,
SAN_JUAN_DE_LURIGANCHO,VIENTO_VECTOR,2025-07-30 11:00:00,2025-07-30 22:00:00,12,12,interstation_vector_regression,False,r2_below_threshold,0,,12,-1.4264838051169741,CAMPO_DE_MARTE,10.979336409143984,1.0,6958.0,"[-0.33766372108840803, -0.26393964422885025]","[[0.9221922133777543, 0.40169055512710705], [-0.42807090936805836, -0.06770779455417039]]",0.5,TimeSeriesSplit(5) multisalida,,
SAN_JUAN_DE_LURIGANCHO,VIENTO_VECTOR,2025-07-30 11:00:00,2025-07-30 22:00:00,12,12,interstation_vector_regression,False,r2_below_threshold,0,,12,-2.1139152858500103,SAN_BORJA,14.1460220348316,1.0,6828.0,"[0.3543860109431772, -0.47143092266841735]","[[0.7547673255855715, 0.13991635051322784], [-0.41626514649765245, -0.19523022668211273]]",0.5,TimeSeriesSplit(5) multisalida,,
SAN_JUAN_DE_LURIGANCHO,VIENTO_VECTOR,2025-07-30 11:00:00,2025-07-30 22:00:00,12,12,unimputable,False,no_vector_method_available,0,,12,,,,,,,,,,,
SAN_JUAN_DE_LURIGANCHO,VEL_VIENTO,2025-07-31 09:00:00,2025-07-31 22:00:00,14,14,weekly_vector_seasonal,True,,3,2025-07-31T09:00:00|2025-07-31T10:00:00|2025-07-31T22:00:00,11,,,,,,,,,,3.0,
SAN_JUAN_DE_LURIGANCHO,VIENTO_VECTOR,2025-07-31 09:00:00,2025-07-31 22:00:00,14,14,interstation_vector_regression,False,r2_below_threshold,0,,11,-1.3774211367867903,SANTA_ANITA,7.4653240754465795,1.0,5978.0,"[-0.003915207043303948, -0.18618919098320125]","[[0.6553746212213365, 0.6564678196009518], [-0.27301503282919937, -0.42357223052918236]]",0.5,TimeSeriesSplit(5) multisalida,,
SAN_JUAN_DE_LURIGANCHO,VIENTO_VECTOR,2025-07-31 09:00:00,2025-07-31 22:00:00,14,14,interstation_vector_regression,False,r2_below_threshold,0,,11,-1.2504130488580807,CERES,9.429216388609277,1.0,7047.0,"[-0.07220261894801394, -0.3370204406907482]","[[0.6380474932617379, 0.9964959514721488], [-0.10380141064927667, -0.4666687298991079]]",0.5,TimeSeriesSplit(5) multisalida,,
SAN_JUAN_DE_LURIGANCHO,VIENTO_VECTOR,2025-07-31 09:00:00,2025-07-31 22:00:00,14,14,interstation_vector_regression,False,r2_below_threshold,0,,11,-1.116639339354385,CARABAYLLO,9.593975224056559,1.0,6775.0,"[-0.47994722645075205, -0.23558945647015422]","[[1.3043965739301941, 1.2910569710873347], [-0.5205484736307412, -0.20062954408102732]]",0.5,TimeSeriesSplit(5) multisalida,,
SAN_JUAN_DE_LURIGANCHO,VIENTO_VECTOR,2025-07-31 09:00:00,2025-07-31 22:00:00,14,14,interstation_vector_regression,False,r2_below_threshold,0,,11,-1.3621975320050008,SAN_MARTIN_DE_PORRES,9.75182688225575,1.0,7022.0,"[-0.22324650724074546, -0.38932956327374457]","[[0.3642119079219212, 0.611401927491485], [-0.08397048602893663, -0.16333947748576433]]",0.5,TimeSeriesSplit(5) multisalida,,
SAN_JUAN_DE_LURIGANCHO,VIENTO_VECTOR,2025-07-31 09:00:00,2025-07-31 22:00:00,14,14,interstation_vector_regression,False,r2_below_threshold,0,,11,-1.4264838051169741,CAMPO_DE_MARTE,10.979336409143984,1.0,6958.0,"[-0.33766372108840803, -0.26393964422885025]","[[0.9221922133777543, 0.40169055512710705], [-0.42807090936805836, -0.06770779455417039]]",0.5,TimeSeriesSplit(5) multisalida,,
SAN_JUAN_DE_LURIGANCHO,VIENTO_VECTOR,2025-07-31 09:00:00,2025-07-31 22:00:00,14,14,interstation_vector_regression,False,r2_below_threshold,0,,11,-2.1139152858500103,SAN_BORJA,14.1460220348316,1.0,6828.0,"[0.3543860109431772, -0.47143092266841735]","[[0.7547673255855715, 0.13991635051322784], [-0.41626514649765245, -0.19523022668211273]]",0.5,TimeSeriesSplit(5) multisalida,,
SAN_JUAN_DE_LURIGANCHO,VIENTO_VECTOR,2025-07-31 09:00:00,2025-07-31 22:00:00,14,14,unimputable,False,no_vector_method_available,0,,11,,,,,,,,,,,
SAN_JUAN_DE_LURIGANCHO,VEL_VIENTO,2025-08-01 00:00:00,2025-08-01 06:00:00,7,7,weekly_vector_seasonal,True,,1,2025-08-01T02:00:00,6,,,,,,,,,,3.0,
SAN_JUAN_DE_LURIGANCHO,VIENTO_VECTOR,2025-08-01 00:00:00,2025-08-01 06:00:00,7,7,interstation_vector_regression,False,r2_below_threshold,0,,6,-1.3774211367867903,SANTA_ANITA,7.4653240754465795,1.0,5978.0,"[-0.003915207043303948, -0.18618919098320125]","[[0.6553746212213365, 0.6564678196009518], [-0.27301503282919937, -0.42357223052918236]]",0.5,TimeSeriesSplit(5) multisalida,,
SAN_JUAN_DE_LURIGANCHO,VIENTO_VECTOR,2025-08-01 00:00:00,2025-08-01 06:00:00,7,7,interstation_vector_regression,False,r2_below_threshold,0,,6,-1.2504130488580807,CERES,9.429216388609277,1.0,7047.0,"[-0.07220261894801394, -0.3370204406907482]","[[0.6380474932617379, 0.9964959514721488], [-0.10380141064927667, -0.4666687298991079]]",0.5,TimeSeriesSplit(5) multisalida,,
SAN_JUAN_DE_LURIGANCHO,VIENTO_VECTOR,2025-08-01 00:00:00,2025-08-01 06:00:00,7,7,interstation_vector_regression,False,r2_below_threshold,0,,6,-1.116639339354385,CARABAYLLO,9.593975224056559,1.0,6775.0,"[-0.47994722645075205, -0.23558945647015422]","[[1.3043965739301941, 1.2910569710873347], [-0.5205484736307412, -0.20062954408102732]]",0.5,TimeSeriesSplit(5) multisalida,,
SAN_JUAN_DE_LURIGANCHO,VIENTO_VECTOR,2025-08-01 00:00:00,2025-08-01 06:00:00,7,7,interstation_vector_regression,False,r2_below_threshold,0,,6,-1.3621975320050008,SAN_MARTIN_DE_PORRES,9.75182688225575,1.0,7022.0,"[-0.22324650724074546, -0.38932956327374457]","[[0.3642119079219212, 0.611401927491485], [-0.08397048602893663, -0.16333947748576433]]",0.5,TimeSeriesSplit(5) multisalida,,
SAN_JUAN_DE_LURIGANCHO,VIENTO_VECTOR,2025-08-01 00:00:00,2025-08-01 06:00:00,7,7,interstation_vector_regression,False,r2_below_threshold,0,,6,-1.4264838051169741,CAMPO_DE_MARTE,10.979336409143984,1.0,6958.0,"[-0.33766372108840803, -0.26393964422885025]","[[0.9221922133777543, 0.40169055512710705], [-0.42807090936805836, -0.06770779455417039]]",0.5,TimeSeriesSplit(5) multisalida,,
SAN_JUAN_DE_LURIGANCHO,VIENTO_VECTOR,2025-08-01 00:00:00,2025-08-01 06:00:00,7,7,interstation_vector_regression,False,r2_below_threshold,0,,6,-2.1139152858500103,SAN_BORJA,14.1460220348316,1.0,6828.0,"[0.3543860109431772, -0.47143092266841735]","[[0.7547673255855715, 0.13991635051322784], [-0.41626514649765245, -0.19523022668211273]]",0.5,TimeSeriesSplit(5) multisalida,,
SAN_JUAN_DE_LURIGANCHO,VIENTO_VECTOR,2025-08-01 00:00:00,2025-08-01 06:00:00,7,7,unimputable,False,no_vector_method_available,0,,6,,,,,,,,,,,
SAN_JUAN_DE_LURIGANCHO,VIENTO_VECTOR,2025-08-01 10:00:00,2025-08-01 16:00:00,7,7,interstation_vector_regression,False,r2_below_threshold,0,,7,-1.3774211367867903,SANTA_ANITA,7.4653240754465795,1.0,5978.0,"[-0.003915207043303948, -0.18618919098320125]","[[0.6553746212213365, 0.6564678196009518], [-0.27301503282919937, -0.42357223052918236]]",0.5,TimeSeriesSplit(5) multisalida,,
SAN_JUAN_DE_LURIGANCHO,VIENTO_VECTOR,2025-08-01 10:00:00,2025-08-01 16:00:00,7,7,interstation_vector_regression,False,r2_below_threshold,0,,7,-1.2504130488580807,CERES,9.429216388609277,1.0,7047.0,"[-0.07220261894801394, -0.3370204406907482]","[[0.6380474932617379, 0.9964959514721488], [-0.10380141064927667, -0.4666687298991079]]",0.5,TimeSeriesSplit(5) multisalida,,
SAN_JUAN_DE_LURIGANCHO,VIENTO_VECTOR,2025-08-01 10:00:00,2025-08-01 16:00:00,7,7,interstation_vector_regression,False,r2_below_threshold,0,,7,-1.116639339354385,CARABAYLLO,9.593975224056559,1.0,6775.0,"[-0.47994722645075205, -0.23558945647015422]","[[1.3043965739301941, 1.2910569710873347], [-0.5205484736307412, -0.20062954408102732]]",0.5,TimeSeriesSplit(5) multisalida,,
SAN_JUAN_DE_LURIGANCHO,VIENTO_VECTOR,2025-08-01 10:00:00,2025-08-01 16:00:00,7,7,interstation_vector_regression,False,r2_below_threshold,0,,7,-1.3621975320050008,SAN_MARTIN_DE_PORRES,9.75182688225575,1.0,7022.0,"[-0.22324650724074546, -0.38932956327374457]","[[0.3642119079219212, 0.611401927491485], [-0.08397048602893663, -0.16333947748576433]]",0.5,TimeSeriesSplit(5) multisalida,,
SAN_JUAN_DE_LURIGANCHO,VIENTO_VECTOR,2025-08-01 10:00:00,2025-08-01 16:00:00,7,7,interstation_vector_regression,False,r2_below_threshold,0,,7,-1.4264838051169741,CAMPO_DE_MARTE,10.979336409143984,1.0,6958.0,"[-0.33766372108840803, -0.26393964422885025]","[[0.9221922133777543, 0.40169055512710705], [-0.42807090936805836, -0.06770779455417039]]",0.5,TimeSeriesSplit(5) multisalida,,
SAN_JUAN_DE_LURIGANCHO,VIENTO_VECTOR,2025-08-01 10:00:00,2025-08-01 16:00:00,7,7,interstation_vector_regression,False,r2_below_threshold,0,,7,-2.1139152858500103,SAN_BORJA,14.1460220348316,1.0,6828.0,"[0.3543860109431772, -0.47143092266841735]","[[0.7547673255855715, 0.13991635051322784], [-0.41626514649765245, -0.19523022668211273]]",0.5,TimeSeriesSplit(5) multisalida,,
SAN_JUAN_DE_LURIGANCHO,VIENTO_VECTOR,2025-08-01 10:00:00,2025-08-01 16:00:00,7,7,unimputable,False,no_vector_method_available,0,,7,,,,,,,,,,,
SAN_JUAN_DE_LURIGANCHO,VEL_VIENTO,2025-08-01 18:00:00,2025-08-01 18:00:00,1,1,short_vector_linear,True,,1,2025-08-01T18:00:00,0,,,,,,,,,,,
SAN_JUAN_DE_LURIGANCHO,VIENTO_VECTOR,2025-08-02 09:00:00,2025-08-02 23:00:00,15,15,interstation_vector_regression,False,r2_below_threshold,0,,15,-1.3774211367867903,SANTA_ANITA,7.4653240754465795,1.0,5978.0,"[-0.003915207043303948, -0.18618919098320125]","[[0.6553746212213365, 0.6564678196009518], [-0.27301503282919937, -0.42357223052918236]]",0.5,TimeSeriesSplit(5) multisalida,,
SAN_JUAN_DE_LURIGANCHO,VIENTO_VECTOR,2025-08-02 09:00:00,2025-08-02 23:00:00,15,15,interstation_vector_regression,False,r2_below_threshold,0,,15,-1.2504130488580807,CERES,9.429216388609277,1.0,7047.0,"[-0.07220261894801394, -0.3370204406907482]","[[0.6380474932617379, 0.9964959514721488], [-0.10380141064927667, -0.4666687298991079]]",0.5,TimeSeriesSplit(5) multisalida,,
SAN_JUAN_DE_LURIGANCHO,VIENTO_VECTOR,2025-08-02 09:00:00,2025-08-02 23:00:00,15,15,interstation_vector_regression,False,r2_below_threshold,0,,15,-1.116639339354385,CARABAYLLO,9.593975224056559,1.0,6775.0,"[-0.47994722645075205, -0.23558945647015422]","[[1.3043965739301941, 1.2910569710873347], [-0.5205484736307412, -0.20062954408102732]]",0.5,TimeSeriesSplit(5) multisalida,,
SAN_JUAN_DE_LURIGANCHO,VIENTO_VECTOR,2025-08-02 09:00:00,2025-08-02 23:00:00,15,15,interstation_vector_regression,False,r2_below_threshold,0,,15,-1.3621975320050008,SAN_MARTIN_DE_PORRES,9.75182688225575,1.0,7022.0,"[-0.22324650724074546, -0.38932956327374457]","[[0.3642119079219212, 0.611401927491485], [-0.08397048602893663, -0.16333947748576433]]",0.5,TimeSeriesSplit(5) multisalida,,
SAN_JUAN_DE_LURIGANCHO,VIENTO_VECTOR,2025-08-02 09:00:00,2025-08-02 23:00:00,15,15,interstation_vector_regression,False,r2_below_threshold,0,,15,-1.4264838051169741,CAMPO_DE_MARTE,10.979336409143984,1.0,6958.0,"[-0.33766372108840803, -0.26393964422885025]","[[0.9221922133777543, 0.40169055512710705], [-0.42807090936805836, -0.06770779455417039]]",0.5,TimeSeriesSplit(5) multisalida,,
SAN_JUAN_DE_LURIGANCHO,VIENTO_VECTOR,2025-08-02 09:00:00,2025-08-02 23:00:00,15,15,interstation_vector_regression,False,r2_below_threshold,0,,15,-2.1139152858500103,SAN_BORJA,14.1460220348316,1.0,6828.0,"[0.3543860109431772, -0.47143092266841735]","[[0.7547673255855715, 0.13991635051322784], [-0.41626514649765245, -0.19523022668211273]]",0.5,TimeSeriesSplit(5) multisalida,,
SAN_JUAN_DE_LURIGANCHO,VIENTO_VECTOR,2025-08-02 09:00:00,2025-08-02 23:00:00,15,15,unimputable,False,no_vector_method_available,0,,15,,,,,,,,,,,
SAN_JUAN_DE_LURIGANCHO,VEL_VIENTO,2025-08-03 13:00:00,2025-08-04 01:00:00,13,13,weekly_vector_seasonal,True,,2,2025-08-04T00:00:00|2025-08-04T01:00:00,11,,,,,,,,,,3.0,
SAN_JUAN_DE_LURIGANCHO,VIENTO_VECTOR,2025-08-03 13:00:00,2025-08-04 01:00:00,13,13,interstation_vector_regression,False,r2_below_threshold,0,,11,-1.3774211367867903,SANTA_ANITA,7.4653240754465795,1.0,5978.0,"[-0.003915207043303948, -0.18618919098320125]","[[0.6553746212213365, 0.6564678196009518], [-0.27301503282919937, -0.42357223052918236]]",0.5,TimeSeriesSplit(5) multisalida,,
SAN_JUAN_DE_LURIGANCHO,VIENTO_VECTOR,2025-08-03 13:00:00,2025-08-04 01:00:00,13,13,interstation_vector_regression,False,r2_below_threshold,0,,11,-1.2504130488580807,CERES,9.429216388609277,1.0,7047.0,"[-0.07220261894801394, -0.3370204406907482]","[[0.6380474932617379, 0.9964959514721488], [-0.10380141064927667, -0.4666687298991079]]",0.5,TimeSeriesSplit(5) multisalida,,
SAN_JUAN_DE_LURIGANCHO,VIENTO_VECTOR,2025-08-03 13:00:00,2025-08-04 01:00:00,13,13,interstation_vector_regression,False,r2_below_threshold,0,,11,-1.116639339354385,CARABAYLLO,9.593975224056559,1.0,6775.0,"[-0.47994722645075205, -0.23558945647015422]","[[1.3043965739301941, 1.2910569710873347], [-0.5205484736307412, -0.20062954408102732]]",0.5,TimeSeriesSplit(5) multisalida,,
SAN_JUAN_DE_LURIGANCHO,VIENTO_VECTOR,2025-08-03 13:00:00,2025-08-04 01:00:00,13,13,interstation_vector_regression,False,r2_below_threshold,0,,11,-1.3621975320050008,SAN_MARTIN_DE_PORRES,9.75182688225575,1.0,7022.0,"[-0.22324650724074546, -0.38932956327374457]","[[0.3642119079219212, 0.611401927491485], [-0.08397048602893663, -0.16333947748576433]]",0.5,TimeSeriesSplit(5) multisalida,,
SAN_JUAN_DE_LURIGANCHO,VIENTO_VECTOR,2025-08-03 13:00:00,2025-08-04 01:00:00,13,13,interstation_vector_regression,False,r2_below_threshold,0,,11,-1.4264838051169741,CAMPO_DE_MARTE,10.979336409143984,1.0,6958.0,"[-0.33766372108840803, -0.26393964422885025]","[[0.9221922133777543, 0.40169055512710705], [-0.42807090936805836, -0.06770779455417039]]",0.5,TimeSeriesSplit(5) multisalida,,
SAN_JUAN_DE_LURIGANCHO,VIENTO_VECTOR,2025-08-03 13:00:00,2025-08-04 01:00:00,13,13,interstation_vector_regression,False,r2_below_threshold,0,,11,-2.1139152858500103,SAN_BORJA,14.1460220348316,1.0,6828.0,"[0.3543860109431772, -0.47143092266841735]","[[0.7547673255855715, 0.13991635051322784], [-0.41626514649765245, -0.19523022668211273]]",0.5,TimeSeriesSplit(5) multisalida,,
SAN_JUAN_DE_LURIGANCHO,VIENTO_VECTOR,2025-08-03 13:00:00,2025-08-04 01:00:00,13,13,unimputable,False,no_vector_method_available,0,,11,,,,,,,,,,,
SAN_JUAN_DE_LURIGANCHO,VIENTO_VECTOR,2025-08-04 11:00:00,2025-08-04 18:00:00,8,8,interstation_vector_regression,False,r2_below_threshold,0,,8,-1.3774211367867903,SANTA_ANITA,7.4653240754465795,1.0,5978.0,"[-0.003915207043303948, -0.18618919098320125]","[[0.6553746212213365, 0.6564678196009518], [-0.27301503282919937, -0.42357223052918236]]",0.5,TimeSeriesSplit(5) multisalida,,
SAN_JUAN_DE_LURIGANCHO,VIENTO_VECTOR,2025-08-04 11:00:00,2025-08-04 18:00:00,8,8,interstation_vector_regression,False,r2_below_threshold,0,,8,-1.2504130488580807,CERES,9.429216388609277,1.0,7047.0,"[-0.07220261894801394, -0.3370204406907482]","[[0.6380474932617379, 0.9964959514721488], [-0.10380141064927667, -0.4666687298991079]]",0.5,TimeSeriesSplit(5) multisalida,,
SAN_JUAN_DE_LURIGANCHO,VIENTO_VECTOR,2025-08-04 11:00:00,2025-08-04 18:00:00,8,8,interstation_vector_regression,False,r2_below_threshold,0,,8,-1.116639339354385,CARABAYLLO,9.593975224056559,1.0,6775.0,"[-0.47994722645075205, -0.23558945647015422]","[[1.3043965739301941, 1.2910569710873347], [-0.5205484736307412, -0.20062954408102732]]",0.5,TimeSeriesSplit(5) multisalida,,
SAN_JUAN_DE_LURIGANCHO,VIENTO_VECTOR,2025-08-04 11:00:00,2025-08-04 18:00:00,8,8,interstation_vector_regression,False,r2_below_threshold,0,,8,-1.3621975320050008,SAN_MARTIN_DE_PORRES,9.75182688225575,1.0,7022.0,"[-0.22324650724074546, -0.38932956327374457]","[[0.3642119079219212, 0.611401927491485], [-0.08397048602893663, -0.16333947748576433]]",0.5,TimeSeriesSplit(5) multisalida,,
SAN_JUAN_DE_LURIGANCHO,VIENTO_VECTOR,2025-08-04 11:00:00,2025-08-04 18:00:00,8,8,interstation_vector_regression,False,r2_below_threshold,0,,8,-1.4264838051169741,CAMPO_DE_MARTE,10.979336409143984,1.0,6958.0,"[-0.33766372108840803, -0.26393964422885025]","[[0.9221922133777543, 0.40169055512710705], [-0.42807090936805836, -0.06770779455417039]]",0.5,TimeSeriesSplit(5) multisalida,,
SAN_JUAN_DE_LURIGANCHO,VIENTO_VECTOR,2025-08-04 11:00:00,2025-08-04 18:00:00,8,8,interstation_vector_regression,False,r2_below_threshold,0,,8,-2.1139152858500103,SAN_BORJA,14.1460220348316,1.0,6828.0,"[0.3543860109431772, -0.47143092266841735]","[[0.7547673255855715, 0.13991635051322784], [-0.41626514649765245, -0.19523022668211273]]",0.5,TimeSeriesSplit(5) multisalida,,
SAN_JUAN_DE_LURIGANCHO,VIENTO_VECTOR,2025-08-04 11:00:00,2025-08-04 18:00:00,8,8,unimputable,False,no_vector_method_available,0,,8,,,,,,,,,,,
SAN_JUAN_DE_LURIGANCHO,VIENTO_VECTOR,2025-08-05 12:00:00,2025-08-05 18:00:00,7,7,interstation_vector_regression,False,r2_below_threshold,0,,7,-1.3774211367867903,SANTA_ANITA,7.4653240754465795,1.0,5978.0,"[-0.003915207043303948, -0.18618919098320125]","[[0.6553746212213365, 0.6564678196009518], [-0.27301503282919937, -0.42357223052918236]]",0.5,TimeSeriesSplit(5) multisalida,,
SAN_JUAN_DE_LURIGANCHO,VIENTO_VECTOR,2025-08-05 12:00:00,2025-08-05 18:00:00,7,7,interstation_vector_regression,False,r2_below_threshold,0,,7,-1.2504130488580807,CERES,9.429216388609277,1.0,7047.0,"[-0.07220261894801394, -0.3370204406907482]","[[0.6380474932617379, 0.9964959514721488], [-0.10380141064927667, -0.4666687298991079]]",0.5,TimeSeriesSplit(5) multisalida,,
SAN_JUAN_DE_LURIGANCHO,VIENTO_VECTOR,2025-08-05 12:00:00,2025-08-05 18:00:00,7,7,interstation_vector_regression,False,r2_below_threshold,0,,7,-1.116639339354385,CARABAYLLO,9.593975224056559,1.0,6775.0,"[-0.47994722645075205, -0.23558945647015422]","[[1.3043965739301941, 1.2910569710873347], [-0.5205484736307412, -0.20062954408102732]]",0.5,TimeSeriesSplit(5) multisalida,,
SAN_JUAN_DE_LURIGANCHO,VIENTO_VECTOR,2025-08-05 12:00:00,2025-08-05 18:00:00,7,7,interstation_vector_regression,False,r2_below_threshold,0,,7,-1.3621975320050008,SAN_MARTIN_DE_PORRES,9.75182688225575,1.0,7022.0,"[-0.22324650724074546, -0.38932956327374457]","[[0.3642119079219212, 0.611401927491485], [-0.08397048602893663, -0.16333947748576433]]",0.5,TimeSeriesSplit(5) multisalida,,
SAN_JUAN_DE_LURIGANCHO,VIENTO_VECTOR,2025-08-05 12:00:00,2025-08-05 18:00:00,7,7,interstation_vector_regression,False,r2_below_threshold,0,,7,-1.4264838051169741,CAMPO_DE_MARTE,10.979336409143984,1.0,6958.0,"[-0.33766372108840803, -0.26393964422885025]","[[0.9221922133777543, 0.40169055512710705], [-0.42807090936805836, -0.06770779455417039]]",0.5,TimeSeriesSplit(5) multisalida,,
SAN_JUAN_DE_LURIGANCHO,VIENTO_VECTOR,2025-08-05 12:00:00,2025-08-05 18:00:00,7,7,interstation_vector_regression,False,r2_below_threshold,0,,7,-2.1139152858500103,SAN_BORJA,14.1460220348316,1.0,6828.0,"[0.3543860109431772, -0.47143092266841735]","[[0.7547673255855715, 0.13991635051322784], [-0.41626514649765245, -0.19523022668211273]]",0.5,TimeSeriesSplit(5) multisalida,,
SAN_JUAN_DE_LURIGANCHO,VIENTO_VECTOR,2025-08-05 12:00:00,2025-08-05 18:00:00,7,7,unimputable,False,no_vector_method_available,0,,7,,,,,,,,,,,
SAN_JUAN_DE_LURIGANCHO,VIENTO_VECTOR,2025-08-06 10:00:00,2025-08-06 21:00:00,12,12,interstation_vector_regression,False,r2_below_threshold,0,,12,-1.3774211367867903,SANTA_ANITA,7.4653240754465795,1.0,5978.0,"[-0.003915207043303948, -0.18618919098320125]","[[0.6553746212213365, 0.6564678196009518], [-0.27301503282919937, -0.42357223052918236]]",0.5,TimeSeriesSplit(5) multisalida,,
SAN_JUAN_DE_LURIGANCHO,VIENTO_VECTOR,2025-08-06 10:00:00,2025-08-06 21:00:00,12,12,interstation_vector_regression,False,r2_below_threshold,0,,12,-1.2504130488580807,CERES,9.429216388609277,1.0,7047.0,"[-0.07220261894801394, -0.3370204406907482]","[[0.6380474932617379, 0.9964959514721488], [-0.10380141064927667, -0.4666687298991079]]",0.5,TimeSeriesSplit(5) multisalida,,
SAN_JUAN_DE_LURIGANCHO,VIENTO_VECTOR,2025-08-06 10:00:00,2025-08-06 21:00:00,12,12,interstation_vector_regression,False,r2_below_threshold,0,,12,-1.116639339354385,CARABAYLLO,9.593975224056559,1.0,6775.0,"[-0.47994722645075205, -0.23558945647015422]","[[1.3043965739301941, 1.2910569710873347], [-0.5205484736307412, -0.20062954408102732]]",0.5,TimeSeriesSplit(5) multisalida,,
SAN_JUAN_DE_LURIGANCHO,VIENTO_VECTOR,2025-08-06 10:00:00,2025-08-06 21:00:00,12,12,interstation_vector_regression,False,r2_below_threshold,0,,12,-1.3621975320050008,SAN_MARTIN_DE_PORRES,9.75182688225575,1.0,7022.0,"[-0.22324650724074546, -0.38932956327374457]","[[0.3642119079219212, 0.611401927491485], [-0.08397048602893663, -0.16333947748576433]]",0.5,TimeSeriesSplit(5) multisalida,,
SAN_JUAN_DE_LURIGANCHO,VIENTO_VECTOR,2025-08-06 10:00:00,2025-08-06 21:00:00,12,12,interstation_vector_regression,False,r2_below_threshold,0,,12,-1.4264838051169741,CAMPO_DE_MARTE,10.979336409143984,1.0,6958.0,"[-0.33766372108840803, -0.26393964422885025]","[[0.9221922133777543, 0.40169055512710705], [-0.42807090936805836, -0.06770779455417039]]",0.5,TimeSeriesSplit(5) multisalida,,
SAN_JUAN_DE_LURIGANCHO,VIENTO_VECTOR,2025-08-06 10:00:00,2025-08-06 21:00:00,12,12,interstation_vector_regression,False,r2_below_threshold,0,,12,-2.1139152858500103,SAN_BORJA,14.1460220348316,1.0,6828.0,"[0.3543860109431772, -0.47143092266841735]","[[0.7547673255855715, 0.13991635051322784], [-0.41626514649765245, -0.19523022668211273]]",0.5,TimeSeriesSplit(5) multisalida,,
SAN_JUAN_DE_LURIGANCHO,VIENTO_VECTOR,2025-08-06 10:00:00,2025-08-06 21:00:00,12,12,unimputable,False,no_vector_method_available,0,,12,,,,,,,,,,,
SAN_JUAN_DE_LURIGANCHO,VEL_VIENTO,2025-08-07 00:00:00,2025-08-07 02:00:00,3,3,short_vector_linear,True,,3,2025-08-07T00:00:00|2025-08-07T01:00:00|2025-08-07T02:00:00,0,,,,,,,,,,,
SAN_JUAN_DE_LURIGANCHO,VIENTO_VECTOR,2025-08-07 11:00:00,2025-08-07 18:00:00,8,8,interstation_vector_regression,False,r2_below_threshold,0,,8,-1.3774211367867903,SANTA_ANITA,7.4653240754465795,1.0,5978.0,"[-0.003915207043303948, -0.18618919098320125]","[[0.6553746212213365, 0.6564678196009518], [-0.27301503282919937, -0.42357223052918236]]",0.5,TimeSeriesSplit(5) multisalida,,
SAN_JUAN_DE_LURIGANCHO,VIENTO_VECTOR,2025-08-07 11:00:00,2025-08-07 18:00:00,8,8,interstation_vector_regression,False,r2_below_threshold,0,,8,-1.2504130488580807,CERES,9.429216388609277,1.0,7047.0,"[-0.07220261894801394, -0.3370204406907482]","[[0.6380474932617379, 0.9964959514721488], [-0.10380141064927667, -0.4666687298991079]]",0.5,TimeSeriesSplit(5) multisalida,,
SAN_JUAN_DE_LURIGANCHO,VIENTO_VECTOR,2025-08-07 11:00:00,2025-08-07 18:00:00,8,8,interstation_vector_regression,False,r2_below_threshold,0,,8,-1.116639339354385,CARABAYLLO,9.593975224056559,1.0,6775.0,"[-0.47994722645075205, -0.23558945647015422]","[[1.3043965739301941, 1.2910569710873347], [-0.5205484736307412, -0.20062954408102732]]",0.5,TimeSeriesSplit(5) multisalida,,
SAN_JUAN_DE_LURIGANCHO,VIENTO_VECTOR,2025-08-07 11:00:00,2025-08-07 18:00:00,8,8,interstation_vector_regression,False,r2_below_threshold,0,,8,-1.3621975320050008,SAN_MARTIN_DE_PORRES,9.75182688225575,1.0,7022.0,"[-0.22324650724074546, -0.38932956327374457]","[[0.3642119079219212, 0.611401927491485], [-0.08397048602893663, -0.16333947748576433]]",0.5,TimeSeriesSplit(5) multisalida,,
SAN_JUAN_DE_LURIGANCHO,VIENTO_VECTOR,2025-08-07 11:00:00,2025-08-07 18:00:00,8,8,interstation_vector_regression,False,r2_below_threshold,0,,8,-1.4264838051169741,CAMPO_DE_MARTE,10.979336409143984,1.0,6958.0,"[-0.33766372108840803, -0.26393964422885025]","[[0.9221922133777543, 0.40169055512710705], [-0.42807090936805836, -0.06770779455417039]]",0.5,TimeSeriesSplit(5) multisalida,,
SAN_JUAN_DE_LURIGANCHO,VIENTO_VECTOR,2025-08-07 11:00:00,2025-08-07 18:00:00,8,8,interstation_vector_regression,False,r2_below_threshold,0,,8,-2.1139152858500103,SAN_BORJA,14.1460220348316,1.0,6828.0,"[0.3543860109431772, -0.47143092266841735]","[[0.7547673255855715, 0.13991635051322784], [-0.41626514649765245, -0.19523022668211273]]",0.5,TimeSeriesSplit(5) multisalida,,
SAN_JUAN_DE_LURIGANCHO,VIENTO_VECTOR,2025-08-07 11:00:00,2025-08-07 18:00:00,8,8,unimputable,False,no_vector_method_available,0,,8,,,,,,,,,,,
SAN_JUAN_DE_LURIGANCHO,VIENTO_VECTOR,2025-08-08 12:00:00,2025-08-08 16:00:00,5,5,interstation_vector_regression,False,r2_below_threshold,0,,5,-1.3774211367867903,SANTA_ANITA,7.4653240754465795,1.0,5978.0,"[-0.003915207043303948, -0.18618919098320125]","[[0.6553746212213365, 0.6564678196009518], [-0.27301503282919937, -0.42357223052918236]]",0.5,TimeSeriesSplit(5) multisalida,,
SAN_JUAN_DE_LURIGANCHO,VIENTO_VECTOR,2025-08-08 12:00:00,2025-08-08 16:00:00,5,5,interstation_vector_regression,False,r2_below_threshold,0,,5,-1.2504130488580807,CERES,9.429216388609277,1.0,7047.0,"[-0.07220261894801394, -0.3370204406907482]","[[0.6380474932617379, 0.9964959514721488], [-0.10380141064927667, -0.4666687298991079]]",0.5,TimeSeriesSplit(5) multisalida,,
SAN_JUAN_DE_LURIGANCHO,VIENTO_VECTOR,2025-08-08 12:00:00,2025-08-08 16:00:00,5,5,interstation_vector_regression,False,r2_below_threshold,0,,5,-1.116639339354385,CARABAYLLO,9.593975224056559,1.0,6775.0,"[-0.47994722645075205, -0.23558945647015422]","[[1.3043965739301941, 1.2910569710873347], [-0.5205484736307412, -0.20062954408102732]]",0.5,TimeSeriesSplit(5) multisalida,,
SAN_JUAN_DE_LURIGANCHO,VIENTO_VECTOR,2025-08-08 12:00:00,2025-08-08 16:00:00,5,5,interstation_vector_regression,False,r2_below_threshold,0,,5,-1.3621975320050008,SAN_MARTIN_DE_PORRES,9.75182688225575,1.0,7022.0,"[-0.22324650724074546, -0.38932956327374457]","[[0.3642119079219212, 0.611401927491485], [-0.08397048602893663, -0.16333947748576433]]",0.5,TimeSeriesSplit(5) multisalida,,
SAN_JUAN_DE_LURIGANCHO,VIENTO_VECTOR,2025-08-08 12:00:00,2025-08-08 16:00:00,5,5,interstation_vector_regression,False,r2_below_threshold,0,,5,-1.4264838051169741,CAMPO_DE_MARTE,10.979336409143984,1.0,6958.0,"[-0.33766372108840803, -0.26393964422885025]","[[0.9221922133777543, 0.40169055512710705], [-0.42807090936805836, -0.06770779455417039]]",0.5,TimeSeriesSplit(5) multisalida,,
SAN_JUAN_DE_LURIGANCHO,VIENTO_VECTOR,2025-08-08 12:00:00,2025-08-08 16:00:00,5,5,interstation_vector_regression,False,r2_below_threshold,0,,5,-2.1139152858500103,SAN_BORJA,14.1460220348316,1.0,6828.0,"[0.3543860109431772, -0.47143092266841735]","[[0.7547673255855715, 0.13991635051322784], [-0.41626514649765245, -0.19523022668211273]]",0.5,TimeSeriesSplit(5) multisalida,,
SAN_JUAN_DE_LURIGANCHO,VIENTO_VECTOR,2025-08-08 12:00:00,2025-08-08 16:00:00,5,5,unimputable,False,no_vector_method_available,0,,5,,,,,,,,,,,
SAN_JUAN_DE_LURIGANCHO,VIENTO_VECTOR,2025-08-09 11:00:00,2025-08-09 23:00:00,13,13,interstation_vector_regression,False,r2_below_threshold,0,,13,-1.3774211367867903,SANTA_ANITA,7.4653240754465795,1.0,5978.0,"[-0.003915207043303948, -0.18618919098320125]","[[0.6553746212213365, 0.6564678196009518], [-0.27301503282919937, -0.42357223052918236]]",0.5,TimeSeriesSplit(5) multisalida,,
SAN_JUAN_DE_LURIGANCHO,VIENTO_VECTOR,2025-08-09 11:00:00,2025-08-09 23:00:00,13,13,interstation_vector_regression,False,r2_below_threshold,0,,13,-1.2504130488580807,CERES,9.429216388609277,1.0,7047.0,"[-0.07220261894801394, -0.3370204406907482]","[[0.6380474932617379, 0.9964959514721488], [-0.10380141064927667, -0.4666687298991079]]",0.5,TimeSeriesSplit(5) multisalida,,
SAN_JUAN_DE_LURIGANCHO,VIENTO_VECTOR,2025-08-09 11:00:00,2025-08-09 23:00:00,13,13,interstation_vector_regression,False,r2_below_threshold,0,,13,-1.116639339354385,CARABAYLLO,9.593975224056559,1.0,6775.0,"[-0.47994722645075205, -0.23558945647015422]","[[1.3043965739301941, 1.2910569710873347], [-0.5205484736307412, -0.20062954408102732]]",0.5,TimeSeriesSplit(5) multisalida,,
SAN_JUAN_DE_LURIGANCHO,VIENTO_VECTOR,2025-08-09 11:00:00,2025-08-09 23:00:00,13,13,interstation_vector_regression,False,r2_below_threshold,0,,13,-1.3621975320050008,SAN_MARTIN_DE_PORRES,9.75182688225575,1.0,7022.0,"[-0.22324650724074546, -0.38932956327374457]","[[0.3642119079219212, 0.611401927491485], [-0.08397048602893663, -0.16333947748576433]]",0.5,TimeSeriesSplit(5) multisalida,,
SAN_JUAN_DE_LURIGANCHO,VIENTO_VECTOR,2025-08-09 11:00:00,2025-08-09 23:00:00,13,13,interstation_vector_regression,False,r2_below_threshold,0,,13,-1.4264838051169741,CAMPO_DE_MARTE,10.979336409143984,1.0,6958.0,"[-0.33766372108840803, -0.26393964422885025]","[[0.9221922133777543, 0.40169055512710705], [-0.42807090936805836, -0.06770779455417039]]",0.5,TimeSeriesSplit(5) multisalida,,
SAN_JUAN_DE_LURIGANCHO,VIENTO_VECTOR,2025-08-09 11:00:00,2025-08-09 23:00:00,13,13,interstation_vector_regression,False,r2_below_threshold,0,,13,-2.1139152858500103,SAN_BORJA,14.1460220348316,1.0,6828.0,"[0.3543860109431772, -0.47143092266841735]","[[0.7547673255855715, 0.13991635051322784], [-0.41626514649765245, -0.19523022668211273]]",0.5,TimeSeriesSplit(5) multisalida,,
SAN_JUAN_DE_LURIGANCHO,VIENTO_VECTOR,2025-08-09 11:00:00,2025-08-09 23:00:00,13,13,unimputable,False,no_vector_method_available,0,,13,,,,,,,,,,,
SAN_JUAN_DE_LURIGANCHO,VIENTO_VECTOR,2025-08-10 11:00:00,2025-08-10 22:00:00,12,12,interstation_vector_regression,False,r2_below_threshold,0,,12,-1.3774211367867903,SANTA_ANITA,7.4653240754465795,1.0,5978.0,"[-0.003915207043303948, -0.18618919098320125]","[[0.6553746212213365, 0.6564678196009518], [-0.27301503282919937, -0.42357223052918236]]",0.5,TimeSeriesSplit(5) multisalida,,
SAN_JUAN_DE_LURIGANCHO,VIENTO_VECTOR,2025-08-10 11:00:00,2025-08-10 22:00:00,12,12,interstation_vector_regression,False,r2_below_threshold,0,,12,-1.2504130488580807,CERES,9.429216388609277,1.0,7047.0,"[-0.07220261894801394, -0.3370204406907482]","[[0.6380474932617379, 0.9964959514721488], [-0.10380141064927667, -0.4666687298991079]]",0.5,TimeSeriesSplit(5) multisalida,,
SAN_JUAN_DE_LURIGANCHO,VIENTO_VECTOR,2025-08-10 11:00:00,2025-08-10 22:00:00,12,12,interstation_vector_regression,False,r2_below_threshold,0,,12,-1.116639339354385,CARABAYLLO,9.593975224056559,1.0,6775.0,"[-0.47994722645075205, -0.23558945647015422]","[[1.3043965739301941, 1.2910569710873347], [-0.5205484736307412, -0.20062954408102732]]",0.5,TimeSeriesSplit(5) multisalida,,
SAN_JUAN_DE_LURIGANCHO,VIENTO_VECTOR,2025-08-10 11:00:00,2025-08-10 22:00:00,12,12,interstation_vector_regression,False,r2_below_threshold,0,,12,-1.3621975320050008,SAN_MARTIN_DE_PORRES,9.75182688225575,1.0,7022.0,"[-0.22324650724074546, -0.38932956327374457]","[[0.3642119079219212, 0.611401927491485], [-0.08397048602893663, -0.16333947748576433]]",0.5,TimeSeriesSplit(5) multisalida,,
SAN_JUAN_DE_LURIGANCHO,VIENTO_VECTOR,2025-08-10 11:00:00,2025-08-10 22:00:00,12,12,interstation_vector_regression,False,r2_below_threshold,0,,12,-1.4264838051169741,CAMPO_DE_MARTE,10.979336409143984,1.0,6958.0,"[-0.33766372108840803, -0.26393964422885025]","[[0.9221922133777543, 0.40169055512710705], [-0.42807090936805836, -0.06770779455417039]]",0.5,TimeSeriesSplit(5) multisalida,,
SAN_JUAN_DE_LURIGANCHO,VIENTO_VECTOR,2025-08-10 11:00:00,2025-08-10 22:00:00,12,12,interstation_vector_regression,False,r2_below_threshold,0,,12,-2.1139152858500103,SAN_BORJA,14.1460220348316,1.0,6828.0,"[0.3543860109431772, -0.47143092266841735]","[[0.7547673255855715, 0.13991635051322784], [-0.41626514649765245, -0.19523022668211273]]",0.5,TimeSeriesSplit(5) multisalida,,
SAN_JUAN_DE_LURIGANCHO,VIENTO_VECTOR,2025-08-10 11:00:00,2025-08-10 22:00:00,12,12,unimputable,False,no_vector_method_available,0,,12,,,,,,,,,,,
SAN_JUAN_DE_LURIGANCHO,VIENTO_VECTOR,2025-08-11 09:00:00,2025-08-12 00:00:00,16,16,interstation_vector_regression,False,r2_below_threshold,0,,16,-1.3774211367867903,SANTA_ANITA,7.4653240754465795,1.0,5978.0,"[-0.003915207043303948, -0.18618919098320125]","[[0.6553746212213365, 0.6564678196009518], [-0.27301503282919937, -0.42357223052918236]]",0.5,TimeSeriesSplit(5) multisalida,,
SAN_JUAN_DE_LURIGANCHO,VIENTO_VECTOR,2025-08-11 09:00:00,2025-08-12 00:00:00,16,16,interstation_vector_regression,False,r2_below_threshold,0,,16,-1.2504130488580807,CERES,9.429216388609277,1.0,7047.0,"[-0.07220261894801394, -0.3370204406907482]","[[0.6380474932617379, 0.9964959514721488], [-0.10380141064927667, -0.4666687298991079]]",0.5,TimeSeriesSplit(5) multisalida,,
SAN_JUAN_DE_LURIGANCHO,VIENTO_VECTOR,2025-08-11 09:00:00,2025-08-12 00:00:00,16,16,interstation_vector_regression,False,r2_below_threshold,0,,16,-1.116639339354385,CARABAYLLO,9.593975224056559,1.0,6775.0,"[-0.47994722645075205, -0.23558945647015422]","[[1.3043965739301941, 1.2910569710873347], [-0.5205484736307412, -0.20062954408102732]]",0.5,TimeSeriesSplit(5) multisalida,,
SAN_JUAN_DE_LURIGANCHO,VIENTO_VECTOR,2025-08-11 09:00:00,2025-08-12 00:00:00,16,16,interstation_vector_regression,False,r2_below_threshold,0,,16,-1.3621975320050008,SAN_MARTIN_DE_PORRES,9.75182688225575,1.0,7022.0,"[-0.22324650724074546, -0.38932956327374457]","[[0.3642119079219212, 0.611401927491485], [-0.08397048602893663, -0.16333947748576433]]",0.5,TimeSeriesSplit(5) multisalida,,
SAN_JUAN_DE_LURIGANCHO,VIENTO_VECTOR,2025-08-11 09:00:00,2025-08-12 00:00:00,16,16,interstation_vector_regression,False,r2_below_threshold,0,,16,-1.4264838051169741,CAMPO_DE_MARTE,10.979336409143984,1.0,6958.0,"[-0.33766372108840803, -0.26393964422885025]","[[0.9221922133777543, 0.40169055512710705], [-0.42807090936805836, -0.06770779455417039]]",0.5,TimeSeriesSplit(5) multisalida,,
SAN_JUAN_DE_LURIGANCHO,VIENTO_VECTOR,2025-08-11 09:00:00,2025-08-12 00:00:00,16,16,interstation_vector_regression,False,r2_below_threshold,0,,16,-2.1139152858500103,SAN_BORJA,14.1460220348316,1.0,6828.0,"[0.3543860109431772, -0.47143092266841735]","[[0.7547673255855715, 0.13991635051322784], [-0.41626514649765245, -0.19523022668211273]]",0.5,TimeSeriesSplit(5) multisalida,,
SAN_JUAN_DE_LURIGANCHO,VIENTO_VECTOR,2025-08-11 09:00:00,2025-08-12 00:00:00,16,16,unimputable,False,no_vector_method_available,0,,16,,,,,,,,,,,
SAN_JUAN_DE_LURIGANCHO,VEL_VIENTO,2025-08-12 11:00:00,2025-08-13 03:00:00,17,17,weekly_vector_seasonal,True,,6,2025-08-12T22:00:00|2025-08-12T23:00:00|2025-08-13T00:00:00|2025-08-13T01:00:00|2025-08-13T02:00:00|2025-08-13T03:00:00,11,,,,,,,,,,3.0,
SAN_JUAN_DE_LURIGANCHO,VIENTO_VECTOR,2025-08-12 11:00:00,2025-08-13 03:00:00,17,17,interstation_vector_regression,False,r2_below_threshold,0,,11,-1.3774211367867903,SANTA_ANITA,7.4653240754465795,1.0,5978.0,"[-0.003915207043303948, -0.18618919098320125]","[[0.6553746212213365, 0.6564678196009518], [-0.27301503282919937, -0.42357223052918236]]",0.5,TimeSeriesSplit(5) multisalida,,
SAN_JUAN_DE_LURIGANCHO,VIENTO_VECTOR,2025-08-12 11:00:00,2025-08-13 03:00:00,17,17,interstation_vector_regression,False,r2_below_threshold,0,,11,-1.2504130488580807,CERES,9.429216388609277,1.0,7047.0,"[-0.07220261894801394, -0.3370204406907482]","[[0.6380474932617379, 0.9964959514721488], [-0.10380141064927667, -0.4666687298991079]]",0.5,TimeSeriesSplit(5) multisalida,,
SAN_JUAN_DE_LURIGANCHO,VIENTO_VECTOR,2025-08-12 11:00:00,2025-08-13 03:00:00,17,17,interstation_vector_regression,False,r2_below_threshold,0,,11,-1.116639339354385,CARABAYLLO,9.593975224056559,1.0,6775.0,"[-0.47994722645075205, -0.23558945647015422]","[[1.3043965739301941, 1.2910569710873347], [-0.5205484736307412, -0.20062954408102732]]",0.5,TimeSeriesSplit(5) multisalida,,
SAN_JUAN_DE_LURIGANCHO,VIENTO_VECTOR,2025-08-12 11:00:00,2025-08-13 03:00:00,17,17,interstation_vector_regression,False,r2_below_threshold,0,,11,-1.3621975320050008,SAN_MARTIN_DE_PORRES,9.75182688225575,1.0,7022.0,"[-0.22324650724074546, -0.38932956327374457]","[[0.3642119079219212, 0.611401927491485], [-0.08397048602893663, -0.16333947748576433]]",0.5,TimeSeriesSplit(5) multisalida,,
SAN_JUAN_DE_LURIGANCHO,VIENTO_VECTOR,2025-08-12 11:00:00,2025-08-13 03:00:00,17,17,interstation_vector_regression,False,r2_below_threshold,0,,11,-1.4264838051169741,CAMPO_DE_MARTE,10.979336409143984,1.0,6958.0,"[-0.33766372108840803, -0.26393964422885025]","[[0.9221922133777543, 0.40169055512710705], [-0.42807090936805836, -0.06770779455417039]]",0.5,TimeSeriesSplit(5) multisalida,,
SAN_JUAN_DE_LURIGANCHO,VIENTO_VECTOR,2025-08-12 11:00:00,2025-08-13 03:00:00,17,17,interstation_vector_regression,False,r2_below_threshold,0,,11,-2.1139152858500103,SAN_BORJA,14.1460220348316,1.0,6828.0,"[0.3543860109431772, -0.47143092266841735]","[[0.7547673255855715, 0.13991635051322784], [-0.41626514649765245, -0.19523022668211273]]",0.5,TimeSeriesSplit(5) multisalida,,
SAN_JUAN_DE_LURIGANCHO,VIENTO_VECTOR,2025-08-12 11:00:00,2025-08-13 03:00:00,17,17,unimputable,False,no_vector_method_available,0,,11,,,,,,,,,,,
SAN_JUAN_DE_LURIGANCHO,VEL_VIENTO,2025-08-13 06:00:00,2025-08-13 06:00:00,1,1,short_vector_linear,True,,1,2025-08-13T06:00:00,0,,,,,,,,,,,
SAN_JUAN_DE_LURIGANCHO,VEL_VIENTO,2025-08-13 09:00:00,2025-08-14 04:00:00,20,20,weekly_vector_seasonal,True,,3,2025-08-13T23:00:00|2025-08-14T03:00:00|2025-08-14T04:00:00,17,,,,,,,,,,3.0,
SAN_JUAN_DE_LURIGANCHO,VIENTO_VECTOR,2025-08-13 09:00:00,2025-08-14 04:00:00,20,20,interstation_vector_regression,False,r2_below_threshold,0,,17,-1.3774211367867903,SANTA_ANITA,7.4653240754465795,1.0,5978.0,"[-0.003915207043303948, -0.18618919098320125]","[[0.6553746212213365, 0.6564678196009518], [-0.27301503282919937, -0.42357223052918236]]",0.5,TimeSeriesSplit(5) multisalida,,
SAN_JUAN_DE_LURIGANCHO,VIENTO_VECTOR,2025-08-13 09:00:00,2025-08-14 04:00:00,20,20,interstation_vector_regression,False,r2_below_threshold,0,,17,-1.2504130488580807,CERES,9.429216388609277,1.0,7047.0,"[-0.07220261894801394, -0.3370204406907482]","[[0.6380474932617379, 0.9964959514721488], [-0.10380141064927667, -0.4666687298991079]]",0.5,TimeSeriesSplit(5) multisalida,,
SAN_JUAN_DE_LURIGANCHO,VIENTO_VECTOR,2025-08-13 09:00:00,2025-08-14 04:00:00,20,20,interstation_vector_regression,False,r2_below_threshold,0,,17,-1.116639339354385,CARABAYLLO,9.593975224056559,1.0,6775.0,"[-0.47994722645075205, -0.23558945647015422]","[[1.3043965739301941, 1.2910569710873347], [-0.5205484736307412, -0.20062954408102732]]",0.5,TimeSeriesSplit(5) multisalida,,
SAN_JUAN_DE_LURIGANCHO,VIENTO_VECTOR,2025-08-13 09:00:00,2025-08-14 04:00:00,20,20,interstation_vector_regression,False,r2_below_threshold,0,,17,-1.3621975320050008,SAN_MARTIN_DE_PORRES,9.75182688225575,1.0,7022.0,"[-0.22324650724074546, -0.38932956327374457]","[[0.3642119079219212, 0.611401927491485], [-0.08397048602893663, -0.16333947748576433]]",0.5,TimeSeriesSplit(5) multisalida,,
SAN_JUAN_DE_LURIGANCHO,VIENTO_VECTOR,2025-08-13 09:00:00,2025-08-14 04:00:00,20,20,interstation_vector_regression,False,r2_below_threshold,0,,17,-1.4264838051169741,CAMPO_DE_MARTE,10.979336409143984,1.0,6958.0,"[-0.33766372108840803, -0.26393964422885025]","[[0.9221922133777543, 0.40169055512710705], [-0.42807090936805836, -0.06770779455417039]]",0.5,TimeSeriesSplit(5) multisalida,,
SAN_JUAN_DE_LURIGANCHO,VIENTO_VECTOR,2025-08-13 09:00:00,2025-08-14 04:00:00,20,20,interstation_vector_regression,False,r2_below_threshold,0,,17,-2.1139152858500103,SAN_BORJA,14.1460220348316,1.0,6828.0,"[0.3543860109431772, -0.47143092266841735]","[[0.7547673255855715, 0.13991635051322784], [-0.41626514649765245, -0.19523022668211273]]",0.5,TimeSeriesSplit(5) multisalida,,
SAN_JUAN_DE_LURIGANCHO,VIENTO_VECTOR,2025-08-13 09:00:00,2025-08-14 04:00:00,20,20,unimputable,False,no_vector_method_available,0,,17,,,,,,,,,,,
SAN_JUAN_DE_LURIGANCHO,VEL_VIENTO,2025-08-14 11:00:00,2025-08-14 21:00:00,11,11,weekly_vector_seasonal,True,,3,2025-08-14T19:00:00|2025-08-14T20:00:00|2025-08-14T21:00:00,8,,,,,,,,,,3.0,
SAN_JUAN_DE_LURIGANCHO,VIENTO_VECTOR,2025-08-14 11:00:00,2025-08-14 21:00:00,11,11,interstation_vector_regression,False,r2_below_threshold,0,,8,-1.3774211367867903,SANTA_ANITA,7.4653240754465795,1.0,5978.0,"[-0.003915207043303948, -0.18618919098320125]","[[0.6553746212213365, 0.6564678196009518], [-0.27301503282919937, -0.42357223052918236]]",0.5,TimeSeriesSplit(5) multisalida,,
SAN_JUAN_DE_LURIGANCHO,VIENTO_VECTOR,2025-08-14 11:00:00,2025-08-14 21:00:00,11,11,interstation_vector_regression,False,r2_below_threshold,0,,8,-1.2504130488580807,CERES,9.429216388609277,1.0,7047.0,"[-0.07220261894801394, -0.3370204406907482]","[[0.6380474932617379, 0.9964959514721488], [-0.10380141064927667, -0.4666687298991079]]",0.5,TimeSeriesSplit(5) multisalida,,
SAN_JUAN_DE_LURIGANCHO,VIENTO_VECTOR,2025-08-14 11:00:00,2025-08-14 21:00:00,11,11,interstation_vector_regression,False,r2_below_threshold,0,,8,-1.116639339354385,CARABAYLLO,9.593975224056559,1.0,6775.0,"[-0.47994722645075205, -0.23558945647015422]","[[1.3043965739301941, 1.2910569710873347], [-0.5205484736307412, -0.20062954408102732]]",0.5,TimeSeriesSplit(5) multisalida,,
SAN_JUAN_DE_LURIGANCHO,VIENTO_VECTOR,2025-08-14 11:00:00,2025-08-14 21:00:00,11,11,interstation_vector_regression,False,r2_below_threshold,0,,8,-1.3621975320050008,SAN_MARTIN_DE_PORRES,9.75182688225575,1.0,7022.0,"[-0.22324650724074546, -0.38932956327374457]","[[0.3642119079219212, 0.611401927491485], [-0.08397048602893663, -0.16333947748576433]]",0.5,TimeSeriesSplit(5) multisalida,,
SAN_JUAN_DE_LURIGANCHO,VIENTO_VECTOR,2025-08-14 11:00:00,2025-08-14 21:00:00,11,11,interstation_vector_regression,False,r2_below_threshold,0,,8,-1.4264838051169741,CAMPO_DE_MARTE,10.979336409143984,1.0,6958.0,"[-0.33766372108840803, -0.26393964422885025]","[[0.9221922133777543, 0.40169055512710705], [-0.42807090936805836, -0.06770779455417039]]",0.5,TimeSeriesSplit(5) multisalida,,
SAN_JUAN_DE_LURIGANCHO,VIENTO_VECTOR,2025-08-14 11:00:00,2025-08-14 21:00:00,11,11,interstation_vector_regression,False,r2_below_threshold,0,,8,-2.1139152858500103,SAN_BORJA,14.1460220348316,1.0,6828.0,"[0.3543860109431772, -0.47143092266841735]","[[0.7547673255855715, 0.13991635051322784], [-0.41626514649765245, -0.19523022668211273]]",0.5,TimeSeriesSplit(5) multisalida,,
SAN_JUAN_DE_LURIGANCHO,VIENTO_VECTOR,2025-08-14 11:00:00,2025-08-14 21:00:00,11,11,unimputable,False,no_vector_method_available,0,,8,,,,,,,,,,,
SAN_JUAN_DE_LURIGANCHO,VEL_VIENTO,2025-08-14 23:00:00,2025-08-15 01:00:00,3,3,short_vector_linear,True,,3,2025-08-14T23:00:00|2025-08-15T00:00:00|2025-08-15T01:00:00,0,,,,,,,,,,,
SAN_JUAN_DE_LURIGANCHO,VIENTO_VECTOR,2025-08-15 03:00:00,2025-08-15 06:00:00,4,4,short_vector_linear,False,calm_candidate_conflicts_with_observed_component,0,,4,,,,,,,,,,,2025-08-15T03:00:00|2025-08-15T04:00:00|2025-08-15T05:00:00|2025-08-15T06:00:00
SAN_JUAN_DE_LURIGANCHO,VEL_VIENTO,2025-08-15 03:00:00,2025-08-15 06:00:00,4,4,weekly_vector_seasonal,True,,4,2025-08-15T03:00:00|2025-08-15T04:00:00|2025-08-15T05:00:00|2025-08-15T06:00:00,0,,,,,,,,,,3.0,
SAN_JUAN_DE_LURIGANCHO,DIR_VIENTO,2025-08-15 10:00:00,2025-08-17 23:00:00,62,62,weekly_vector_seasonal,True,,2,2025-08-16T07:00:00|2025-08-16T08:00:00,1,,,,,,,,,,3.0,
SAN_JUAN_DE_LURIGANCHO,VEL_VIENTO,2025-08-15 10:00:00,2025-08-17 23:00:00,62,62,weekly_vector_seasonal,True,,25,2025-08-15T19:00:00|2025-08-15T20:00:00|2025-08-15T21:00:00|2025-08-15T22:00:00|2025-08-15T23:00:00|2025-08-16T00:00:00|2025-08-16T01:00:00|2025-08-16T02:00:00|2025-08-16T03:00:00|2025-08-16T04:00:00|2025-08-16T05:00:00|2025-08-16T06:00:00|2025-08-16T07:00:00|2025-08-16T08:00:00|2025-08-17T00:00:00|2025-08-17T01:00:00|2025-08-17T02:00:00|2025-08-17T03:00:00|2025-08-17T04:00:00|2025-08-17T05:00:00|2025-08-17T06:00:00|2025-08-17T07:00:00|2025-08-17T08:00:00|2025-08-17T09:00:00|2025-08-17T10:00:00,37,,,,,,,,,,3.0,
SAN_JUAN_DE_LURIGANCHO,VIENTO_VECTOR,2025-08-15 10:00:00,2025-08-17 23:00:00,62,62,interstation_vector_regression,False,r2_below_threshold,0,,37,-1.3774211367867903,SANTA_ANITA,7.4653240754465795,1.0,5978.0,"[-0.003915207043303948, -0.18618919098320125]","[[0.6553746212213365, 0.6564678196009518], [-0.27301503282919937, -0.42357223052918236]]",0.5,TimeSeriesSplit(5) multisalida,,
SAN_JUAN_DE_LURIGANCHO,VIENTO_VECTOR,2025-08-15 10:00:00,2025-08-17 23:00:00,62,62,interstation_vector_regression,False,r2_below_threshold,0,,37,-1.2504130488580807,CERES,9.429216388609277,0.972972972972973,7047.0,"[-0.07220261894801394, -0.3370204406907482]","[[0.6380474932617379, 0.9964959514721488], [-0.10380141064927667, -0.4666687298991079]]",0.5,TimeSeriesSplit(5) multisalida,,
SAN_JUAN_DE_LURIGANCHO,VIENTO_VECTOR,2025-08-15 10:00:00,2025-08-17 23:00:00,62,62,interstation_vector_regression,False,r2_below_threshold,0,,37,-1.116639339354385,CARABAYLLO,9.593975224056559,0.972972972972973,6775.0,"[-0.47994722645075205, -0.23558945647015422]","[[1.3043965739301941, 1.2910569710873347], [-0.5205484736307412, -0.20062954408102732]]",0.5,TimeSeriesSplit(5) multisalida,,
SAN_JUAN_DE_LURIGANCHO,VIENTO_VECTOR,2025-08-15 10:00:00,2025-08-17 23:00:00,62,62,interstation_vector_regression,False,r2_below_threshold,0,,37,-1.3621975320050008,SAN_MARTIN_DE_PORRES,9.75182688225575,0.972972972972973,7022.0,"[-0.22324650724074546, -0.38932956327374457]","[[0.3642119079219212, 0.611401927491485], [-0.08397048602893663, -0.16333947748576433]]",0.5,TimeSeriesSplit(5) multisalida,,
SAN_JUAN_DE_LURIGANCHO,VIENTO_VECTOR,2025-08-15 10:00:00,2025-08-17 23:00:00,62,62,interstation_vector_regression,False,r2_below_threshold,0,,37,-1.4264838051169741,CAMPO_DE_MARTE,10.979336409143984,1.0,6958.0,"[-0.33766372108840803, -0.26393964422885025]","[[0.9221922133777543, 0.40169055512710705], [-0.42807090936805836, -0.06770779455417039]]",0.5,TimeSeriesSplit(5) multisalida,,
SAN_JUAN_DE_LURIGANCHO,VIENTO_VECTOR,2025-08-15 10:00:00,2025-08-17 23:00:00,62,62,interstation_vector_regression,False,r2_below_threshold,0,,37,-2.1139152858500103,SAN_BORJA,14.1460220348316,0.972972972972973,6828.0,"[0.3543860109431772, -0.47143092266841735]","[[0.7547673255855715, 0.13991635051322784], [-0.41626514649765245, -0.19523022668211273]]",0.5,TimeSeriesSplit(5) multisalida,,
SAN_JUAN_DE_LURIGANCHO,VIENTO_VECTOR,2025-08-15 10:00:00,2025-08-17 23:00:00,62,62,unimputable,False,no_vector_method_available,0,,37,,,,,,,,,,,
SAN_JUAN_DE_LURIGANCHO,VEL_VIENTO,2025-08-18 09:00:00,2025-08-20 05:00:00,45,45,weekly_vector_seasonal,True,,15,2025-08-19T01:00:00|2025-08-19T02:00:00|2025-08-19T03:00:00|2025-08-19T04:00:00|2025-08-19T05:00:00|2025-08-19T06:00:00|2025-08-19T07:00:00|2025-08-19T08:00:00|2025-08-19T09:00:00|2025-08-20T00:00:00|2025-08-20T01:00:00|2025-08-20T02:00:00|2025-08-20T03:00:00|2025-08-20T04:00:00|2025-08-20T05:00:00,30,,,,,,,,,,3.0,
SAN_JUAN_DE_LURIGANCHO,VIENTO_VECTOR,2025-08-18 09:00:00,2025-08-20 05:00:00,45,45,interstation_vector_regression,False,r2_below_threshold,0,,30,-1.3774211367867903,SANTA_ANITA,7.4653240754465795,1.0,5978.0,"[-0.003915207043303948, -0.18618919098320125]","[[0.6553746212213365, 0.6564678196009518], [-0.27301503282919937, -0.42357223052918236]]",0.5,TimeSeriesSplit(5) multisalida,,
SAN_JUAN_DE_LURIGANCHO,VIENTO_VECTOR,2025-08-18 09:00:00,2025-08-20 05:00:00,45,45,interstation_vector_regression,False,r2_below_threshold,0,,30,-1.2504130488580807,CERES,9.429216388609277,1.0,7047.0,"[-0.07220261894801394, -0.3370204406907482]","[[0.6380474932617379, 0.9964959514721488], [-0.10380141064927667, -0.4666687298991079]]",0.5,TimeSeriesSplit(5) multisalida,,
SAN_JUAN_DE_LURIGANCHO,VIENTO_VECTOR,2025-08-18 09:00:00,2025-08-20 05:00:00,45,45,interstation_vector_regression,False,r2_below_threshold,0,,30,-1.116639339354385,CARABAYLLO,9.593975224056559,1.0,6775.0,"[-0.47994722645075205, -0.23558945647015422]","[[1.3043965739301941, 1.2910569710873347], [-0.5205484736307412, -0.20062954408102732]]",0.5,TimeSeriesSplit(5) multisalida,,
SAN_JUAN_DE_LURIGANCHO,VIENTO_VECTOR,2025-08-18 09:00:00,2025-08-20 05:00:00,45,45,interstation_vector_regression,False,r2_below_threshold,0,,30,-1.3621975320050008,SAN_MARTIN_DE_PORRES,9.75182688225575,1.0,7022.0,"[-0.22324650724074546, -0.38932956327374457]","[[0.3642119079219212, 0.611401927491485], [-0.08397048602893663, -0.16333947748576433]]",0.5,TimeSeriesSplit(5) multisalida,,
SAN_JUAN_DE_LURIGANCHO,VIENTO_VECTOR,2025-08-18 09:00:00,2025-08-20 05:00:00,45,45,interstation_vector_regression,False,r2_below_threshold,0,,30,-1.4264838051169741,CAMPO_DE_MARTE,10.979336409143984,1.0,6958.0,"[-0.33766372108840803, -0.26393964422885025]","[[0.9221922133777543, 0.40169055512710705], [-0.42807090936805836, -0.06770779455417039]]",0.5,TimeSeriesSplit(5) multisalida,,
SAN_JUAN_DE_LURIGANCHO,VIENTO_VECTOR,2025-08-18 09:00:00,2025-08-20 05:00:00,45,45,interstation_vector_regression,False,r2_below_threshold,0,,30,-2.1139152858500103,SAN_BORJA,14.1460220348316,1.0,6828.0,"[0.3543860109431772, -0.47143092266841735]","[[0.7547673255855715, 0.13991635051322784], [-0.41626514649765245, -0.19523022668211273]]",0.5,TimeSeriesSplit(5) multisalida,,
SAN_JUAN_DE_LURIGANCHO,VIENTO_VECTOR,2025-08-18 09:00:00,2025-08-20 05:00:00,45,45,unimputable,False,no_vector_method_available,0,,30,,,,,,,,,,,
SAN_JUAN_DE_LURIGANCHO,VEL_VIENTO,2025-08-20 08:00:00,2025-08-21 02:00:00,19,19,weekly_vector_seasonal,True,,4,2025-08-20T08:00:00|2025-08-20T09:00:00|2025-08-20T22:00:00|2025-08-20T23:00:00,15,,,,,,,,,,3.0,
SAN_JUAN_DE_LURIGANCHO,VIENTO_VECTOR,2025-08-20 08:00:00,2025-08-21 02:00:00,19,19,interstation_vector_regression,False,r2_below_threshold,0,,15,-1.3774211367867903,SANTA_ANITA,7.4653240754465795,1.0,5978.0,"[-0.003915207043303948, -0.18618919098320125]","[[0.6553746212213365, 0.6564678196009518], [-0.27301503282919937, -0.42357223052918236]]",0.5,TimeSeriesSplit(5) multisalida,,
SAN_JUAN_DE_LURIGANCHO,VIENTO_VECTOR,2025-08-20 08:00:00,2025-08-21 02:00:00,19,19,interstation_vector_regression,False,r2_below_threshold,0,,15,-1.2504130488580807,CERES,9.429216388609277,1.0,7047.0,"[-0.07220261894801394, -0.3370204406907482]","[[0.6380474932617379, 0.9964959514721488], [-0.10380141064927667, -0.4666687298991079]]",0.5,TimeSeriesSplit(5) multisalida,,
SAN_JUAN_DE_LURIGANCHO,VIENTO_VECTOR,2025-08-20 08:00:00,2025-08-21 02:00:00,19,19,interstation_vector_regression,False,r2_below_threshold,0,,15,-1.116639339354385,CARABAYLLO,9.593975224056559,1.0,6775.0,"[-0.47994722645075205, -0.23558945647015422]","[[1.3043965739301941, 1.2910569710873347], [-0.5205484736307412, -0.20062954408102732]]",0.5,TimeSeriesSplit(5) multisalida,,
SAN_JUAN_DE_LURIGANCHO,VIENTO_VECTOR,2025-08-20 08:00:00,2025-08-21 02:00:00,19,19,interstation_vector_regression,False,r2_below_threshold,0,,15,-1.3621975320050008,SAN_MARTIN_DE_PORRES,9.75182688225575,1.0,7022.0,"[-0.22324650724074546, -0.38932956327374457]","[[0.3642119079219212, 0.611401927491485], [-0.08397048602893663, -0.16333947748576433]]",0.5,TimeSeriesSplit(5) multisalida,,
SAN_JUAN_DE_LURIGANCHO,VIENTO_VECTOR,2025-08-20 08:00:00,2025-08-21 02:00:00,19,19,interstation_vector_regression,False,r2_below_threshold,0,,15,-1.4264838051169741,CAMPO_DE_MARTE,10.979336409143984,0.9333333333333333,6958.0,"[-0.33766372108840803, -0.26393964422885025]","[[0.9221922133777543, 0.40169055512710705], [-0.42807090936805836, -0.06770779455417039]]",0.5,TimeSeriesSplit(5) multisalida,,
SAN_JUAN_DE_LURIGANCHO,VIENTO_VECTOR,2025-08-20 08:00:00,2025-08-21 02:00:00,19,19,interstation_vector_regression,False,insufficient_gap_coverage,0,,15,,SAN_BORJA,14.1460220348316,0.8666666666666667,,,,0.5,TimeSeriesSplit(5) multisalida,,
SAN_JUAN_DE_LURIGANCHO,VIENTO_VECTOR,2025-08-20 08:00:00,2025-08-21 02:00:00,19,19,unimputable,False,no_vector_method_available,0,,15,,,,,,,,,,,
SAN_JUAN_DE_LURIGANCHO,VIENTO_VECTOR,2025-08-21 11:00:00,2025-08-21 17:00:00,7,7,interstation_vector_regression,False,r2_below_threshold,0,,7,-1.3774211367867903,SANTA_ANITA,7.4653240754465795,1.0,5978.0,"[-0.003915207043303948, -0.18618919098320125]","[[0.6553746212213365, 0.6564678196009518], [-0.27301503282919937, -0.42357223052918236]]",0.5,TimeSeriesSplit(5) multisalida,,
SAN_JUAN_DE_LURIGANCHO,VIENTO_VECTOR,2025-08-21 11:00:00,2025-08-21 17:00:00,7,7,interstation_vector_regression,False,r2_below_threshold,0,,7,-1.2504130488580807,CERES,9.429216388609277,1.0,7047.0,"[-0.07220261894801394, -0.3370204406907482]","[[0.6380474932617379, 0.9964959514721488], [-0.10380141064927667, -0.4666687298991079]]",0.5,TimeSeriesSplit(5) multisalida,,
SAN_JUAN_DE_LURIGANCHO,VIENTO_VECTOR,2025-08-21 11:00:00,2025-08-21 17:00:00,7,7,interstation_vector_regression,False,r2_below_threshold,0,,7,-1.116639339354385,CARABAYLLO,9.593975224056559,1.0,6775.0,"[-0.47994722645075205, -0.23558945647015422]","[[1.3043965739301941, 1.2910569710873347], [-0.5205484736307412, -0.20062954408102732]]",0.5,TimeSeriesSplit(5) multisalida,,
SAN_JUAN_DE_LURIGANCHO,VIENTO_VECTOR,2025-08-21 11:00:00,2025-08-21 17:00:00,7,7,interstation_vector_regression,False,r2_below_threshold,0,,7,-1.3621975320050008,SAN_MARTIN_DE_PORRES,9.75182688225575,1.0,7022.0,"[-0.22324650724074546, -0.38932956327374457]","[[0.3642119079219212, 0.611401927491485], [-0.08397048602893663, -0.16333947748576433]]",0.5,TimeSeriesSplit(5) multisalida,,
SAN_JUAN_DE_LURIGANCHO,VIENTO_VECTOR,2025-08-21 11:00:00,2025-08-21 17:00:00,7,7,interstation_vector_regression,False,r2_below_threshold,0,,7,-1.4264838051169741,CAMPO_DE_MARTE,10.979336409143984,1.0,6958.0,"[-0.33766372108840803, -0.26393964422885025]","[[0.9221922133777543, 0.40169055512710705], [-0.42807090936805836, -0.06770779455417039]]",0.5,TimeSeriesSplit(5) multisalida,,
SAN_JUAN_DE_LURIGANCHO,VIENTO_VECTOR,2025-08-21 11:00:00,2025-08-21 17:00:00,7,7,interstation_vector_regression,False,r2_below_threshold,0,,7,-2.1139152858500103,SAN_BORJA,14.1460220348316,1.0,6828.0,"[0.3543860109431772, -0.47143092266841735]","[[0.7547673255855715, 0.13991635051322784], [-0.41626514649765245, -0.19523022668211273]]",0.5,TimeSeriesSplit(5) multisalida,,
SAN_JUAN_DE_LURIGANCHO,VIENTO_VECTOR,2025-08-21 11:00:00,2025-08-21 17:00:00,7,7,unimputable,False,no_vector_method_available,0,,7,,,,,,,,,,,
SAN_JUAN_DE_LURIGANCHO,VEL_VIENTO,2025-08-22 10:00:00,2025-08-22 17:00:00,8,8,weekly_vector_seasonal,True,,1,2025-08-22T10:00:00,7,,,,,,,,,,3.0,
SAN_JUAN_DE_LURIGANCHO,VIENTO_VECTOR,2025-08-22 10:00:00,2025-08-22 17:00:00,8,8,interstation_vector_regression,False,r2_below_threshold,0,,7,-1.3774211367867903,SANTA_ANITA,7.4653240754465795,1.0,5978.0,"[-0.003915207043303948, -0.18618919098320125]","[[0.6553746212213365, 0.6564678196009518], [-0.27301503282919937, -0.42357223052918236]]",0.5,TimeSeriesSplit(5) multisalida,,
SAN_JUAN_DE_LURIGANCHO,VIENTO_VECTOR,2025-08-22 10:00:00,2025-08-22 17:00:00,8,8,interstation_vector_regression,False,r2_below_threshold,0,,7,-1.2504130488580807,CERES,9.429216388609277,1.0,7047.0,"[-0.07220261894801394, -0.3370204406907482]","[[0.6380474932617379, 0.9964959514721488], [-0.10380141064927667, -0.4666687298991079]]",0.5,TimeSeriesSplit(5) multisalida,,
SAN_JUAN_DE_LURIGANCHO,VIENTO_VECTOR,2025-08-22 10:00:00,2025-08-22 17:00:00,8,8,interstation_vector_regression,False,r2_below_threshold,0,,7,-1.116639339354385,CARABAYLLO,9.593975224056559,1.0,6775.0,"[-0.47994722645075205, -0.23558945647015422]","[[1.3043965739301941, 1.2910569710873347], [-0.5205484736307412, -0.20062954408102732]]",0.5,TimeSeriesSplit(5) multisalida,,
SAN_JUAN_DE_LURIGANCHO,VIENTO_VECTOR,2025-08-22 10:00:00,2025-08-22 17:00:00,8,8,interstation_vector_regression,False,r2_below_threshold,0,,7,-1.3621975320050008,SAN_MARTIN_DE_PORRES,9.75182688225575,1.0,7022.0,"[-0.22324650724074546, -0.38932956327374457]","[[0.3642119079219212, 0.611401927491485], [-0.08397048602893663, -0.16333947748576433]]",0.5,TimeSeriesSplit(5) multisalida,,
SAN_JUAN_DE_LURIGANCHO,VIENTO_VECTOR,2025-08-22 10:00:00,2025-08-22 17:00:00,8,8,interstation_vector_regression,False,r2_below_threshold,0,,7,-1.4264838051169741,CAMPO_DE_MARTE,10.979336409143984,1.0,6958.0,"[-0.33766372108840803, -0.26393964422885025]","[[0.9221922133777543, 0.40169055512710705], [-0.42807090936805836, -0.06770779455417039]]",0.5,TimeSeriesSplit(5) multisalida,,
SAN_JUAN_DE_LURIGANCHO,VIENTO_VECTOR,2025-08-22 10:00:00,2025-08-22 17:00:00,8,8,interstation_vector_regression,False,r2_below_threshold,0,,7,-2.1139152858500103,SAN_BORJA,14.1460220348316,1.0,6828.0,"[0.3543860109431772, -0.47143092266841735]","[[0.7547673255855715, 0.13991635051322784], [-0.41626514649765245, -0.19523022668211273]]",0.5,TimeSeriesSplit(5) multisalida,,
SAN_JUAN_DE_LURIGANCHO,VIENTO_VECTOR,2025-08-22 10:00:00,2025-08-22 17:00:00,8,8,unimputable,False,no_vector_method_available,0,,7,,,,,,,,,,,
SAN_JUAN_DE_LURIGANCHO,VEL_VIENTO,2025-08-23 04:00:00,2025-08-23 04:00:00,1,1,short_vector_linear,True,,1,2025-08-23T04:00:00,0,,,,,,,,,,,
SAN_JUAN_DE_LURIGANCHO,VEL_VIENTO,2025-08-23 11:00:00,2025-08-23 14:00:00,4,4,short_vector_linear,True,,4,2025-08-23T11:00:00|2025-08-23T12:00:00|2025-08-23T13:00:00|2025-08-23T14:00:00,0,,,,,,,,,,,
SAN_JUAN_DE_LURIGANCHO,VEL_VIENTO,2025-08-23 16:00:00,2025-08-23 19:00:00,4,4,short_vector_linear,True,,4,2025-08-23T16:00:00|2025-08-23T17:00:00|2025-08-23T18:00:00|2025-08-23T19:00:00,0,,,,,,,,,,,
SAN_JUAN_DE_LURIGANCHO,VEL_VIENTO,2025-08-24 13:00:00,2025-08-24 15:00:00,3,3,short_vector_linear,True,,3,2025-08-24T13:00:00|2025-08-24T14:00:00|2025-08-24T15:00:00,0,,,,,,,,,,,
SAN_JUAN_DE_LURIGANCHO,VIENTO_VECTOR,2025-08-25 10:00:00,2025-08-25 21:00:00,12,12,interstation_vector_regression,False,r2_below_threshold,0,,12,-1.3774211367867903,SANTA_ANITA,7.4653240754465795,1.0,5978.0,"[-0.003915207043303948, -0.18618919098320125]","[[0.6553746212213365, 0.6564678196009518], [-0.27301503282919937, -0.42357223052918236]]",0.5,TimeSeriesSplit(5) multisalida,,
SAN_JUAN_DE_LURIGANCHO,VIENTO_VECTOR,2025-08-25 10:00:00,2025-08-25 21:00:00,12,12,interstation_vector_regression,False,r2_below_threshold,0,,12,-1.2504130488580807,CERES,9.429216388609277,1.0,7047.0,"[-0.07220261894801394, -0.3370204406907482]","[[0.6380474932617379, 0.9964959514721488], [-0.10380141064927667, -0.4666687298991079]]",0.5,TimeSeriesSplit(5) multisalida,,
SAN_JUAN_DE_LURIGANCHO,VIENTO_VECTOR,2025-08-25 10:00:00,2025-08-25 21:00:00,12,12,interstation_vector_regression,False,r2_below_threshold,0,,12,-1.116639339354385,CARABAYLLO,9.593975224056559,1.0,6775.0,"[-0.47994722645075205, -0.23558945647015422]","[[1.3043965739301941, 1.2910569710873347], [-0.5205484736307412, -0.20062954408102732]]",0.5,TimeSeriesSplit(5) multisalida,,
SAN_JUAN_DE_LURIGANCHO,VIENTO_VECTOR,2025-08-25 10:00:00,2025-08-25 21:00:00,12,12,interstation_vector_regression,False,r2_below_threshold,0,,12,-1.3621975320050008,SAN_MARTIN_DE_PORRES,9.75182688225575,1.0,7022.0,"[-0.22324650724074546, -0.38932956327374457]","[[0.3642119079219212, 0.611401927491485], [-0.08397048602893663, -0.16333947748576433]]",0.5,TimeSeriesSplit(5) multisalida,,
SAN_JUAN_DE_LURIGANCHO,VIENTO_VECTOR,2025-08-25 10:00:00,2025-08-25 21:00:00,12,12,interstation_vector_regression,False,insufficient_gap_coverage,0,,12,,CAMPO_DE_MARTE,10.979336409143984,0.8333333333333334,,,,0.5,TimeSeriesSplit(5) multisalida,,
SAN_JUAN_DE_LURIGANCHO,VIENTO_VECTOR,2025-08-25 10:00:00,2025-08-25 21:00:00,12,12,interstation_vector_regression,False,r2_below_threshold,0,,12,-2.1139152858500103,SAN_BORJA,14.1460220348316,1.0,6828.0,"[0.3543860109431772, -0.47143092266841735]","[[0.7547673255855715, 0.13991635051322784], [-0.41626514649765245, -0.19523022668211273]]",0.5,TimeSeriesSplit(5) multisalida,,
SAN_JUAN_DE_LURIGANCHO,VIENTO_VECTOR,2025-08-25 10:00:00,2025-08-25 21:00:00,12,12,unimputable,False,no_vector_method_available,0,,12,,,,,,,,,,,
SAN_JUAN_DE_LURIGANCHO,VEL_VIENTO,2025-08-26 00:00:00,2025-08-26 00:00:00,1,1,short_vector_linear,True,,1,2025-08-26T00:00:00,0,,,,,,,,,,,
SAN_JUAN_DE_LURIGANCHO,VEL_VIENTO,2025-08-26 02:00:00,2025-08-26 02:00:00,1,1,short_vector_linear,True,,1,2025-08-26T02:00:00,0,,,,,,,,,,,
SAN_JUAN_DE_LURIGANCHO,VIENTO_VECTOR,2025-08-26 10:00:00,2025-08-26 21:00:00,12,12,interstation_vector_regression,False,r2_below_threshold,0,,12,-1.3774211367867903,SANTA_ANITA,7.4653240754465795,1.0,5978.0,"[-0.003915207043303948, -0.18618919098320125]","[[0.6553746212213365, 0.6564678196009518], [-0.27301503282919937, -0.42357223052918236]]",0.5,TimeSeriesSplit(5) multisalida,,
SAN_JUAN_DE_LURIGANCHO,VIENTO_VECTOR,2025-08-26 10:00:00,2025-08-26 21:00:00,12,12,interstation_vector_regression,False,r2_below_threshold,0,,12,-1.2504130488580807,CERES,9.429216388609277,1.0,7047.0,"[-0.07220261894801394, -0.3370204406907482]","[[0.6380474932617379, 0.9964959514721488], [-0.10380141064927667, -0.4666687298991079]]",0.5,TimeSeriesSplit(5) multisalida,,
SAN_JUAN_DE_LURIGANCHO,VIENTO_VECTOR,2025-08-26 10:00:00,2025-08-26 21:00:00,12,12,interstation_vector_regression,False,r2_below_threshold,0,,12,-1.116639339354385,CARABAYLLO,9.593975224056559,1.0,6775.0,"[-0.47994722645075205, -0.23558945647015422]","[[1.3043965739301941, 1.2910569710873347], [-0.5205484736307412, -0.20062954408102732]]",0.5,TimeSeriesSplit(5) multisalida,,
SAN_JUAN_DE_LURIGANCHO,VIENTO_VECTOR,2025-08-26 10:00:00,2025-08-26 21:00:00,12,12,interstation_vector_regression,False,r2_below_threshold,0,,12,-1.3621975320050008,SAN_MARTIN_DE_PORRES,9.75182688225575,1.0,7022.0,"[-0.22324650724074546, -0.38932956327374457]","[[0.3642119079219212, 0.611401927491485], [-0.08397048602893663, -0.16333947748576433]]",0.5,TimeSeriesSplit(5) multisalida,,
SAN_JUAN_DE_LURIGANCHO,VIENTO_VECTOR,2025-08-26 10:00:00,2025-08-26 21:00:00,12,12,interstation_vector_regression,False,r2_below_threshold,0,,12,-1.4264838051169741,CAMPO_DE_MARTE,10.979336409143984,1.0,6958.0,"[-0.33766372108840803, -0.26393964422885025]","[[0.9221922133777543, 0.40169055512710705], [-0.42807090936805836, -0.06770779455417039]]",0.5,TimeSeriesSplit(5) multisalida,,
SAN_JUAN_DE_LURIGANCHO,VIENTO_VECTOR,2025-08-26 10:00:00,2025-08-26 21:00:00,12,12,interstation_vector_regression,False,r2_below_threshold,0,,12,-2.1139152858500103,SAN_BORJA,14.1460220348316,1.0,6828.0,"[0.3543860109431772, -0.47143092266841735]","[[0.7547673255855715, 0.13991635051322784], [-0.41626514649765245, -0.19523022668211273]]",0.5,TimeSeriesSplit(5) multisalida,,
SAN_JUAN_DE_LURIGANCHO,VIENTO_VECTOR,2025-08-26 10:00:00,2025-08-26 21:00:00,12,12,unimputable,False,no_vector_method_available,0,,12,,,,,,,,,,,
SAN_JUAN_DE_LURIGANCHO,VIENTO_VECTOR,2025-08-27 11:00:00,2025-08-27 20:00:00,10,10,interstation_vector_regression,False,r2_below_threshold,0,,10,-1.3774211367867903,SANTA_ANITA,7.4653240754465795,1.0,5978.0,"[-0.003915207043303948, -0.18618919098320125]","[[0.6553746212213365, 0.6564678196009518], [-0.27301503282919937, -0.42357223052918236]]",0.5,TimeSeriesSplit(5) multisalida,,
SAN_JUAN_DE_LURIGANCHO,VIENTO_VECTOR,2025-08-27 11:00:00,2025-08-27 20:00:00,10,10,interstation_vector_regression,False,r2_below_threshold,0,,10,-1.2504130488580807,CERES,9.429216388609277,1.0,7047.0,"[-0.07220261894801394, -0.3370204406907482]","[[0.6380474932617379, 0.9964959514721488], [-0.10380141064927667, -0.4666687298991079]]",0.5,TimeSeriesSplit(5) multisalida,,
SAN_JUAN_DE_LURIGANCHO,VIENTO_VECTOR,2025-08-27 11:00:00,2025-08-27 20:00:00,10,10,interstation_vector_regression,False,r2_below_threshold,0,,10,-1.116639339354385,CARABAYLLO,9.593975224056559,1.0,6775.0,"[-0.47994722645075205, -0.23558945647015422]","[[1.3043965739301941, 1.2910569710873347], [-0.5205484736307412, -0.20062954408102732]]",0.5,TimeSeriesSplit(5) multisalida,,
SAN_JUAN_DE_LURIGANCHO,VIENTO_VECTOR,2025-08-27 11:00:00,2025-08-27 20:00:00,10,10,interstation_vector_regression,False,r2_below_threshold,0,,10,-1.3621975320050008,SAN_MARTIN_DE_PORRES,9.75182688225575,1.0,7022.0,"[-0.22324650724074546, -0.38932956327374457]","[[0.3642119079219212, 0.611401927491485], [-0.08397048602893663, -0.16333947748576433]]",0.5,TimeSeriesSplit(5) multisalida,,
SAN_JUAN_DE_LURIGANCHO,VIENTO_VECTOR,2025-08-27 11:00:00,2025-08-27 20:00:00,10,10,interstation_vector_regression,False,r2_below_threshold,0,,10,-1.4264838051169741,CAMPO_DE_MARTE,10.979336409143984,1.0,6958.0,"[-0.33766372108840803, -0.26393964422885025]","[[0.9221922133777543, 0.40169055512710705], [-0.42807090936805836, -0.06770779455417039]]",0.5,TimeSeriesSplit(5) multisalida,,
SAN_JUAN_DE_LURIGANCHO,VIENTO_VECTOR,2025-08-27 11:00:00,2025-08-27 20:00:00,10,10,interstation_vector_regression,False,r2_below_threshold,0,,10,-2.1139152858500103,SAN_BORJA,14.1460220348316,1.0,6828.0,"[0.3543860109431772, -0.47143092266841735]","[[0.7547673255855715, 0.13991635051322784], [-0.41626514649765245, -0.19523022668211273]]",0.5,TimeSeriesSplit(5) multisalida,,
SAN_JUAN_DE_LURIGANCHO,VIENTO_VECTOR,2025-08-27 11:00:00,2025-08-27 20:00:00,10,10,unimputable,False,no_vector_method_available,0,,10,,,,,,,,,,,
SAN_JUAN_DE_LURIGANCHO,VEL_VIENTO,2025-08-28 16:00:00,2025-08-28 16:00:00,1,1,short_vector_linear,True,,1,2025-08-28T16:00:00,0,,,,,,,,,,,
SAN_JUAN_DE_LURIGANCHO,VIENTO_VECTOR,2025-08-29 13:00:00,2025-08-29 19:00:00,7,7,interstation_vector_regression,False,r2_below_threshold,0,,7,-1.3774211367867903,SANTA_ANITA,7.4653240754465795,1.0,5978.0,"[-0.003915207043303948, -0.18618919098320125]","[[0.6553746212213365, 0.6564678196009518], [-0.27301503282919937, -0.42357223052918236]]",0.5,TimeSeriesSplit(5) multisalida,,
SAN_JUAN_DE_LURIGANCHO,VIENTO_VECTOR,2025-08-29 13:00:00,2025-08-29 19:00:00,7,7,interstation_vector_regression,False,r2_below_threshold,0,,7,-1.2504130488580807,CERES,9.429216388609277,1.0,7047.0,"[-0.07220261894801394, -0.3370204406907482]","[[0.6380474932617379, 0.9964959514721488], [-0.10380141064927667, -0.4666687298991079]]",0.5,TimeSeriesSplit(5) multisalida,,
SAN_JUAN_DE_LURIGANCHO,VIENTO_VECTOR,2025-08-29 13:00:00,2025-08-29 19:00:00,7,7,interstation_vector_regression,False,r2_below_threshold,0,,7,-1.116639339354385,CARABAYLLO,9.593975224056559,1.0,6775.0,"[-0.47994722645075205, -0.23558945647015422]","[[1.3043965739301941, 1.2910569710873347], [-0.5205484736307412, -0.20062954408102732]]",0.5,TimeSeriesSplit(5) multisalida,,
SAN_JUAN_DE_LURIGANCHO,VIENTO_VECTOR,2025-08-29 13:00:00,2025-08-29 19:00:00,7,7,interstation_vector_regression,False,r2_below_threshold,0,,7,-1.3621975320050008,SAN_MARTIN_DE_PORRES,9.75182688225575,1.0,7022.0,"[-0.22324650724074546, -0.38932956327374457]","[[0.3642119079219212, 0.611401927491485], [-0.08397048602893663, -0.16333947748576433]]",0.5,TimeSeriesSplit(5) multisalida,,
SAN_JUAN_DE_LURIGANCHO,VIENTO_VECTOR,2025-08-29 13:00:00,2025-08-29 19:00:00,7,7,interstation_vector_regression,False,r2_below_threshold,0,,7,-1.4264838051169741,CAMPO_DE_MARTE,10.979336409143984,1.0,6958.0,"[-0.33766372108840803, -0.26393964422885025]","[[0.9221922133777543, 0.40169055512710705], [-0.42807090936805836, -0.06770779455417039]]",0.5,TimeSeriesSplit(5) multisalida,,
SAN_JUAN_DE_LURIGANCHO,VIENTO_VECTOR,2025-08-29 13:00:00,2025-08-29 19:00:00,7,7,interstation_vector_regression,False,r2_below_threshold,0,,7,-2.1139152858500103,SAN_BORJA,14.1460220348316,1.0,6828.0,"[0.3543860109431772, -0.47143092266841735]","[[0.7547673255855715, 0.13991635051322784], [-0.41626514649765245, -0.19523022668211273]]",0.5,TimeSeriesSplit(5) multisalida,,
SAN_JUAN_DE_LURIGANCHO,VIENTO_VECTOR,2025-08-29 13:00:00,2025-08-29 19:00:00,7,7,unimputable,False,no_vector_method_available,0,,7,,,,,,,,,,,
SAN_JUAN_DE_LURIGANCHO,VEL_VIENTO,2025-08-29 21:00:00,2025-08-29 21:00:00,1,1,short_vector_linear,True,,1,2025-08-29T21:00:00,0,,,,,,,,,,,
SAN_JUAN_DE_LURIGANCHO,VEL_VIENTO,2025-08-30 00:00:00,2025-08-30 00:00:00,1,1,short_vector_linear,True,,1,2025-08-30T00:00:00,0,,,,,,,,,,,
SAN_JUAN_DE_LURIGANCHO,VEL_VIENTO,2025-08-30 03:00:00,2025-08-30 03:00:00,1,1,short_vector_linear,True,,1,2025-08-30T03:00:00,0,,,,,,,,,,,
SAN_JUAN_DE_LURIGANCHO,VEL_VIENTO,2025-08-30 09:00:00,2025-08-30 23:00:00,15,15,weekly_vector_seasonal,True,,1,2025-08-30T23:00:00,14,,,,,,,,,,3.0,
SAN_JUAN_DE_LURIGANCHO,VIENTO_VECTOR,2025-08-30 09:00:00,2025-08-30 23:00:00,15,15,interstation_vector_regression,False,r2_below_threshold,0,,14,-1.3774211367867903,SANTA_ANITA,7.4653240754465795,1.0,5978.0,"[-0.003915207043303948, -0.18618919098320125]","[[0.6553746212213365, 0.6564678196009518], [-0.27301503282919937, -0.42357223052918236]]",0.5,TimeSeriesSplit(5) multisalida,,
SAN_JUAN_DE_LURIGANCHO,VIENTO_VECTOR,2025-08-30 09:00:00,2025-08-30 23:00:00,15,15,interstation_vector_regression,False,r2_below_threshold,0,,14,-1.2504130488580807,CERES,9.429216388609277,1.0,7047.0,"[-0.07220261894801394, -0.3370204406907482]","[[0.6380474932617379, 0.9964959514721488], [-0.10380141064927667, -0.4666687298991079]]",0.5,TimeSeriesSplit(5) multisalida,,
SAN_JUAN_DE_LURIGANCHO,VIENTO_VECTOR,2025-08-30 09:00:00,2025-08-30 23:00:00,15,15,interstation_vector_regression,False,r2_below_threshold,0,,14,-1.116639339354385,CARABAYLLO,9.593975224056559,1.0,6775.0,"[-0.47994722645075205, -0.23558945647015422]","[[1.3043965739301941, 1.2910569710873347], [-0.5205484736307412, -0.20062954408102732]]",0.5,TimeSeriesSplit(5) multisalida,,
SAN_JUAN_DE_LURIGANCHO,VIENTO_VECTOR,2025-08-30 09:00:00,2025-08-30 23:00:00,15,15,interstation_vector_regression,False,r2_below_threshold,0,,14,-1.3621975320050008,SAN_MARTIN_DE_PORRES,9.75182688225575,1.0,7022.0,"[-0.22324650724074546, -0.38932956327374457]","[[0.3642119079219212, 0.611401927491485], [-0.08397048602893663, -0.16333947748576433]]",0.5,TimeSeriesSplit(5) multisalida,,
SAN_JUAN_DE_LURIGANCHO,VIENTO_VECTOR,2025-08-30 09:00:00,2025-08-30 23:00:00,15,15,interstation_vector_regression,False,r2_below_threshold,0,,14,-1.4264838051169741,CAMPO_DE_MARTE,10.979336409143984,1.0,6958.0,"[-0.33766372108840803, -0.26393964422885025]","[[0.9221922133777543, 0.40169055512710705], [-0.42807090936805836, -0.06770779455417039]]",0.5,TimeSeriesSplit(5) multisalida,,
SAN_JUAN_DE_LURIGANCHO,VIENTO_VECTOR,2025-08-30 09:00:00,2025-08-30 23:00:00,15,15,interstation_vector_regression,False,r2_below_threshold,0,,14,-2.1139152858500103,SAN_BORJA,14.1460220348316,1.0,6828.0,"[0.3543860109431772, -0.47143092266841735]","[[0.7547673255855715, 0.13991635051322784], [-0.41626514649765245, -0.19523022668211273]]",0.5,TimeSeriesSplit(5) multisalida,,
SAN_JUAN_DE_LURIGANCHO,VIENTO_VECTOR,2025-08-30 09:00:00,2025-08-30 23:00:00,15,15,unimputable,False,no_vector_method_available,0,,14,,,,,,,,,,,
SAN_JUAN_DE_LURIGANCHO,VEL_VIENTO,2025-08-31 03:00:00,2025-08-31 03:00:00,1,1,short_vector_linear,True,,1,2025-08-31T03:00:00,0,,,,,,,,,,,
SAN_JUAN_DE_LURIGANCHO,VEL_VIENTO,2025-08-31 05:00:00,2025-08-31 05:00:00,1,1,short_vector_linear,True,,1,2025-08-31T05:00:00,0,,,,,,,,,,,
SAN_JUAN_DE_LURIGANCHO,VEL_VIENTO,2025-08-31 07:00:00,2025-09-01 01:00:00,19,19,weekly_vector_seasonal,True,,2,2025-09-01T00:00:00|2025-09-01T01:00:00,17,,,,,,,,,,3.0,
SAN_JUAN_DE_LURIGANCHO,VIENTO_VECTOR,2025-08-31 07:00:00,2025-09-01 01:00:00,19,19,interstation_vector_regression,False,r2_below_threshold,0,,17,-1.3774211367867903,SANTA_ANITA,7.4653240754465795,1.0,5978.0,"[-0.003915207043303948, -0.18618919098320125]","[[0.6553746212213365, 0.6564678196009518], [-0.27301503282919937, -0.42357223052918236]]",0.5,TimeSeriesSplit(5) multisalida,,
SAN_JUAN_DE_LURIGANCHO,VIENTO_VECTOR,2025-08-31 07:00:00,2025-09-01 01:00:00,19,19,interstation_vector_regression,False,r2_below_threshold,0,,17,-1.2504130488580807,CERES,9.429216388609277,1.0,7047.0,"[-0.07220261894801394, -0.3370204406907482]","[[0.6380474932617379, 0.9964959514721488], [-0.10380141064927667, -0.4666687298991079]]",0.5,TimeSeriesSplit(5) multisalida,,
SAN_JUAN_DE_LURIGANCHO,VIENTO_VECTOR,2025-08-31 07:00:00,2025-09-01 01:00:00,19,19,interstation_vector_regression,False,r2_below_threshold,0,,17,-1.116639339354385,CARABAYLLO,9.593975224056559,0.9411764705882353,6775.0,"[-0.47994722645075205, -0.23558945647015422]","[[1.3043965739301941, 1.2910569710873347], [-0.5205484736307412, -0.20062954408102732]]",0.5,TimeSeriesSplit(5) multisalida,,
SAN_JUAN_DE_LURIGANCHO,VIENTO_VECTOR,2025-08-31 07:00:00,2025-09-01 01:00:00,19,19,interstation_vector_regression,False,r2_below_threshold,0,,17,-1.3621975320050008,SAN_MARTIN_DE_PORRES,9.75182688225575,1.0,7022.0,"[-0.22324650724074546, -0.38932956327374457]","[[0.3642119079219212, 0.611401927491485], [-0.08397048602893663, -0.16333947748576433]]",0.5,TimeSeriesSplit(5) multisalida,,
SAN_JUAN_DE_LURIGANCHO,VIENTO_VECTOR,2025-08-31 07:00:00,2025-09-01 01:00:00,19,19,interstation_vector_regression,False,r2_below_threshold,0,,17,-1.4264838051169741,CAMPO_DE_MARTE,10.979336409143984,1.0,6958.0,"[-0.33766372108840803, -0.26393964422885025]","[[0.9221922133777543, 0.40169055512710705], [-0.42807090936805836, -0.06770779455417039]]",0.5,TimeSeriesSplit(5) multisalida,,
SAN_JUAN_DE_LURIGANCHO,VIENTO_VECTOR,2025-08-31 07:00:00,2025-09-01 01:00:00,19,19,interstation_vector_regression,False,r2_below_threshold,0,,17,-2.1139152858500103,SAN_BORJA,14.1460220348316,1.0,6828.0,"[0.3543860109431772, -0.47143092266841735]","[[0.7547673255855715, 0.13991635051322784], [-0.41626514649765245, -0.19523022668211273]]",0.5,TimeSeriesSplit(5) multisalida,,
SAN_JUAN_DE_LURIGANCHO,VIENTO_VECTOR,2025-08-31 07:00:00,2025-09-01 01:00:00,19,19,unimputable,False,no_vector_method_available,0,,17,,,,,,,,,,,
SAN_JUAN_DE_LURIGANCHO,VEL_VIENTO,2025-09-01 03:00:00,2025-09-01 03:00:00,1,1,short_vector_linear,True,,1,2025-09-01T03:00:00,0,,,,,,,,,,,
SAN_JUAN_DE_LURIGANCHO,VEL_VIENTO,2025-09-01 08:00:00,2025-09-02 00:00:00,17,17,weekly_vector_seasonal,True,,3,2025-09-01T08:00:00|2025-09-01T22:00:00|2025-09-01T23:00:00,14,,,,,,,,,,3.0,
SAN_JUAN_DE_LURIGANCHO,VIENTO_VECTOR,2025-09-01 08:00:00,2025-09-02 00:00:00,17,17,interstation_vector_regression,False,r2_below_threshold,0,,14,-1.3774211367867903,SANTA_ANITA,7.4653240754465795,1.0,5978.0,"[-0.003915207043303948, -0.18618919098320125]","[[0.6553746212213365, 0.6564678196009518], [-0.27301503282919937, -0.42357223052918236]]",0.5,TimeSeriesSplit(5) multisalida,,
SAN_JUAN_DE_LURIGANCHO,VIENTO_VECTOR,2025-09-01 08:00:00,2025-09-02 00:00:00,17,17,interstation_vector_regression,False,r2_below_threshold,0,,14,-1.2504130488580807,CERES,9.429216388609277,1.0,7047.0,"[-0.07220261894801394, -0.3370204406907482]","[[0.6380474932617379, 0.9964959514721488], [-0.10380141064927667, -0.4666687298991079]]",0.5,TimeSeriesSplit(5) multisalida,,
SAN_JUAN_DE_LURIGANCHO,VIENTO_VECTOR,2025-09-01 08:00:00,2025-09-02 00:00:00,17,17,interstation_vector_regression,False,r2_below_threshold,0,,14,-1.116639339354385,CARABAYLLO,9.593975224056559,1.0,6775.0,"[-0.47994722645075205, -0.23558945647015422]","[[1.3043965739301941, 1.2910569710873347], [-0.5205484736307412, -0.20062954408102732]]",0.5,TimeSeriesSplit(5) multisalida,,
SAN_JUAN_DE_LURIGANCHO,VIENTO_VECTOR,2025-09-01 08:00:00,2025-09-02 00:00:00,17,17,interstation_vector_regression,False,r2_below_threshold,0,,14,-1.3621975320050008,SAN_MARTIN_DE_PORRES,9.75182688225575,1.0,7022.0,"[-0.22324650724074546, -0.38932956327374457]","[[0.3642119079219212, 0.611401927491485], [-0.08397048602893663, -0.16333947748576433]]",0.5,TimeSeriesSplit(5) multisalida,,
SAN_JUAN_DE_LURIGANCHO,VIENTO_VECTOR,2025-09-01 08:00:00,2025-09-02 00:00:00,17,17,interstation_vector_regression,False,r2_below_threshold,0,,14,-1.4264838051169741,CAMPO_DE_MARTE,10.979336409143984,1.0,6958.0,"[-0.33766372108840803, -0.26393964422885025]","[[0.9221922133777543, 0.40169055512710705], [-0.42807090936805836, -0.06770779455417039]]",0.5,TimeSeriesSplit(5) multisalida,,
SAN_JUAN_DE_LURIGANCHO,VIENTO_VECTOR,2025-09-01 08:00:00,2025-09-02 00:00:00,17,17,interstation_vector_regression,False,r2_below_threshold,0,,14,-2.1139152858500103,SAN_BORJA,14.1460220348316,1.0,6828.0,"[0.3543860109431772, -0.47143092266841735]","[[0.7547673255855715, 0.13991635051322784], [-0.41626514649765245, -0.19523022668211273]]",0.5,TimeSeriesSplit(5) multisalida,,
SAN_JUAN_DE_LURIGANCHO,VIENTO_VECTOR,2025-09-01 08:00:00,2025-09-02 00:00:00,17,17,unimputable,False,no_vector_method_available,0,,14,,,,,,,,,,,
SAN_JUAN_DE_LURIGANCHO,VIENTO_VECTOR,2025-09-02 09:00:00,2025-09-02 23:00:00,15,15,interstation_vector_regression,False,r2_below_threshold,0,,15,-1.3774211367867903,SANTA_ANITA,7.4653240754465795,1.0,5978.0,"[-0.003915207043303948, -0.18618919098320125]","[[0.6553746212213365, 0.6564678196009518], [-0.27301503282919937, -0.42357223052918236]]",0.5,TimeSeriesSplit(5) multisalida,,
SAN_JUAN_DE_LURIGANCHO,VIENTO_VECTOR,2025-09-02 09:00:00,2025-09-02 23:00:00,15,15,interstation_vector_regression,False,r2_below_threshold,0,,15,-1.2504130488580807,CERES,9.429216388609277,1.0,7047.0,"[-0.07220261894801394, -0.3370204406907482]","[[0.6380474932617379, 0.9964959514721488], [-0.10380141064927667, -0.4666687298991079]]",0.5,TimeSeriesSplit(5) multisalida,,
SAN_JUAN_DE_LURIGANCHO,VIENTO_VECTOR,2025-09-02 09:00:00,2025-09-02 23:00:00,15,15,interstation_vector_regression,False,r2_below_threshold,0,,15,-1.116639339354385,CARABAYLLO,9.593975224056559,1.0,6775.0,"[-0.47994722645075205, -0.23558945647015422]","[[1.3043965739301941, 1.2910569710873347], [-0.5205484736307412, -0.20062954408102732]]",0.5,TimeSeriesSplit(5) multisalida,,
SAN_JUAN_DE_LURIGANCHO,VIENTO_VECTOR,2025-09-02 09:00:00,2025-09-02 23:00:00,15,15,interstation_vector_regression,False,r2_below_threshold,0,,15,-1.3621975320050008,SAN_MARTIN_DE_PORRES,9.75182688225575,1.0,7022.0,"[-0.22324650724074546, -0.38932956327374457]","[[0.3642119079219212, 0.611401927491485], [-0.08397048602893663, -0.16333947748576433]]",0.5,TimeSeriesSplit(5) multisalida,,
SAN_JUAN_DE_LURIGANCHO,VIENTO_VECTOR,2025-09-02 09:00:00,2025-09-02 23:00:00,15,15,interstation_vector_regression,False,r2_below_threshold,0,,15,-1.4264838051169741,CAMPO_DE_MARTE,10.979336409143984,1.0,6958.0,"[-0.33766372108840803, -0.26393964422885025]","[[0.9221922133777543, 0.40169055512710705], [-0.42807090936805836, -0.06770779455417039]]",0.5,TimeSeriesSplit(5) multisalida,,
SAN_JUAN_DE_LURIGANCHO,VIENTO_VECTOR,2025-09-02 09:00:00,2025-09-02 23:00:00,15,15,interstation_vector_regression,False,r2_below_threshold,0,,15,-2.1139152858500103,SAN_BORJA,14.1460220348316,1.0,6828.0,"[0.3543860109431772, -0.47143092266841735]","[[0.7547673255855715, 0.13991635051322784], [-0.41626514649765245, -0.19523022668211273]]",0.5,TimeSeriesSplit(5) multisalida,,
SAN_JUAN_DE_LURIGANCHO,VIENTO_VECTOR,2025-09-02 09:00:00,2025-09-02 23:00:00,15,15,unimputable,False,no_vector_method_available,0,,15,,,,,,,,,,,
SAN_JUAN_DE_LURIGANCHO,VIENTO_VECTOR,2025-09-03 11:00:00,2025-09-03 21:00:00,11,11,interstation_vector_regression,False,insufficient_gap_coverage,0,,11,,SANTA_ANITA,7.4653240754465795,0.5454545454545454,,,,0.5,TimeSeriesSplit(5) multisalida,,
SAN_JUAN_DE_LURIGANCHO,VIENTO_VECTOR,2025-09-03 11:00:00,2025-09-03 21:00:00,11,11,interstation_vector_regression,False,r2_below_threshold,0,,11,-1.2504130488580807,CERES,9.429216388609277,1.0,7047.0,"[-0.07220261894801394, -0.3370204406907482]","[[0.6380474932617379, 0.9964959514721488], [-0.10380141064927667, -0.4666687298991079]]",0.5,TimeSeriesSplit(5) multisalida,,
SAN_JUAN_DE_LURIGANCHO,VIENTO_VECTOR,2025-09-03 11:00:00,2025-09-03 21:00:00,11,11,interstation_vector_regression,False,r2_below_threshold,0,,11,-1.116639339354385,CARABAYLLO,9.593975224056559,1.0,6775.0,"[-0.47994722645075205, -0.23558945647015422]","[[1.3043965739301941, 1.2910569710873347], [-0.5205484736307412, -0.20062954408102732]]",0.5,TimeSeriesSplit(5) multisalida,,
SAN_JUAN_DE_LURIGANCHO,VIENTO_VECTOR,2025-09-03 11:00:00,2025-09-03 21:00:00,11,11,interstation_vector_regression,False,insufficient_gap_coverage,0,,11,,SAN_MARTIN_DE_PORRES,9.75182688225575,0.7272727272727273,,,,0.5,TimeSeriesSplit(5) multisalida,,
SAN_JUAN_DE_LURIGANCHO,VIENTO_VECTOR,2025-09-03 11:00:00,2025-09-03 21:00:00,11,11,interstation_vector_regression,False,r2_below_threshold,0,,11,-1.4264838051169741,CAMPO_DE_MARTE,10.979336409143984,1.0,6958.0,"[-0.33766372108840803, -0.26393964422885025]","[[0.9221922133777543, 0.40169055512710705], [-0.42807090936805836, -0.06770779455417039]]",0.5,TimeSeriesSplit(5) multisalida,,
SAN_JUAN_DE_LURIGANCHO,VIENTO_VECTOR,2025-09-03 11:00:00,2025-09-03 21:00:00,11,11,interstation_vector_regression,False,r2_below_threshold,0,,11,-2.1139152858500103,SAN_BORJA,14.1460220348316,1.0,6828.0,"[0.3543860109431772, -0.47143092266841735]","[[0.7547673255855715, 0.13991635051322784], [-0.41626514649765245, -0.19523022668211273]]",0.5,TimeSeriesSplit(5) multisalida,,
SAN_JUAN_DE_LURIGANCHO,VIENTO_VECTOR,2025-09-03 11:00:00,2025-09-03 21:00:00,11,11,unimputable,False,no_vector_method_available,0,,11,,,,,,,,,,,
SAN_JUAN_DE_LURIGANCHO,VEL_VIENTO,2025-09-04 08:00:00,2025-09-05 04:00:00,21,21,weekly_vector_seasonal,True,,11,2025-09-04T08:00:00|2025-09-04T09:00:00|2025-09-04T10:00:00|2025-09-04T21:00:00|2025-09-04T22:00:00|2025-09-04T23:00:00|2025-09-05T00:00:00|2025-09-05T01:00:00|2025-09-05T02:00:00|2025-09-05T03:00:00|2025-09-05T04:00:00,10,,,,,,,,,,3.0,
SAN_JUAN_DE_LURIGANCHO,VIENTO_VECTOR,2025-09-04 08:00:00,2025-09-05 04:00:00,21,21,interstation_vector_regression,False,insufficient_gap_coverage,0,,10,,SANTA_ANITA,7.4653240754465795,0.0,,,,0.5,TimeSeriesSplit(5) multisalida,,
SAN_JUAN_DE_LURIGANCHO,VIENTO_VECTOR,2025-09-04 08:00:00,2025-09-05 04:00:00,21,21,interstation_vector_regression,False,r2_below_threshold,0,,10,-1.2504130488580807,CERES,9.429216388609277,1.0,7047.0,"[-0.07220261894801394, -0.3370204406907482]","[[0.6380474932617379, 0.9964959514721488], [-0.10380141064927667, -0.4666687298991079]]",0.5,TimeSeriesSplit(5) multisalida,,
SAN_JUAN_DE_LURIGANCHO,VIENTO_VECTOR,2025-09-04 08:00:00,2025-09-05 04:00:00,21,21,interstation_vector_regression,False,r2_below_threshold,0,,10,-1.116639339354385,CARABAYLLO,9.593975224056559,1.0,6775.0,"[-0.47994722645075205, -0.23558945647015422]","[[1.3043965739301941, 1.2910569710873347], [-0.5205484736307412, -0.20062954408102732]]",0.5,TimeSeriesSplit(5) multisalida,,
SAN_JUAN_DE_LURIGANCHO,VIENTO_VECTOR,2025-09-04 08:00:00,2025-09-05 04:00:00,21,21,interstation_vector_regression,False,r2_below_threshold,0,,10,-1.3621975320050008,SAN_MARTIN_DE_PORRES,9.75182688225575,1.0,7022.0,"[-0.22324650724074546, -0.38932956327374457]","[[0.3642119079219212, 0.611401927491485], [-0.08397048602893663, -0.16333947748576433]]",0.5,TimeSeriesSplit(5) multisalida,,
SAN_JUAN_DE_LURIGANCHO,VIENTO_VECTOR,2025-09-04 08:00:00,2025-09-05 04:00:00,21,21,interstation_vector_regression,False,r2_below_threshold,0,,10,-1.4264838051169741,CAMPO_DE_MARTE,10.979336409143984,1.0,6958.0,"[-0.33766372108840803, -0.26393964422885025]","[[0.9221922133777543, 0.40169055512710705], [-0.42807090936805836, -0.06770779455417039]]",0.5,TimeSeriesSplit(5) multisalida,,
SAN_JUAN_DE_LURIGANCHO,VIENTO_VECTOR,2025-09-04 08:00:00,2025-09-05 04:00:00,21,21,interstation_vector_regression,False,r2_below_threshold,0,,10,-2.1139152858500103,SAN_BORJA,14.1460220348316,1.0,6828.0,"[0.3543860109431772, -0.47143092266841735]","[[0.7547673255855715, 0.13991635051322784], [-0.41626514649765245, -0.19523022668211273]]",0.5,TimeSeriesSplit(5) multisalida,,
SAN_JUAN_DE_LURIGANCHO,VIENTO_VECTOR,2025-09-04 08:00:00,2025-09-05 04:00:00,21,21,unimputable,False,no_vector_method_available,0,,10,,,,,,,,,,,
SAN_JUAN_DE_LURIGANCHO,VEL_VIENTO,2025-09-05 08:00:00,2025-09-05 08:00:00,1,1,short_vector_linear,True,,1,2025-09-05T08:00:00,0,,,,,,,,,,,
SAN_JUAN_DE_LURIGANCHO,VEL_VIENTO,2025-09-05 11:00:00,2025-09-06 06:00:00,20,20,weekly_vector_seasonal,True,,6,2025-09-06T01:00:00|2025-09-06T02:00:00|2025-09-06T03:00:00|2025-09-06T04:00:00|2025-09-06T05:00:00|2025-09-06T06:00:00,14,,,,,,,,,,3.0,
SAN_JUAN_DE_LURIGANCHO,VIENTO_VECTOR,2025-09-05 11:00:00,2025-09-06 06:00:00,20,20,interstation_vector_regression,False,insufficient_gap_coverage,0,,14,,SANTA_ANITA,7.4653240754465795,0.0,,,,0.5,TimeSeriesSplit(5) multisalida,,
SAN_JUAN_DE_LURIGANCHO,VIENTO_VECTOR,2025-09-05 11:00:00,2025-09-06 06:00:00,20,20,interstation_vector_regression,False,r2_below_threshold,0,,14,-1.2504130488580807,CERES,9.429216388609277,1.0,7047.0,"[-0.07220261894801394, -0.3370204406907482]","[[0.6380474932617379, 0.9964959514721488], [-0.10380141064927667, -0.4666687298991079]]",0.5,TimeSeriesSplit(5) multisalida,,
SAN_JUAN_DE_LURIGANCHO,VIENTO_VECTOR,2025-09-05 11:00:00,2025-09-06 06:00:00,20,20,interstation_vector_regression,False,r2_below_threshold,0,,14,-1.116639339354385,CARABAYLLO,9.593975224056559,1.0,6775.0,"[-0.47994722645075205, -0.23558945647015422]","[[1.3043965739301941, 1.2910569710873347], [-0.5205484736307412, -0.20062954408102732]]",0.5,TimeSeriesSplit(5) multisalida,,
SAN_JUAN_DE_LURIGANCHO,VIENTO_VECTOR,2025-09-05 11:00:00,2025-09-06 06:00:00,20,20,interstation_vector_regression,False,r2_below_threshold,0,,14,-1.3621975320050008,SAN_MARTIN_DE_PORRES,9.75182688225575,1.0,7022.0,"[-0.22324650724074546, -0.38932956327374457]","[[0.3642119079219212, 0.611401927491485], [-0.08397048602893663, -0.16333947748576433]]",0.5,TimeSeriesSplit(5) multisalida,,
SAN_JUAN_DE_LURIGANCHO,VIENTO_VECTOR,2025-09-05 11:00:00,2025-09-06 06:00:00,20,20,interstation_vector_regression,False,r2_below_threshold,0,,14,-1.4264838051169741,CAMPO_DE_MARTE,10.979336409143984,1.0,6958.0,"[-0.33766372108840803, -0.26393964422885025]","[[0.9221922133777543, 0.40169055512710705], [-0.42807090936805836, -0.06770779455417039]]",0.5,TimeSeriesSplit(5) multisalida,,
SAN_JUAN_DE_LURIGANCHO,VIENTO_VECTOR,2025-09-05 11:00:00,2025-09-06 06:00:00,20,20,interstation_vector_regression,False,r2_below_threshold,0,,14,-2.1139152858500103,SAN_BORJA,14.1460220348316,1.0,6828.0,"[0.3543860109431772, -0.47143092266841735]","[[0.7547673255855715, 0.13991635051322784], [-0.41626514649765245, -0.19523022668211273]]",0.5,TimeSeriesSplit(5) multisalida,,
SAN_JUAN_DE_LURIGANCHO,VIENTO_VECTOR,2025-09-05 11:00:00,2025-09-06 06:00:00,20,20,unimputable,False,no_vector_method_available,0,,14,,,,,,,,,,,
SAN_JUAN_DE_LURIGANCHO,VIENTO_VECTOR,2025-09-06 09:00:00,2025-09-06 22:00:00,14,14,interstation_vector_regression,False,insufficient_gap_coverage,0,,14,,SANTA_ANITA,7.4653240754465795,0.0,,,,0.5,TimeSeriesSplit(5) multisalida,,
SAN_JUAN_DE_LURIGANCHO,VIENTO_VECTOR,2025-09-06 09:00:00,2025-09-06 22:00:00,14,14,interstation_vector_regression,False,r2_below_threshold,0,,14,-1.2504130488580807,CERES,9.429216388609277,1.0,7047.0,"[-0.07220261894801394, -0.3370204406907482]","[[0.6380474932617379, 0.9964959514721488], [-0.10380141064927667, -0.4666687298991079]]",0.5,TimeSeriesSplit(5) multisalida,,
SAN_JUAN_DE_LURIGANCHO,VIENTO_VECTOR,2025-09-06 09:00:00,2025-09-06 22:00:00,14,14,interstation_vector_regression,False,r2_below_threshold,0,,14,-1.116639339354385,CARABAYLLO,9.593975224056559,1.0,6775.0,"[-0.47994722645075205, -0.23558945647015422]","[[1.3043965739301941, 1.2910569710873347], [-0.5205484736307412, -0.20062954408102732]]",0.5,TimeSeriesSplit(5) multisalida,,
SAN_JUAN_DE_LURIGANCHO,VIENTO_VECTOR,2025-09-06 09:00:00,2025-09-06 22:00:00,14,14,interstation_vector_regression,False,r2_below_threshold,0,,14,-1.3621975320050008,SAN_MARTIN_DE_PORRES,9.75182688225575,1.0,7022.0,"[-0.22324650724074546, -0.38932956327374457]","[[0.3642119079219212, 0.611401927491485], [-0.08397048602893663, -0.16333947748576433]]",0.5,TimeSeriesSplit(5) multisalida,,
SAN_JUAN_DE_LURIGANCHO,VIENTO_VECTOR,2025-09-06 09:00:00,2025-09-06 22:00:00,14,14,interstation_vector_regression,False,r2_below_threshold,0,,14,-1.4264838051169741,CAMPO_DE_MARTE,10.979336409143984,1.0,6958.0,"[-0.33766372108840803, -0.26393964422885025]","[[0.9221922133777543, 0.40169055512710705], [-0.42807090936805836, -0.06770779455417039]]",0.5,TimeSeriesSplit(5) multisalida,,
SAN_JUAN_DE_LURIGANCHO,VIENTO_VECTOR,2025-09-06 09:00:00,2025-09-06 22:00:00,14,14,interstation_vector_regression,False,r2_below_threshold,0,,14,-2.1139152858500103,SAN_BORJA,14.1460220348316,1.0,6828.0,"[0.3543860109431772, -0.47143092266841735]","[[0.7547673255855715, 0.13991635051322784], [-0.41626514649765245, -0.19523022668211273]]",0.5,TimeSeriesSplit(5) multisalida,,
SAN_JUAN_DE_LURIGANCHO,VIENTO_VECTOR,2025-09-06 09:00:00,2025-09-06 22:00:00,14,14,unimputable,False,no_vector_method_available,0,,14,,,,,,,,,,,
SAN_JUAN_DE_LURIGANCHO,VEL_VIENTO,2025-09-07 01:00:00,2025-09-08 01:00:00,25,25,weekly_vector_seasonal,True,,4,2025-09-07T01:00:00|2025-09-07T02:00:00|2025-09-07T04:00:00|2025-09-07T06:00:00,21,,,,,,,,,,3.0,
SAN_JUAN_DE_LURIGANCHO,VIENTO_VECTOR,2025-09-07 01:00:00,2025-09-08 01:00:00,25,25,interstation_vector_regression,False,insufficient_gap_coverage,0,,21,,SANTA_ANITA,7.4653240754465795,0.0,,,,0.5,TimeSeriesSplit(5) multisalida,,
SAN_JUAN_DE_LURIGANCHO,VIENTO_VECTOR,2025-09-07 01:00:00,2025-09-08 01:00:00,25,25,interstation_vector_regression,False,r2_below_threshold,0,,21,-1.2504130488580807,CERES,9.429216388609277,1.0,7047.0,"[-0.07220261894801394, -0.3370204406907482]","[[0.6380474932617379, 0.9964959514721488], [-0.10380141064927667, -0.4666687298991079]]",0.5,TimeSeriesSplit(5) multisalida,,
SAN_JUAN_DE_LURIGANCHO,VIENTO_VECTOR,2025-09-07 01:00:00,2025-09-08 01:00:00,25,25,interstation_vector_regression,False,r2_below_threshold,0,,21,-1.116639339354385,CARABAYLLO,9.593975224056559,1.0,6775.0,"[-0.47994722645075205, -0.23558945647015422]","[[1.3043965739301941, 1.2910569710873347], [-0.5205484736307412, -0.20062954408102732]]",0.5,TimeSeriesSplit(5) multisalida,,
SAN_JUAN_DE_LURIGANCHO,VIENTO_VECTOR,2025-09-07 01:00:00,2025-09-08 01:00:00,25,25,interstation_vector_regression,False,r2_below_threshold,0,,21,-1.3621975320050008,SAN_MARTIN_DE_PORRES,9.75182688225575,1.0,7022.0,"[-0.22324650724074546, -0.38932956327374457]","[[0.3642119079219212, 0.611401927491485], [-0.08397048602893663, -0.16333947748576433]]",0.5,TimeSeriesSplit(5) multisalida,,
SAN_JUAN_DE_LURIGANCHO,VIENTO_VECTOR,2025-09-07 01:00:00,2025-09-08 01:00:00,25,25,interstation_vector_regression,False,r2_below_threshold,0,,21,-1.4264838051169741,CAMPO_DE_MARTE,10.979336409143984,1.0,6958.0,"[-0.33766372108840803, -0.26393964422885025]","[[0.9221922133777543, 0.40169055512710705], [-0.42807090936805836, -0.06770779455417039]]",0.5,TimeSeriesSplit(5) multisalida,,
SAN_JUAN_DE_LURIGANCHO,VIENTO_VECTOR,2025-09-07 01:00:00,2025-09-08 01:00:00,25,25,interstation_vector_regression,False,r2_below_threshold,0,,21,-2.1139152858500103,SAN_BORJA,14.1460220348316,1.0,6828.0,"[0.3543860109431772, -0.47143092266841735]","[[0.7547673255855715, 0.13991635051322784], [-0.41626514649765245, -0.19523022668211273]]",0.5,TimeSeriesSplit(5) multisalida,,
SAN_JUAN_DE_LURIGANCHO,VIENTO_VECTOR,2025-09-07 01:00:00,2025-09-08 01:00:00,25,25,unimputable,False,no_vector_method_available,0,,21,,,,,,,,,,,
SAN_JUAN_DE_LURIGANCHO,VEL_VIENTO,2025-09-08 10:00:00,2025-09-08 10:00:00,1,1,short_vector_linear,True,,1,2025-09-08T10:00:00,0,,,,,,,,,,,
SAN_JUAN_DE_LURIGANCHO,VIENTO_VECTOR,2025-09-08 12:00:00,2025-09-08 18:00:00,7,7,interstation_vector_regression,False,insufficient_gap_coverage,0,,7,,SANTA_ANITA,7.4653240754465795,0.8571428571428571,,,,0.5,TimeSeriesSplit(5) multisalida,,
SAN_JUAN_DE_LURIGANCHO,VIENTO_VECTOR,2025-09-08 12:00:00,2025-09-08 18:00:00,7,7,interstation_vector_regression,False,r2_below_threshold,0,,7,-1.2504130488580807,CERES,9.429216388609277,1.0,7047.0,"[-0.07220261894801394, -0.3370204406907482]","[[0.6380474932617379, 0.9964959514721488], [-0.10380141064927667, -0.4666687298991079]]",0.5,TimeSeriesSplit(5) multisalida,,
SAN_JUAN_DE_LURIGANCHO,VIENTO_VECTOR,2025-09-08 12:00:00,2025-09-08 18:00:00,7,7,interstation_vector_regression,False,r2_below_threshold,0,,7,-1.116639339354385,CARABAYLLO,9.593975224056559,1.0,6775.0,"[-0.47994722645075205, -0.23558945647015422]","[[1.3043965739301941, 1.2910569710873347], [-0.5205484736307412, -0.20062954408102732]]",0.5,TimeSeriesSplit(5) multisalida,,
SAN_JUAN_DE_LURIGANCHO,VIENTO_VECTOR,2025-09-08 12:00:00,2025-09-08 18:00:00,7,7,interstation_vector_regression,False,r2_below_threshold,0,,7,-1.3621975320050008,SAN_MARTIN_DE_PORRES,9.75182688225575,1.0,7022.0,"[-0.22324650724074546, -0.38932956327374457]","[[0.3642119079219212, 0.611401927491485], [-0.08397048602893663, -0.16333947748576433]]",0.5,TimeSeriesSplit(5) multisalida,,
SAN_JUAN_DE_LURIGANCHO,VIENTO_VECTOR,2025-09-08 12:00:00,2025-09-08 18:00:00,7,7,interstation_vector_regression,False,r2_below_threshold,0,,7,-1.4264838051169741,CAMPO_DE_MARTE,10.979336409143984,1.0,6958.0,"[-0.33766372108840803, -0.26393964422885025]","[[0.9221922133777543, 0.40169055512710705], [-0.42807090936805836, -0.06770779455417039]]",0.5,TimeSeriesSplit(5) multisalida,,
SAN_JUAN_DE_LURIGANCHO,VIENTO_VECTOR,2025-09-08 12:00:00,2025-09-08 18:00:00,7,7,interstation_vector_regression,False,r2_below_threshold,0,,7,-2.1139152858500103,SAN_BORJA,14.1460220348316,1.0,6828.0,"[0.3543860109431772, -0.47143092266841735]","[[0.7547673255855715, 0.13991635051322784], [-0.41626514649765245, -0.19523022668211273]]",0.5,TimeSeriesSplit(5) multisalida,,
SAN_JUAN_DE_LURIGANCHO,VIENTO_VECTOR,2025-09-08 12:00:00,2025-09-08 18:00:00,7,7,unimputable,False,no_vector_method_available,0,,7,,,,,,,,,,,
SAN_JUAN_DE_LURIGANCHO,VIENTO_VECTOR,2025-09-09 10:00:00,2025-09-09 23:00:00,14,14,interstation_vector_regression,False,r2_below_threshold,0,,14,-1.3774211367867903,SANTA_ANITA,7.4653240754465795,1.0,5978.0,"[-0.003915207043303948, -0.18618919098320125]","[[0.6553746212213365, 0.6564678196009518], [-0.27301503282919937, -0.42357223052918236]]",0.5,TimeSeriesSplit(5) multisalida,,
SAN_JUAN_DE_LURIGANCHO,VIENTO_VECTOR,2025-09-09 10:00:00,2025-09-09 23:00:00,14,14,interstation_vector_regression,False,r2_below_threshold,0,,14,-1.2504130488580807,CERES,9.429216388609277,1.0,7047.0,"[-0.07220261894801394, -0.3370204406907482]","[[0.6380474932617379, 0.9964959514721488], [-0.10380141064927667, -0.4666687298991079]]",0.5,TimeSeriesSplit(5) multisalida,,
SAN_JUAN_DE_LURIGANCHO,VIENTO_VECTOR,2025-09-09 10:00:00,2025-09-09 23:00:00,14,14,interstation_vector_regression,False,r2_below_threshold,0,,14,-1.116639339354385,CARABAYLLO,9.593975224056559,1.0,6775.0,"[-0.47994722645075205, -0.23558945647015422]","[[1.3043965739301941, 1.2910569710873347], [-0.5205484736307412, -0.20062954408102732]]",0.5,TimeSeriesSplit(5) multisalida,,
SAN_JUAN_DE_LURIGANCHO,VIENTO_VECTOR,2025-09-09 10:00:00,2025-09-09 23:00:00,14,14,interstation_vector_regression,False,r2_below_threshold,0,,14,-1.3621975320050008,SAN_MARTIN_DE_PORRES,9.75182688225575,1.0,7022.0,"[-0.22324650724074546, -0.38932956327374457]","[[0.3642119079219212, 0.611401927491485], [-0.08397048602893663, -0.16333947748576433]]",0.5,TimeSeriesSplit(5) multisalida,,
SAN_JUAN_DE_LURIGANCHO,VIENTO_VECTOR,2025-09-09 10:00:00,2025-09-09 23:00:00,14,14,interstation_vector_regression,False,r2_below_threshold,0,,14,-1.4264838051169741,CAMPO_DE_MARTE,10.979336409143984,1.0,6958.0,"[-0.33766372108840803, -0.26393964422885025]","[[0.9221922133777543, 0.40169055512710705], [-0.42807090936805836, -0.06770779455417039]]",0.5,TimeSeriesSplit(5) multisalida,,
SAN_JUAN_DE_LURIGANCHO,VIENTO_VECTOR,2025-09-09 10:00:00,2025-09-09 23:00:00,14,14,interstation_vector_regression,False,r2_below_threshold,0,,14,-2.1139152858500103,SAN_BORJA,14.1460220348316,1.0,6828.0,"[0.3543860109431772, -0.47143092266841735]","[[0.7547673255855715, 0.13991635051322784], [-0.41626514649765245, -0.19523022668211273]]",0.5,TimeSeriesSplit(5) multisalida,,
SAN_JUAN_DE_LURIGANCHO,VIENTO_VECTOR,2025-09-09 10:00:00,2025-09-09 23:00:00,14,14,unimputable,False,no_vector_method_available,0,,14,,,,,,,,,,,
SAN_JUAN_DE_LURIGANCHO,VEL_VIENTO,2025-09-10 11:00:00,2025-09-11 00:00:00,14,14,weekly_vector_seasonal,True,,1,2025-09-11T00:00:00,13,,,,,,,,,,3.0,
SAN_JUAN_DE_LURIGANCHO,VIENTO_VECTOR,2025-09-10 11:00:00,2025-09-11 00:00:00,14,14,interstation_vector_regression,False,r2_below_threshold,0,,13,-1.3774211367867903,SANTA_ANITA,7.4653240754465795,1.0,5978.0,"[-0.003915207043303948, -0.18618919098320125]","[[0.6553746212213365, 0.6564678196009518], [-0.27301503282919937, -0.42357223052918236]]",0.5,TimeSeriesSplit(5) multisalida,,
SAN_JUAN_DE_LURIGANCHO,VIENTO_VECTOR,2025-09-10 11:00:00,2025-09-11 00:00:00,14,14,interstation_vector_regression,False,r2_below_threshold,0,,13,-1.2504130488580807,CERES,9.429216388609277,1.0,7047.0,"[-0.07220261894801394, -0.3370204406907482]","[[0.6380474932617379, 0.9964959514721488], [-0.10380141064927667, -0.4666687298991079]]",0.5,TimeSeriesSplit(5) multisalida,,
SAN_JUAN_DE_LURIGANCHO,VIENTO_VECTOR,2025-09-10 11:00:00,2025-09-11 00:00:00,14,14,interstation_vector_regression,False,r2_below_threshold,0,,13,-1.116639339354385,CARABAYLLO,9.593975224056559,1.0,6775.0,"[-0.47994722645075205, -0.23558945647015422]","[[1.3043965739301941, 1.2910569710873347], [-0.5205484736307412, -0.20062954408102732]]",0.5,TimeSeriesSplit(5) multisalida,,
SAN_JUAN_DE_LURIGANCHO,VIENTO_VECTOR,2025-09-10 11:00:00,2025-09-11 00:00:00,14,14,interstation_vector_regression,False,r2_below_threshold,0,,13,-1.3621975320050008,SAN_MARTIN_DE_PORRES,9.75182688225575,1.0,7022.0,"[-0.22324650724074546, -0.38932956327374457]","[[0.3642119079219212, 0.611401927491485], [-0.08397048602893663, -0.16333947748576433]]",0.5,TimeSeriesSplit(5) multisalida,,
SAN_JUAN_DE_LURIGANCHO,VIENTO_VECTOR,2025-09-10 11:00:00,2025-09-11 00:00:00,14,14,interstation_vector_regression,False,r2_below_threshold,0,,13,-1.4264838051169741,CAMPO_DE_MARTE,10.979336409143984,1.0,6958.0,"[-0.33766372108840803, -0.26393964422885025]","[[0.9221922133777543, 0.40169055512710705], [-0.42807090936805836, -0.06770779455417039]]",0.5,TimeSeriesSplit(5) multisalida,,
SAN_JUAN_DE_LURIGANCHO,VIENTO_VECTOR,2025-09-10 11:00:00,2025-09-11 00:00:00,14,14,interstation_vector_regression,False,r2_below_threshold,0,,13,-2.1139152858500103,SAN_BORJA,14.1460220348316,1.0,6828.0,"[0.3543860109431772, -0.47143092266841735]","[[0.7547673255855715, 0.13991635051322784], [-0.41626514649765245, -0.19523022668211273]]",0.5,TimeSeriesSplit(5) multisalida,,
SAN_JUAN_DE_LURIGANCHO,VIENTO_VECTOR,2025-09-10 11:00:00,2025-09-11 00:00:00,14,14,unimputable,False,no_vector_method_available,0,,13,,,,,,,,,,,
SAN_JUAN_DE_LURIGANCHO,VIENTO_VECTOR,2025-09-11 11:00:00,2025-09-11 20:00:00,10,10,interstation_vector_regression,False,r2_below_threshold,0,,10,-1.3774211367867903,SANTA_ANITA,7.4653240754465795,1.0,5978.0,"[-0.003915207043303948, -0.18618919098320125]","[[0.6553746212213365, 0.6564678196009518], [-0.27301503282919937, -0.42357223052918236]]",0.5,TimeSeriesSplit(5) multisalida,,
SAN_JUAN_DE_LURIGANCHO,VIENTO_VECTOR,2025-09-11 11:00:00,2025-09-11 20:00:00,10,10,interstation_vector_regression,False,r2_below_threshold,0,,10,-1.2504130488580807,CERES,9.429216388609277,1.0,7047.0,"[-0.07220261894801394, -0.3370204406907482]","[[0.6380474932617379, 0.9964959514721488], [-0.10380141064927667, -0.4666687298991079]]",0.5,TimeSeriesSplit(5) multisalida,,
SAN_JUAN_DE_LURIGANCHO,VIENTO_VECTOR,2025-09-11 11:00:00,2025-09-11 20:00:00,10,10,interstation_vector_regression,False,r2_below_threshold,0,,10,-1.116639339354385,CARABAYLLO,9.593975224056559,1.0,6775.0,"[-0.47994722645075205, -0.23558945647015422]","[[1.3043965739301941, 1.2910569710873347], [-0.5205484736307412, -0.20062954408102732]]",0.5,TimeSeriesSplit(5) multisalida,,
SAN_JUAN_DE_LURIGANCHO,VIENTO_VECTOR,2025-09-11 11:00:00,2025-09-11 20:00:00,10,10,interstation_vector_regression,False,r2_below_threshold,0,,10,-1.3621975320050008,SAN_MARTIN_DE_PORRES,9.75182688225575,1.0,7022.0,"[-0.22324650724074546, -0.38932956327374457]","[[0.3642119079219212, 0.611401927491485], [-0.08397048602893663, -0.16333947748576433]]",0.5,TimeSeriesSplit(5) multisalida,,
SAN_JUAN_DE_LURIGANCHO,VIENTO_VECTOR,2025-09-11 11:00:00,2025-09-11 20:00:00,10,10,interstation_vector_regression,False,r2_below_threshold,0,,10,-1.4264838051169741,CAMPO_DE_MARTE,10.979336409143984,1.0,6958.0,"[-0.33766372108840803, -0.26393964422885025]","[[0.9221922133777543, 0.40169055512710705], [-0.42807090936805836, -0.06770779455417039]]",0.5,TimeSeriesSplit(5) multisalida,,
SAN_JUAN_DE_LURIGANCHO,VIENTO_VECTOR,2025-09-11 11:00:00,2025-09-11 20:00:00,10,10,interstation_vector_regression,False,r2_below_threshold,0,,10,-2.1139152858500103,SAN_BORJA,14.1460220348316,1.0,6828.0,"[0.3543860109431772, -0.47143092266841735]","[[0.7547673255855715, 0.13991635051322784], [-0.41626514649765245, -0.19523022668211273]]",0.5,TimeSeriesSplit(5) multisalida,,
SAN_JUAN_DE_LURIGANCHO,VIENTO_VECTOR,2025-09-11 11:00:00,2025-09-11 20:00:00,10,10,unimputable,False,no_vector_method_available,0,,10,,,,,,,,,,,
SAN_JUAN_DE_LURIGANCHO,VEL_VIENTO,2025-09-12 13:00:00,2025-09-13 02:00:00,14,14,weekly_vector_seasonal,True,,2,2025-09-13T01:00:00|2025-09-13T02:00:00,12,,,,,,,,,,3.0,
SAN_JUAN_DE_LURIGANCHO,VIENTO_VECTOR,2025-09-12 13:00:00,2025-09-13 02:00:00,14,14,interstation_vector_regression,False,r2_below_threshold,0,,12,-1.3774211367867903,SANTA_ANITA,7.4653240754465795,1.0,5978.0,"[-0.003915207043303948, -0.18618919098320125]","[[0.6553746212213365, 0.6564678196009518], [-0.27301503282919937, -0.42357223052918236]]",0.5,TimeSeriesSplit(5) multisalida,,
SAN_JUAN_DE_LURIGANCHO,VIENTO_VECTOR,2025-09-12 13:00:00,2025-09-13 02:00:00,14,14,interstation_vector_regression,False,r2_below_threshold,0,,12,-1.2504130488580807,CERES,9.429216388609277,1.0,7047.0,"[-0.07220261894801394, -0.3370204406907482]","[[0.6380474932617379, 0.9964959514721488], [-0.10380141064927667, -0.4666687298991079]]",0.5,TimeSeriesSplit(5) multisalida,,
SAN_JUAN_DE_LURIGANCHO,VIENTO_VECTOR,2025-09-12 13:00:00,2025-09-13 02:00:00,14,14,interstation_vector_regression,False,r2_below_threshold,0,,12,-1.116639339354385,CARABAYLLO,9.593975224056559,1.0,6775.0,"[-0.47994722645075205, -0.23558945647015422]","[[1.3043965739301941, 1.2910569710873347], [-0.5205484736307412, -0.20062954408102732]]",0.5,TimeSeriesSplit(5) multisalida,,
SAN_JUAN_DE_LURIGANCHO,VIENTO_VECTOR,2025-09-12 13:00:00,2025-09-13 02:00:00,14,14,interstation_vector_regression,False,r2_below_threshold,0,,12,-1.3621975320050008,SAN_MARTIN_DE_PORRES,9.75182688225575,1.0,7022.0,"[-0.22324650724074546, -0.38932956327374457]","[[0.3642119079219212, 0.611401927491485], [-0.08397048602893663, -0.16333947748576433]]",0.5,TimeSeriesSplit(5) multisalida,,
SAN_JUAN_DE_LURIGANCHO,VIENTO_VECTOR,2025-09-12 13:00:00,2025-09-13 02:00:00,14,14,interstation_vector_regression,False,r2_below_threshold,0,,12,-1.4264838051169741,CAMPO_DE_MARTE,10.979336409143984,1.0,6958.0,"[-0.33766372108840803, -0.26393964422885025]","[[0.9221922133777543, 0.40169055512710705], [-0.42807090936805836, -0.06770779455417039]]",0.5,TimeSeriesSplit(5) multisalida,,
SAN_JUAN_DE_LURIGANCHO,VIENTO_VECTOR,2025-09-12 13:00:00,2025-09-13 02:00:00,14,14,interstation_vector_regression,False,r2_below_threshold,0,,12,-2.1139152858500103,SAN_BORJA,14.1460220348316,1.0,6828.0,"[0.3543860109431772, -0.47143092266841735]","[[0.7547673255855715, 0.13991635051322784], [-0.41626514649765245, -0.19523022668211273]]",0.5,TimeSeriesSplit(5) multisalida,,
SAN_JUAN_DE_LURIGANCHO,VIENTO_VECTOR,2025-09-12 13:00:00,2025-09-13 02:00:00,14,14,unimputable,False,no_vector_method_available,0,,12,,,,,,,,,,,
SAN_JUAN_DE_LURIGANCHO,VIENTO_VECTOR,2025-09-13 09:00:00,2025-09-13 21:00:00,13,13,interstation_vector_regression,False,r2_below_threshold,0,,13,-1.3774211367867903,SANTA_ANITA,7.4653240754465795,1.0,5978.0,"[-0.003915207043303948, -0.18618919098320125]","[[0.6553746212213365, 0.6564678196009518], [-0.27301503282919937, -0.42357223052918236]]",0.5,TimeSeriesSplit(5) multisalida,,
SAN_JUAN_DE_LURIGANCHO,VIENTO_VECTOR,2025-09-13 09:00:00,2025-09-13 21:00:00,13,13,interstation_vector_regression,False,r2_below_threshold,0,,13,-1.2504130488580807,CERES,9.429216388609277,1.0,7047.0,"[-0.07220261894801394, -0.3370204406907482]","[[0.6380474932617379, 0.9964959514721488], [-0.10380141064927667, -0.4666687298991079]]",0.5,TimeSeriesSplit(5) multisalida,,
SAN_JUAN_DE_LURIGANCHO,VIENTO_VECTOR,2025-09-13 09:00:00,2025-09-13 21:00:00,13,13,interstation_vector_regression,False,r2_below_threshold,0,,13,-1.116639339354385,CARABAYLLO,9.593975224056559,1.0,6775.0,"[-0.47994722645075205, -0.23558945647015422]","[[1.3043965739301941, 1.2910569710873347], [-0.5205484736307412, -0.20062954408102732]]",0.5,TimeSeriesSplit(5) multisalida,,
SAN_JUAN_DE_LURIGANCHO,VIENTO_VECTOR,2025-09-13 09:00:00,2025-09-13 21:00:00,13,13,interstation_vector_regression,False,r2_below_threshold,0,,13,-1.3621975320050008,SAN_MARTIN_DE_PORRES,9.75182688225575,1.0,7022.0,"[-0.22324650724074546, -0.38932956327374457]","[[0.3642119079219212, 0.611401927491485], [-0.08397048602893663, -0.16333947748576433]]",0.5,TimeSeriesSplit(5) multisalida,,
SAN_JUAN_DE_LURIGANCHO,VIENTO_VECTOR,2025-09-13 09:00:00,2025-09-13 21:00:00,13,13,interstation_vector_regression,False,r2_below_threshold,0,,13,-1.4264838051169741,CAMPO_DE_MARTE,10.979336409143984,1.0,6958.0,"[-0.33766372108840803, -0.26393964422885025]","[[0.9221922133777543, 0.40169055512710705], [-0.42807090936805836, -0.06770779455417039]]",0.5,TimeSeriesSplit(5) multisalida,,
SAN_JUAN_DE_LURIGANCHO,VIENTO_VECTOR,2025-09-13 09:00:00,2025-09-13 21:00:00,13,13,interstation_vector_regression,False,r2_below_threshold,0,,13,-2.1139152858500103,SAN_BORJA,14.1460220348316,1.0,6828.0,"[0.3543860109431772, -0.47143092266841735]","[[0.7547673255855715, 0.13991635051322784], [-0.41626514649765245, -0.19523022668211273]]",0.5,TimeSeriesSplit(5) multisalida,,
SAN_JUAN_DE_LURIGANCHO,VIENTO_VECTOR,2025-09-13 09:00:00,2025-09-13 21:00:00,13,13,unimputable,False,no_vector_method_available,0,,13,,,,,,,,,,,
SAN_JUAN_DE_LURIGANCHO,VIENTO_VECTOR,2025-09-14 12:00:00,2025-09-14 23:00:00,12,12,interstation_vector_regression,False,r2_below_threshold,0,,12,-1.3774211367867903,SANTA_ANITA,7.4653240754465795,1.0,5978.0,"[-0.003915207043303948, -0.18618919098320125]","[[0.6553746212213365, 0.6564678196009518], [-0.27301503282919937, -0.42357223052918236]]",0.5,TimeSeriesSplit(5) multisalida,,
SAN_JUAN_DE_LURIGANCHO,VIENTO_VECTOR,2025-09-14 12:00:00,2025-09-14 23:00:00,12,12,interstation_vector_regression,False,r2_below_threshold,0,,12,-1.2504130488580807,CERES,9.429216388609277,1.0,7047.0,"[-0.07220261894801394, -0.3370204406907482]","[[0.6380474932617379, 0.9964959514721488], [-0.10380141064927667, -0.4666687298991079]]",0.5,TimeSeriesSplit(5) multisalida,,
SAN_JUAN_DE_LURIGANCHO,VIENTO_VECTOR,2025-09-14 12:00:00,2025-09-14 23:00:00,12,12,interstation_vector_regression,False,r2_below_threshold,0,,12,-1.116639339354385,CARABAYLLO,9.593975224056559,1.0,6775.0,"[-0.47994722645075205, -0.23558945647015422]","[[1.3043965739301941, 1.2910569710873347], [-0.5205484736307412, -0.20062954408102732]]",0.5,TimeSeriesSplit(5) multisalida,,
SAN_JUAN_DE_LURIGANCHO,VIENTO_VECTOR,2025-09-14 12:00:00,2025-09-14 23:00:00,12,12,interstation_vector_regression,False,r2_below_threshold,0,,12,-1.3621975320050008,SAN_MARTIN_DE_PORRES,9.75182688225575,1.0,7022.0,"[-0.22324650724074546, -0.38932956327374457]","[[0.3642119079219212, 0.611401927491485], [-0.08397048602893663, -0.16333947748576433]]",0.5,TimeSeriesSplit(5) multisalida,,
SAN_JUAN_DE_LURIGANCHO,VIENTO_VECTOR,2025-09-14 12:00:00,2025-09-14 23:00:00,12,12,interstation_vector_regression,False,r2_below_threshold,0,,12,-1.4264838051169741,CAMPO_DE_MARTE,10.979336409143984,1.0,6958.0,"[-0.33766372108840803, -0.26393964422885025]","[[0.9221922133777543, 0.40169055512710705], [-0.42807090936805836, -0.06770779455417039]]",0.5,TimeSeriesSplit(5) multisalida,,
SAN_JUAN_DE_LURIGANCHO,VIENTO_VECTOR,2025-09-14 12:00:00,2025-09-14 23:00:00,12,12,interstation_vector_regression,False,r2_below_threshold,0,,12,-2.1139152858500103,SAN_BORJA,14.1460220348316,1.0,6828.0,"[0.3543860109431772, -0.47143092266841735]","[[0.7547673255855715, 0.13991635051322784], [-0.41626514649765245, -0.19523022668211273]]",0.5,TimeSeriesSplit(5) multisalida,,
SAN_JUAN_DE_LURIGANCHO,VIENTO_VECTOR,2025-09-14 12:00:00,2025-09-14 23:00:00,12,12,unimputable,False,no_vector_method_available,0,,12,,,,,,,,,,,
SAN_JUAN_DE_LURIGANCHO,VIENTO_VECTOR,2025-09-15 08:00:00,2025-09-15 21:00:00,14,14,interstation_vector_regression,False,r2_below_threshold,0,,14,-1.3774211367867903,SANTA_ANITA,7.4653240754465795,1.0,5978.0,"[-0.003915207043303948, -0.18618919098320125]","[[0.6553746212213365, 0.6564678196009518], [-0.27301503282919937, -0.42357223052918236]]",0.5,TimeSeriesSplit(5) multisalida,,
SAN_JUAN_DE_LURIGANCHO,VIENTO_VECTOR,2025-09-15 08:00:00,2025-09-15 21:00:00,14,14,interstation_vector_regression,False,r2_below_threshold,0,,14,-1.2504130488580807,CERES,9.429216388609277,1.0,7047.0,"[-0.07220261894801394, -0.3370204406907482]","[[0.6380474932617379, 0.9964959514721488], [-0.10380141064927667, -0.4666687298991079]]",0.5,TimeSeriesSplit(5) multisalida,,
SAN_JUAN_DE_LURIGANCHO,VIENTO_VECTOR,2025-09-15 08:00:00,2025-09-15 21:00:00,14,14,interstation_vector_regression,False,r2_below_threshold,0,,14,-1.116639339354385,CARABAYLLO,9.593975224056559,1.0,6775.0,"[-0.47994722645075205, -0.23558945647015422]","[[1.3043965739301941, 1.2910569710873347], [-0.5205484736307412, -0.20062954408102732]]",0.5,TimeSeriesSplit(5) multisalida,,
SAN_JUAN_DE_LURIGANCHO,VIENTO_VECTOR,2025-09-15 08:00:00,2025-09-15 21:00:00,14,14,interstation_vector_regression,False,r2_below_threshold,0,,14,-1.3621975320050008,SAN_MARTIN_DE_PORRES,9.75182688225575,1.0,7022.0,"[-0.22324650724074546, -0.38932956327374457]","[[0.3642119079219212, 0.611401927491485], [-0.08397048602893663, -0.16333947748576433]]",0.5,TimeSeriesSplit(5) multisalida,,
SAN_JUAN_DE_LURIGANCHO,VIENTO_VECTOR,2025-09-15 08:00:00,2025-09-15 21:00:00,14,14,interstation_vector_regression,False,r2_below_threshold,0,,14,-1.4264838051169741,CAMPO_DE_MARTE,10.979336409143984,1.0,6958.0,"[-0.33766372108840803, -0.26393964422885025]","[[0.9221922133777543, 0.40169055512710705], [-0.42807090936805836, -0.06770779455417039]]",0.5,TimeSeriesSplit(5) multisalida,,
SAN_JUAN_DE_LURIGANCHO,VIENTO_VECTOR,2025-09-15 08:00:00,2025-09-15 21:00:00,14,14,interstation_vector_regression,False,r2_below_threshold,0,,14,-2.1139152858500103,SAN_BORJA,14.1460220348316,1.0,6828.0,"[0.3543860109431772, -0.47143092266841735]","[[0.7547673255855715, 0.13991635051322784], [-0.41626514649765245, -0.19523022668211273]]",0.5,TimeSeriesSplit(5) multisalida,,
SAN_JUAN_DE_LURIGANCHO,VIENTO_VECTOR,2025-09-15 08:00:00,2025-09-15 21:00:00,14,14,unimputable,False,no_vector_method_available,0,,14,,,,,,,,,,,
SAN_JUAN_DE_LURIGANCHO,VEL_VIENTO,2025-09-16 07:00:00,2025-09-17 01:00:00,19,19,weekly_vector_seasonal,True,,1,2025-09-17T01:00:00,18,,,,,,,,,,3.0,
SAN_JUAN_DE_LURIGANCHO,VIENTO_VECTOR,2025-09-16 07:00:00,2025-09-17 01:00:00,19,19,interstation_vector_regression,False,r2_below_threshold,0,,18,-1.3774211367867903,SANTA_ANITA,7.4653240754465795,1.0,5978.0,"[-0.003915207043303948, -0.18618919098320125]","[[0.6553746212213365, 0.6564678196009518], [-0.27301503282919937, -0.42357223052918236]]",0.5,TimeSeriesSplit(5) multisalida,,
SAN_JUAN_DE_LURIGANCHO,VIENTO_VECTOR,2025-09-16 07:00:00,2025-09-17 01:00:00,19,19,interstation_vector_regression,False,r2_below_threshold,0,,18,-1.2504130488580807,CERES,9.429216388609277,1.0,7047.0,"[-0.07220261894801394, -0.3370204406907482]","[[0.6380474932617379, 0.9964959514721488], [-0.10380141064927667, -0.4666687298991079]]",0.5,TimeSeriesSplit(5) multisalida,,
SAN_JUAN_DE_LURIGANCHO,VIENTO_VECTOR,2025-09-16 07:00:00,2025-09-17 01:00:00,19,19,interstation_vector_regression,False,r2_below_threshold,0,,18,-1.116639339354385,CARABAYLLO,9.593975224056559,1.0,6775.0,"[-0.47994722645075205, -0.23558945647015422]","[[1.3043965739301941, 1.2910569710873347], [-0.5205484736307412, -0.20062954408102732]]",0.5,TimeSeriesSplit(5) multisalida,,
SAN_JUAN_DE_LURIGANCHO,VIENTO_VECTOR,2025-09-16 07:00:00,2025-09-17 01:00:00,19,19,interstation_vector_regression,False,r2_below_threshold,0,,18,-1.3621975320050008,SAN_MARTIN_DE_PORRES,9.75182688225575,1.0,7022.0,"[-0.22324650724074546, -0.38932956327374457]","[[0.3642119079219212, 0.611401927491485], [-0.08397048602893663, -0.16333947748576433]]",0.5,TimeSeriesSplit(5) multisalida,,
SAN_JUAN_DE_LURIGANCHO,VIENTO_VECTOR,2025-09-16 07:00:00,2025-09-17 01:00:00,19,19,interstation_vector_regression,False,r2_below_threshold,0,,18,-1.4264838051169741,CAMPO_DE_MARTE,10.979336409143984,1.0,6958.0,"[-0.33766372108840803, -0.26393964422885025]","[[0.9221922133777543, 0.40169055512710705], [-0.42807090936805836, -0.06770779455417039]]",0.5,TimeSeriesSplit(5) multisalida,,
SAN_JUAN_DE_LURIGANCHO,VIENTO_VECTOR,2025-09-16 07:00:00,2025-09-17 01:00:00,19,19,interstation_vector_regression,False,r2_below_threshold,0,,18,-2.1139152858500103,SAN_BORJA,14.1460220348316,0.9444444444444444,6828.0,"[0.3543860109431772, -0.47143092266841735]","[[0.7547673255855715, 0.13991635051322784], [-0.41626514649765245, -0.19523022668211273]]",0.5,TimeSeriesSplit(5) multisalida,,
SAN_JUAN_DE_LURIGANCHO,VIENTO_VECTOR,2025-09-16 07:00:00,2025-09-17 01:00:00,19,19,unimputable,False,no_vector_method_available,0,,18,,,,,,,,,,,
SAN_JUAN_DE_LURIGANCHO,VIENTO_VECTOR,2025-09-17 08:00:00,2025-09-18 00:00:00,17,17,interstation_vector_regression,False,r2_below_threshold,0,,17,-1.3774211367867903,SANTA_ANITA,7.4653240754465795,1.0,5978.0,"[-0.003915207043303948, -0.18618919098320125]","[[0.6553746212213365, 0.6564678196009518], [-0.27301503282919937, -0.42357223052918236]]",0.5,TimeSeriesSplit(5) multisalida,,
SAN_JUAN_DE_LURIGANCHO,VIENTO_VECTOR,2025-09-17 08:00:00,2025-09-18 00:00:00,17,17,interstation_vector_regression,False,r2_below_threshold,0,,17,-1.2504130488580807,CERES,9.429216388609277,1.0,7047.0,"[-0.07220261894801394, -0.3370204406907482]","[[0.6380474932617379, 0.9964959514721488], [-0.10380141064927667, -0.4666687298991079]]",0.5,TimeSeriesSplit(5) multisalida,,
SAN_JUAN_DE_LURIGANCHO,VIENTO_VECTOR,2025-09-17 08:00:00,2025-09-18 00:00:00,17,17,interstation_vector_regression,False,r2_below_threshold,0,,17,-1.116639339354385,CARABAYLLO,9.593975224056559,1.0,6775.0,"[-0.47994722645075205, -0.23558945647015422]","[[1.3043965739301941, 1.2910569710873347], [-0.5205484736307412, -0.20062954408102732]]",0.5,TimeSeriesSplit(5) multisalida,,
SAN_JUAN_DE_LURIGANCHO,VIENTO_VECTOR,2025-09-17 08:00:00,2025-09-18 00:00:00,17,17,interstation_vector_regression,False,r2_below_threshold,0,,17,-1.3621975320050008,SAN_MARTIN_DE_PORRES,9.75182688225575,1.0,7022.0,"[-0.22324650724074546, -0.38932956327374457]","[[0.3642119079219212, 0.611401927491485], [-0.08397048602893663, -0.16333947748576433]]",0.5,TimeSeriesSplit(5) multisalida,,
SAN_JUAN_DE_LURIGANCHO,VIENTO_VECTOR,2025-09-17 08:00:00,2025-09-18 00:00:00,17,17,interstation_vector_regression,False,r2_below_threshold,0,,17,-1.4264838051169741,CAMPO_DE_MARTE,10.979336409143984,1.0,6958.0,"[-0.33766372108840803, -0.26393964422885025]","[[0.9221922133777543, 0.40169055512710705], [-0.42807090936805836, -0.06770779455417039]]",0.5,TimeSeriesSplit(5) multisalida,,
SAN_JUAN_DE_LURIGANCHO,VIENTO_VECTOR,2025-09-17 08:00:00,2025-09-18 00:00:00,17,17,interstation_vector_regression,False,r2_below_threshold,0,,17,-2.1139152858500103,SAN_BORJA,14.1460220348316,1.0,6828.0,"[0.3543860109431772, -0.47143092266841735]","[[0.7547673255855715, 0.13991635051322784], [-0.41626514649765245, -0.19523022668211273]]",0.5,TimeSeriesSplit(5) multisalida,,
SAN_JUAN_DE_LURIGANCHO,VIENTO_VECTOR,2025-09-17 08:00:00,2025-09-18 00:00:00,17,17,unimputable,False,no_vector_method_available,0,,17,,,,,,,,,,,
SAN_JUAN_DE_LURIGANCHO,VIENTO_VECTOR,2025-09-18 08:00:00,2025-09-18 22:00:00,15,15,interstation_vector_regression,False,r2_below_threshold,0,,15,-1.3774211367867903,SANTA_ANITA,7.4653240754465795,1.0,5978.0,"[-0.003915207043303948, -0.18618919098320125]","[[0.6553746212213365, 0.6564678196009518], [-0.27301503282919937, -0.42357223052918236]]",0.5,TimeSeriesSplit(5) multisalida,,
SAN_JUAN_DE_LURIGANCHO,VIENTO_VECTOR,2025-09-18 08:00:00,2025-09-18 22:00:00,15,15,interstation_vector_regression,False,r2_below_threshold,0,,15,-1.2504130488580807,CERES,9.429216388609277,1.0,7047.0,"[-0.07220261894801394, -0.3370204406907482]","[[0.6380474932617379, 0.9964959514721488], [-0.10380141064927667, -0.4666687298991079]]",0.5,TimeSeriesSplit(5) multisalida,,
SAN_JUAN_DE_LURIGANCHO,VIENTO_VECTOR,2025-09-18 08:00:00,2025-09-18 22:00:00,15,15,interstation_vector_regression,False,r2_below_threshold,0,,15,-1.116639339354385,CARABAYLLO,9.593975224056559,1.0,6775.0,"[-0.47994722645075205, -0.23558945647015422]","[[1.3043965739301941, 1.2910569710873347], [-0.5205484736307412, -0.20062954408102732]]",0.5,TimeSeriesSplit(5) multisalida,,
SAN_JUAN_DE_LURIGANCHO,VIENTO_VECTOR,2025-09-18 08:00:00,2025-09-18 22:00:00,15,15,interstation_vector_regression,False,r2_below_threshold,0,,15,-1.3621975320050008,SAN_MARTIN_DE_PORRES,9.75182688225575,1.0,7022.0,"[-0.22324650724074546, -0.38932956327374457]","[[0.3642119079219212, 0.611401927491485], [-0.08397048602893663, -0.16333947748576433]]",0.5,TimeSeriesSplit(5) multisalida,,
SAN_JUAN_DE_LURIGANCHO,VIENTO_VECTOR,2025-09-18 08:00:00,2025-09-18 22:00:00,15,15,interstation_vector_regression,False,r2_below_threshold,0,,15,-1.4264838051169741,CAMPO_DE_MARTE,10.979336409143984,1.0,6958.0,"[-0.33766372108840803, -0.26393964422885025]","[[0.9221922133777543, 0.40169055512710705], [-0.42807090936805836, -0.06770779455417039]]",0.5,TimeSeriesSplit(5) multisalida,,
SAN_JUAN_DE_LURIGANCHO,VIENTO_VECTOR,2025-09-18 08:00:00,2025-09-18 22:00:00,15,15,interstation_vector_regression,False,r2_below_threshold,0,,15,-2.1139152858500103,SAN_BORJA,14.1460220348316,1.0,6828.0,"[0.3543860109431772, -0.47143092266841735]","[[0.7547673255855715, 0.13991635051322784], [-0.41626514649765245, -0.19523022668211273]]",0.5,TimeSeriesSplit(5) multisalida,,
SAN_JUAN_DE_LURIGANCHO,VIENTO_VECTOR,2025-09-18 08:00:00,2025-09-18 22:00:00,15,15,unimputable,False,no_vector_method_available,0,,15,,,,,,,,,,,
SAN_JUAN_DE_LURIGANCHO,VEL_VIENTO,2025-09-19 10:00:00,2025-09-19 23:00:00,14,14,weekly_vector_seasonal,True,,1,2025-09-19T10:00:00,13,,,,,,,,,,3.0,
SAN_JUAN_DE_LURIGANCHO,VIENTO_VECTOR,2025-09-19 10:00:00,2025-09-19 23:00:00,14,14,interstation_vector_regression,False,r2_below_threshold,0,,13,-1.3774211367867903,SANTA_ANITA,7.4653240754465795,1.0,5978.0,"[-0.003915207043303948, -0.18618919098320125]","[[0.6553746212213365, 0.6564678196009518], [-0.27301503282919937, -0.42357223052918236]]",0.5,TimeSeriesSplit(5) multisalida,,
SAN_JUAN_DE_LURIGANCHO,VIENTO_VECTOR,2025-09-19 10:00:00,2025-09-19 23:00:00,14,14,interstation_vector_regression,False,r2_below_threshold,0,,13,-1.2504130488580807,CERES,9.429216388609277,1.0,7047.0,"[-0.07220261894801394, -0.3370204406907482]","[[0.6380474932617379, 0.9964959514721488], [-0.10380141064927667, -0.4666687298991079]]",0.5,TimeSeriesSplit(5) multisalida,,
SAN_JUAN_DE_LURIGANCHO,VIENTO_VECTOR,2025-09-19 10:00:00,2025-09-19 23:00:00,14,14,interstation_vector_regression,False,r2_below_threshold,0,,13,-1.116639339354385,CARABAYLLO,9.593975224056559,1.0,6775.0,"[-0.47994722645075205, -0.23558945647015422]","[[1.3043965739301941, 1.2910569710873347], [-0.5205484736307412, -0.20062954408102732]]",0.5,TimeSeriesSplit(5) multisalida,,
SAN_JUAN_DE_LURIGANCHO,VIENTO_VECTOR,2025-09-19 10:00:00,2025-09-19 23:00:00,14,14,interstation_vector_regression,False,r2_below_threshold,0,,13,-1.3621975320050008,SAN_MARTIN_DE_PORRES,9.75182688225575,1.0,7022.0,"[-0.22324650724074546, -0.38932956327374457]","[[0.3642119079219212, 0.611401927491485], [-0.08397048602893663, -0.16333947748576433]]",0.5,TimeSeriesSplit(5) multisalida,,
SAN_JUAN_DE_LURIGANCHO,VIENTO_VECTOR,2025-09-19 10:00:00,2025-09-19 23:00:00,14,14,interstation_vector_regression,False,r2_below_threshold,0,,13,-1.4264838051169741,CAMPO_DE_MARTE,10.979336409143984,1.0,6958.0,"[-0.33766372108840803, -0.26393964422885025]","[[0.9221922133777543, 0.40169055512710705], [-0.42807090936805836, -0.06770779455417039]]",0.5,TimeSeriesSplit(5) multisalida,,
SAN_JUAN_DE_LURIGANCHO,VIENTO_VECTOR,2025-09-19 10:00:00,2025-09-19 23:00:00,14,14,interstation_vector_regression,False,r2_below_threshold,0,,13,-2.1139152858500103,SAN_BORJA,14.1460220348316,1.0,6828.0,"[0.3543860109431772, -0.47143092266841735]","[[0.7547673255855715, 0.13991635051322784], [-0.41626514649765245, -0.19523022668211273]]",0.5,TimeSeriesSplit(5) multisalida,,
SAN_JUAN_DE_LURIGANCHO,VIENTO_VECTOR,2025-09-19 10:00:00,2025-09-19 23:00:00,14,14,unimputable,False,no_vector_method_available,0,,13,,,,,,,,,,,
SAN_JUAN_DE_LURIGANCHO,VEL_VIENTO,2025-09-20 10:00:00,2025-09-24 00:00:00,87,87,weekly_vector_seasonal,True,,14,2025-09-21T00:00:00|2025-09-21T04:00:00|2025-09-21T05:00:00|2025-09-21T06:00:00|2025-09-21T07:00:00|2025-09-22T02:00:00|2025-09-22T03:00:00|2025-09-22T04:00:00|2025-09-22T05:00:00|2025-09-22T06:00:00|2025-09-22T07:00:00|2025-09-23T04:00:00|2025-09-23T05:00:00|2025-09-23T06:00:00,73,,,,,,,,,,3.0,
SAN_JUAN_DE_LURIGANCHO,VIENTO_VECTOR,2025-09-20 10:00:00,2025-09-24 00:00:00,87,87,interstation_vector_regression,False,r2_below_threshold,0,,73,-1.3774211367867903,SANTA_ANITA,7.4653240754465795,1.0,5978.0,"[-0.003915207043303948, -0.18618919098320125]","[[0.6553746212213365, 0.6564678196009518], [-0.27301503282919937, -0.42357223052918236]]",0.5,TimeSeriesSplit(5) multisalida,,
SAN_JUAN_DE_LURIGANCHO,VIENTO_VECTOR,2025-09-20 10:00:00,2025-09-24 00:00:00,87,87,interstation_vector_regression,False,r2_below_threshold,0,,73,-1.2504130488580807,CERES,9.429216388609277,1.0,7047.0,"[-0.07220261894801394, -0.3370204406907482]","[[0.6380474932617379, 0.9964959514721488], [-0.10380141064927667, -0.4666687298991079]]",0.5,TimeSeriesSplit(5) multisalida,,
SAN_JUAN_DE_LURIGANCHO,VIENTO_VECTOR,2025-09-20 10:00:00,2025-09-24 00:00:00,87,87,interstation_vector_regression,False,r2_below_threshold,0,,73,-1.116639339354385,CARABAYLLO,9.593975224056559,1.0,6775.0,"[-0.47994722645075205, -0.23558945647015422]","[[1.3043965739301941, 1.2910569710873347], [-0.5205484736307412, -0.20062954408102732]]",0.5,TimeSeriesSplit(5) multisalida,,
SAN_JUAN_DE_LURIGANCHO,VIENTO_VECTOR,2025-09-20 10:00:00,2025-09-24 00:00:00,87,87,interstation_vector_regression,False,r2_below_threshold,0,,73,-1.3621975320050008,SAN_MARTIN_DE_PORRES,9.75182688225575,1.0,7022.0,"[-0.22324650724074546, -0.38932956327374457]","[[0.3642119079219212, 0.611401927491485], [-0.08397048602893663, -0.16333947748576433]]",0.5,TimeSeriesSplit(5) multisalida,,
SAN_JUAN_DE_LURIGANCHO,VIENTO_VECTOR,2025-09-20 10:00:00,2025-09-24 00:00:00,87,87,interstation_vector_regression,False,r2_below_threshold,0,,73,-1.4264838051169741,CAMPO_DE_MARTE,10.979336409143984,1.0,6958.0,"[-0.33766372108840803, -0.26393964422885025]","[[0.9221922133777543, 0.40169055512710705], [-0.42807090936805836, -0.06770779455417039]]",0.5,TimeSeriesSplit(5) multisalida,,
SAN_JUAN_DE_LURIGANCHO,VIENTO_VECTOR,2025-09-20 10:00:00,2025-09-24 00:00:00,87,87,interstation_vector_regression,False,r2_below_threshold,0,,73,-2.1139152858500103,SAN_BORJA,14.1460220348316,0.9863013698630136,6828.0,"[0.3543860109431772, -0.47143092266841735]","[[0.7547673255855715, 0.13991635051322784], [-0.41626514649765245, -0.19523022668211273]]",0.5,TimeSeriesSplit(5) multisalida,,
SAN_JUAN_DE_LURIGANCHO,VIENTO_VECTOR,2025-09-20 10:00:00,2025-09-24 00:00:00,87,87,unimputable,False,no_vector_method_available,0,,73,,,,,,,,,,,
SAN_JUAN_DE_LURIGANCHO,VIENTO_VECTOR,2025-09-24 08:00:00,2025-09-24 23:00:00,16,16,interstation_vector_regression,False,r2_below_threshold,0,,16,-1.3774211367867903,SANTA_ANITA,7.4653240754465795,1.0,5978.0,"[-0.003915207043303948, -0.18618919098320125]","[[0.6553746212213365, 0.6564678196009518], [-0.27301503282919937, -0.42357223052918236]]",0.5,TimeSeriesSplit(5) multisalida,,
SAN_JUAN_DE_LURIGANCHO,VIENTO_VECTOR,2025-09-24 08:00:00,2025-09-24 23:00:00,16,16,interstation_vector_regression,False,r2_below_threshold,0,,16,-1.2504130488580807,CERES,9.429216388609277,1.0,7047.0,"[-0.07220261894801394, -0.3370204406907482]","[[0.6380474932617379, 0.9964959514721488], [-0.10380141064927667, -0.4666687298991079]]",0.5,TimeSeriesSplit(5) multisalida,,
SAN_JUAN_DE_LURIGANCHO,VIENTO_VECTOR,2025-09-24 08:00:00,2025-09-24 23:00:00,16,16,interstation_vector_regression,False,r2_below_threshold,0,,16,-1.116639339354385,CARABAYLLO,9.593975224056559,1.0,6775.0,"[-0.47994722645075205, -0.23558945647015422]","[[1.3043965739301941, 1.2910569710873347], [-0.5205484736307412, -0.20062954408102732]]",0.5,TimeSeriesSplit(5) multisalida,,
SAN_JUAN_DE_LURIGANCHO,VIENTO_VECTOR,2025-09-24 08:00:00,2025-09-24 23:00:00,16,16,interstation_vector_regression,False,r2_below_threshold,0,,16,-1.3621975320050008,SAN_MARTIN_DE_PORRES,9.75182688225575,1.0,7022.0,"[-0.22324650724074546, -0.38932956327374457]","[[0.3642119079219212, 0.611401927491485], [-0.08397048602893663, -0.16333947748576433]]",0.5,TimeSeriesSplit(5) multisalida,,
SAN_JUAN_DE_LURIGANCHO,VIENTO_VECTOR,2025-09-24 08:00:00,2025-09-24 23:00:00,16,16,interstation_vector_regression,False,r2_below_threshold,0,,16,-1.4264838051169741,CAMPO_DE_MARTE,10.979336409143984,1.0,6958.0,"[-0.33766372108840803, -0.26393964422885025]","[[0.9221922133777543, 0.40169055512710705], [-0.42807090936805836, -0.06770779455417039]]",0.5,TimeSeriesSplit(5) multisalida,,
SAN_JUAN_DE_LURIGANCHO,VIENTO_VECTOR,2025-09-24 08:00:00,2025-09-24 23:00:00,16,16,interstation_vector_regression,False,r2_below_threshold,0,,16,-2.1139152858500103,SAN_BORJA,14.1460220348316,1.0,6828.0,"[0.3543860109431772, -0.47143092266841735]","[[0.7547673255855715, 0.13991635051322784], [-0.41626514649765245, -0.19523022668211273]]",0.5,TimeSeriesSplit(5) multisalida,,
SAN_JUAN_DE_LURIGANCHO,VIENTO_VECTOR,2025-09-24 08:00:00,2025-09-24 23:00:00,16,16,unimputable,False,no_vector_method_available,0,,16,,,,,,,,,,,
SAN_JUAN_DE_LURIGANCHO,VEL_VIENTO,2025-09-25 01:00:00,2025-09-25 02:00:00,2,2,short_vector_linear,True,,2,2025-09-25T01:00:00|2025-09-25T02:00:00,0,,,,,,,,,,,
SAN_JUAN_DE_LURIGANCHO,VIENTO_VECTOR,2025-09-25 14:00:00,2025-09-25 18:00:00,5,5,interstation_vector_regression,False,r2_below_threshold,0,,5,-1.3774211367867903,SANTA_ANITA,7.4653240754465795,1.0,5978.0,"[-0.003915207043303948, -0.18618919098320125]","[[0.6553746212213365, 0.6564678196009518], [-0.27301503282919937, -0.42357223052918236]]",0.5,TimeSeriesSplit(5) multisalida,,
SAN_JUAN_DE_LURIGANCHO,VIENTO_VECTOR,2025-09-25 14:00:00,2025-09-25 18:00:00,5,5,interstation_vector_regression,False,r2_below_threshold,0,,5,-1.2504130488580807,CERES,9.429216388609277,1.0,7047.0,"[-0.07220261894801394, -0.3370204406907482]","[[0.6380474932617379, 0.9964959514721488], [-0.10380141064927667, -0.4666687298991079]]",0.5,TimeSeriesSplit(5) multisalida,,
SAN_JUAN_DE_LURIGANCHO,VIENTO_VECTOR,2025-09-25 14:00:00,2025-09-25 18:00:00,5,5,interstation_vector_regression,False,r2_below_threshold,0,,5,-1.116639339354385,CARABAYLLO,9.593975224056559,1.0,6775.0,"[-0.47994722645075205, -0.23558945647015422]","[[1.3043965739301941, 1.2910569710873347], [-0.5205484736307412, -0.20062954408102732]]",0.5,TimeSeriesSplit(5) multisalida,,
SAN_JUAN_DE_LURIGANCHO,VIENTO_VECTOR,2025-09-25 14:00:00,2025-09-25 18:00:00,5,5,interstation_vector_regression,False,r2_below_threshold,0,,5,-1.3621975320050008,SAN_MARTIN_DE_PORRES,9.75182688225575,1.0,7022.0,"[-0.22324650724074546, -0.38932956327374457]","[[0.3642119079219212, 0.611401927491485], [-0.08397048602893663, -0.16333947748576433]]",0.5,TimeSeriesSplit(5) multisalida,,
SAN_JUAN_DE_LURIGANCHO,VIENTO_VECTOR,2025-09-25 14:00:00,2025-09-25 18:00:00,5,5,interstation_vector_regression,False,r2_below_threshold,0,,5,-1.4264838051169741,CAMPO_DE_MARTE,10.979336409143984,1.0,6958.0,"[-0.33766372108840803, -0.26393964422885025]","[[0.9221922133777543, 0.40169055512710705], [-0.42807090936805836, -0.06770779455417039]]",0.5,TimeSeriesSplit(5) multisalida,,
SAN_JUAN_DE_LURIGANCHO,VIENTO_VECTOR,2025-09-25 14:00:00,2025-09-25 18:00:00,5,5,interstation_vector_regression,False,r2_below_threshold,0,,5,-2.1139152858500103,SAN_BORJA,14.1460220348316,1.0,6828.0,"[0.3543860109431772, -0.47143092266841735]","[[0.7547673255855715, 0.13991635051322784], [-0.41626514649765245, -0.19523022668211273]]",0.5,TimeSeriesSplit(5) multisalida,,
SAN_JUAN_DE_LURIGANCHO,VIENTO_VECTOR,2025-09-25 14:00:00,2025-09-25 18:00:00,5,5,unimputable,False,no_vector_method_available,0,,5,,,,,,,,,,,
SAN_JUAN_DE_LURIGANCHO,DIR_VIENTO,2025-09-26 12:00:00,2025-09-26 12:00:00,1,1,short_vector_linear,True,,1,2025-09-26T12:00:00,0,,,,,,,,,,,
SAN_JUAN_DE_LURIGANCHO,VEL_VIENTO,2025-09-26 12:00:00,2025-09-26 12:00:00,1,1,short_vector_linear,True,,1,2025-09-26T12:00:00,0,,,,,,,,,,,
SAN_JUAN_DE_LURIGANCHO,VEL_VIENTO,2025-09-27 10:00:00,2025-09-27 10:00:00,1,1,short_vector_linear,True,,1,2025-09-27T10:00:00,0,,,,,,,,,,,
SAN_JUAN_DE_LURIGANCHO,VIENTO_VECTOR,2025-09-27 12:00:00,2025-09-27 23:00:00,12,12,interstation_vector_regression,False,r2_below_threshold,0,,12,-1.3774211367867903,SANTA_ANITA,7.4653240754465795,1.0,5978.0,"[-0.003915207043303948, -0.18618919098320125]","[[0.6553746212213365, 0.6564678196009518], [-0.27301503282919937, -0.42357223052918236]]",0.5,TimeSeriesSplit(5) multisalida,,
SAN_JUAN_DE_LURIGANCHO,VIENTO_VECTOR,2025-09-27 12:00:00,2025-09-27 23:00:00,12,12,interstation_vector_regression,False,r2_below_threshold,0,,12,-1.2504130488580807,CERES,9.429216388609277,1.0,7047.0,"[-0.07220261894801394, -0.3370204406907482]","[[0.6380474932617379, 0.9964959514721488], [-0.10380141064927667, -0.4666687298991079]]",0.5,TimeSeriesSplit(5) multisalida,,
SAN_JUAN_DE_LURIGANCHO,VIENTO_VECTOR,2025-09-27 12:00:00,2025-09-27 23:00:00,12,12,interstation_vector_regression,False,insufficient_gap_coverage,0,,12,,CARABAYLLO,9.593975224056559,0.16666666666666666,,,,0.5,TimeSeriesSplit(5) multisalida,,
SAN_JUAN_DE_LURIGANCHO,VIENTO_VECTOR,2025-09-27 12:00:00,2025-09-27 23:00:00,12,12,interstation_vector_regression,False,insufficient_gap_coverage,0,,12,,SAN_MARTIN_DE_PORRES,9.75182688225575,0.25,,,,0.5,TimeSeriesSplit(5) multisalida,,
SAN_JUAN_DE_LURIGANCHO,VIENTO_VECTOR,2025-09-27 12:00:00,2025-09-27 23:00:00,12,12,interstation_vector_regression,False,insufficient_gap_coverage,0,,12,,CAMPO_DE_MARTE,10.979336409143984,0.0,,,,0.5,TimeSeriesSplit(5) multisalida,,
SAN_JUAN_DE_LURIGANCHO,VIENTO_VECTOR,2025-09-27 12:00:00,2025-09-27 23:00:00,12,12,interstation_vector_regression,False,r2_below_threshold,0,,12,-2.1139152858500103,SAN_BORJA,14.1460220348316,1.0,6828.0,"[0.3543860109431772, -0.47143092266841735]","[[0.7547673255855715, 0.13991635051322784], [-0.41626514649765245, -0.19523022668211273]]",0.5,TimeSeriesSplit(5) multisalida,,
SAN_JUAN_DE_LURIGANCHO,VIENTO_VECTOR,2025-09-27 12:00:00,2025-09-27 23:00:00,12,12,unimputable,False,no_vector_method_available,0,,12,,,,,,,,,,,
SAN_JUAN_DE_LURIGANCHO,VIENTO_VECTOR,2025-09-28 08:00:00,2025-09-28 21:00:00,14,14,interstation_vector_regression,False,r2_below_threshold,0,,14,-1.3774211367867903,SANTA_ANITA,7.4653240754465795,1.0,5978.0,"[-0.003915207043303948, -0.18618919098320125]","[[0.6553746212213365, 0.6564678196009518], [-0.27301503282919937, -0.42357223052918236]]",0.5,TimeSeriesSplit(5) multisalida,,
SAN_JUAN_DE_LURIGANCHO,VIENTO_VECTOR,2025-09-28 08:00:00,2025-09-28 21:00:00,14,14,interstation_vector_regression,False,r2_below_threshold,0,,14,-1.2504130488580807,CERES,9.429216388609277,1.0,7047.0,"[-0.07220261894801394, -0.3370204406907482]","[[0.6380474932617379, 0.9964959514721488], [-0.10380141064927667, -0.4666687298991079]]",0.5,TimeSeriesSplit(5) multisalida,,
SAN_JUAN_DE_LURIGANCHO,VIENTO_VECTOR,2025-09-28 08:00:00,2025-09-28 21:00:00,14,14,interstation_vector_regression,False,r2_below_threshold,0,,14,-1.116639339354385,CARABAYLLO,9.593975224056559,1.0,6775.0,"[-0.47994722645075205, -0.23558945647015422]","[[1.3043965739301941, 1.2910569710873347], [-0.5205484736307412, -0.20062954408102732]]",0.5,TimeSeriesSplit(5) multisalida,,
SAN_JUAN_DE_LURIGANCHO,VIENTO_VECTOR,2025-09-28 08:00:00,2025-09-28 21:00:00,14,14,interstation_vector_regression,False,r2_below_threshold,0,,14,-1.3621975320050008,SAN_MARTIN_DE_PORRES,9.75182688225575,1.0,7022.0,"[-0.22324650724074546, -0.38932956327374457]","[[0.3642119079219212, 0.611401927491485], [-0.08397048602893663, -0.16333947748576433]]",0.5,TimeSeriesSplit(5) multisalida,,
SAN_JUAN_DE_LURIGANCHO,VIENTO_VECTOR,2025-09-28 08:00:00,2025-09-28 21:00:00,14,14,interstation_vector_regression,False,insufficient_gap_coverage,0,,14,,CAMPO_DE_MARTE,10.979336409143984,0.0,,,,0.5,TimeSeriesSplit(5) multisalida,,
SAN_JUAN_DE_LURIGANCHO,VIENTO_VECTOR,2025-09-28 08:00:00,2025-09-28 21:00:00,14,14,interstation_vector_regression,False,r2_below_threshold,0,,14,-2.1139152858500103,SAN_BORJA,14.1460220348316,1.0,6828.0,"[0.3543860109431772, -0.47143092266841735]","[[0.7547673255855715, 0.13991635051322784], [-0.41626514649765245, -0.19523022668211273]]",0.5,TimeSeriesSplit(5) multisalida,,
SAN_JUAN_DE_LURIGANCHO,VIENTO_VECTOR,2025-09-28 08:00:00,2025-09-28 21:00:00,14,14,unimputable,False,no_vector_method_available,0,,14,,,,,,,,,,,
SAN_JUAN_DE_LURIGANCHO,VEL_VIENTO,2025-09-28 23:00:00,2025-09-29 01:00:00,3,3,short_vector_linear,True,,3,2025-09-28T23:00:00|2025-09-29T00:00:00|2025-09-29T01:00:00,0,,,,,,,,,,,
SAN_JUAN_DE_LURIGANCHO,VEL_VIENTO,2025-09-29 03:00:00,2025-09-29 03:00:00,1,1,short_vector_linear,True,,1,2025-09-29T03:00:00,0,,,,,,,,,,,
SAN_JUAN_DE_LURIGANCHO,VIENTO_VECTOR,2025-09-29 11:00:00,2025-09-30 03:00:00,17,17,interstation_vector_regression,False,r2_below_threshold,0,,17,-1.3774211367867903,SANTA_ANITA,7.4653240754465795,1.0,5978.0,"[-0.003915207043303948, -0.18618919098320125]","[[0.6553746212213365, 0.6564678196009518], [-0.27301503282919937, -0.42357223052918236]]",0.5,TimeSeriesSplit(5) multisalida,,
SAN_JUAN_DE_LURIGANCHO,VIENTO_VECTOR,2025-09-29 11:00:00,2025-09-30 03:00:00,17,17,interstation_vector_regression,False,r2_below_threshold,0,,17,-1.2504130488580807,CERES,9.429216388609277,1.0,7047.0,"[-0.07220261894801394, -0.3370204406907482]","[[0.6380474932617379, 0.9964959514721488], [-0.10380141064927667, -0.4666687298991079]]",0.5,TimeSeriesSplit(5) multisalida,,
SAN_JUAN_DE_LURIGANCHO,VIENTO_VECTOR,2025-09-29 11:00:00,2025-09-30 03:00:00,17,17,interstation_vector_regression,False,r2_below_threshold,0,,17,-1.116639339354385,CARABAYLLO,9.593975224056559,0.9411764705882353,6775.0,"[-0.47994722645075205, -0.23558945647015422]","[[1.3043965739301941, 1.2910569710873347], [-0.5205484736307412, -0.20062954408102732]]",0.5,TimeSeriesSplit(5) multisalida,,
SAN_JUAN_DE_LURIGANCHO,VIENTO_VECTOR,2025-09-29 11:00:00,2025-09-30 03:00:00,17,17,interstation_vector_regression,False,r2_below_threshold,0,,17,-1.3621975320050008,SAN_MARTIN_DE_PORRES,9.75182688225575,1.0,7022.0,"[-0.22324650724074546, -0.38932956327374457]","[[0.3642119079219212, 0.611401927491485], [-0.08397048602893663, -0.16333947748576433]]",0.5,TimeSeriesSplit(5) multisalida,,
SAN_JUAN_DE_LURIGANCHO,VIENTO_VECTOR,2025-09-29 11:00:00,2025-09-30 03:00:00,17,17,interstation_vector_regression,False,insufficient_gap_coverage,0,,17,,CAMPO_DE_MARTE,10.979336409143984,0.0,,,,0.5,TimeSeriesSplit(5) multisalida,,
SAN_JUAN_DE_LURIGANCHO,VIENTO_VECTOR,2025-09-29 11:00:00,2025-09-30 03:00:00,17,17,interstation_vector_regression,False,r2_below_threshold,0,,17,-2.1139152858500103,SAN_BORJA,14.1460220348316,1.0,6828.0,"[0.3543860109431772, -0.47143092266841735]","[[0.7547673255855715, 0.13991635051322784], [-0.41626514649765245, -0.19523022668211273]]",0.5,TimeSeriesSplit(5) multisalida,,
SAN_JUAN_DE_LURIGANCHO,VIENTO_VECTOR,2025-09-29 11:00:00,2025-09-30 03:00:00,17,17,unimputable,False,no_vector_method_available,0,,17,,,,,,,,,,,
SAN_JUAN_DE_LURIGANCHO,VEL_VIENTO,2025-09-30 07:00:00,2025-10-02 03:00:00,45,45,weekly_vector_seasonal,True,,11,2025-10-01T01:00:00|2025-10-01T02:00:00|2025-10-01T03:00:00|2025-10-01T04:00:00|2025-10-01T05:00:00|2025-10-01T06:00:00|2025-10-01T07:00:00|2025-10-02T00:00:00|2025-10-02T01:00:00|2025-10-02T02:00:00|2025-10-02T03:00:00,34,,,,,,,,,,3.0,
SAN_JUAN_DE_LURIGANCHO,VIENTO_VECTOR,2025-09-30 07:00:00,2025-10-02 03:00:00,45,45,interstation_vector_regression,False,r2_below_threshold,0,,34,-1.3774211367867903,SANTA_ANITA,7.4653240754465795,1.0,5978.0,"[-0.003915207043303948, -0.18618919098320125]","[[0.6553746212213365, 0.6564678196009518], [-0.27301503282919937, -0.42357223052918236]]",0.5,TimeSeriesSplit(5) multisalida,,
SAN_JUAN_DE_LURIGANCHO,VIENTO_VECTOR,2025-09-30 07:00:00,2025-10-02 03:00:00,45,45,interstation_vector_regression,False,r2_below_threshold,0,,34,-1.2504130488580807,CERES,9.429216388609277,1.0,7047.0,"[-0.07220261894801394, -0.3370204406907482]","[[0.6380474932617379, 0.9964959514721488], [-0.10380141064927667, -0.4666687298991079]]",0.5,TimeSeriesSplit(5) multisalida,,
SAN_JUAN_DE_LURIGANCHO,VIENTO_VECTOR,2025-09-30 07:00:00,2025-10-02 03:00:00,45,45,interstation_vector_regression,False,r2_below_threshold,0,,34,-1.116639339354385,CARABAYLLO,9.593975224056559,1.0,6775.0,"[-0.47994722645075205, -0.23558945647015422]","[[1.3043965739301941, 1.2910569710873347], [-0.5205484736307412, -0.20062954408102732]]",0.5,TimeSeriesSplit(5) multisalida,,
SAN_JUAN_DE_LURIGANCHO,VIENTO_VECTOR,2025-09-30 07:00:00,2025-10-02 03:00:00,45,45,interstation_vector_regression,False,r2_below_threshold,0,,34,-1.3621975320050008,SAN_MARTIN_DE_PORRES,9.75182688225575,1.0,7022.0,"[-0.22324650724074546, -0.38932956327374457]","[[0.3642119079219212, 0.611401927491485], [-0.08397048602893663, -0.16333947748576433]]",0.5,TimeSeriesSplit(5) multisalida,,
SAN_JUAN_DE_LURIGANCHO,VIENTO_VECTOR,2025-09-30 07:00:00,2025-10-02 03:00:00,45,45,interstation_vector_regression,False,insufficient_gap_coverage,0,,34,,CAMPO_DE_MARTE,10.979336409143984,0.17647058823529413,,,,0.5,TimeSeriesSplit(5) multisalida,,
SAN_JUAN_DE_LURIGANCHO,VIENTO_VECTOR,2025-09-30 07:00:00,2025-10-02 03:00:00,45,45,interstation_vector_regression,False,r2_below_threshold,0,,34,-2.1139152858500103,SAN_BORJA,14.1460220348316,1.0,6828.0,"[0.3543860109431772, -0.47143092266841735]","[[0.7547673255855715, 0.13991635051322784], [-0.41626514649765245, -0.19523022668211273]]",0.5,TimeSeriesSplit(5) multisalida,,
SAN_JUAN_DE_LURIGANCHO,VIENTO_VECTOR,2025-09-30 07:00:00,2025-10-02 03:00:00,45,45,unimputable,False,no_vector_method_available,0,,34,,,,,,,,,,,
SAN_JUAN_DE_LURIGANCHO,VEL_VIENTO,2025-10-02 08:00:00,2025-10-04 02:00:00,43,43,weekly_vector_seasonal,True,,4,2025-10-03T06:00:00|2025-10-03T07:00:00|2025-10-04T01:00:00|2025-10-04T02:00:00,39,,,,,,,,,,3.0,
SAN_JUAN_DE_LURIGANCHO,VIENTO_VECTOR,2025-10-02 08:00:00,2025-10-04 02:00:00,43,43,interstation_vector_regression,False,r2_below_threshold,0,,39,-1.3774211367867903,SANTA_ANITA,7.4653240754465795,1.0,5978.0,"[-0.003915207043303948, -0.18618919098320125]","[[0.6553746212213365, 0.6564678196009518], [-0.27301503282919937, -0.42357223052918236]]",0.5,TimeSeriesSplit(5) multisalida,,
SAN_JUAN_DE_LURIGANCHO,VIENTO_VECTOR,2025-10-02 08:00:00,2025-10-04 02:00:00,43,43,interstation_vector_regression,False,r2_below_threshold,0,,39,-1.2504130488580807,CERES,9.429216388609277,1.0,7047.0,"[-0.07220261894801394, -0.3370204406907482]","[[0.6380474932617379, 0.9964959514721488], [-0.10380141064927667, -0.4666687298991079]]",0.5,TimeSeriesSplit(5) multisalida,,
SAN_JUAN_DE_LURIGANCHO,VIENTO_VECTOR,2025-10-02 08:00:00,2025-10-04 02:00:00,43,43,interstation_vector_regression,False,r2_below_threshold,0,,39,-1.116639339354385,CARABAYLLO,9.593975224056559,1.0,6775.0,"[-0.47994722645075205, -0.23558945647015422]","[[1.3043965739301941, 1.2910569710873347], [-0.5205484736307412, -0.20062954408102732]]",0.5,TimeSeriesSplit(5) multisalida,,
SAN_JUAN_DE_LURIGANCHO,VIENTO_VECTOR,2025-10-02 08:00:00,2025-10-04 02:00:00,43,43,interstation_vector_regression,False,r2_below_threshold,0,,39,-1.3621975320050008,SAN_MARTIN_DE_PORRES,9.75182688225575,1.0,7022.0,"[-0.22324650724074546, -0.38932956327374457]","[[0.3642119079219212, 0.611401927491485], [-0.08397048602893663, -0.16333947748576433]]",0.5,TimeSeriesSplit(5) multisalida,,
SAN_JUAN_DE_LURIGANCHO,VIENTO_VECTOR,2025-10-02 08:00:00,2025-10-04 02:00:00,43,43,interstation_vector_regression,False,r2_below_threshold,0,,39,-1.4264838051169741,CAMPO_DE_MARTE,10.979336409143984,1.0,6958.0,"[-0.33766372108840803, -0.26393964422885025]","[[0.9221922133777543, 0.40169055512710705], [-0.42807090936805836, -0.06770779455417039]]",0.5,TimeSeriesSplit(5) multisalida,,
SAN_JUAN_DE_LURIGANCHO,VIENTO_VECTOR,2025-10-02 08:00:00,2025-10-04 02:00:00,43,43,interstation_vector_regression,False,r2_below_threshold,0,,39,-2.1139152858500103,SAN_BORJA,14.1460220348316,1.0,6828.0,"[0.3543860109431772, -0.47143092266841735]","[[0.7547673255855715, 0.13991635051322784], [-0.41626514649765245, -0.19523022668211273]]",0.5,TimeSeriesSplit(5) multisalida,,
SAN_JUAN_DE_LURIGANCHO,VIENTO_VECTOR,2025-10-02 08:00:00,2025-10-04 02:00:00,43,43,unimputable,False,no_vector_method_available,0,,39,,,,,,,,,,,
SAN_JUAN_DE_LURIGANCHO,VEL_VIENTO,2025-10-04 05:00:00,2025-10-04 05:00:00,1,1,short_vector_linear,True,,1,2025-10-04T05:00:00,0,,,,,,,,,,,
SAN_JUAN_DE_LURIGANCHO,VEL_VIENTO,2025-10-04 07:00:00,2025-10-05 03:00:00,21,21,weekly_vector_seasonal,True,,3,2025-10-04T07:00:00|2025-10-04T08:00:00|2025-10-04T09:00:00,18,,,,,,,,,,3.0,
SAN_JUAN_DE_LURIGANCHO,VIENTO_VECTOR,2025-10-04 07:00:00,2025-10-05 03:00:00,21,21,interstation_vector_regression,False,r2_below_threshold,0,,18,-1.3774211367867903,SANTA_ANITA,7.4653240754465795,1.0,5978.0,"[-0.003915207043303948, -0.18618919098320125]","[[0.6553746212213365, 0.6564678196009518], [-0.27301503282919937, -0.42357223052918236]]",0.5,TimeSeriesSplit(5) multisalida,,
SAN_JUAN_DE_LURIGANCHO,VIENTO_VECTOR,2025-10-04 07:00:00,2025-10-05 03:00:00,21,21,interstation_vector_regression,False,r2_below_threshold,0,,18,-1.2504130488580807,CERES,9.429216388609277,1.0,7047.0,"[-0.07220261894801394, -0.3370204406907482]","[[0.6380474932617379, 0.9964959514721488], [-0.10380141064927667, -0.4666687298991079]]",0.5,TimeSeriesSplit(5) multisalida,,
SAN_JUAN_DE_LURIGANCHO,VIENTO_VECTOR,2025-10-04 07:00:00,2025-10-05 03:00:00,21,21,interstation_vector_regression,False,r2_below_threshold,0,,18,-1.116639339354385,CARABAYLLO,9.593975224056559,1.0,6775.0,"[-0.47994722645075205, -0.23558945647015422]","[[1.3043965739301941, 1.2910569710873347], [-0.5205484736307412, -0.20062954408102732]]",0.5,TimeSeriesSplit(5) multisalida,,
SAN_JUAN_DE_LURIGANCHO,VIENTO_VECTOR,2025-10-04 07:00:00,2025-10-05 03:00:00,21,21,interstation_vector_regression,False,r2_below_threshold,0,,18,-1.3621975320050008,SAN_MARTIN_DE_PORRES,9.75182688225575,1.0,7022.0,"[-0.22324650724074546, -0.38932956327374457]","[[0.3642119079219212, 0.611401927491485], [-0.08397048602893663, -0.16333947748576433]]",0.5,TimeSeriesSplit(5) multisalida,,
SAN_JUAN_DE_LURIGANCHO,VIENTO_VECTOR,2025-10-04 07:00:00,2025-10-05 03:00:00,21,21,interstation_vector_regression,False,r2_below_threshold,0,,18,-1.4264838051169741,CAMPO_DE_MARTE,10.979336409143984,1.0,6958.0,"[-0.33766372108840803, -0.26393964422885025]","[[0.9221922133777543, 0.40169055512710705], [-0.42807090936805836, -0.06770779455417039]]",0.5,TimeSeriesSplit(5) multisalida,,
SAN_JUAN_DE_LURIGANCHO,VIENTO_VECTOR,2025-10-04 07:00:00,2025-10-05 03:00:00,21,21,interstation_vector_regression,False,r2_below_threshold,0,,18,-2.1139152858500103,SAN_BORJA,14.1460220348316,1.0,6828.0,"[0.3543860109431772, -0.47143092266841735]","[[0.7547673255855715, 0.13991635051322784], [-0.41626514649765245, -0.19523022668211273]]",0.5,TimeSeriesSplit(5) multisalida,,
SAN_JUAN_DE_LURIGANCHO,VIENTO_VECTOR,2025-10-04 07:00:00,2025-10-05 03:00:00,21,21,unimputable,False,no_vector_method_available,0,,18,,,,,,,,,,,
SAN_JUAN_DE_LURIGANCHO,VEL_VIENTO,2025-10-05 08:00:00,2025-10-06 02:00:00,19,19,weekly_vector_seasonal,True,,1,2025-10-06T02:00:00,18,,,,,,,,,,3.0,
SAN_JUAN_DE_LURIGANCHO,VIENTO_VECTOR,2025-10-05 08:00:00,2025-10-06 02:00:00,19,19,interstation_vector_regression,False,r2_below_threshold,0,,18,-1.3774211367867903,SANTA_ANITA,7.4653240754465795,1.0,5978.0,"[-0.003915207043303948, -0.18618919098320125]","[[0.6553746212213365, 0.6564678196009518], [-0.27301503282919937, -0.42357223052918236]]",0.5,TimeSeriesSplit(5) multisalida,,
SAN_JUAN_DE_LURIGANCHO,VIENTO_VECTOR,2025-10-05 08:00:00,2025-10-06 02:00:00,19,19,interstation_vector_regression,False,r2_below_threshold,0,,18,-1.2504130488580807,CERES,9.429216388609277,1.0,7047.0,"[-0.07220261894801394, -0.3370204406907482]","[[0.6380474932617379, 0.9964959514721488], [-0.10380141064927667, -0.4666687298991079]]",0.5,TimeSeriesSplit(5) multisalida,,
SAN_JUAN_DE_LURIGANCHO,VIENTO_VECTOR,2025-10-05 08:00:00,2025-10-06 02:00:00,19,19,interstation_vector_regression,False,r2_below_threshold,0,,18,-1.116639339354385,CARABAYLLO,9.593975224056559,1.0,6775.0,"[-0.47994722645075205, -0.23558945647015422]","[[1.3043965739301941, 1.2910569710873347], [-0.5205484736307412, -0.20062954408102732]]",0.5,TimeSeriesSplit(5) multisalida,,
SAN_JUAN_DE_LURIGANCHO,VIENTO_VECTOR,2025-10-05 08:00:00,2025-10-06 02:00:00,19,19,interstation_vector_regression,False,r2_below_threshold,0,,18,-1.3621975320050008,SAN_MARTIN_DE_PORRES,9.75182688225575,1.0,7022.0,"[-0.22324650724074546, -0.38932956327374457]","[[0.3642119079219212, 0.611401927491485], [-0.08397048602893663, -0.16333947748576433]]",0.5,TimeSeriesSplit(5) multisalida,,
SAN_JUAN_DE_LURIGANCHO,VIENTO_VECTOR,2025-10-05 08:00:00,2025-10-06 02:00:00,19,19,interstation_vector_regression,False,r2_below_threshold,0,,18,-1.4264838051169741,CAMPO_DE_MARTE,10.979336409143984,1.0,6958.0,"[-0.33766372108840803, -0.26393964422885025]","[[0.9221922133777543, 0.40169055512710705], [-0.42807090936805836, -0.06770779455417039]]",0.5,TimeSeriesSplit(5) multisalida,,
SAN_JUAN_DE_LURIGANCHO,VIENTO_VECTOR,2025-10-05 08:00:00,2025-10-06 02:00:00,19,19,interstation_vector_regression,False,r2_below_threshold,0,,18,-2.1139152858500103,SAN_BORJA,14.1460220348316,1.0,6828.0,"[0.3543860109431772, -0.47143092266841735]","[[0.7547673255855715, 0.13991635051322784], [-0.41626514649765245, -0.19523022668211273]]",0.5,TimeSeriesSplit(5) multisalida,,
SAN_JUAN_DE_LURIGANCHO,VIENTO_VECTOR,2025-10-05 08:00:00,2025-10-06 02:00:00,19,19,unimputable,False,no_vector_method_available,0,,18,,,,,,,,,,,
SAN_JUAN_DE_LURIGANCHO,VEL_VIENTO,2025-10-06 05:00:00,2025-10-07 05:00:00,25,25,weekly_vector_seasonal,True,,5,2025-10-06T05:00:00|2025-10-06T06:00:00|2025-10-06T07:00:00|2025-10-07T04:00:00|2025-10-07T05:00:00,20,,,,,,,,,,3.0,
SAN_JUAN_DE_LURIGANCHO,VIENTO_VECTOR,2025-10-06 05:00:00,2025-10-07 05:00:00,25,25,interstation_vector_regression,False,r2_below_threshold,0,,20,-1.3774211367867903,SANTA_ANITA,7.4653240754465795,1.0,5978.0,"[-0.003915207043303948, -0.18618919098320125]","[[0.6553746212213365, 0.6564678196009518], [-0.27301503282919937, -0.42357223052918236]]",0.5,TimeSeriesSplit(5) multisalida,,
SAN_JUAN_DE_LURIGANCHO,VIENTO_VECTOR,2025-10-06 05:00:00,2025-10-07 05:00:00,25,25,interstation_vector_regression,False,r2_below_threshold,0,,20,-1.2504130488580807,CERES,9.429216388609277,1.0,7047.0,"[-0.07220261894801394, -0.3370204406907482]","[[0.6380474932617379, 0.9964959514721488], [-0.10380141064927667, -0.4666687298991079]]",0.5,TimeSeriesSplit(5) multisalida,,
SAN_JUAN_DE_LURIGANCHO,VIENTO_VECTOR,2025-10-06 05:00:00,2025-10-07 05:00:00,25,25,interstation_vector_regression,False,r2_below_threshold,0,,20,-1.116639339354385,CARABAYLLO,9.593975224056559,1.0,6775.0,"[-0.47994722645075205, -0.23558945647015422]","[[1.3043965739301941, 1.2910569710873347], [-0.5205484736307412, -0.20062954408102732]]",0.5,TimeSeriesSplit(5) multisalida,,
SAN_JUAN_DE_LURIGANCHO,VIENTO_VECTOR,2025-10-06 05:00:00,2025-10-07 05:00:00,25,25,interstation_vector_regression,False,r2_below_threshold,0,,20,-1.3621975320050008,SAN_MARTIN_DE_PORRES,9.75182688225575,1.0,7022.0,"[-0.22324650724074546, -0.38932956327374457]","[[0.3642119079219212, 0.611401927491485], [-0.08397048602893663, -0.16333947748576433]]",0.5,TimeSeriesSplit(5) multisalida,,
SAN_JUAN_DE_LURIGANCHO,VIENTO_VECTOR,2025-10-06 05:00:00,2025-10-07 05:00:00,25,25,interstation_vector_regression,False,r2_below_threshold,0,,20,-1.4264838051169741,CAMPO_DE_MARTE,10.979336409143984,1.0,6958.0,"[-0.33766372108840803, -0.26393964422885025]","[[0.9221922133777543, 0.40169055512710705], [-0.42807090936805836, -0.06770779455417039]]",0.5,TimeSeriesSplit(5) multisalida,,
SAN_JUAN_DE_LURIGANCHO,VIENTO_VECTOR,2025-10-06 05:00:00,2025-10-07 05:00:00,25,25,interstation_vector_regression,False,r2_below_threshold,0,,20,-2.1139152858500103,SAN_BORJA,14.1460220348316,1.0,6828.0,"[0.3543860109431772, -0.47143092266841735]","[[0.7547673255855715, 0.13991635051322784], [-0.41626514649765245, -0.19523022668211273]]",0.5,TimeSeriesSplit(5) multisalida,,
SAN_JUAN_DE_LURIGANCHO,VIENTO_VECTOR,2025-10-06 05:00:00,2025-10-07 05:00:00,25,25,unimputable,False,no_vector_method_available,0,,20,,,,,,,,,,,
SAN_JUAN_DE_LURIGANCHO,VIENTO_VECTOR,2025-10-07 09:00:00,2025-10-07 22:00:00,14,14,interstation_vector_regression,False,r2_below_threshold,0,,14,-1.3774211367867903,SANTA_ANITA,7.4653240754465795,1.0,5978.0,"[-0.003915207043303948, -0.18618919098320125]","[[0.6553746212213365, 0.6564678196009518], [-0.27301503282919937, -0.42357223052918236]]",0.5,TimeSeriesSplit(5) multisalida,,
SAN_JUAN_DE_LURIGANCHO,VIENTO_VECTOR,2025-10-07 09:00:00,2025-10-07 22:00:00,14,14,interstation_vector_regression,False,r2_below_threshold,0,,14,-1.2504130488580807,CERES,9.429216388609277,1.0,7047.0,"[-0.07220261894801394, -0.3370204406907482]","[[0.6380474932617379, 0.9964959514721488], [-0.10380141064927667, -0.4666687298991079]]",0.5,TimeSeriesSplit(5) multisalida,,
SAN_JUAN_DE_LURIGANCHO,VIENTO_VECTOR,2025-10-07 09:00:00,2025-10-07 22:00:00,14,14,interstation_vector_regression,False,r2_below_threshold,0,,14,-1.116639339354385,CARABAYLLO,9.593975224056559,1.0,6775.0,"[-0.47994722645075205, -0.23558945647015422]","[[1.3043965739301941, 1.2910569710873347], [-0.5205484736307412, -0.20062954408102732]]",0.5,TimeSeriesSplit(5) multisalida,,
SAN_JUAN_DE_LURIGANCHO,VIENTO_VECTOR,2025-10-07 09:00:00,2025-10-07 22:00:00,14,14,interstation_vector_regression,False,r2_below_threshold,0,,14,-1.3621975320050008,SAN_MARTIN_DE_PORRES,9.75182688225575,1.0,7022.0,"[-0.22324650724074546, -0.38932956327374457]","[[0.3642119079219212, 0.611401927491485], [-0.08397048602893663, -0.16333947748576433]]",0.5,TimeSeriesSplit(5) multisalida,,
SAN_JUAN_DE_LURIGANCHO,VIENTO_VECTOR,2025-10-07 09:00:00,2025-10-07 22:00:00,14,14,interstation_vector_regression,False,r2_below_threshold,0,,14,-1.4264838051169741,CAMPO_DE_MARTE,10.979336409143984,1.0,6958.0,"[-0.33766372108840803, -0.26393964422885025]","[[0.9221922133777543, 0.40169055512710705], [-0.42807090936805836, -0.06770779455417039]]",0.5,TimeSeriesSplit(5) multisalida,,
SAN_JUAN_DE_LURIGANCHO,VIENTO_VECTOR,2025-10-07 09:00:00,2025-10-07 22:00:00,14,14,interstation_vector_regression,False,r2_below_threshold,0,,14,-2.1139152858500103,SAN_BORJA,14.1460220348316,1.0,6828.0,"[0.3543860109431772, -0.47143092266841735]","[[0.7547673255855715, 0.13991635051322784], [-0.41626514649765245, -0.19523022668211273]]",0.5,TimeSeriesSplit(5) multisalida,,
SAN_JUAN_DE_LURIGANCHO,VIENTO_VECTOR,2025-10-07 09:00:00,2025-10-07 22:00:00,14,14,unimputable,False,no_vector_method_available,0,,14,,,,,,,,,,,
SAN_JUAN_DE_LURIGANCHO,VIENTO_VECTOR,2025-10-08 08:00:00,2025-10-08 22:00:00,15,15,interstation_vector_regression,False,r2_below_threshold,0,,15,-1.3774211367867903,SANTA_ANITA,7.4653240754465795,1.0,5978.0,"[-0.003915207043303948, -0.18618919098320125]","[[0.6553746212213365, 0.6564678196009518], [-0.27301503282919937, -0.42357223052918236]]",0.5,TimeSeriesSplit(5) multisalida,,
SAN_JUAN_DE_LURIGANCHO,VIENTO_VECTOR,2025-10-08 08:00:00,2025-10-08 22:00:00,15,15,interstation_vector_regression,False,r2_below_threshold,0,,15,-1.2504130488580807,CERES,9.429216388609277,1.0,7047.0,"[-0.07220261894801394, -0.3370204406907482]","[[0.6380474932617379, 0.9964959514721488], [-0.10380141064927667, -0.4666687298991079]]",0.5,TimeSeriesSplit(5) multisalida,,
SAN_JUAN_DE_LURIGANCHO,VIENTO_VECTOR,2025-10-08 08:00:00,2025-10-08 22:00:00,15,15,interstation_vector_regression,False,insufficient_gap_coverage,0,,15,,CARABAYLLO,9.593975224056559,0.6666666666666666,,,,0.5,TimeSeriesSplit(5) multisalida,,
SAN_JUAN_DE_LURIGANCHO,VIENTO_VECTOR,2025-10-08 08:00:00,2025-10-08 22:00:00,15,15,interstation_vector_regression,False,r2_below_threshold,0,,15,-1.3621975320050008,SAN_MARTIN_DE_PORRES,9.75182688225575,1.0,7022.0,"[-0.22324650724074546, -0.38932956327374457]","[[0.3642119079219212, 0.611401927491485], [-0.08397048602893663, -0.16333947748576433]]",0.5,TimeSeriesSplit(5) multisalida,,
SAN_JUAN_DE_LURIGANCHO,VIENTO_VECTOR,2025-10-08 08:00:00,2025-10-08 22:00:00,15,15,interstation_vector_regression,False,r2_below_threshold,0,,15,-1.4264838051169741,CAMPO_DE_MARTE,10.979336409143984,1.0,6958.0,"[-0.33766372108840803, -0.26393964422885025]","[[0.9221922133777543, 0.40169055512710705], [-0.42807090936805836, -0.06770779455417039]]",0.5,TimeSeriesSplit(5) multisalida,,
SAN_JUAN_DE_LURIGANCHO,VIENTO_VECTOR,2025-10-08 08:00:00,2025-10-08 22:00:00,15,15,interstation_vector_regression,False,r2_below_threshold,0,,15,-2.1139152858500103,SAN_BORJA,14.1460220348316,1.0,6828.0,"[0.3543860109431772, -0.47143092266841735]","[[0.7547673255855715, 0.13991635051322784], [-0.41626514649765245, -0.19523022668211273]]",0.5,TimeSeriesSplit(5) multisalida,,
SAN_JUAN_DE_LURIGANCHO,VIENTO_VECTOR,2025-10-08 08:00:00,2025-10-08 22:00:00,15,15,unimputable,False,no_vector_method_available,0,,15,,,,,,,,,,,
SAN_JUAN_DE_LURIGANCHO,VEL_VIENTO,2025-10-09 08:00:00,2025-10-10 20:00:00,37,37,weekly_vector_seasonal,True,,2,2025-10-10T06:00:00|2025-10-10T07:00:00,35,,,,,,,,,,3.0,
SAN_JUAN_DE_LURIGANCHO,VIENTO_VECTOR,2025-10-09 08:00:00,2025-10-10 20:00:00,37,37,interstation_vector_regression,False,r2_below_threshold,0,,35,-1.3774211367867903,SANTA_ANITA,7.4653240754465795,1.0,5978.0,"[-0.003915207043303948, -0.18618919098320125]","[[0.6553746212213365, 0.6564678196009518], [-0.27301503282919937, -0.42357223052918236]]",0.5,TimeSeriesSplit(5) multisalida,,
SAN_JUAN_DE_LURIGANCHO,VIENTO_VECTOR,2025-10-09 08:00:00,2025-10-10 20:00:00,37,37,interstation_vector_regression,False,r2_below_threshold,0,,35,-1.2504130488580807,CERES,9.429216388609277,1.0,7047.0,"[-0.07220261894801394, -0.3370204406907482]","[[0.6380474932617379, 0.9964959514721488], [-0.10380141064927667, -0.4666687298991079]]",0.5,TimeSeriesSplit(5) multisalida,,
SAN_JUAN_DE_LURIGANCHO,VIENTO_VECTOR,2025-10-09 08:00:00,2025-10-10 20:00:00,37,37,interstation_vector_regression,False,insufficient_gap_coverage,0,,35,,CARABAYLLO,9.593975224056559,0.8857142857142857,,,,0.5,TimeSeriesSplit(5) multisalida,,
SAN_JUAN_DE_LURIGANCHO,VIENTO_VECTOR,2025-10-09 08:00:00,2025-10-10 20:00:00,37,37,interstation_vector_regression,False,r2_below_threshold,0,,35,-1.3621975320050008,SAN_MARTIN_DE_PORRES,9.75182688225575,1.0,7022.0,"[-0.22324650724074546, -0.38932956327374457]","[[0.3642119079219212, 0.611401927491485], [-0.08397048602893663, -0.16333947748576433]]",0.5,TimeSeriesSplit(5) multisalida,,
SAN_JUAN_DE_LURIGANCHO,VIENTO_VECTOR,2025-10-09 08:00:00,2025-10-10 20:00:00,37,37,interstation_vector_regression,False,r2_below_threshold,0,,35,-1.4264838051169741,CAMPO_DE_MARTE,10.979336409143984,1.0,6958.0,"[-0.33766372108840803, -0.26393964422885025]","[[0.9221922133777543, 0.40169055512710705], [-0.42807090936805836, -0.06770779455417039]]",0.5,TimeSeriesSplit(5) multisalida,,
SAN_JUAN_DE_LURIGANCHO,VIENTO_VECTOR,2025-10-09 08:00:00,2025-10-10 20:00:00,37,37,interstation_vector_regression,False,r2_below_threshold,0,,35,-2.1139152858500103,SAN_BORJA,14.1460220348316,1.0,6828.0,"[0.3543860109431772, -0.47143092266841735]","[[0.7547673255855715, 0.13991635051322784], [-0.41626514649765245, -0.19523022668211273]]",0.5,TimeSeriesSplit(5) multisalida,,
SAN_JUAN_DE_LURIGANCHO,VIENTO_VECTOR,2025-10-09 08:00:00,2025-10-10 20:00:00,37,37,unimputable,False,no_vector_method_available,0,,35,,,,,,,,,,,
SAN_JUAN_DE_LURIGANCHO,VEL_VIENTO,2025-10-10 23:00:00,2025-10-11 00:00:00,2,2,short_vector_linear,True,,2,2025-10-10T23:00:00|2025-10-11T00:00:00,0,,,,,,,,,,,
SAN_JUAN_DE_LURIGANCHO,VIENTO_VECTOR,2025-10-11 10:00:00,2025-10-11 20:00:00,11,11,interstation_vector_regression,False,r2_below_threshold,0,,11,-1.3774211367867903,SANTA_ANITA,7.4653240754465795,1.0,5978.0,"[-0.003915207043303948, -0.18618919098320125]","[[0.6553746212213365, 0.6564678196009518], [-0.27301503282919937, -0.42357223052918236]]",0.5,TimeSeriesSplit(5) multisalida,,
SAN_JUAN_DE_LURIGANCHO,VIENTO_VECTOR,2025-10-11 10:00:00,2025-10-11 20:00:00,11,11,interstation_vector_regression,False,r2_below_threshold,0,,11,-1.2504130488580807,CERES,9.429216388609277,1.0,7047.0,"[-0.07220261894801394, -0.3370204406907482]","[[0.6380474932617379, 0.9964959514721488], [-0.10380141064927667, -0.4666687298991079]]",0.5,TimeSeriesSplit(5) multisalida,,
SAN_JUAN_DE_LURIGANCHO,VIENTO_VECTOR,2025-10-11 10:00:00,2025-10-11 20:00:00,11,11,interstation_vector_regression,False,r2_below_threshold,0,,11,-1.116639339354385,CARABAYLLO,9.593975224056559,1.0,6775.0,"[-0.47994722645075205, -0.23558945647015422]","[[1.3043965739301941, 1.2910569710873347], [-0.5205484736307412, -0.20062954408102732]]",0.5,TimeSeriesSplit(5) multisalida,,
SAN_JUAN_DE_LURIGANCHO,VIENTO_VECTOR,2025-10-11 10:00:00,2025-10-11 20:00:00,11,11,interstation_vector_regression,False,r2_below_threshold,0,,11,-1.3621975320050008,SAN_MARTIN_DE_PORRES,9.75182688225575,1.0,7022.0,"[-0.22324650724074546, -0.38932956327374457]","[[0.3642119079219212, 0.611401927491485], [-0.08397048602893663, -0.16333947748576433]]",0.5,TimeSeriesSplit(5) multisalida,,
SAN_JUAN_DE_LURIGANCHO,VIENTO_VECTOR,2025-10-11 10:00:00,2025-10-11 20:00:00,11,11,interstation_vector_regression,False,r2_below_threshold,0,,11,-1.4264838051169741,CAMPO_DE_MARTE,10.979336409143984,1.0,6958.0,"[-0.33766372108840803, -0.26393964422885025]","[[0.9221922133777543, 0.40169055512710705], [-0.42807090936805836, -0.06770779455417039]]",0.5,TimeSeriesSplit(5) multisalida,,
SAN_JUAN_DE_LURIGANCHO,VIENTO_VECTOR,2025-10-11 10:00:00,2025-10-11 20:00:00,11,11,interstation_vector_regression,False,r2_below_threshold,0,,11,-2.1139152858500103,SAN_BORJA,14.1460220348316,1.0,6828.0,"[0.3543860109431772, -0.47143092266841735]","[[0.7547673255855715, 0.13991635051322784], [-0.41626514649765245, -0.19523022668211273]]",0.5,TimeSeriesSplit(5) multisalida,,
SAN_JUAN_DE_LURIGANCHO,VIENTO_VECTOR,2025-10-11 10:00:00,2025-10-11 20:00:00,11,11,unimputable,False,no_vector_method_available,0,,11,,,,,,,,,,,
SAN_JUAN_DE_LURIGANCHO,VIENTO_VECTOR,2025-10-12 09:00:00,2025-10-12 19:00:00,11,11,interstation_vector_regression,False,r2_below_threshold,0,,11,-1.3774211367867903,SANTA_ANITA,7.4653240754465795,1.0,5978.0,"[-0.003915207043303948, -0.18618919098320125]","[[0.6553746212213365, 0.6564678196009518], [-0.27301503282919937, -0.42357223052918236]]",0.5,TimeSeriesSplit(5) multisalida,,
SAN_JUAN_DE_LURIGANCHO,VIENTO_VECTOR,2025-10-12 09:00:00,2025-10-12 19:00:00,11,11,interstation_vector_regression,False,r2_below_threshold,0,,11,-1.2504130488580807,CERES,9.429216388609277,1.0,7047.0,"[-0.07220261894801394, -0.3370204406907482]","[[0.6380474932617379, 0.9964959514721488], [-0.10380141064927667, -0.4666687298991079]]",0.5,TimeSeriesSplit(5) multisalida,,
SAN_JUAN_DE_LURIGANCHO,VIENTO_VECTOR,2025-10-12 09:00:00,2025-10-12 19:00:00,11,11,interstation_vector_regression,False,r2_below_threshold,0,,11,-1.116639339354385,CARABAYLLO,9.593975224056559,1.0,6775.0,"[-0.47994722645075205, -0.23558945647015422]","[[1.3043965739301941, 1.2910569710873347], [-0.5205484736307412, -0.20062954408102732]]",0.5,TimeSeriesSplit(5) multisalida,,
SAN_JUAN_DE_LURIGANCHO,VIENTO_VECTOR,2025-10-12 09:00:00,2025-10-12 19:00:00,11,11,interstation_vector_regression,False,r2_below_threshold,0,,11,-1.3621975320050008,SAN_MARTIN_DE_PORRES,9.75182688225575,1.0,7022.0,"[-0.22324650724074546, -0.38932956327374457]","[[0.3642119079219212, 0.611401927491485], [-0.08397048602893663, -0.16333947748576433]]",0.5,TimeSeriesSplit(5) multisalida,,
SAN_JUAN_DE_LURIGANCHO,VIENTO_VECTOR,2025-10-12 09:00:00,2025-10-12 19:00:00,11,11,interstation_vector_regression,False,r2_below_threshold,0,,11,-1.4264838051169741,CAMPO_DE_MARTE,10.979336409143984,1.0,6958.0,"[-0.33766372108840803, -0.26393964422885025]","[[0.9221922133777543, 0.40169055512710705], [-0.42807090936805836, -0.06770779455417039]]",0.5,TimeSeriesSplit(5) multisalida,,
SAN_JUAN_DE_LURIGANCHO,VIENTO_VECTOR,2025-10-12 09:00:00,2025-10-12 19:00:00,11,11,interstation_vector_regression,False,r2_below_threshold,0,,11,-2.1139152858500103,SAN_BORJA,14.1460220348316,1.0,6828.0,"[0.3543860109431772, -0.47143092266841735]","[[0.7547673255855715, 0.13991635051322784], [-0.41626514649765245, -0.19523022668211273]]",0.5,TimeSeriesSplit(5) multisalida,,
SAN_JUAN_DE_LURIGANCHO,VIENTO_VECTOR,2025-10-12 09:00:00,2025-10-12 19:00:00,11,11,unimputable,False,no_vector_method_available,0,,11,,,,,,,,,,,
SAN_JUAN_DE_LURIGANCHO,VEL_VIENTO,2025-10-12 22:00:00,2025-10-12 22:00:00,1,1,short_vector_linear,True,,1,2025-10-12T22:00:00,0,,,,,,,,,,,
SAN_JUAN_DE_LURIGANCHO,VEL_VIENTO,2025-10-13 08:00:00,2025-10-13 22:00:00,15,15,weekly_vector_seasonal,True,,1,2025-10-13T08:00:00,14,,,,,,,,,,3.0,
SAN_JUAN_DE_LURIGANCHO,VIENTO_VECTOR,2025-10-13 08:00:00,2025-10-13 22:00:00,15,15,interstation_vector_regression,False,r2_below_threshold,0,,14,-1.3774211367867903,SANTA_ANITA,7.4653240754465795,1.0,5978.0,"[-0.003915207043303948, -0.18618919098320125]","[[0.6553746212213365, 0.6564678196009518], [-0.27301503282919937, -0.42357223052918236]]",0.5,TimeSeriesSplit(5) multisalida,,
SAN_JUAN_DE_LURIGANCHO,VIENTO_VECTOR,2025-10-13 08:00:00,2025-10-13 22:00:00,15,15,interstation_vector_regression,False,r2_below_threshold,0,,14,-1.2504130488580807,CERES,9.429216388609277,1.0,7047.0,"[-0.07220261894801394, -0.3370204406907482]","[[0.6380474932617379, 0.9964959514721488], [-0.10380141064927667, -0.4666687298991079]]",0.5,TimeSeriesSplit(5) multisalida,,
SAN_JUAN_DE_LURIGANCHO,VIENTO_VECTOR,2025-10-13 08:00:00,2025-10-13 22:00:00,15,15,interstation_vector_regression,False,r2_below_threshold,0,,14,-1.116639339354385,CARABAYLLO,9.593975224056559,1.0,6775.0,"[-0.47994722645075205, -0.23558945647015422]","[[1.3043965739301941, 1.2910569710873347], [-0.5205484736307412, -0.20062954408102732]]",0.5,TimeSeriesSplit(5) multisalida,,
SAN_JUAN_DE_LURIGANCHO,VIENTO_VECTOR,2025-10-13 08:00:00,2025-10-13 22:00:00,15,15,interstation_vector_regression,False,r2_below_threshold,0,,14,-1.3621975320050008,SAN_MARTIN_DE_PORRES,9.75182688225575,1.0,7022.0,"[-0.22324650724074546, -0.38932956327374457]","[[0.3642119079219212, 0.611401927491485], [-0.08397048602893663, -0.16333947748576433]]",0.5,TimeSeriesSplit(5) multisalida,,
SAN_JUAN_DE_LURIGANCHO,VIENTO_VECTOR,2025-10-13 08:00:00,2025-10-13 22:00:00,15,15,interstation_vector_regression,False,r2_below_threshold,0,,14,-1.4264838051169741,CAMPO_DE_MARTE,10.979336409143984,1.0,6958.0,"[-0.33766372108840803, -0.26393964422885025]","[[0.9221922133777543, 0.40169055512710705], [-0.42807090936805836, -0.06770779455417039]]",0.5,TimeSeriesSplit(5) multisalida,,
SAN_JUAN_DE_LURIGANCHO,VIENTO_VECTOR,2025-10-13 08:00:00,2025-10-13 22:00:00,15,15,interstation_vector_regression,False,r2_below_threshold,0,,14,-2.1139152858500103,SAN_BORJA,14.1460220348316,1.0,6828.0,"[0.3543860109431772, -0.47143092266841735]","[[0.7547673255855715, 0.13991635051322784], [-0.41626514649765245, -0.19523022668211273]]",0.5,TimeSeriesSplit(5) multisalida,,
SAN_JUAN_DE_LURIGANCHO,VIENTO_VECTOR,2025-10-13 08:00:00,2025-10-13 22:00:00,15,15,unimputable,False,no_vector_method_available,0,,14,,,,,,,,,,,
SAN_JUAN_DE_LURIGANCHO,VIENTO_VECTOR,2025-10-14 10:00:00,2025-10-14 23:00:00,14,14,interstation_vector_regression,False,r2_below_threshold,0,,14,-1.3774211367867903,SANTA_ANITA,7.4653240754465795,1.0,5978.0,"[-0.003915207043303948, -0.18618919098320125]","[[0.6553746212213365, 0.6564678196009518], [-0.27301503282919937, -0.42357223052918236]]",0.5,TimeSeriesSplit(5) multisalida,,
SAN_JUAN_DE_LURIGANCHO,VIENTO_VECTOR,2025-10-14 10:00:00,2025-10-14 23:00:00,14,14,interstation_vector_regression,False,r2_below_threshold,0,,14,-1.2504130488580807,CERES,9.429216388609277,1.0,7047.0,"[-0.07220261894801394, -0.3370204406907482]","[[0.6380474932617379, 0.9964959514721488], [-0.10380141064927667, -0.4666687298991079]]",0.5,TimeSeriesSplit(5) multisalida,,
SAN_JUAN_DE_LURIGANCHO,VIENTO_VECTOR,2025-10-14 10:00:00,2025-10-14 23:00:00,14,14,interstation_vector_regression,False,r2_below_threshold,0,,14,-1.116639339354385,CARABAYLLO,9.593975224056559,1.0,6775.0,"[-0.47994722645075205, -0.23558945647015422]","[[1.3043965739301941, 1.2910569710873347], [-0.5205484736307412, -0.20062954408102732]]",0.5,TimeSeriesSplit(5) multisalida,,
SAN_JUAN_DE_LURIGANCHO,VIENTO_VECTOR,2025-10-14 10:00:00,2025-10-14 23:00:00,14,14,interstation_vector_regression,False,r2_below_threshold,0,,14,-1.3621975320050008,SAN_MARTIN_DE_PORRES,9.75182688225575,1.0,7022.0,"[-0.22324650724074546, -0.38932956327374457]","[[0.3642119079219212, 0.611401927491485], [-0.08397048602893663, -0.16333947748576433]]",0.5,TimeSeriesSplit(5) multisalida,,
SAN_JUAN_DE_LURIGANCHO,VIENTO_VECTOR,2025-10-14 10:00:00,2025-10-14 23:00:00,14,14,interstation_vector_regression,False,r2_below_threshold,0,,14,-1.4264838051169741,CAMPO_DE_MARTE,10.979336409143984,1.0,6958.0,"[-0.33766372108840803, -0.26393964422885025]","[[0.9221922133777543, 0.40169055512710705], [-0.42807090936805836, -0.06770779455417039]]",0.5,TimeSeriesSplit(5) multisalida,,
SAN_JUAN_DE_LURIGANCHO,VIENTO_VECTOR,2025-10-14 10:00:00,2025-10-14 23:00:00,14,14,interstation_vector_regression,False,r2_below_threshold,0,,14,-2.1139152858500103,SAN_BORJA,14.1460220348316,1.0,6828.0,"[0.3543860109431772, -0.47143092266841735]","[[0.7547673255855715, 0.13991635051322784], [-0.41626514649765245, -0.19523022668211273]]",0.5,TimeSeriesSplit(5) multisalida,,
SAN_JUAN_DE_LURIGANCHO,VIENTO_VECTOR,2025-10-14 10:00:00,2025-10-14 23:00:00,14,14,unimputable,False,no_vector_method_available,0,,14,,,,,,,,,,,
SAN_JUAN_DE_LURIGANCHO,VIENTO_VECTOR,2025-10-15 10:00:00,2025-10-15 23:00:00,14,14,interstation_vector_regression,False,r2_below_threshold,0,,14,-1.3774211367867903,SANTA_ANITA,7.4653240754465795,1.0,5978.0,"[-0.003915207043303948, -0.18618919098320125]","[[0.6553746212213365, 0.6564678196009518], [-0.27301503282919937, -0.42357223052918236]]",0.5,TimeSeriesSplit(5) multisalida,,
SAN_JUAN_DE_LURIGANCHO,VIENTO_VECTOR,2025-10-15 10:00:00,2025-10-15 23:00:00,14,14,interstation_vector_regression,False,r2_below_threshold,0,,14,-1.2504130488580807,CERES,9.429216388609277,1.0,7047.0,"[-0.07220261894801394, -0.3370204406907482]","[[0.6380474932617379, 0.9964959514721488], [-0.10380141064927667, -0.4666687298991079]]",0.5,TimeSeriesSplit(5) multisalida,,
SAN_JUAN_DE_LURIGANCHO,VIENTO_VECTOR,2025-10-15 10:00:00,2025-10-15 23:00:00,14,14,interstation_vector_regression,False,r2_below_threshold,0,,14,-1.116639339354385,CARABAYLLO,9.593975224056559,1.0,6775.0,"[-0.47994722645075205, -0.23558945647015422]","[[1.3043965739301941, 1.2910569710873347], [-0.5205484736307412, -0.20062954408102732]]",0.5,TimeSeriesSplit(5) multisalida,,
SAN_JUAN_DE_LURIGANCHO,VIENTO_VECTOR,2025-10-15 10:00:00,2025-10-15 23:00:00,14,14,interstation_vector_regression,False,r2_below_threshold,0,,14,-1.3621975320050008,SAN_MARTIN_DE_PORRES,9.75182688225575,1.0,7022.0,"[-0.22324650724074546, -0.38932956327374457]","[[0.3642119079219212, 0.611401927491485], [-0.08397048602893663, -0.16333947748576433]]",0.5,TimeSeriesSplit(5) multisalida,,
SAN_JUAN_DE_LURIGANCHO,VIENTO_VECTOR,2025-10-15 10:00:00,2025-10-15 23:00:00,14,14,interstation_vector_regression,False,r2_below_threshold,0,,14,-1.4264838051169741,CAMPO_DE_MARTE,10.979336409143984,1.0,6958.0,"[-0.33766372108840803, -0.26393964422885025]","[[0.9221922133777543, 0.40169055512710705], [-0.42807090936805836, -0.06770779455417039]]",0.5,TimeSeriesSplit(5) multisalida,,
SAN_JUAN_DE_LURIGANCHO,VIENTO_VECTOR,2025-10-15 10:00:00,2025-10-15 23:00:00,14,14,interstation_vector_regression,False,r2_below_threshold,0,,14,-2.1139152858500103,SAN_BORJA,14.1460220348316,1.0,6828.0,"[0.3543860109431772, -0.47143092266841735]","[[0.7547673255855715, 0.13991635051322784], [-0.41626514649765245, -0.19523022668211273]]",0.5,TimeSeriesSplit(5) multisalida,,
SAN_JUAN_DE_LURIGANCHO,VIENTO_VECTOR,2025-10-15 10:00:00,2025-10-15 23:00:00,14,14,unimputable,False,no_vector_method_available,0,,14,,,,,,,,,,,
SAN_JUAN_DE_LURIGANCHO,VIENTO_VECTOR,2025-10-16 09:00:00,2025-10-17 05:00:00,21,21,interstation_vector_regression,False,r2_below_threshold,0,,21,-1.3774211367867903,SANTA_ANITA,7.4653240754465795,1.0,5978.0,"[-0.003915207043303948, -0.18618919098320125]","[[0.6553746212213365, 0.6564678196009518], [-0.27301503282919937, -0.42357223052918236]]",0.5,TimeSeriesSplit(5) multisalida,,
SAN_JUAN_DE_LURIGANCHO,VIENTO_VECTOR,2025-10-16 09:00:00,2025-10-17 05:00:00,21,21,interstation_vector_regression,False,r2_below_threshold,0,,21,-1.2504130488580807,CERES,9.429216388609277,1.0,7047.0,"[-0.07220261894801394, -0.3370204406907482]","[[0.6380474932617379, 0.9964959514721488], [-0.10380141064927667, -0.4666687298991079]]",0.5,TimeSeriesSplit(5) multisalida,,
SAN_JUAN_DE_LURIGANCHO,VIENTO_VECTOR,2025-10-16 09:00:00,2025-10-17 05:00:00,21,21,interstation_vector_regression,False,r2_below_threshold,0,,21,-1.116639339354385,CARABAYLLO,9.593975224056559,1.0,6775.0,"[-0.47994722645075205, -0.23558945647015422]","[[1.3043965739301941, 1.2910569710873347], [-0.5205484736307412, -0.20062954408102732]]",0.5,TimeSeriesSplit(5) multisalida,,
SAN_JUAN_DE_LURIGANCHO,VIENTO_VECTOR,2025-10-16 09:00:00,2025-10-17 05:00:00,21,21,interstation_vector_regression,False,r2_below_threshold,0,,21,-1.3621975320050008,SAN_MARTIN_DE_PORRES,9.75182688225575,1.0,7022.0,"[-0.22324650724074546, -0.38932956327374457]","[[0.3642119079219212, 0.611401927491485], [-0.08397048602893663, -0.16333947748576433]]",0.5,TimeSeriesSplit(5) multisalida,,
SAN_JUAN_DE_LURIGANCHO,VIENTO_VECTOR,2025-10-16 09:00:00,2025-10-17 05:00:00,21,21,interstation_vector_regression,False,r2_below_threshold,0,,21,-1.4264838051169741,CAMPO_DE_MARTE,10.979336409143984,1.0,6958.0,"[-0.33766372108840803, -0.26393964422885025]","[[0.9221922133777543, 0.40169055512710705], [-0.42807090936805836, -0.06770779455417039]]",0.5,TimeSeriesSplit(5) multisalida,,
SAN_JUAN_DE_LURIGANCHO,VIENTO_VECTOR,2025-10-16 09:00:00,2025-10-17 05:00:00,21,21,interstation_vector_regression,False,insufficient_gap_coverage,0,,21,,SAN_BORJA,14.1460220348316,0.5714285714285714,,,,0.5,TimeSeriesSplit(5) multisalida,,
SAN_JUAN_DE_LURIGANCHO,VIENTO_VECTOR,2025-10-16 09:00:00,2025-10-17 05:00:00,21,21,unimputable,False,no_vector_method_available,0,,21,,,,,,,,,,,
SAN_JUAN_DE_LURIGANCHO,VEL_VIENTO,2025-10-17 08:00:00,2025-10-19 03:00:00,44,44,weekly_vector_seasonal,True,,6,2025-10-18T03:00:00|2025-10-18T04:00:00|2025-10-18T05:00:00|2025-10-18T06:00:00|2025-10-18T07:00:00|2025-10-19T03:00:00,38,,,,,,,,,,3.0,
SAN_JUAN_DE_LURIGANCHO,VIENTO_VECTOR,2025-10-17 08:00:00,2025-10-19 03:00:00,44,44,interstation_vector_regression,False,r2_below_threshold,0,,38,-1.3774211367867903,SANTA_ANITA,7.4653240754465795,1.0,5978.0,"[-0.003915207043303948, -0.18618919098320125]","[[0.6553746212213365, 0.6564678196009518], [-0.27301503282919937, -0.42357223052918236]]",0.5,TimeSeriesSplit(5) multisalida,,
SAN_JUAN_DE_LURIGANCHO,VIENTO_VECTOR,2025-10-17 08:00:00,2025-10-19 03:00:00,44,44,interstation_vector_regression,False,r2_below_threshold,0,,38,-1.2504130488580807,CERES,9.429216388609277,1.0,7047.0,"[-0.07220261894801394, -0.3370204406907482]","[[0.6380474932617379, 0.9964959514721488], [-0.10380141064927667, -0.4666687298991079]]",0.5,TimeSeriesSplit(5) multisalida,,
SAN_JUAN_DE_LURIGANCHO,VIENTO_VECTOR,2025-10-17 08:00:00,2025-10-19 03:00:00,44,44,interstation_vector_regression,False,r2_below_threshold,0,,38,-1.116639339354385,CARABAYLLO,9.593975224056559,1.0,6775.0,"[-0.47994722645075205, -0.23558945647015422]","[[1.3043965739301941, 1.2910569710873347], [-0.5205484736307412, -0.20062954408102732]]",0.5,TimeSeriesSplit(5) multisalida,,
SAN_JUAN_DE_LURIGANCHO,VIENTO_VECTOR,2025-10-17 08:00:00,2025-10-19 03:00:00,44,44,interstation_vector_regression,False,r2_below_threshold,0,,38,-1.3621975320050008,SAN_MARTIN_DE_PORRES,9.75182688225575,1.0,7022.0,"[-0.22324650724074546, -0.38932956327374457]","[[0.3642119079219212, 0.611401927491485], [-0.08397048602893663, -0.16333947748576433]]",0.5,TimeSeriesSplit(5) multisalida,,
SAN_JUAN_DE_LURIGANCHO,VIENTO_VECTOR,2025-10-17 08:00:00,2025-10-19 03:00:00,44,44,interstation_vector_regression,False,r2_below_threshold,0,,38,-1.4264838051169741,CAMPO_DE_MARTE,10.979336409143984,1.0,6958.0,"[-0.33766372108840803, -0.26393964422885025]","[[0.9221922133777543, 0.40169055512710705], [-0.42807090936805836, -0.06770779455417039]]",0.5,TimeSeriesSplit(5) multisalida,,
SAN_JUAN_DE_LURIGANCHO,VIENTO_VECTOR,2025-10-17 08:00:00,2025-10-19 03:00:00,44,44,interstation_vector_regression,False,r2_below_threshold,0,,38,-2.1139152858500103,SAN_BORJA,14.1460220348316,0.9473684210526315,6828.0,"[0.3543860109431772, -0.47143092266841735]","[[0.7547673255855715, 0.13991635051322784], [-0.41626514649765245, -0.19523022668211273]]",0.5,TimeSeriesSplit(5) multisalida,,
SAN_JUAN_DE_LURIGANCHO,VIENTO_VECTOR,2025-10-17 08:00:00,2025-10-19 03:00:00,44,44,unimputable,False,no_vector_method_available,0,,38,,,,,,,,,,,
SAN_JUAN_DE_LURIGANCHO,VEL_VIENTO,2025-10-19 07:00:00,2025-10-20 00:00:00,18,18,weekly_vector_seasonal,True,,1,2025-10-19T07:00:00,17,,,,,,,,,,4.0,
SAN_JUAN_DE_LURIGANCHO,VIENTO_VECTOR,2025-10-19 07:00:00,2025-10-20 00:00:00,18,18,interstation_vector_regression,False,r2_below_threshold,0,,17,-1.3774211367867903,SANTA_ANITA,7.4653240754465795,1.0,5978.0,"[-0.003915207043303948, -0.18618919098320125]","[[0.6553746212213365, 0.6564678196009518], [-0.27301503282919937, -0.42357223052918236]]",0.5,TimeSeriesSplit(5) multisalida,,
SAN_JUAN_DE_LURIGANCHO,VIENTO_VECTOR,2025-10-19 07:00:00,2025-10-20 00:00:00,18,18,interstation_vector_regression,False,r2_below_threshold,0,,17,-1.2504130488580807,CERES,9.429216388609277,1.0,7047.0,"[-0.07220261894801394, -0.3370204406907482]","[[0.6380474932617379, 0.9964959514721488], [-0.10380141064927667, -0.4666687298991079]]",0.5,TimeSeriesSplit(5) multisalida,,
SAN_JUAN_DE_LURIGANCHO,VIENTO_VECTOR,2025-10-19 07:00:00,2025-10-20 00:00:00,18,18,interstation_vector_regression,False,r2_below_threshold,0,,17,-1.116639339354385,CARABAYLLO,9.593975224056559,1.0,6775.0,"[-0.47994722645075205, -0.23558945647015422]","[[1.3043965739301941, 1.2910569710873347], [-0.5205484736307412, -0.20062954408102732]]",0.5,TimeSeriesSplit(5) multisalida,,
SAN_JUAN_DE_LURIGANCHO,VIENTO_VECTOR,2025-10-19 07:00:00,2025-10-20 00:00:00,18,18,interstation_vector_regression,False,r2_below_threshold,0,,17,-1.3621975320050008,SAN_MARTIN_DE_PORRES,9.75182688225575,1.0,7022.0,"[-0.22324650724074546, -0.38932956327374457]","[[0.3642119079219212, 0.611401927491485], [-0.08397048602893663, -0.16333947748576433]]",0.5,TimeSeriesSplit(5) multisalida,,
SAN_JUAN_DE_LURIGANCHO,VIENTO_VECTOR,2025-10-19 07:00:00,2025-10-20 00:00:00,18,18,interstation_vector_regression,False,r2_below_threshold,0,,17,-1.4264838051169741,CAMPO_DE_MARTE,10.979336409143984,1.0,6958.0,"[-0.33766372108840803, -0.26393964422885025]","[[0.9221922133777543, 0.40169055512710705], [-0.42807090936805836, -0.06770779455417039]]",0.5,TimeSeriesSplit(5) multisalida,,
SAN_JUAN_DE_LURIGANCHO,VIENTO_VECTOR,2025-10-19 07:00:00,2025-10-20 00:00:00,18,18,interstation_vector_regression,False,r2_below_threshold,0,,17,-2.1139152858500103,SAN_BORJA,14.1460220348316,1.0,6828.0,"[0.3543860109431772, -0.47143092266841735]","[[0.7547673255855715, 0.13991635051322784], [-0.41626514649765245, -0.19523022668211273]]",0.5,TimeSeriesSplit(5) multisalida,,
SAN_JUAN_DE_LURIGANCHO,VIENTO_VECTOR,2025-10-19 07:00:00,2025-10-20 00:00:00,18,18,unimputable,False,no_vector_method_available,0,,17,,,,,,,,,,,
SAN_JUAN_DE_LURIGANCHO,VIENTO_VECTOR,2025-10-20 09:00:00,2025-10-20 23:00:00,15,15,interstation_vector_regression,False,r2_below_threshold,0,,15,-1.3774211367867903,SANTA_ANITA,7.4653240754465795,1.0,5978.0,"[-0.003915207043303948, -0.18618919098320125]","[[0.6553746212213365, 0.6564678196009518], [-0.27301503282919937, -0.42357223052918236]]",0.5,TimeSeriesSplit(5) multisalida,,
SAN_JUAN_DE_LURIGANCHO,VIENTO_VECTOR,2025-10-20 09:00:00,2025-10-20 23:00:00,15,15,interstation_vector_regression,False,r2_below_threshold,0,,15,-1.2504130488580807,CERES,9.429216388609277,1.0,7047.0,"[-0.07220261894801394, -0.3370204406907482]","[[0.6380474932617379, 0.9964959514721488], [-0.10380141064927667, -0.4666687298991079]]",0.5,TimeSeriesSplit(5) multisalida,,
SAN_JUAN_DE_LURIGANCHO,VIENTO_VECTOR,2025-10-20 09:00:00,2025-10-20 23:00:00,15,15,interstation_vector_regression,False,r2_below_threshold,0,,15,-1.116639339354385,CARABAYLLO,9.593975224056559,1.0,6775.0,"[-0.47994722645075205, -0.23558945647015422]","[[1.3043965739301941, 1.2910569710873347], [-0.5205484736307412, -0.20062954408102732]]",0.5,TimeSeriesSplit(5) multisalida,,
SAN_JUAN_DE_LURIGANCHO,VIENTO_VECTOR,2025-10-20 09:00:00,2025-10-20 23:00:00,15,15,interstation_vector_regression,False,r2_below_threshold,0,,15,-1.3621975320050008,SAN_MARTIN_DE_PORRES,9.75182688225575,1.0,7022.0,"[-0.22324650724074546, -0.38932956327374457]","[[0.3642119079219212, 0.611401927491485], [-0.08397048602893663, -0.16333947748576433]]",0.5,TimeSeriesSplit(5) multisalida,,
SAN_JUAN_DE_LURIGANCHO,VIENTO_VECTOR,2025-10-20 09:00:00,2025-10-20 23:00:00,15,15,interstation_vector_regression,False,r2_below_threshold,0,,15,-1.4264838051169741,CAMPO_DE_MARTE,10.979336409143984,1.0,6958.0,"[-0.33766372108840803, -0.26393964422885025]","[[0.9221922133777543, 0.40169055512710705], [-0.42807090936805836, -0.06770779455417039]]",0.5,TimeSeriesSplit(5) multisalida,,
SAN_JUAN_DE_LURIGANCHO,VIENTO_VECTOR,2025-10-20 09:00:00,2025-10-20 23:00:00,15,15,interstation_vector_regression,False,r2_below_threshold,0,,15,-2.1139152858500103,SAN_BORJA,14.1460220348316,0.9333333333333333,6828.0,"[0.3543860109431772, -0.47143092266841735]","[[0.7547673255855715, 0.13991635051322784], [-0.41626514649765245, -0.19523022668211273]]",0.5,TimeSeriesSplit(5) multisalida,,
SAN_JUAN_DE_LURIGANCHO,VIENTO_VECTOR,2025-10-20 09:00:00,2025-10-20 23:00:00,15,15,unimputable,False,no_vector_method_available,0,,15,,,,,,,,,,,
SAN_JUAN_DE_LURIGANCHO,VIENTO_VECTOR,2025-10-21 09:00:00,2025-10-21 23:00:00,15,15,interstation_vector_regression,False,r2_below_threshold,0,,15,-1.3774211367867903,SANTA_ANITA,7.4653240754465795,1.0,5978.0,"[-0.003915207043303948, -0.18618919098320125]","[[0.6553746212213365, 0.6564678196009518], [-0.27301503282919937, -0.42357223052918236]]",0.5,TimeSeriesSplit(5) multisalida,,
SAN_JUAN_DE_LURIGANCHO,VIENTO_VECTOR,2025-10-21 09:00:00,2025-10-21 23:00:00,15,15,interstation_vector_regression,False,r2_below_threshold,0,,15,-1.2504130488580807,CERES,9.429216388609277,1.0,7047.0,"[-0.07220261894801394, -0.3370204406907482]","[[0.6380474932617379, 0.9964959514721488], [-0.10380141064927667, -0.4666687298991079]]",0.5,TimeSeriesSplit(5) multisalida,,
SAN_JUAN_DE_LURIGANCHO,VIENTO_VECTOR,2025-10-21 09:00:00,2025-10-21 23:00:00,15,15,interstation_vector_regression,False,r2_below_threshold,0,,15,-1.116639339354385,CARABAYLLO,9.593975224056559,1.0,6775.0,"[-0.47994722645075205, -0.23558945647015422]","[[1.3043965739301941, 1.2910569710873347], [-0.5205484736307412, -0.20062954408102732]]",0.5,TimeSeriesSplit(5) multisalida,,
SAN_JUAN_DE_LURIGANCHO,VIENTO_VECTOR,2025-10-21 09:00:00,2025-10-21 23:00:00,15,15,interstation_vector_regression,False,r2_below_threshold,0,,15,-1.3621975320050008,SAN_MARTIN_DE_PORRES,9.75182688225575,1.0,7022.0,"[-0.22324650724074546, -0.38932956327374457]","[[0.3642119079219212, 0.611401927491485], [-0.08397048602893663, -0.16333947748576433]]",0.5,TimeSeriesSplit(5) multisalida,,
SAN_JUAN_DE_LURIGANCHO,VIENTO_VECTOR,2025-10-21 09:00:00,2025-10-21 23:00:00,15,15,interstation_vector_regression,False,r2_below_threshold,0,,15,-1.4264838051169741,CAMPO_DE_MARTE,10.979336409143984,1.0,6958.0,"[-0.33766372108840803, -0.26393964422885025]","[[0.9221922133777543, 0.40169055512710705], [-0.42807090936805836, -0.06770779455417039]]",0.5,TimeSeriesSplit(5) multisalida,,
SAN_JUAN_DE_LURIGANCHO,VIENTO_VECTOR,2025-10-21 09:00:00,2025-10-21 23:00:00,15,15,interstation_vector_regression,False,r2_below_threshold,0,,15,-2.1139152858500103,SAN_BORJA,14.1460220348316,1.0,6828.0,"[0.3543860109431772, -0.47143092266841735]","[[0.7547673255855715, 0.13991635051322784], [-0.41626514649765245, -0.19523022668211273]]",0.5,TimeSeriesSplit(5) multisalida,,
SAN_JUAN_DE_LURIGANCHO,VIENTO_VECTOR,2025-10-21 09:00:00,2025-10-21 23:00:00,15,15,unimputable,False,no_vector_method_available,0,,15,,,,,,,,,,,
SAN_JUAN_DE_LURIGANCHO,VEL_VIENTO,2025-10-22 02:00:00,2025-10-22 02:00:00,1,1,short_vector_linear,True,,1,2025-10-22T02:00:00,0,,,,,,,,,,,
SAN_JUAN_DE_LURIGANCHO,VEL_VIENTO,2025-10-22 06:00:00,2025-10-23 22:00:00,41,41,weekly_vector_seasonal,True,,5,2025-10-23T01:00:00|2025-10-23T02:00:00|2025-10-23T05:00:00|2025-10-23T06:00:00|2025-10-23T07:00:00,36,,,,,,,,,,3.0,
SAN_JUAN_DE_LURIGANCHO,VIENTO_VECTOR,2025-10-22 06:00:00,2025-10-23 22:00:00,41,41,interstation_vector_regression,False,r2_below_threshold,0,,36,-1.3774211367867903,SANTA_ANITA,7.4653240754465795,1.0,5978.0,"[-0.003915207043303948, -0.18618919098320125]","[[0.6553746212213365, 0.6564678196009518], [-0.27301503282919937, -0.42357223052918236]]",0.5,TimeSeriesSplit(5) multisalida,,
SAN_JUAN_DE_LURIGANCHO,VIENTO_VECTOR,2025-10-22 06:00:00,2025-10-23 22:00:00,41,41,interstation_vector_regression,False,r2_below_threshold,0,,36,-1.2504130488580807,CERES,9.429216388609277,1.0,7047.0,"[-0.07220261894801394, -0.3370204406907482]","[[0.6380474932617379, 0.9964959514721488], [-0.10380141064927667, -0.4666687298991079]]",0.5,TimeSeriesSplit(5) multisalida,,
SAN_JUAN_DE_LURIGANCHO,VIENTO_VECTOR,2025-10-22 06:00:00,2025-10-23 22:00:00,41,41,interstation_vector_regression,False,r2_below_threshold,0,,36,-1.116639339354385,CARABAYLLO,9.593975224056559,1.0,6775.0,"[-0.47994722645075205, -0.23558945647015422]","[[1.3043965739301941, 1.2910569710873347], [-0.5205484736307412, -0.20062954408102732]]",0.5,TimeSeriesSplit(5) multisalida,,
SAN_JUAN_DE_LURIGANCHO,VIENTO_VECTOR,2025-10-22 06:00:00,2025-10-23 22:00:00,41,41,interstation_vector_regression,False,r2_below_threshold,0,,36,-1.3621975320050008,SAN_MARTIN_DE_PORRES,9.75182688225575,1.0,7022.0,"[-0.22324650724074546, -0.38932956327374457]","[[0.3642119079219212, 0.611401927491485], [-0.08397048602893663, -0.16333947748576433]]",0.5,TimeSeriesSplit(5) multisalida,,
SAN_JUAN_DE_LURIGANCHO,VIENTO_VECTOR,2025-10-22 06:00:00,2025-10-23 22:00:00,41,41,interstation_vector_regression,False,r2_below_threshold,0,,36,-1.4264838051169741,CAMPO_DE_MARTE,10.979336409143984,1.0,6958.0,"[-0.33766372108840803, -0.26393964422885025]","[[0.9221922133777543, 0.40169055512710705], [-0.42807090936805836, -0.06770779455417039]]",0.5,TimeSeriesSplit(5) multisalida,,
SAN_JUAN_DE_LURIGANCHO,VIENTO_VECTOR,2025-10-22 06:00:00,2025-10-23 22:00:00,41,41,interstation_vector_regression,False,r2_below_threshold,0,,36,-2.1139152858500103,SAN_BORJA,14.1460220348316,1.0,6828.0,"[0.3543860109431772, -0.47143092266841735]","[[0.7547673255855715, 0.13991635051322784], [-0.41626514649765245, -0.19523022668211273]]",0.5,TimeSeriesSplit(5) multisalida,,
SAN_JUAN_DE_LURIGANCHO,VIENTO_VECTOR,2025-10-22 06:00:00,2025-10-23 22:00:00,41,41,unimputable,False,no_vector_method_available,0,,36,,,,,,,,,,,
SAN_JUAN_DE_LURIGANCHO,VIENTO_VECTOR,2025-10-24 09:00:00,2025-10-24 22:00:00,14,14,interstation_vector_regression,False,r2_below_threshold,0,,14,-1.3774211367867903,SANTA_ANITA,7.4653240754465795,1.0,5978.0,"[-0.003915207043303948, -0.18618919098320125]","[[0.6553746212213365, 0.6564678196009518], [-0.27301503282919937, -0.42357223052918236]]",0.5,TimeSeriesSplit(5) multisalida,,
SAN_JUAN_DE_LURIGANCHO,VIENTO_VECTOR,2025-10-24 09:00:00,2025-10-24 22:00:00,14,14,interstation_vector_regression,False,r2_below_threshold,0,,14,-1.2504130488580807,CERES,9.429216388609277,1.0,7047.0,"[-0.07220261894801394, -0.3370204406907482]","[[0.6380474932617379, 0.9964959514721488], [-0.10380141064927667, -0.4666687298991079]]",0.5,TimeSeriesSplit(5) multisalida,,
SAN_JUAN_DE_LURIGANCHO,VIENTO_VECTOR,2025-10-24 09:00:00,2025-10-24 22:00:00,14,14,interstation_vector_regression,False,r2_below_threshold,0,,14,-1.116639339354385,CARABAYLLO,9.593975224056559,1.0,6775.0,"[-0.47994722645075205, -0.23558945647015422]","[[1.3043965739301941, 1.2910569710873347], [-0.5205484736307412, -0.20062954408102732]]",0.5,TimeSeriesSplit(5) multisalida,,
SAN_JUAN_DE_LURIGANCHO,VIENTO_VECTOR,2025-10-24 09:00:00,2025-10-24 22:00:00,14,14,interstation_vector_regression,False,r2_below_threshold,0,,14,-1.3621975320050008,SAN_MARTIN_DE_PORRES,9.75182688225575,1.0,7022.0,"[-0.22324650724074546, -0.38932956327374457]","[[0.3642119079219212, 0.611401927491485], [-0.08397048602893663, -0.16333947748576433]]",0.5,TimeSeriesSplit(5) multisalida,,
SAN_JUAN_DE_LURIGANCHO,VIENTO_VECTOR,2025-10-24 09:00:00,2025-10-24 22:00:00,14,14,interstation_vector_regression,False,r2_below_threshold,0,,14,-1.4264838051169741,CAMPO_DE_MARTE,10.979336409143984,1.0,6958.0,"[-0.33766372108840803, -0.26393964422885025]","[[0.9221922133777543, 0.40169055512710705], [-0.42807090936805836, -0.06770779455417039]]",0.5,TimeSeriesSplit(5) multisalida,,
SAN_JUAN_DE_LURIGANCHO,VIENTO_VECTOR,2025-10-24 09:00:00,2025-10-24 22:00:00,14,14,interstation_vector_regression,False,r2_below_threshold,0,,14,-2.1139152858500103,SAN_BORJA,14.1460220348316,1.0,6828.0,"[0.3543860109431772, -0.47143092266841735]","[[0.7547673255855715, 0.13991635051322784], [-0.41626514649765245, -0.19523022668211273]]",0.5,TimeSeriesSplit(5) multisalida,,
SAN_JUAN_DE_LURIGANCHO,VIENTO_VECTOR,2025-10-24 09:00:00,2025-10-24 22:00:00,14,14,unimputable,False,no_vector_method_available,0,,14,,,,,,,,,,,
SAN_JUAN_DE_LURIGANCHO,VEL_VIENTO,2025-10-25 08:00:00,2025-10-25 23:00:00,16,16,weekly_vector_seasonal,True,,1,2025-10-25T08:00:00,15,,,,,,,,,,3.0,
SAN_JUAN_DE_LURIGANCHO,VIENTO_VECTOR,2025-10-25 08:00:00,2025-10-25 23:00:00,16,16,interstation_vector_regression,False,r2_below_threshold,0,,15,-1.3774211367867903,SANTA_ANITA,7.4653240754465795,1.0,5978.0,"[-0.003915207043303948, -0.18618919098320125]","[[0.6553746212213365, 0.6564678196009518], [-0.27301503282919937, -0.42357223052918236]]",0.5,TimeSeriesSplit(5) multisalida,,
SAN_JUAN_DE_LURIGANCHO,VIENTO_VECTOR,2025-10-25 08:00:00,2025-10-25 23:00:00,16,16,interstation_vector_regression,False,r2_below_threshold,0,,15,-1.2504130488580807,CERES,9.429216388609277,1.0,7047.0,"[-0.07220261894801394, -0.3370204406907482]","[[0.6380474932617379, 0.9964959514721488], [-0.10380141064927667, -0.4666687298991079]]",0.5,TimeSeriesSplit(5) multisalida,,
SAN_JUAN_DE_LURIGANCHO,VIENTO_VECTOR,2025-10-25 08:00:00,2025-10-25 23:00:00,16,16,interstation_vector_regression,False,r2_below_threshold,0,,15,-1.116639339354385,CARABAYLLO,9.593975224056559,1.0,6775.0,"[-0.47994722645075205, -0.23558945647015422]","[[1.3043965739301941, 1.2910569710873347], [-0.5205484736307412, -0.20062954408102732]]",0.5,TimeSeriesSplit(5) multisalida,,
SAN_JUAN_DE_LURIGANCHO,VIENTO_VECTOR,2025-10-25 08:00:00,2025-10-25 23:00:00,16,16,interstation_vector_regression,False,r2_below_threshold,0,,15,-1.3621975320050008,SAN_MARTIN_DE_PORRES,9.75182688225575,1.0,7022.0,"[-0.22324650724074546, -0.38932956327374457]","[[0.3642119079219212, 0.611401927491485], [-0.08397048602893663, -0.16333947748576433]]",0.5,TimeSeriesSplit(5) multisalida,,
SAN_JUAN_DE_LURIGANCHO,VIENTO_VECTOR,2025-10-25 08:00:00,2025-10-25 23:00:00,16,16,interstation_vector_regression,False,r2_below_threshold,0,,15,-1.4264838051169741,CAMPO_DE_MARTE,10.979336409143984,1.0,6958.0,"[-0.33766372108840803, -0.26393964422885025]","[[0.9221922133777543, 0.40169055512710705], [-0.42807090936805836, -0.06770779455417039]]",0.5,TimeSeriesSplit(5) multisalida,,
SAN_JUAN_DE_LURIGANCHO,VIENTO_VECTOR,2025-10-25 08:00:00,2025-10-25 23:00:00,16,16,interstation_vector_regression,False,r2_below_threshold,0,,15,-2.1139152858500103,SAN_BORJA,14.1460220348316,1.0,6828.0,"[0.3543860109431772, -0.47143092266841735]","[[0.7547673255855715, 0.13991635051322784], [-0.41626514649765245, -0.19523022668211273]]",0.5,TimeSeriesSplit(5) multisalida,,
SAN_JUAN_DE_LURIGANCHO,VIENTO_VECTOR,2025-10-25 08:00:00,2025-10-25 23:00:00,16,16,unimputable,False,no_vector_method_available,0,,15,,,,,,,,,,,
SAN_JUAN_DE_LURIGANCHO,VIENTO_VECTOR,2025-10-26 09:00:00,2025-10-26 21:00:00,13,13,interstation_vector_regression,False,r2_below_threshold,0,,13,-1.3774211367867903,SANTA_ANITA,7.4653240754465795,1.0,5978.0,"[-0.003915207043303948, -0.18618919098320125]","[[0.6553746212213365, 0.6564678196009518], [-0.27301503282919937, -0.42357223052918236]]",0.5,TimeSeriesSplit(5) multisalida,,
SAN_JUAN_DE_LURIGANCHO,VIENTO_VECTOR,2025-10-26 09:00:00,2025-10-26 21:00:00,13,13,interstation_vector_regression,False,r2_below_threshold,0,,13,-1.2504130488580807,CERES,9.429216388609277,1.0,7047.0,"[-0.07220261894801394, -0.3370204406907482]","[[0.6380474932617379, 0.9964959514721488], [-0.10380141064927667, -0.4666687298991079]]",0.5,TimeSeriesSplit(5) multisalida,,
SAN_JUAN_DE_LURIGANCHO,VIENTO_VECTOR,2025-10-26 09:00:00,2025-10-26 21:00:00,13,13,interstation_vector_regression,False,r2_below_threshold,0,,13,-1.116639339354385,CARABAYLLO,9.593975224056559,1.0,6775.0,"[-0.47994722645075205, -0.23558945647015422]","[[1.3043965739301941, 1.2910569710873347], [-0.5205484736307412, -0.20062954408102732]]",0.5,TimeSeriesSplit(5) multisalida,,
SAN_JUAN_DE_LURIGANCHO,VIENTO_VECTOR,2025-10-26 09:00:00,2025-10-26 21:00:00,13,13,interstation_vector_regression,False,r2_below_threshold,0,,13,-1.3621975320050008,SAN_MARTIN_DE_PORRES,9.75182688225575,1.0,7022.0,"[-0.22324650724074546, -0.38932956327374457]","[[0.3642119079219212, 0.611401927491485], [-0.08397048602893663, -0.16333947748576433]]",0.5,TimeSeriesSplit(5) multisalida,,
SAN_JUAN_DE_LURIGANCHO,VIENTO_VECTOR,2025-10-26 09:00:00,2025-10-26 21:00:00,13,13,interstation_vector_regression,False,r2_below_threshold,0,,13,-1.4264838051169741,CAMPO_DE_MARTE,10.979336409143984,1.0,6958.0,"[-0.33766372108840803, -0.26393964422885025]","[[0.9221922133777543, 0.40169055512710705], [-0.42807090936805836, -0.06770779455417039]]",0.5,TimeSeriesSplit(5) multisalida,,
SAN_JUAN_DE_LURIGANCHO,VIENTO_VECTOR,2025-10-26 09:00:00,2025-10-26 21:00:00,13,13,interstation_vector_regression,False,r2_below_threshold,0,,13,-2.1139152858500103,SAN_BORJA,14.1460220348316,1.0,6828.0,"[0.3543860109431772, -0.47143092266841735]","[[0.7547673255855715, 0.13991635051322784], [-0.41626514649765245, -0.19523022668211273]]",0.5,TimeSeriesSplit(5) multisalida,,
SAN_JUAN_DE_LURIGANCHO,VIENTO_VECTOR,2025-10-26 09:00:00,2025-10-26 21:00:00,13,13,unimputable,False,no_vector_method_available,0,,13,,,,,,,,,,,
SAN_JUAN_DE_LURIGANCHO,VIENTO_VECTOR,2025-10-27 10:00:00,2025-10-27 22:00:00,13,13,interstation_vector_regression,False,r2_below_threshold,0,,13,-1.3774211367867903,SANTA_ANITA,7.4653240754465795,1.0,5978.0,"[-0.003915207043303948, -0.18618919098320125]","[[0.6553746212213365, 0.6564678196009518], [-0.27301503282919937, -0.42357223052918236]]",0.5,TimeSeriesSplit(5) multisalida,,
SAN_JUAN_DE_LURIGANCHO,VIENTO_VECTOR,2025-10-27 10:00:00,2025-10-27 22:00:00,13,13,interstation_vector_regression,False,r2_below_threshold,0,,13,-1.2504130488580807,CERES,9.429216388609277,1.0,7047.0,"[-0.07220261894801394, -0.3370204406907482]","[[0.6380474932617379, 0.9964959514721488], [-0.10380141064927667, -0.4666687298991079]]",0.5,TimeSeriesSplit(5) multisalida,,
SAN_JUAN_DE_LURIGANCHO,VIENTO_VECTOR,2025-10-27 10:00:00,2025-10-27 22:00:00,13,13,interstation_vector_regression,False,r2_below_threshold,0,,13,-1.116639339354385,CARABAYLLO,9.593975224056559,1.0,6775.0,"[-0.47994722645075205, -0.23558945647015422]","[[1.3043965739301941, 1.2910569710873347], [-0.5205484736307412, -0.20062954408102732]]",0.5,TimeSeriesSplit(5) multisalida,,
SAN_JUAN_DE_LURIGANCHO,VIENTO_VECTOR,2025-10-27 10:00:00,2025-10-27 22:00:00,13,13,interstation_vector_regression,False,r2_below_threshold,0,,13,-1.3621975320050008,SAN_MARTIN_DE_PORRES,9.75182688225575,1.0,7022.0,"[-0.22324650724074546, -0.38932956327374457]","[[0.3642119079219212, 0.611401927491485], [-0.08397048602893663, -0.16333947748576433]]",0.5,TimeSeriesSplit(5) multisalida,,
SAN_JUAN_DE_LURIGANCHO,VIENTO_VECTOR,2025-10-27 10:00:00,2025-10-27 22:00:00,13,13,interstation_vector_regression,False,r2_below_threshold,0,,13,-1.4264838051169741,CAMPO_DE_MARTE,10.979336409143984,1.0,6958.0,"[-0.33766372108840803, -0.26393964422885025]","[[0.9221922133777543, 0.40169055512710705], [-0.42807090936805836, -0.06770779455417039]]",0.5,TimeSeriesSplit(5) multisalida,,
SAN_JUAN_DE_LURIGANCHO,VIENTO_VECTOR,2025-10-27 10:00:00,2025-10-27 22:00:00,13,13,interstation_vector_regression,False,r2_below_threshold,0,,13,-2.1139152858500103,SAN_BORJA,14.1460220348316,1.0,6828.0,"[0.3543860109431772, -0.47143092266841735]","[[0.7547673255855715, 0.13991635051322784], [-0.41626514649765245, -0.19523022668211273]]",0.5,TimeSeriesSplit(5) multisalida,,
SAN_JUAN_DE_LURIGANCHO,VIENTO_VECTOR,2025-10-27 10:00:00,2025-10-27 22:00:00,13,13,unimputable,False,no_vector_method_available,0,,13,,,,,,,,,,,
SAN_JUAN_DE_LURIGANCHO,VEL_VIENTO,2025-10-28 06:00:00,2025-10-29 00:00:00,19,19,weekly_vector_seasonal,True,,1,2025-10-28T06:00:00,18,,,,,,,,,,3.0,
SAN_JUAN_DE_LURIGANCHO,VIENTO_VECTOR,2025-10-28 06:00:00,2025-10-29 00:00:00,19,19,interstation_vector_regression,False,r2_below_threshold,0,,18,-1.3774211367867903,SANTA_ANITA,7.4653240754465795,1.0,5978.0,"[-0.003915207043303948, -0.18618919098320125]","[[0.6553746212213365, 0.6564678196009518], [-0.27301503282919937, -0.42357223052918236]]",0.5,TimeSeriesSplit(5) multisalida,,
SAN_JUAN_DE_LURIGANCHO,VIENTO_VECTOR,2025-10-28 06:00:00,2025-10-29 00:00:00,19,19,interstation_vector_regression,False,r2_below_threshold,0,,18,-1.2504130488580807,CERES,9.429216388609277,1.0,7047.0,"[-0.07220261894801394, -0.3370204406907482]","[[0.6380474932617379, 0.9964959514721488], [-0.10380141064927667, -0.4666687298991079]]",0.5,TimeSeriesSplit(5) multisalida,,
SAN_JUAN_DE_LURIGANCHO,VIENTO_VECTOR,2025-10-28 06:00:00,2025-10-29 00:00:00,19,19,interstation_vector_regression,False,r2_below_threshold,0,,18,-1.116639339354385,CARABAYLLO,9.593975224056559,1.0,6775.0,"[-0.47994722645075205, -0.23558945647015422]","[[1.3043965739301941, 1.2910569710873347], [-0.5205484736307412, -0.20062954408102732]]",0.5,TimeSeriesSplit(5) multisalida,,
SAN_JUAN_DE_LURIGANCHO,VIENTO_VECTOR,2025-10-28 06:00:00,2025-10-29 00:00:00,19,19,interstation_vector_regression,False,r2_below_threshold,0,,18,-1.3621975320050008,SAN_MARTIN_DE_PORRES,9.75182688225575,1.0,7022.0,"[-0.22324650724074546, -0.38932956327374457]","[[0.3642119079219212, 0.611401927491485], [-0.08397048602893663, -0.16333947748576433]]",0.5,TimeSeriesSplit(5) multisalida,,
SAN_JUAN_DE_LURIGANCHO,VIENTO_VECTOR,2025-10-28 06:00:00,2025-10-29 00:00:00,19,19,interstation_vector_regression,False,r2_below_threshold,0,,18,-1.4264838051169741,CAMPO_DE_MARTE,10.979336409143984,0.9444444444444444,6958.0,"[-0.33766372108840803, -0.26393964422885025]","[[0.9221922133777543, 0.40169055512710705], [-0.42807090936805836, -0.06770779455417039]]",0.5,TimeSeriesSplit(5) multisalida,,
SAN_JUAN_DE_LURIGANCHO,VIENTO_VECTOR,2025-10-28 06:00:00,2025-10-29 00:00:00,19,19,interstation_vector_regression,False,r2_below_threshold,0,,18,-2.1139152858500103,SAN_BORJA,14.1460220348316,0.9444444444444444,6828.0,"[0.3543860109431772, -0.47143092266841735]","[[0.7547673255855715, 0.13991635051322784], [-0.41626514649765245, -0.19523022668211273]]",0.5,TimeSeriesSplit(5) multisalida,,
SAN_JUAN_DE_LURIGANCHO,VIENTO_VECTOR,2025-10-28 06:00:00,2025-10-29 00:00:00,19,19,unimputable,False,no_vector_method_available,0,,18,,,,,,,,,,,
SAN_JUAN_DE_LURIGANCHO,VEL_VIENTO,2025-10-29 02:00:00,2025-10-30 00:00:00,23,23,weekly_vector_seasonal,True,,3,2025-10-29T03:00:00|2025-10-29T04:00:00|2025-10-29T05:00:00,20,,,,,,,,,,3.0,
SAN_JUAN_DE_LURIGANCHO,VIENTO_VECTOR,2025-10-29 02:00:00,2025-10-30 00:00:00,23,23,interstation_vector_regression,False,r2_below_threshold,0,,20,-1.3774211367867903,SANTA_ANITA,7.4653240754465795,1.0,5978.0,"[-0.003915207043303948, -0.18618919098320125]","[[0.6553746212213365, 0.6564678196009518], [-0.27301503282919937, -0.42357223052918236]]",0.5,TimeSeriesSplit(5) multisalida,,
SAN_JUAN_DE_LURIGANCHO,VIENTO_VECTOR,2025-10-29 02:00:00,2025-10-30 00:00:00,23,23,interstation_vector_regression,False,r2_below_threshold,0,,20,-1.2504130488580807,CERES,9.429216388609277,1.0,7047.0,"[-0.07220261894801394, -0.3370204406907482]","[[0.6380474932617379, 0.9964959514721488], [-0.10380141064927667, -0.4666687298991079]]",0.5,TimeSeriesSplit(5) multisalida,,
SAN_JUAN_DE_LURIGANCHO,VIENTO_VECTOR,2025-10-29 02:00:00,2025-10-30 00:00:00,23,23,interstation_vector_regression,False,r2_below_threshold,0,,20,-1.116639339354385,CARABAYLLO,9.593975224056559,1.0,6775.0,"[-0.47994722645075205, -0.23558945647015422]","[[1.3043965739301941, 1.2910569710873347], [-0.5205484736307412, -0.20062954408102732]]",0.5,TimeSeriesSplit(5) multisalida,,
SAN_JUAN_DE_LURIGANCHO,VIENTO_VECTOR,2025-10-29 02:00:00,2025-10-30 00:00:00,23,23,interstation_vector_regression,False,r2_below_threshold,0,,20,-1.3621975320050008,SAN_MARTIN_DE_PORRES,9.75182688225575,1.0,7022.0,"[-0.22324650724074546, -0.38932956327374457]","[[0.3642119079219212, 0.611401927491485], [-0.08397048602893663, -0.16333947748576433]]",0.5,TimeSeriesSplit(5) multisalida,,
SAN_JUAN_DE_LURIGANCHO,VIENTO_VECTOR,2025-10-29 02:00:00,2025-10-30 00:00:00,23,23,interstation_vector_regression,False,r2_below_threshold,0,,20,-1.4264838051169741,CAMPO_DE_MARTE,10.979336409143984,1.0,6958.0,"[-0.33766372108840803, -0.26393964422885025]","[[0.9221922133777543, 0.40169055512710705], [-0.42807090936805836, -0.06770779455417039]]",0.5,TimeSeriesSplit(5) multisalida,,
SAN_JUAN_DE_LURIGANCHO,VIENTO_VECTOR,2025-10-29 02:00:00,2025-10-30 00:00:00,23,23,interstation_vector_regression,False,r2_below_threshold,0,,20,-2.1139152858500103,SAN_BORJA,14.1460220348316,1.0,6828.0,"[0.3543860109431772, -0.47143092266841735]","[[0.7547673255855715, 0.13991635051322784], [-0.41626514649765245, -0.19523022668211273]]",0.5,TimeSeriesSplit(5) multisalida,,
SAN_JUAN_DE_LURIGANCHO,VIENTO_VECTOR,2025-10-29 02:00:00,2025-10-30 00:00:00,23,23,unimputable,False,no_vector_method_available,0,,20,,,,,,,,,,,
SAN_JUAN_DE_LURIGANCHO,VEL_VIENTO,2025-10-30 03:00:00,2025-10-30 04:00:00,2,2,short_vector_linear,True,,2,2025-10-30T03:00:00|2025-10-30T04:00:00,0,,,,,,,,,,,
SAN_JUAN_DE_LURIGANCHO,VEL_VIENTO,2025-10-30 08:00:00,2025-11-01 03:00:00,44,44,weekly_vector_seasonal,True,,2,2025-10-31T05:00:00|2025-10-31T06:00:00,42,,,,,,,,,,3.0,
SAN_JUAN_DE_LURIGANCHO,VIENTO_VECTOR,2025-10-30 08:00:00,2025-11-01 03:00:00,44,44,interstation_vector_regression,False,r2_below_threshold,0,,42,-1.3774211367867903,SANTA_ANITA,7.4653240754465795,1.0,5978.0,"[-0.003915207043303948, -0.18618919098320125]","[[0.6553746212213365, 0.6564678196009518], [-0.27301503282919937, -0.42357223052918236]]",0.5,TimeSeriesSplit(5) multisalida,,
SAN_JUAN_DE_LURIGANCHO,VIENTO_VECTOR,2025-10-30 08:00:00,2025-11-01 03:00:00,44,44,interstation_vector_regression,False,r2_below_threshold,0,,42,-1.2504130488580807,CERES,9.429216388609277,1.0,7047.0,"[-0.07220261894801394, -0.3370204406907482]","[[0.6380474932617379, 0.9964959514721488], [-0.10380141064927667, -0.4666687298991079]]",0.5,TimeSeriesSplit(5) multisalida,,
SAN_JUAN_DE_LURIGANCHO,VIENTO_VECTOR,2025-10-30 08:00:00,2025-11-01 03:00:00,44,44,interstation_vector_regression,False,r2_below_threshold,0,,42,-1.116639339354385,CARABAYLLO,9.593975224056559,1.0,6775.0,"[-0.47994722645075205, -0.23558945647015422]","[[1.3043965739301941, 1.2910569710873347], [-0.5205484736307412, -0.20062954408102732]]",0.5,TimeSeriesSplit(5) multisalida,,
SAN_JUAN_DE_LURIGANCHO,VIENTO_VECTOR,2025-10-30 08:00:00,2025-11-01 03:00:00,44,44,interstation_vector_regression,False,r2_below_threshold,0,,42,-1.3621975320050008,SAN_MARTIN_DE_PORRES,9.75182688225575,1.0,7022.0,"[-0.22324650724074546, -0.38932956327374457]","[[0.3642119079219212, 0.611401927491485], [-0.08397048602893663, -0.16333947748576433]]",0.5,TimeSeriesSplit(5) multisalida,,
SAN_JUAN_DE_LURIGANCHO,VIENTO_VECTOR,2025-10-30 08:00:00,2025-11-01 03:00:00,44,44,interstation_vector_regression,False,r2_below_threshold,0,,42,-1.4264838051169741,CAMPO_DE_MARTE,10.979336409143984,1.0,6958.0,"[-0.33766372108840803, -0.26393964422885025]","[[0.9221922133777543, 0.40169055512710705], [-0.42807090936805836, -0.06770779455417039]]",0.5,TimeSeriesSplit(5) multisalida,,
SAN_JUAN_DE_LURIGANCHO,VIENTO_VECTOR,2025-10-30 08:00:00,2025-11-01 03:00:00,44,44,interstation_vector_regression,False,r2_below_threshold,0,,42,-2.1139152858500103,SAN_BORJA,14.1460220348316,1.0,6828.0,"[0.3543860109431772, -0.47143092266841735]","[[0.7547673255855715, 0.13991635051322784], [-0.41626514649765245, -0.19523022668211273]]",0.5,TimeSeriesSplit(5) multisalida,,
SAN_JUAN_DE_LURIGANCHO,VIENTO_VECTOR,2025-10-30 08:00:00,2025-11-01 03:00:00,44,44,unimputable,False,no_vector_method_available,0,,42,,,,,,,,,,,
SAN_JUAN_DE_LURIGANCHO,VIENTO_VECTOR,2025-11-01 09:00:00,2025-11-02 02:00:00,18,18,interstation_vector_regression,False,r2_below_threshold,0,,18,-1.3774211367867903,SANTA_ANITA,7.4653240754465795,1.0,5978.0,"[-0.003915207043303948, -0.18618919098320125]","[[0.6553746212213365, 0.6564678196009518], [-0.27301503282919937, -0.42357223052918236]]",0.5,TimeSeriesSplit(5) multisalida,,
SAN_JUAN_DE_LURIGANCHO,VIENTO_VECTOR,2025-11-01 09:00:00,2025-11-02 02:00:00,18,18,interstation_vector_regression,False,r2_below_threshold,0,,18,-1.2504130488580807,CERES,9.429216388609277,1.0,7047.0,"[-0.07220261894801394, -0.3370204406907482]","[[0.6380474932617379, 0.9964959514721488], [-0.10380141064927667, -0.4666687298991079]]",0.5,TimeSeriesSplit(5) multisalida,,
SAN_JUAN_DE_LURIGANCHO,VIENTO_VECTOR,2025-11-01 09:00:00,2025-11-02 02:00:00,18,18,interstation_vector_regression,False,r2_below_threshold,0,,18,-1.116639339354385,CARABAYLLO,9.593975224056559,1.0,6775.0,"[-0.47994722645075205, -0.23558945647015422]","[[1.3043965739301941, 1.2910569710873347], [-0.5205484736307412, -0.20062954408102732]]",0.5,TimeSeriesSplit(5) multisalida,,
SAN_JUAN_DE_LURIGANCHO,VIENTO_VECTOR,2025-11-01 09:00:00,2025-11-02 02:00:00,18,18,interstation_vector_regression,False,r2_below_threshold,0,,18,-1.3621975320050008,SAN_MARTIN_DE_PORRES,9.75182688225575,1.0,7022.0,"[-0.22324650724074546, -0.38932956327374457]","[[0.3642119079219212, 0.611401927491485], [-0.08397048602893663, -0.16333947748576433]]",0.5,TimeSeriesSplit(5) multisalida,,
SAN_JUAN_DE_LURIGANCHO,VIENTO_VECTOR,2025-11-01 09:00:00,2025-11-02 02:00:00,18,18,interstation_vector_regression,False,r2_below_threshold,0,,18,-1.4264838051169741,CAMPO_DE_MARTE,10.979336409143984,1.0,6958.0,"[-0.33766372108840803, -0.26393964422885025]","[[0.9221922133777543, 0.40169055512710705], [-0.42807090936805836, -0.06770779455417039]]",0.5,TimeSeriesSplit(5) multisalida,,
SAN_JUAN_DE_LURIGANCHO,VIENTO_VECTOR,2025-11-01 09:00:00,2025-11-02 02:00:00,18,18,interstation_vector_regression,False,r2_below_threshold,0,,18,-2.1139152858500103,SAN_BORJA,14.1460220348316,1.0,6828.0,"[0.3543860109431772, -0.47143092266841735]","[[0.7547673255855715, 0.13991635051322784], [-0.41626514649765245, -0.19523022668211273]]",0.5,TimeSeriesSplit(5) multisalida,,
SAN_JUAN_DE_LURIGANCHO,VIENTO_VECTOR,2025-11-01 09:00:00,2025-11-02 02:00:00,18,18,unimputable,False,no_vector_method_available,0,,18,,,,,,,,,,,
SAN_JUAN_DE_LURIGANCHO,VEL_VIENTO,2025-11-02 08:00:00,2025-11-05 02:00:00,67,67,weekly_vector_seasonal,True,,8,2025-11-03T03:00:00|2025-11-03T04:00:00|2025-11-03T05:00:00|2025-11-03T06:00:00|2025-11-03T07:00:00|2025-11-04T04:00:00|2025-11-04T05:00:00|2025-11-05T01:00:00,59,,,,,,,,,,3.0,
SAN_JUAN_DE_LURIGANCHO,VIENTO_VECTOR,2025-11-02 08:00:00,2025-11-05 02:00:00,67,67,interstation_vector_regression,False,r2_below_threshold,0,,59,-1.3774211367867903,SANTA_ANITA,7.4653240754465795,1.0,5978.0,"[-0.003915207043303948, -0.18618919098320125]","[[0.6553746212213365, 0.6564678196009518], [-0.27301503282919937, -0.42357223052918236]]",0.5,TimeSeriesSplit(5) multisalida,,
SAN_JUAN_DE_LURIGANCHO,VIENTO_VECTOR,2025-11-02 08:00:00,2025-11-05 02:00:00,67,67,interstation_vector_regression,False,r2_below_threshold,0,,59,-1.2504130488580807,CERES,9.429216388609277,1.0,7047.0,"[-0.07220261894801394, -0.3370204406907482]","[[0.6380474932617379, 0.9964959514721488], [-0.10380141064927667, -0.4666687298991079]]",0.5,TimeSeriesSplit(5) multisalida,,
SAN_JUAN_DE_LURIGANCHO,VIENTO_VECTOR,2025-11-02 08:00:00,2025-11-05 02:00:00,67,67,interstation_vector_regression,False,r2_below_threshold,0,,59,-1.116639339354385,CARABAYLLO,9.593975224056559,1.0,6775.0,"[-0.47994722645075205, -0.23558945647015422]","[[1.3043965739301941, 1.2910569710873347], [-0.5205484736307412, -0.20062954408102732]]",0.5,TimeSeriesSplit(5) multisalida,,
SAN_JUAN_DE_LURIGANCHO,VIENTO_VECTOR,2025-11-02 08:00:00,2025-11-05 02:00:00,67,67,interstation_vector_regression,False,r2_below_threshold,0,,59,-1.3621975320050008,SAN_MARTIN_DE_PORRES,9.75182688225575,1.0,7022.0,"[-0.22324650724074546, -0.38932956327374457]","[[0.3642119079219212, 0.611401927491485], [-0.08397048602893663, -0.16333947748576433]]",0.5,TimeSeriesSplit(5) multisalida,,
SAN_JUAN_DE_LURIGANCHO,VIENTO_VECTOR,2025-11-02 08:00:00,2025-11-05 02:00:00,67,67,interstation_vector_regression,False,r2_below_threshold,0,,59,-1.4264838051169741,CAMPO_DE_MARTE,10.979336409143984,1.0,6958.0,"[-0.33766372108840803, -0.26393964422885025]","[[0.9221922133777543, 0.40169055512710705], [-0.42807090936805836, -0.06770779455417039]]",0.5,TimeSeriesSplit(5) multisalida,,
SAN_JUAN_DE_LURIGANCHO,VIENTO_VECTOR,2025-11-02 08:00:00,2025-11-05 02:00:00,67,67,interstation_vector_regression,False,r2_below_threshold,0,,59,-2.1139152858500103,SAN_BORJA,14.1460220348316,1.0,6828.0,"[0.3543860109431772, -0.47143092266841735]","[[0.7547673255855715, 0.13991635051322784], [-0.41626514649765245, -0.19523022668211273]]",0.5,TimeSeriesSplit(5) multisalida,,
SAN_JUAN_DE_LURIGANCHO,VIENTO_VECTOR,2025-11-02 08:00:00,2025-11-05 02:00:00,67,67,unimputable,False,no_vector_method_available,0,,59,,,,,,,,,,,
SAN_JUAN_DE_LURIGANCHO,VEL_VIENTO,2025-11-05 04:00:00,2025-11-06 05:00:00,26,26,weekly_vector_seasonal,True,,4,2025-11-05T04:00:00|2025-11-06T01:00:00|2025-11-06T02:00:00|2025-11-06T05:00:00,22,,,,,,,,,,3.0,
SAN_JUAN_DE_LURIGANCHO,VIENTO_VECTOR,2025-11-05 04:00:00,2025-11-06 05:00:00,26,26,interstation_vector_regression,False,r2_below_threshold,0,,22,-1.3774211367867903,SANTA_ANITA,7.4653240754465795,1.0,5978.0,"[-0.003915207043303948, -0.18618919098320125]","[[0.6553746212213365, 0.6564678196009518], [-0.27301503282919937, -0.42357223052918236]]",0.5,TimeSeriesSplit(5) multisalida,,
SAN_JUAN_DE_LURIGANCHO,VIENTO_VECTOR,2025-11-05 04:00:00,2025-11-06 05:00:00,26,26,interstation_vector_regression,False,r2_below_threshold,0,,22,-1.2504130488580807,CERES,9.429216388609277,1.0,7047.0,"[-0.07220261894801394, -0.3370204406907482]","[[0.6380474932617379, 0.9964959514721488], [-0.10380141064927667, -0.4666687298991079]]",0.5,TimeSeriesSplit(5) multisalida,,
SAN_JUAN_DE_LURIGANCHO,VIENTO_VECTOR,2025-11-05 04:00:00,2025-11-06 05:00:00,26,26,interstation_vector_regression,False,r2_below_threshold,0,,22,-1.116639339354385,CARABAYLLO,9.593975224056559,1.0,6775.0,"[-0.47994722645075205, -0.23558945647015422]","[[1.3043965739301941, 1.2910569710873347], [-0.5205484736307412, -0.20062954408102732]]",0.5,TimeSeriesSplit(5) multisalida,,
SAN_JUAN_DE_LURIGANCHO,VIENTO_VECTOR,2025-11-05 04:00:00,2025-11-06 05:00:00,26,26,interstation_vector_regression,False,r2_below_threshold,0,,22,-1.3621975320050008,SAN_MARTIN_DE_PORRES,9.75182688225575,1.0,7022.0,"[-0.22324650724074546, -0.38932956327374457]","[[0.3642119079219212, 0.611401927491485], [-0.08397048602893663, -0.16333947748576433]]",0.5,TimeSeriesSplit(5) multisalida,,
SAN_JUAN_DE_LURIGANCHO,VIENTO_VECTOR,2025-11-05 04:00:00,2025-11-06 05:00:00,26,26,interstation_vector_regression,False,r2_below_threshold,0,,22,-1.4264838051169741,CAMPO_DE_MARTE,10.979336409143984,1.0,6958.0,"[-0.33766372108840803, -0.26393964422885025]","[[0.9221922133777543, 0.40169055512710705], [-0.42807090936805836, -0.06770779455417039]]",0.5,TimeSeriesSplit(5) multisalida,,
SAN_JUAN_DE_LURIGANCHO,VIENTO_VECTOR,2025-11-05 04:00:00,2025-11-06 05:00:00,26,26,interstation_vector_regression,False,r2_below_threshold,0,,22,-2.1139152858500103,SAN_BORJA,14.1460220348316,1.0,6828.0,"[0.3543860109431772, -0.47143092266841735]","[[0.7547673255855715, 0.13991635051322784], [-0.41626514649765245, -0.19523022668211273]]",0.5,TimeSeriesSplit(5) multisalida,,
SAN_JUAN_DE_LURIGANCHO,VIENTO_VECTOR,2025-11-05 04:00:00,2025-11-06 05:00:00,26,26,unimputable,False,no_vector_method_available,0,,22,,,,,,,,,,,
SAN_JUAN_DE_LURIGANCHO,VIENTO_VECTOR,2025-11-06 08:00:00,2025-11-06 23:00:00,16,16,interstation_vector_regression,False,r2_below_threshold,0,,16,-1.3774211367867903,SANTA_ANITA,7.4653240754465795,1.0,5978.0,"[-0.003915207043303948, -0.18618919098320125]","[[0.6553746212213365, 0.6564678196009518], [-0.27301503282919937, -0.42357223052918236]]",0.5,TimeSeriesSplit(5) multisalida,,
SAN_JUAN_DE_LURIGANCHO,VIENTO_VECTOR,2025-11-06 08:00:00,2025-11-06 23:00:00,16,16,interstation_vector_regression,False,r2_below_threshold,0,,16,-1.2504130488580807,CERES,9.429216388609277,1.0,7047.0,"[-0.07220261894801394, -0.3370204406907482]","[[0.6380474932617379, 0.9964959514721488], [-0.10380141064927667, -0.4666687298991079]]",0.5,TimeSeriesSplit(5) multisalida,,
SAN_JUAN_DE_LURIGANCHO,VIENTO_VECTOR,2025-11-06 08:00:00,2025-11-06 23:00:00,16,16,interstation_vector_regression,False,r2_below_threshold,0,,16,-1.116639339354385,CARABAYLLO,9.593975224056559,1.0,6775.0,"[-0.47994722645075205, -0.23558945647015422]","[[1.3043965739301941, 1.2910569710873347], [-0.5205484736307412, -0.20062954408102732]]",0.5,TimeSeriesSplit(5) multisalida,,
SAN_JUAN_DE_LURIGANCHO,VIENTO_VECTOR,2025-11-06 08:00:00,2025-11-06 23:00:00,16,16,interstation_vector_regression,False,r2_below_threshold,0,,16,-1.3621975320050008,SAN_MARTIN_DE_PORRES,9.75182688225575,1.0,7022.0,"[-0.22324650724074546, -0.38932956327374457]","[[0.3642119079219212, 0.611401927491485], [-0.08397048602893663, -0.16333947748576433]]",0.5,TimeSeriesSplit(5) multisalida,,
SAN_JUAN_DE_LURIGANCHO,VIENTO_VECTOR,2025-11-06 08:00:00,2025-11-06 23:00:00,16,16,interstation_vector_regression,False,r2_below_threshold,0,,16,-1.4264838051169741,CAMPO_DE_MARTE,10.979336409143984,1.0,6958.0,"[-0.33766372108840803, -0.26393964422885025]","[[0.9221922133777543, 0.40169055512710705], [-0.42807090936805836, -0.06770779455417039]]",0.5,TimeSeriesSplit(5) multisalida,,
SAN_JUAN_DE_LURIGANCHO,VIENTO_VECTOR,2025-11-06 08:00:00,2025-11-06 23:00:00,16,16,interstation_vector_regression,False,r2_below_threshold,0,,16,-2.1139152858500103,SAN_BORJA,14.1460220348316,1.0,6828.0,"[0.3543860109431772, -0.47143092266841735]","[[0.7547673255855715, 0.13991635051322784], [-0.41626514649765245, -0.19523022668211273]]",0.5,TimeSeriesSplit(5) multisalida,,
SAN_JUAN_DE_LURIGANCHO,VIENTO_VECTOR,2025-11-06 08:00:00,2025-11-06 23:00:00,16,16,unimputable,False,no_vector_method_available,0,,16,,,,,,,,,,,
SAN_JUAN_DE_LURIGANCHO,VEL_VIENTO,2025-11-07 02:00:00,2025-11-07 02:00:00,1,1,short_vector_linear,True,,1,2025-11-07T02:00:00,0,,,,,,,,,,,
SAN_JUAN_DE_LURIGANCHO,VIENTO_VECTOR,2025-11-07 07:00:00,2025-11-08 03:00:00,21,21,interstation_vector_regression,False,r2_below_threshold,0,,21,-1.3774211367867903,SANTA_ANITA,7.4653240754465795,1.0,5978.0,"[-0.003915207043303948, -0.18618919098320125]","[[0.6553746212213365, 0.6564678196009518], [-0.27301503282919937, -0.42357223052918236]]",0.5,TimeSeriesSplit(5) multisalida,,
SAN_JUAN_DE_LURIGANCHO,VIENTO_VECTOR,2025-11-07 07:00:00,2025-11-08 03:00:00,21,21,interstation_vector_regression,False,r2_below_threshold,0,,21,-1.2504130488580807,CERES,9.429216388609277,1.0,7047.0,"[-0.07220261894801394, -0.3370204406907482]","[[0.6380474932617379, 0.9964959514721488], [-0.10380141064927667, -0.4666687298991079]]",0.5,TimeSeriesSplit(5) multisalida,,
SAN_JUAN_DE_LURIGANCHO,VIENTO_VECTOR,2025-11-07 07:00:00,2025-11-08 03:00:00,21,21,interstation_vector_regression,False,r2_below_threshold,0,,21,-1.116639339354385,CARABAYLLO,9.593975224056559,1.0,6775.0,"[-0.47994722645075205, -0.23558945647015422]","[[1.3043965739301941, 1.2910569710873347], [-0.5205484736307412, -0.20062954408102732]]",0.5,TimeSeriesSplit(5) multisalida,,
SAN_JUAN_DE_LURIGANCHO,VIENTO_VECTOR,2025-11-07 07:00:00,2025-11-08 03:00:00,21,21,interstation_vector_regression,False,r2_below_threshold,0,,21,-1.3621975320050008,SAN_MARTIN_DE_PORRES,9.75182688225575,1.0,7022.0,"[-0.22324650724074546, -0.38932956327374457]","[[0.3642119079219212, 0.611401927491485], [-0.08397048602893663, -0.16333947748576433]]",0.5,TimeSeriesSplit(5) multisalida,,
SAN_JUAN_DE_LURIGANCHO,VIENTO_VECTOR,2025-11-07 07:00:00,2025-11-08 03:00:00,21,21,interstation_vector_regression,False,r2_below_threshold,0,,21,-1.4264838051169741,CAMPO_DE_MARTE,10.979336409143984,1.0,6958.0,"[-0.33766372108840803, -0.26393964422885025]","[[0.9221922133777543, 0.40169055512710705], [-0.42807090936805836, -0.06770779455417039]]",0.5,TimeSeriesSplit(5) multisalida,,
SAN_JUAN_DE_LURIGANCHO,VIENTO_VECTOR,2025-11-07 07:00:00,2025-11-08 03:00:00,21,21,interstation_vector_regression,False,r2_below_threshold,0,,21,-2.1139152858500103,SAN_BORJA,14.1460220348316,1.0,6828.0,"[0.3543860109431772, -0.47143092266841735]","[[0.7547673255855715, 0.13991635051322784], [-0.41626514649765245, -0.19523022668211273]]",0.5,TimeSeriesSplit(5) multisalida,,
SAN_JUAN_DE_LURIGANCHO,VIENTO_VECTOR,2025-11-07 07:00:00,2025-11-08 03:00:00,21,21,unimputable,False,no_vector_method_available,0,,21,,,,,,,,,,,
SAN_JUAN_DE_LURIGANCHO,VIENTO_VECTOR,2025-11-08 10:00:00,2025-11-09 02:00:00,17,17,interstation_vector_regression,False,r2_below_threshold,0,,17,-1.3774211367867903,SANTA_ANITA,7.4653240754465795,1.0,5978.0,"[-0.003915207043303948, -0.18618919098320125]","[[0.6553746212213365, 0.6564678196009518], [-0.27301503282919937, -0.42357223052918236]]",0.5,TimeSeriesSplit(5) multisalida,,
SAN_JUAN_DE_LURIGANCHO,VIENTO_VECTOR,2025-11-08 10:00:00,2025-11-09 02:00:00,17,17,interstation_vector_regression,False,r2_below_threshold,0,,17,-1.2504130488580807,CERES,9.429216388609277,1.0,7047.0,"[-0.07220261894801394, -0.3370204406907482]","[[0.6380474932617379, 0.9964959514721488], [-0.10380141064927667, -0.4666687298991079]]",0.5,TimeSeriesSplit(5) multisalida,,
SAN_JUAN_DE_LURIGANCHO,VIENTO_VECTOR,2025-11-08 10:00:00,2025-11-09 02:00:00,17,17,interstation_vector_regression,False,r2_below_threshold,0,,17,-1.116639339354385,CARABAYLLO,9.593975224056559,1.0,6775.0,"[-0.47994722645075205, -0.23558945647015422]","[[1.3043965739301941, 1.2910569710873347], [-0.5205484736307412, -0.20062954408102732]]",0.5,TimeSeriesSplit(5) multisalida,,
SAN_JUAN_DE_LURIGANCHO,VIENTO_VECTOR,2025-11-08 10:00:00,2025-11-09 02:00:00,17,17,interstation_vector_regression,False,r2_below_threshold,0,,17,-1.3621975320050008,SAN_MARTIN_DE_PORRES,9.75182688225575,1.0,7022.0,"[-0.22324650724074546, -0.38932956327374457]","[[0.3642119079219212, 0.611401927491485], [-0.08397048602893663, -0.16333947748576433]]",0.5,TimeSeriesSplit(5) multisalida,,
SAN_JUAN_DE_LURIGANCHO,VIENTO_VECTOR,2025-11-08 10:00:00,2025-11-09 02:00:00,17,17,interstation_vector_regression,False,r2_below_threshold,0,,17,-1.4264838051169741,CAMPO_DE_MARTE,10.979336409143984,1.0,6958.0,"[-0.33766372108840803, -0.26393964422885025]","[[0.9221922133777543, 0.40169055512710705], [-0.42807090936805836, -0.06770779455417039]]",0.5,TimeSeriesSplit(5) multisalida,,
SAN_JUAN_DE_LURIGANCHO,VIENTO_VECTOR,2025-11-08 10:00:00,2025-11-09 02:00:00,17,17,interstation_vector_regression,False,r2_below_threshold,0,,17,-2.1139152858500103,SAN_BORJA,14.1460220348316,1.0,6828.0,"[0.3543860109431772, -0.47143092266841735]","[[0.7547673255855715, 0.13991635051322784], [-0.41626514649765245, -0.19523022668211273]]",0.5,TimeSeriesSplit(5) multisalida,,
SAN_JUAN_DE_LURIGANCHO,VIENTO_VECTOR,2025-11-08 10:00:00,2025-11-09 02:00:00,17,17,unimputable,False,no_vector_method_available,0,,17,,,,,,,,,,,
SAN_JUAN_DE_LURIGANCHO,VIENTO_VECTOR,2025-11-09 04:00:00,2025-11-10 03:00:00,24,24,interstation_vector_regression,False,r2_below_threshold,0,,24,-1.3774211367867903,SANTA_ANITA,7.4653240754465795,1.0,5978.0,"[-0.003915207043303948, -0.18618919098320125]","[[0.6553746212213365, 0.6564678196009518], [-0.27301503282919937, -0.42357223052918236]]",0.5,TimeSeriesSplit(5) multisalida,,
SAN_JUAN_DE_LURIGANCHO,VIENTO_VECTOR,2025-11-09 04:00:00,2025-11-10 03:00:00,24,24,interstation_vector_regression,False,r2_below_threshold,0,,24,-1.2504130488580807,CERES,9.429216388609277,1.0,7047.0,"[-0.07220261894801394, -0.3370204406907482]","[[0.6380474932617379, 0.9964959514721488], [-0.10380141064927667, -0.4666687298991079]]",0.5,TimeSeriesSplit(5) multisalida,,
SAN_JUAN_DE_LURIGANCHO,VIENTO_VECTOR,2025-11-09 04:00:00,2025-11-10 03:00:00,24,24,interstation_vector_regression,False,r2_below_threshold,0,,24,-1.116639339354385,CARABAYLLO,9.593975224056559,1.0,6775.0,"[-0.47994722645075205, -0.23558945647015422]","[[1.3043965739301941, 1.2910569710873347], [-0.5205484736307412, -0.20062954408102732]]",0.5,TimeSeriesSplit(5) multisalida,,
SAN_JUAN_DE_LURIGANCHO,VIENTO_VECTOR,2025-11-09 04:00:00,2025-11-10 03:00:00,24,24,interstation_vector_regression,False,r2_below_threshold,0,,24,-1.3621975320050008,SAN_MARTIN_DE_PORRES,9.75182688225575,1.0,7022.0,"[-0.22324650724074546, -0.38932956327374457]","[[0.3642119079219212, 0.611401927491485], [-0.08397048602893663, -0.16333947748576433]]",0.5,TimeSeriesSplit(5) multisalida,,
SAN_JUAN_DE_LURIGANCHO,VIENTO_VECTOR,2025-11-09 04:00:00,2025-11-10 03:00:00,24,24,interstation_vector_regression,False,r2_below_threshold,0,,24,-1.4264838051169741,CAMPO_DE_MARTE,10.979336409143984,1.0,6958.0,"[-0.33766372108840803, -0.26393964422885025]","[[0.9221922133777543, 0.40169055512710705], [-0.42807090936805836, -0.06770779455417039]]",0.5,TimeSeriesSplit(5) multisalida,,
SAN_JUAN_DE_LURIGANCHO,VIENTO_VECTOR,2025-11-09 04:00:00,2025-11-10 03:00:00,24,24,interstation_vector_regression,False,r2_below_threshold,0,,24,-2.1139152858500103,SAN_BORJA,14.1460220348316,1.0,6828.0,"[0.3543860109431772, -0.47143092266841735]","[[0.7547673255855715, 0.13991635051322784], [-0.41626514649765245, -0.19523022668211273]]",0.5,TimeSeriesSplit(5) multisalida,,
SAN_JUAN_DE_LURIGANCHO,VIENTO_VECTOR,2025-11-09 04:00:00,2025-11-10 03:00:00,24,24,unimputable,False,no_vector_method_available,0,,24,,,,,,,,,,,
SAN_JUAN_DE_LURIGANCHO,VIENTO_VECTOR,2025-11-10 08:00:00,2025-11-11 03:00:00,20,20,interstation_vector_regression,False,r2_below_threshold,0,,20,-1.3774211367867903,SANTA_ANITA,7.4653240754465795,1.0,5978.0,"[-0.003915207043303948, -0.18618919098320125]","[[0.6553746212213365, 0.6564678196009518], [-0.27301503282919937, -0.42357223052918236]]",0.5,TimeSeriesSplit(5) multisalida,,
SAN_JUAN_DE_LURIGANCHO,VIENTO_VECTOR,2025-11-10 08:00:00,2025-11-11 03:00:00,20,20,interstation_vector_regression,False,r2_below_threshold,0,,20,-1.2504130488580807,CERES,9.429216388609277,1.0,7047.0,"[-0.07220261894801394, -0.3370204406907482]","[[0.6380474932617379, 0.9964959514721488], [-0.10380141064927667, -0.4666687298991079]]",0.5,TimeSeriesSplit(5) multisalida,,
SAN_JUAN_DE_LURIGANCHO,VIENTO_VECTOR,2025-11-10 08:00:00,2025-11-11 03:00:00,20,20,interstation_vector_regression,False,r2_below_threshold,0,,20,-1.116639339354385,CARABAYLLO,9.593975224056559,1.0,6775.0,"[-0.47994722645075205, -0.23558945647015422]","[[1.3043965739301941, 1.2910569710873347], [-0.5205484736307412, -0.20062954408102732]]",0.5,TimeSeriesSplit(5) multisalida,,
SAN_JUAN_DE_LURIGANCHO,VIENTO_VECTOR,2025-11-10 08:00:00,2025-11-11 03:00:00,20,20,interstation_vector_regression,False,r2_below_threshold,0,,20,-1.3621975320050008,SAN_MARTIN_DE_PORRES,9.75182688225575,1.0,7022.0,"[-0.22324650724074546, -0.38932956327374457]","[[0.3642119079219212, 0.611401927491485], [-0.08397048602893663, -0.16333947748576433]]",0.5,TimeSeriesSplit(5) multisalida,,
SAN_JUAN_DE_LURIGANCHO,VIENTO_VECTOR,2025-11-10 08:00:00,2025-11-11 03:00:00,20,20,interstation_vector_regression,False,r2_below_threshold,0,,20,-1.4264838051169741,CAMPO_DE_MARTE,10.979336409143984,1.0,6958.0,"[-0.33766372108840803, -0.26393964422885025]","[[0.9221922133777543, 0.40169055512710705], [-0.42807090936805836, -0.06770779455417039]]",0.5,TimeSeriesSplit(5) multisalida,,
SAN_JUAN_DE_LURIGANCHO,VIENTO_VECTOR,2025-11-10 08:00:00,2025-11-11 03:00:00,20,20,interstation_vector_regression,False,r2_below_threshold,0,,20,-2.1139152858500103,SAN_BORJA,14.1460220348316,1.0,6828.0,"[0.3543860109431772, -0.47143092266841735]","[[0.7547673255855715, 0.13991635051322784], [-0.41626514649765245, -0.19523022668211273]]",0.5,TimeSeriesSplit(5) multisalida,,
SAN_JUAN_DE_LURIGANCHO,VIENTO_VECTOR,2025-11-10 08:00:00,2025-11-11 03:00:00,20,20,unimputable,False,no_vector_method_available,0,,20,,,,,,,,,,,
SAN_JUAN_DE_LURIGANCHO,VIENTO_VECTOR,2025-11-11 07:00:00,2025-11-12 01:00:00,19,19,interstation_vector_regression,False,r2_below_threshold,0,,19,-1.3774211367867903,SANTA_ANITA,7.4653240754465795,1.0,5978.0,"[-0.003915207043303948, -0.18618919098320125]","[[0.6553746212213365, 0.6564678196009518], [-0.27301503282919937, -0.42357223052918236]]",0.5,TimeSeriesSplit(5) multisalida,,
SAN_JUAN_DE_LURIGANCHO,VIENTO_VECTOR,2025-11-11 07:00:00,2025-11-12 01:00:00,19,19,interstation_vector_regression,False,r2_below_threshold,0,,19,-1.2504130488580807,CERES,9.429216388609277,1.0,7047.0,"[-0.07220261894801394, -0.3370204406907482]","[[0.6380474932617379, 0.9964959514721488], [-0.10380141064927667, -0.4666687298991079]]",0.5,TimeSeriesSplit(5) multisalida,,
SAN_JUAN_DE_LURIGANCHO,VIENTO_VECTOR,2025-11-11 07:00:00,2025-11-12 01:00:00,19,19,interstation_vector_regression,False,r2_below_threshold,0,,19,-1.116639339354385,CARABAYLLO,9.593975224056559,1.0,6775.0,"[-0.47994722645075205, -0.23558945647015422]","[[1.3043965739301941, 1.2910569710873347], [-0.5205484736307412, -0.20062954408102732]]",0.5,TimeSeriesSplit(5) multisalida,,
SAN_JUAN_DE_LURIGANCHO,VIENTO_VECTOR,2025-11-11 07:00:00,2025-11-12 01:00:00,19,19,interstation_vector_regression,False,r2_below_threshold,0,,19,-1.3621975320050008,SAN_MARTIN_DE_PORRES,9.75182688225575,1.0,7022.0,"[-0.22324650724074546, -0.38932956327374457]","[[0.3642119079219212, 0.611401927491485], [-0.08397048602893663, -0.16333947748576433]]",0.5,TimeSeriesSplit(5) multisalida,,
SAN_JUAN_DE_LURIGANCHO,VIENTO_VECTOR,2025-11-11 07:00:00,2025-11-12 01:00:00,19,19,interstation_vector_regression,False,r2_below_threshold,0,,19,-1.4264838051169741,CAMPO_DE_MARTE,10.979336409143984,1.0,6958.0,"[-0.33766372108840803, -0.26393964422885025]","[[0.9221922133777543, 0.40169055512710705], [-0.42807090936805836, -0.06770779455417039]]",0.5,TimeSeriesSplit(5) multisalida,,
SAN_JUAN_DE_LURIGANCHO,VIENTO_VECTOR,2025-11-11 07:00:00,2025-11-12 01:00:00,19,19,interstation_vector_regression,False,r2_below_threshold,0,,19,-2.1139152858500103,SAN_BORJA,14.1460220348316,1.0,6828.0,"[0.3543860109431772, -0.47143092266841735]","[[0.7547673255855715, 0.13991635051322784], [-0.41626514649765245, -0.19523022668211273]]",0.5,TimeSeriesSplit(5) multisalida,,
SAN_JUAN_DE_LURIGANCHO,VIENTO_VECTOR,2025-11-11 07:00:00,2025-11-12 01:00:00,19,19,unimputable,False,no_vector_method_available,0,,19,,,,,,,,,,,
SAN_JUAN_DE_LURIGANCHO,VIENTO_VECTOR,2025-11-12 07:00:00,2025-11-13 00:00:00,18,18,interstation_vector_regression,False,r2_below_threshold,0,,18,-1.3774211367867903,SANTA_ANITA,7.4653240754465795,1.0,5978.0,"[-0.003915207043303948, -0.18618919098320125]","[[0.6553746212213365, 0.6564678196009518], [-0.27301503282919937, -0.42357223052918236]]",0.5,TimeSeriesSplit(5) multisalida,,
SAN_JUAN_DE_LURIGANCHO,VIENTO_VECTOR,2025-11-12 07:00:00,2025-11-13 00:00:00,18,18,interstation_vector_regression,False,r2_below_threshold,0,,18,-1.2504130488580807,CERES,9.429216388609277,1.0,7047.0,"[-0.07220261894801394, -0.3370204406907482]","[[0.6380474932617379, 0.9964959514721488], [-0.10380141064927667, -0.4666687298991079]]",0.5,TimeSeriesSplit(5) multisalida,,
SAN_JUAN_DE_LURIGANCHO,VIENTO_VECTOR,2025-11-12 07:00:00,2025-11-13 00:00:00,18,18,interstation_vector_regression,False,r2_below_threshold,0,,18,-1.116639339354385,CARABAYLLO,9.593975224056559,1.0,6775.0,"[-0.47994722645075205, -0.23558945647015422]","[[1.3043965739301941, 1.2910569710873347], [-0.5205484736307412, -0.20062954408102732]]",0.5,TimeSeriesSplit(5) multisalida,,
SAN_JUAN_DE_LURIGANCHO,VIENTO_VECTOR,2025-11-12 07:00:00,2025-11-13 00:00:00,18,18,interstation_vector_regression,False,r2_below_threshold,0,,18,-1.3621975320050008,SAN_MARTIN_DE_PORRES,9.75182688225575,1.0,7022.0,"[-0.22324650724074546, -0.38932956327374457]","[[0.3642119079219212, 0.611401927491485], [-0.08397048602893663, -0.16333947748576433]]",0.5,TimeSeriesSplit(5) multisalida,,
SAN_JUAN_DE_LURIGANCHO,VIENTO_VECTOR,2025-11-12 07:00:00,2025-11-13 00:00:00,18,18,interstation_vector_regression,False,r2_below_threshold,0,,18,-1.4264838051169741,CAMPO_DE_MARTE,10.979336409143984,1.0,6958.0,"[-0.33766372108840803, -0.26393964422885025]","[[0.9221922133777543, 0.40169055512710705], [-0.42807090936805836, -0.06770779455417039]]",0.5,TimeSeriesSplit(5) multisalida,,
SAN_JUAN_DE_LURIGANCHO,VIENTO_VECTOR,2025-11-12 07:00:00,2025-11-13 00:00:00,18,18,interstation_vector_regression,False,r2_below_threshold,0,,18,-2.1139152858500103,SAN_BORJA,14.1460220348316,1.0,6828.0,"[0.3543860109431772, -0.47143092266841735]","[[0.7547673255855715, 0.13991635051322784], [-0.41626514649765245, -0.19523022668211273]]",0.5,TimeSeriesSplit(5) multisalida,,
SAN_JUAN_DE_LURIGANCHO,VIENTO_VECTOR,2025-11-12 07:00:00,2025-11-13 00:00:00,18,18,unimputable,False,no_vector_method_available,0,,18,,,,,,,,,,,
SAN_JUAN_DE_LURIGANCHO,VEL_VIENTO,2025-11-13 07:00:00,2025-11-14 04:00:00,22,22,weekly_vector_seasonal,True,,1,2025-11-13T07:00:00,21,,,,,,,,,,3.0,
SAN_JUAN_DE_LURIGANCHO,VIENTO_VECTOR,2025-11-13 07:00:00,2025-11-14 04:00:00,22,22,interstation_vector_regression,False,r2_below_threshold,0,,21,-1.3774211367867903,SANTA_ANITA,7.4653240754465795,1.0,5978.0,"[-0.003915207043303948, -0.18618919098320125]","[[0.6553746212213365, 0.6564678196009518], [-0.27301503282919937, -0.42357223052918236]]",0.5,TimeSeriesSplit(5) multisalida,,
SAN_JUAN_DE_LURIGANCHO,VIENTO_VECTOR,2025-11-13 07:00:00,2025-11-14 04:00:00,22,22,interstation_vector_regression,False,r2_below_threshold,0,,21,-1.2504130488580807,CERES,9.429216388609277,1.0,7047.0,"[-0.07220261894801394, -0.3370204406907482]","[[0.6380474932617379, 0.9964959514721488], [-0.10380141064927667, -0.4666687298991079]]",0.5,TimeSeriesSplit(5) multisalida,,
SAN_JUAN_DE_LURIGANCHO,VIENTO_VECTOR,2025-11-13 07:00:00,2025-11-14 04:00:00,22,22,interstation_vector_regression,False,r2_below_threshold,0,,21,-1.116639339354385,CARABAYLLO,9.593975224056559,1.0,6775.0,"[-0.47994722645075205, -0.23558945647015422]","[[1.3043965739301941, 1.2910569710873347], [-0.5205484736307412, -0.20062954408102732]]",0.5,TimeSeriesSplit(5) multisalida,,
SAN_JUAN_DE_LURIGANCHO,VIENTO_VECTOR,2025-11-13 07:00:00,2025-11-14 04:00:00,22,22,interstation_vector_regression,False,r2_below_threshold,0,,21,-1.3621975320050008,SAN_MARTIN_DE_PORRES,9.75182688225575,1.0,7022.0,"[-0.22324650724074546, -0.38932956327374457]","[[0.3642119079219212, 0.611401927491485], [-0.08397048602893663, -0.16333947748576433]]",0.5,TimeSeriesSplit(5) multisalida,,
SAN_JUAN_DE_LURIGANCHO,VIENTO_VECTOR,2025-11-13 07:00:00,2025-11-14 04:00:00,22,22,interstation_vector_regression,False,r2_below_threshold,0,,21,-1.4264838051169741,CAMPO_DE_MARTE,10.979336409143984,1.0,6958.0,"[-0.33766372108840803, -0.26393964422885025]","[[0.9221922133777543, 0.40169055512710705], [-0.42807090936805836, -0.06770779455417039]]",0.5,TimeSeriesSplit(5) multisalida,,
SAN_JUAN_DE_LURIGANCHO,VIENTO_VECTOR,2025-11-13 07:00:00,2025-11-14 04:00:00,22,22,interstation_vector_regression,False,r2_below_threshold,0,,21,-2.1139152858500103,SAN_BORJA,14.1460220348316,1.0,6828.0,"[0.3543860109431772, -0.47143092266841735]","[[0.7547673255855715, 0.13991635051322784], [-0.41626514649765245, -0.19523022668211273]]",0.5,TimeSeriesSplit(5) multisalida,,
SAN_JUAN_DE_LURIGANCHO,VIENTO_VECTOR,2025-11-13 07:00:00,2025-11-14 04:00:00,22,22,unimputable,False,no_vector_method_available,0,,21,,,,,,,,,,,
SAN_JUAN_DE_LURIGANCHO,VIENTO_VECTOR,2025-11-14 07:00:00,2025-11-15 03:00:00,21,21,interstation_vector_regression,False,r2_below_threshold,0,,21,-1.3774211367867903,SANTA_ANITA,7.4653240754465795,1.0,5978.0,"[-0.003915207043303948, -0.18618919098320125]","[[0.6553746212213365, 0.6564678196009518], [-0.27301503282919937, -0.42357223052918236]]",0.5,TimeSeriesSplit(5) multisalida,,
SAN_JUAN_DE_LURIGANCHO,VIENTO_VECTOR,2025-11-14 07:00:00,2025-11-15 03:00:00,21,21,interstation_vector_regression,False,r2_below_threshold,0,,21,-1.2504130488580807,CERES,9.429216388609277,1.0,7047.0,"[-0.07220261894801394, -0.3370204406907482]","[[0.6380474932617379, 0.9964959514721488], [-0.10380141064927667, -0.4666687298991079]]",0.5,TimeSeriesSplit(5) multisalida,,
SAN_JUAN_DE_LURIGANCHO,VIENTO_VECTOR,2025-11-14 07:00:00,2025-11-15 03:00:00,21,21,interstation_vector_regression,False,r2_below_threshold,0,,21,-1.116639339354385,CARABAYLLO,9.593975224056559,1.0,6775.0,"[-0.47994722645075205, -0.23558945647015422]","[[1.3043965739301941, 1.2910569710873347], [-0.5205484736307412, -0.20062954408102732]]",0.5,TimeSeriesSplit(5) multisalida,,
SAN_JUAN_DE_LURIGANCHO,VIENTO_VECTOR,2025-11-14 07:00:00,2025-11-15 03:00:00,21,21,interstation_vector_regression,False,r2_below_threshold,0,,21,-1.3621975320050008,SAN_MARTIN_DE_PORRES,9.75182688225575,1.0,7022.0,"[-0.22324650724074546, -0.38932956327374457]","[[0.3642119079219212, 0.611401927491485], [-0.08397048602893663, -0.16333947748576433]]",0.5,TimeSeriesSplit(5) multisalida,,
SAN_JUAN_DE_LURIGANCHO,VIENTO_VECTOR,2025-11-14 07:00:00,2025-11-15 03:00:00,21,21,interstation_vector_regression,False,r2_below_threshold,0,,21,-1.4264838051169741,CAMPO_DE_MARTE,10.979336409143984,1.0,6958.0,"[-0.33766372108840803, -0.26393964422885025]","[[0.9221922133777543, 0.40169055512710705], [-0.42807090936805836, -0.06770779455417039]]",0.5,TimeSeriesSplit(5) multisalida,,
SAN_JUAN_DE_LURIGANCHO,VIENTO_VECTOR,2025-11-14 07:00:00,2025-11-15 03:00:00,21,21,interstation_vector_regression,False,r2_below_threshold,0,,21,-2.1139152858500103,SAN_BORJA,14.1460220348316,1.0,6828.0,"[0.3543860109431772, -0.47143092266841735]","[[0.7547673255855715, 0.13991635051322784], [-0.41626514649765245, -0.19523022668211273]]",0.5,TimeSeriesSplit(5) multisalida,,
SAN_JUAN_DE_LURIGANCHO,VIENTO_VECTOR,2025-11-14 07:00:00,2025-11-15 03:00:00,21,21,unimputable,False,no_vector_method_available,0,,21,,,,,,,,,,,
SAN_JUAN_DE_LURIGANCHO,VEL_VIENTO,2025-11-15 07:00:00,2025-11-17 02:00:00,44,44,weekly_vector_seasonal,True,,3,2025-11-15T07:00:00|2025-11-15T08:00:00|2025-11-16T03:00:00,41,,,,,,,,,,3.0,
SAN_JUAN_DE_LURIGANCHO,VIENTO_VECTOR,2025-11-15 07:00:00,2025-11-17 02:00:00,44,44,interstation_vector_regression,False,r2_below_threshold,0,,41,-1.3774211367867903,SANTA_ANITA,7.4653240754465795,1.0,5978.0,"[-0.003915207043303948, -0.18618919098320125]","[[0.6553746212213365, 0.6564678196009518], [-0.27301503282919937, -0.42357223052918236]]",0.5,TimeSeriesSplit(5) multisalida,,
SAN_JUAN_DE_LURIGANCHO,VIENTO_VECTOR,2025-11-15 07:00:00,2025-11-17 02:00:00,44,44,interstation_vector_regression,False,r2_below_threshold,0,,41,-1.2504130488580807,CERES,9.429216388609277,1.0,7047.0,"[-0.07220261894801394, -0.3370204406907482]","[[0.6380474932617379, 0.9964959514721488], [-0.10380141064927667, -0.4666687298991079]]",0.5,TimeSeriesSplit(5) multisalida,,
SAN_JUAN_DE_LURIGANCHO,VIENTO_VECTOR,2025-11-15 07:00:00,2025-11-17 02:00:00,44,44,interstation_vector_regression,False,insufficient_gap_coverage,0,,41,,CARABAYLLO,9.593975224056559,0.8780487804878049,,,,0.5,TimeSeriesSplit(5) multisalida,,
SAN_JUAN_DE_LURIGANCHO,VIENTO_VECTOR,2025-11-15 07:00:00,2025-11-17 02:00:00,44,44,interstation_vector_regression,False,r2_below_threshold,0,,41,-1.3621975320050008,SAN_MARTIN_DE_PORRES,9.75182688225575,1.0,7022.0,"[-0.22324650724074546, -0.38932956327374457]","[[0.3642119079219212, 0.611401927491485], [-0.08397048602893663, -0.16333947748576433]]",0.5,TimeSeriesSplit(5) multisalida,,
SAN_JUAN_DE_LURIGANCHO,VIENTO_VECTOR,2025-11-15 07:00:00,2025-11-17 02:00:00,44,44,interstation_vector_regression,False,r2_below_threshold,0,,41,-1.4264838051169741,CAMPO_DE_MARTE,10.979336409143984,1.0,6958.0,"[-0.33766372108840803, -0.26393964422885025]","[[0.9221922133777543, 0.40169055512710705], [-0.42807090936805836, -0.06770779455417039]]",0.5,TimeSeriesSplit(5) multisalida,,
SAN_JUAN_DE_LURIGANCHO,VIENTO_VECTOR,2025-11-15 07:00:00,2025-11-17 02:00:00,44,44,interstation_vector_regression,False,r2_below_threshold,0,,41,-2.1139152858500103,SAN_BORJA,14.1460220348316,1.0,6828.0,"[0.3543860109431772, -0.47143092266841735]","[[0.7547673255855715, 0.13991635051322784], [-0.41626514649765245, -0.19523022668211273]]",0.5,TimeSeriesSplit(5) multisalida,,
SAN_JUAN_DE_LURIGANCHO,VIENTO_VECTOR,2025-11-15 07:00:00,2025-11-17 02:00:00,44,44,unimputable,False,no_vector_method_available,0,,41,,,,,,,,,,,
SAN_JUAN_DE_LURIGANCHO,VEL_VIENTO,2025-11-17 07:00:00,2025-11-18 23:00:00,41,41,weekly_vector_seasonal,True,,1,2025-11-18T06:00:00,40,,,,,,,,,,3.0,
SAN_JUAN_DE_LURIGANCHO,VIENTO_VECTOR,2025-11-17 07:00:00,2025-11-18 23:00:00,41,41,interstation_vector_regression,False,r2_below_threshold,0,,40,-1.3774211367867903,SANTA_ANITA,7.4653240754465795,1.0,5978.0,"[-0.003915207043303948, -0.18618919098320125]","[[0.6553746212213365, 0.6564678196009518], [-0.27301503282919937, -0.42357223052918236]]",0.5,TimeSeriesSplit(5) multisalida,,
SAN_JUAN_DE_LURIGANCHO,VIENTO_VECTOR,2025-11-17 07:00:00,2025-11-18 23:00:00,41,41,interstation_vector_regression,False,r2_below_threshold,0,,40,-1.2504130488580807,CERES,9.429216388609277,1.0,7047.0,"[-0.07220261894801394, -0.3370204406907482]","[[0.6380474932617379, 0.9964959514721488], [-0.10380141064927667, -0.4666687298991079]]",0.5,TimeSeriesSplit(5) multisalida,,
SAN_JUAN_DE_LURIGANCHO,VIENTO_VECTOR,2025-11-17 07:00:00,2025-11-18 23:00:00,41,41,interstation_vector_regression,False,r2_below_threshold,0,,40,-1.116639339354385,CARABAYLLO,9.593975224056559,1.0,6775.0,"[-0.47994722645075205, -0.23558945647015422]","[[1.3043965739301941, 1.2910569710873347], [-0.5205484736307412, -0.20062954408102732]]",0.5,TimeSeriesSplit(5) multisalida,,
SAN_JUAN_DE_LURIGANCHO,VIENTO_VECTOR,2025-11-17 07:00:00,2025-11-18 23:00:00,41,41,interstation_vector_regression,False,r2_below_threshold,0,,40,-1.3621975320050008,SAN_MARTIN_DE_PORRES,9.75182688225575,1.0,7022.0,"[-0.22324650724074546, -0.38932956327374457]","[[0.3642119079219212, 0.611401927491485], [-0.08397048602893663, -0.16333947748576433]]",0.5,TimeSeriesSplit(5) multisalida,,
SAN_JUAN_DE_LURIGANCHO,VIENTO_VECTOR,2025-11-17 07:00:00,2025-11-18 23:00:00,41,41,interstation_vector_regression,False,r2_below_threshold,0,,40,-1.4264838051169741,CAMPO_DE_MARTE,10.979336409143984,1.0,6958.0,"[-0.33766372108840803, -0.26393964422885025]","[[0.9221922133777543, 0.40169055512710705], [-0.42807090936805836, -0.06770779455417039]]",0.5,TimeSeriesSplit(5) multisalida,,
SAN_JUAN_DE_LURIGANCHO,VIENTO_VECTOR,2025-11-17 07:00:00,2025-11-18 23:00:00,41,41,interstation_vector_regression,False,r2_below_threshold,0,,40,-2.1139152858500103,SAN_BORJA,14.1460220348316,1.0,6828.0,"[0.3543860109431772, -0.47143092266841735]","[[0.7547673255855715, 0.13991635051322784], [-0.41626514649765245, -0.19523022668211273]]",0.5,TimeSeriesSplit(5) multisalida,,
SAN_JUAN_DE_LURIGANCHO,VIENTO_VECTOR,2025-11-17 07:00:00,2025-11-18 23:00:00,41,41,unimputable,False,no_vector_method_available,0,,40,,,,,,,,,,,
SAN_JUAN_DE_LURIGANCHO,VIENTO_VECTOR,2025-11-19 05:00:00,2025-11-19 23:00:00,19,19,interstation_vector_regression,False,insufficient_gap_coverage,0,,19,,SANTA_ANITA,7.4653240754465795,0.47368421052631576,,,,0.5,TimeSeriesSplit(5) multisalida,,
SAN_JUAN_DE_LURIGANCHO,VIENTO_VECTOR,2025-11-19 05:00:00,2025-11-19 23:00:00,19,19,interstation_vector_regression,False,r2_below_threshold,0,,19,-1.2504130488580807,CERES,9.429216388609277,1.0,7047.0,"[-0.07220261894801394, -0.3370204406907482]","[[0.6380474932617379, 0.9964959514721488], [-0.10380141064927667, -0.4666687298991079]]",0.5,TimeSeriesSplit(5) multisalida,,
SAN_JUAN_DE_LURIGANCHO,VIENTO_VECTOR,2025-11-19 05:00:00,2025-11-19 23:00:00,19,19,interstation_vector_regression,False,r2_below_threshold,0,,19,-1.116639339354385,CARABAYLLO,9.593975224056559,1.0,6775.0,"[-0.47994722645075205, -0.23558945647015422]","[[1.3043965739301941, 1.2910569710873347], [-0.5205484736307412, -0.20062954408102732]]",0.5,TimeSeriesSplit(5) multisalida,,
SAN_JUAN_DE_LURIGANCHO,VIENTO_VECTOR,2025-11-19 05:00:00,2025-11-19 23:00:00,19,19,interstation_vector_regression,False,r2_below_threshold,0,,19,-1.3621975320050008,SAN_MARTIN_DE_PORRES,9.75182688225575,1.0,7022.0,"[-0.22324650724074546, -0.38932956327374457]","[[0.3642119079219212, 0.611401927491485], [-0.08397048602893663, -0.16333947748576433]]",0.5,TimeSeriesSplit(5) multisalida,,
SAN_JUAN_DE_LURIGANCHO,VIENTO_VECTOR,2025-11-19 05:00:00,2025-11-19 23:00:00,19,19,interstation_vector_regression,False,r2_below_threshold,0,,19,-1.4264838051169741,CAMPO_DE_MARTE,10.979336409143984,1.0,6958.0,"[-0.33766372108840803, -0.26393964422885025]","[[0.9221922133777543, 0.40169055512710705], [-0.42807090936805836, -0.06770779455417039]]",0.5,TimeSeriesSplit(5) multisalida,,
SAN_JUAN_DE_LURIGANCHO,VIENTO_VECTOR,2025-11-19 05:00:00,2025-11-19 23:00:00,19,19,interstation_vector_regression,False,r2_below_threshold,0,,19,-2.1139152858500103,SAN_BORJA,14.1460220348316,1.0,6828.0,"[0.3543860109431772, -0.47143092266841735]","[[0.7547673255855715, 0.13991635051322784], [-0.41626514649765245, -0.19523022668211273]]",0.5,TimeSeriesSplit(5) multisalida,,
SAN_JUAN_DE_LURIGANCHO,VIENTO_VECTOR,2025-11-19 05:00:00,2025-11-19 23:00:00,19,19,unimputable,False,no_vector_method_available,0,,19,,,,,,,,,,,
SAN_JUAN_DE_LURIGANCHO,VIENTO_VECTOR,2025-11-20 10:00:00,2025-11-20 19:00:00,10,10,interstation_vector_regression,False,insufficient_gap_coverage,0,,10,,SANTA_ANITA,7.4653240754465795,0.8,,,,0.5,TimeSeriesSplit(5) multisalida,,
SAN_JUAN_DE_LURIGANCHO,VIENTO_VECTOR,2025-11-20 10:00:00,2025-11-20 19:00:00,10,10,interstation_vector_regression,False,r2_below_threshold,0,,10,-1.2504130488580807,CERES,9.429216388609277,1.0,7047.0,"[-0.07220261894801394, -0.3370204406907482]","[[0.6380474932617379, 0.9964959514721488], [-0.10380141064927667, -0.4666687298991079]]",0.5,TimeSeriesSplit(5) multisalida,,
SAN_JUAN_DE_LURIGANCHO,VIENTO_VECTOR,2025-11-20 10:00:00,2025-11-20 19:00:00,10,10,interstation_vector_regression,False,r2_below_threshold,0,,10,-1.116639339354385,CARABAYLLO,9.593975224056559,1.0,6775.0,"[-0.47994722645075205, -0.23558945647015422]","[[1.3043965739301941, 1.2910569710873347], [-0.5205484736307412, -0.20062954408102732]]",0.5,TimeSeriesSplit(5) multisalida,,
SAN_JUAN_DE_LURIGANCHO,VIENTO_VECTOR,2025-11-20 10:00:00,2025-11-20 19:00:00,10,10,interstation_vector_regression,False,r2_below_threshold,0,,10,-1.3621975320050008,SAN_MARTIN_DE_PORRES,9.75182688225575,1.0,7022.0,"[-0.22324650724074546, -0.38932956327374457]","[[0.3642119079219212, 0.611401927491485], [-0.08397048602893663, -0.16333947748576433]]",0.5,TimeSeriesSplit(5) multisalida,,
SAN_JUAN_DE_LURIGANCHO,VIENTO_VECTOR,2025-11-20 10:00:00,2025-11-20 19:00:00,10,10,interstation_vector_regression,False,r2_below_threshold,0,,10,-1.4264838051169741,CAMPO_DE_MARTE,10.979336409143984,1.0,6958.0,"[-0.33766372108840803, -0.26393964422885025]","[[0.9221922133777543, 0.40169055512710705], [-0.42807090936805836, -0.06770779455417039]]",0.5,TimeSeriesSplit(5) multisalida,,
SAN_JUAN_DE_LURIGANCHO,VIENTO_VECTOR,2025-11-20 10:00:00,2025-11-20 19:00:00,10,10,interstation_vector_regression,False,r2_below_threshold,0,,10,-2.1139152858500103,SAN_BORJA,14.1460220348316,1.0,6828.0,"[0.3543860109431772, -0.47143092266841735]","[[0.7547673255855715, 0.13991635051322784], [-0.41626514649765245, -0.19523022668211273]]",0.5,TimeSeriesSplit(5) multisalida,,
SAN_JUAN_DE_LURIGANCHO,VIENTO_VECTOR,2025-11-20 10:00:00,2025-11-20 19:00:00,10,10,unimputable,False,no_vector_method_available,0,,10,,,,,,,,,,,
SAN_JUAN_DE_LURIGANCHO,VIENTO_VECTOR,2025-11-21 10:00:00,2025-11-22 01:00:00,16,16,interstation_vector_regression,False,insufficient_gap_coverage,0,,16,,SANTA_ANITA,7.4653240754465795,0.0,,,,0.5,TimeSeriesSplit(5) multisalida,,
SAN_JUAN_DE_LURIGANCHO,VIENTO_VECTOR,2025-11-21 10:00:00,2025-11-22 01:00:00,16,16,interstation_vector_regression,False,r2_below_threshold,0,,16,-1.2504130488580807,CERES,9.429216388609277,1.0,7047.0,"[-0.07220261894801394, -0.3370204406907482]","[[0.6380474932617379, 0.9964959514721488], [-0.10380141064927667, -0.4666687298991079]]",0.5,TimeSeriesSplit(5) multisalida,,
SAN_JUAN_DE_LURIGANCHO,VIENTO_VECTOR,2025-11-21 10:00:00,2025-11-22 01:00:00,16,16,interstation_vector_regression,False,r2_below_threshold,0,,16,-1.116639339354385,CARABAYLLO,9.593975224056559,1.0,6775.0,"[-0.47994722645075205, -0.23558945647015422]","[[1.3043965739301941, 1.2910569710873347], [-0.5205484736307412, -0.20062954408102732]]",0.5,TimeSeriesSplit(5) multisalida,,
SAN_JUAN_DE_LURIGANCHO,VIENTO_VECTOR,2025-11-21 10:00:00,2025-11-22 01:00:00,16,16,interstation_vector_regression,False,r2_below_threshold,0,,16,-1.3621975320050008,SAN_MARTIN_DE_PORRES,9.75182688225575,1.0,7022.0,"[-0.22324650724074546, -0.38932956327374457]","[[0.3642119079219212, 0.611401927491485], [-0.08397048602893663, -0.16333947748576433]]",0.5,TimeSeriesSplit(5) multisalida,,
SAN_JUAN_DE_LURIGANCHO,VIENTO_VECTOR,2025-11-21 10:00:00,2025-11-22 01:00:00,16,16,interstation_vector_regression,False,r2_below_threshold,0,,16,-1.4264838051169741,CAMPO_DE_MARTE,10.979336409143984,1.0,6958.0,"[-0.33766372108840803, -0.26393964422885025]","[[0.9221922133777543, 0.40169055512710705], [-0.42807090936805836, -0.06770779455417039]]",0.5,TimeSeriesSplit(5) multisalida,,
SAN_JUAN_DE_LURIGANCHO,VIENTO_VECTOR,2025-11-21 10:00:00,2025-11-22 01:00:00,16,16,interstation_vector_regression,False,r2_below_threshold,0,,16,-2.1139152858500103,SAN_BORJA,14.1460220348316,0.9375,6828.0,"[0.3543860109431772, -0.47143092266841735]","[[0.7547673255855715, 0.13991635051322784], [-0.41626514649765245, -0.19523022668211273]]",0.5,TimeSeriesSplit(5) multisalida,,
SAN_JUAN_DE_LURIGANCHO,VIENTO_VECTOR,2025-11-21 10:00:00,2025-11-22 01:00:00,16,16,unimputable,False,no_vector_method_available,0,,16,,,,,,,,,,,
SAN_JUAN_DE_LURIGANCHO,VEL_VIENTO,2025-11-22 08:00:00,2025-11-23 00:00:00,17,17,weekly_vector_seasonal,True,,2,2025-11-22T08:00:00|2025-11-22T09:00:00,15,,,,,,,,,,3.0,
SAN_JUAN_DE_LURIGANCHO,VIENTO_VECTOR,2025-11-22 08:00:00,2025-11-23 00:00:00,17,17,interstation_vector_regression,False,r2_below_threshold,0,,15,-1.3774211367867903,SANTA_ANITA,7.4653240754465795,0.9333333333333333,5978.0,"[-0.003915207043303948, -0.18618919098320125]","[[0.6553746212213365, 0.6564678196009518], [-0.27301503282919937, -0.42357223052918236]]",0.5,TimeSeriesSplit(5) multisalida,,
SAN_JUAN_DE_LURIGANCHO,VIENTO_VECTOR,2025-11-22 08:00:00,2025-11-23 00:00:00,17,17,interstation_vector_regression,False,r2_below_threshold,0,,15,-1.2504130488580807,CERES,9.429216388609277,1.0,7047.0,"[-0.07220261894801394, -0.3370204406907482]","[[0.6380474932617379, 0.9964959514721488], [-0.10380141064927667, -0.4666687298991079]]",0.5,TimeSeriesSplit(5) multisalida,,
SAN_JUAN_DE_LURIGANCHO,VIENTO_VECTOR,2025-11-22 08:00:00,2025-11-23 00:00:00,17,17,interstation_vector_regression,False,r2_below_threshold,0,,15,-1.116639339354385,CARABAYLLO,9.593975224056559,1.0,6775.0,"[-0.47994722645075205, -0.23558945647015422]","[[1.3043965739301941, 1.2910569710873347], [-0.5205484736307412, -0.20062954408102732]]",0.5,TimeSeriesSplit(5) multisalida,,
SAN_JUAN_DE_LURIGANCHO,VIENTO_VECTOR,2025-11-22 08:00:00,2025-11-23 00:00:00,17,17,interstation_vector_regression,False,r2_below_threshold,0,,15,-1.3621975320050008,SAN_MARTIN_DE_PORRES,9.75182688225575,1.0,7022.0,"[-0.22324650724074546, -0.38932956327374457]","[[0.3642119079219212, 0.611401927491485], [-0.08397048602893663, -0.16333947748576433]]",0.5,TimeSeriesSplit(5) multisalida,,
SAN_JUAN_DE_LURIGANCHO,VIENTO_VECTOR,2025-11-22 08:00:00,2025-11-23 00:00:00,17,17,interstation_vector_regression,False,r2_below_threshold,0,,15,-1.4264838051169741,CAMPO_DE_MARTE,10.979336409143984,1.0,6958.0,"[-0.33766372108840803, -0.26393964422885025]","[[0.9221922133777543, 0.40169055512710705], [-0.42807090936805836, -0.06770779455417039]]",0.5,TimeSeriesSplit(5) multisalida,,
SAN_JUAN_DE_LURIGANCHO,VIENTO_VECTOR,2025-11-22 08:00:00,2025-11-23 00:00:00,17,17,interstation_vector_regression,False,insufficient_gap_coverage,0,,15,,SAN_BORJA,14.1460220348316,0.8666666666666667,,,,0.5,TimeSeriesSplit(5) multisalida,,
SAN_JUAN_DE_LURIGANCHO,VIENTO_VECTOR,2025-11-22 08:00:00,2025-11-23 00:00:00,17,17,unimputable,False,no_vector_method_available,0,,15,,,,,,,,,,,
SAN_JUAN_DE_LURIGANCHO,VEL_VIENTO,2025-11-23 03:00:00,2025-11-24 03:00:00,25,25,weekly_vector_seasonal,True,,2,2025-11-23T03:00:00|2025-11-24T03:00:00,23,,,,,,,,,,3.0,
SAN_JUAN_DE_LURIGANCHO,VIENTO_VECTOR,2025-11-23 03:00:00,2025-11-24 03:00:00,25,25,interstation_vector_regression,False,r2_below_threshold,0,,23,-1.3774211367867903,SANTA_ANITA,7.4653240754465795,1.0,5978.0,"[-0.003915207043303948, -0.18618919098320125]","[[0.6553746212213365, 0.6564678196009518], [-0.27301503282919937, -0.42357223052918236]]",0.5,TimeSeriesSplit(5) multisalida,,
SAN_JUAN_DE_LURIGANCHO,VIENTO_VECTOR,2025-11-23 03:00:00,2025-11-24 03:00:00,25,25,interstation_vector_regression,False,r2_below_threshold,0,,23,-1.2504130488580807,CERES,9.429216388609277,1.0,7047.0,"[-0.07220261894801394, -0.3370204406907482]","[[0.6380474932617379, 0.9964959514721488], [-0.10380141064927667, -0.4666687298991079]]",0.5,TimeSeriesSplit(5) multisalida,,
SAN_JUAN_DE_LURIGANCHO,VIENTO_VECTOR,2025-11-23 03:00:00,2025-11-24 03:00:00,25,25,interstation_vector_regression,False,r2_below_threshold,0,,23,-1.116639339354385,CARABAYLLO,9.593975224056559,1.0,6775.0,"[-0.47994722645075205, -0.23558945647015422]","[[1.3043965739301941, 1.2910569710873347], [-0.5205484736307412, -0.20062954408102732]]",0.5,TimeSeriesSplit(5) multisalida,,
SAN_JUAN_DE_LURIGANCHO,VIENTO_VECTOR,2025-11-23 03:00:00,2025-11-24 03:00:00,25,25,interstation_vector_regression,False,r2_below_threshold,0,,23,-1.3621975320050008,SAN_MARTIN_DE_PORRES,9.75182688225575,1.0,7022.0,"[-0.22324650724074546, -0.38932956327374457]","[[0.3642119079219212, 0.611401927491485], [-0.08397048602893663, -0.16333947748576433]]",0.5,TimeSeriesSplit(5) multisalida,,
SAN_JUAN_DE_LURIGANCHO,VIENTO_VECTOR,2025-11-23 03:00:00,2025-11-24 03:00:00,25,25,interstation_vector_regression,False,r2_below_threshold,0,,23,-1.4264838051169741,CAMPO_DE_MARTE,10.979336409143984,1.0,6958.0,"[-0.33766372108840803, -0.26393964422885025]","[[0.9221922133777543, 0.40169055512710705], [-0.42807090936805836, -0.06770779455417039]]",0.5,TimeSeriesSplit(5) multisalida,,
SAN_JUAN_DE_LURIGANCHO,VIENTO_VECTOR,2025-11-23 03:00:00,2025-11-24 03:00:00,25,25,interstation_vector_regression,False,r2_below_threshold,0,,23,-2.1139152858500103,SAN_BORJA,14.1460220348316,0.9565217391304348,6828.0,"[0.3543860109431772, -0.47143092266841735]","[[0.7547673255855715, 0.13991635051322784], [-0.41626514649765245, -0.19523022668211273]]",0.5,TimeSeriesSplit(5) multisalida,,
SAN_JUAN_DE_LURIGANCHO,VIENTO_VECTOR,2025-11-23 03:00:00,2025-11-24 03:00:00,25,25,unimputable,False,no_vector_method_available,0,,23,,,,,,,,,,,
SAN_JUAN_DE_LURIGANCHO,VEL_VIENTO,2025-11-24 07:00:00,2025-11-25 05:00:00,23,23,weekly_vector_seasonal,True,,3,2025-11-24T07:00:00|2025-11-25T04:00:00|2025-11-25T05:00:00,20,,,,,,,,,,3.0,
SAN_JUAN_DE_LURIGANCHO,VIENTO_VECTOR,2025-11-24 07:00:00,2025-11-25 05:00:00,23,23,interstation_vector_regression,False,r2_below_threshold,0,,20,-1.3774211367867903,SANTA_ANITA,7.4653240754465795,1.0,5978.0,"[-0.003915207043303948, -0.18618919098320125]","[[0.6553746212213365, 0.6564678196009518], [-0.27301503282919937, -0.42357223052918236]]",0.5,TimeSeriesSplit(5) multisalida,,
SAN_JUAN_DE_LURIGANCHO,VIENTO_VECTOR,2025-11-24 07:00:00,2025-11-25 05:00:00,23,23,interstation_vector_regression,False,r2_below_threshold,0,,20,-1.2504130488580807,CERES,9.429216388609277,1.0,7047.0,"[-0.07220261894801394, -0.3370204406907482]","[[0.6380474932617379, 0.9964959514721488], [-0.10380141064927667, -0.4666687298991079]]",0.5,TimeSeriesSplit(5) multisalida,,
SAN_JUAN_DE_LURIGANCHO,VIENTO_VECTOR,2025-11-24 07:00:00,2025-11-25 05:00:00,23,23,interstation_vector_regression,False,r2_below_threshold,0,,20,-1.116639339354385,CARABAYLLO,9.593975224056559,1.0,6775.0,"[-0.47994722645075205, -0.23558945647015422]","[[1.3043965739301941, 1.2910569710873347], [-0.5205484736307412, -0.20062954408102732]]",0.5,TimeSeriesSplit(5) multisalida,,
SAN_JUAN_DE_LURIGANCHO,VIENTO_VECTOR,2025-11-24 07:00:00,2025-11-25 05:00:00,23,23,interstation_vector_regression,False,r2_below_threshold,0,,20,-1.3621975320050008,SAN_MARTIN_DE_PORRES,9.75182688225575,1.0,7022.0,"[-0.22324650724074546, -0.38932956327374457]","[[0.3642119079219212, 0.611401927491485], [-0.08397048602893663, -0.16333947748576433]]",0.5,TimeSeriesSplit(5) multisalida,,
SAN_JUAN_DE_LURIGANCHO,VIENTO_VECTOR,2025-11-24 07:00:00,2025-11-25 05:00:00,23,23,interstation_vector_regression,False,r2_below_threshold,0,,20,-1.4264838051169741,CAMPO_DE_MARTE,10.979336409143984,1.0,6958.0,"[-0.33766372108840803, -0.26393964422885025]","[[0.9221922133777543, 0.40169055512710705], [-0.42807090936805836, -0.06770779455417039]]",0.5,TimeSeriesSplit(5) multisalida,,
SAN_JUAN_DE_LURIGANCHO,VIENTO_VECTOR,2025-11-24 07:00:00,2025-11-25 05:00:00,23,23,interstation_vector_regression,False,r2_below_threshold,0,,20,-2.1139152858500103,SAN_BORJA,14.1460220348316,1.0,6828.0,"[0.3543860109431772, -0.47143092266841735]","[[0.7547673255855715, 0.13991635051322784], [-0.41626514649765245, -0.19523022668211273]]",0.5,TimeSeriesSplit(5) multisalida,,
SAN_JUAN_DE_LURIGANCHO,VIENTO_VECTOR,2025-11-24 07:00:00,2025-11-25 05:00:00,23,23,unimputable,False,no_vector_method_available,0,,20,,,,,,,,,,,
SAN_JUAN_DE_LURIGANCHO,VEL_VIENTO,2025-11-25 07:00:00,2025-11-27 02:00:00,44,44,weekly_vector_seasonal,True,,10,2025-11-26T00:00:00|2025-11-26T01:00:00|2025-11-26T02:00:00|2025-11-26T03:00:00|2025-11-26T04:00:00|2025-11-26T05:00:00|2025-11-26T06:00:00|2025-11-27T00:00:00|2025-11-27T01:00:00|2025-11-27T02:00:00,34,,,,,,,,,,3.0,
SAN_JUAN_DE_LURIGANCHO,VIENTO_VECTOR,2025-11-25 07:00:00,2025-11-27 02:00:00,44,44,interstation_vector_regression,False,r2_below_threshold,0,,34,-1.3774211367867903,SANTA_ANITA,7.4653240754465795,1.0,5978.0,"[-0.003915207043303948, -0.18618919098320125]","[[0.6553746212213365, 0.6564678196009518], [-0.27301503282919937, -0.42357223052918236]]",0.5,TimeSeriesSplit(5) multisalida,,
SAN_JUAN_DE_LURIGANCHO,VIENTO_VECTOR,2025-11-25 07:00:00,2025-11-27 02:00:00,44,44,interstation_vector_regression,False,r2_below_threshold,0,,34,-1.2504130488580807,CERES,9.429216388609277,1.0,7047.0,"[-0.07220261894801394, -0.3370204406907482]","[[0.6380474932617379, 0.9964959514721488], [-0.10380141064927667, -0.4666687298991079]]",0.5,TimeSeriesSplit(5) multisalida,,
SAN_JUAN_DE_LURIGANCHO,VIENTO_VECTOR,2025-11-25 07:00:00,2025-11-27 02:00:00,44,44,interstation_vector_regression,False,r2_below_threshold,0,,34,-1.116639339354385,CARABAYLLO,9.593975224056559,1.0,6775.0,"[-0.47994722645075205, -0.23558945647015422]","[[1.3043965739301941, 1.2910569710873347], [-0.5205484736307412, -0.20062954408102732]]",0.5,TimeSeriesSplit(5) multisalida,,
SAN_JUAN_DE_LURIGANCHO,VIENTO_VECTOR,2025-11-25 07:00:00,2025-11-27 02:00:00,44,44,interstation_vector_regression,False,r2_below_threshold,0,,34,-1.3621975320050008,SAN_MARTIN_DE_PORRES,9.75182688225575,1.0,7022.0,"[-0.22324650724074546, -0.38932956327374457]","[[0.3642119079219212, 0.611401927491485], [-0.08397048602893663, -0.16333947748576433]]",0.5,TimeSeriesSplit(5) multisalida,,
SAN_JUAN_DE_LURIGANCHO,VIENTO_VECTOR,2025-11-25 07:00:00,2025-11-27 02:00:00,44,44,interstation_vector_regression,False,r2_below_threshold,0,,34,-1.4264838051169741,CAMPO_DE_MARTE,10.979336409143984,1.0,6958.0,"[-0.33766372108840803, -0.26393964422885025]","[[0.9221922133777543, 0.40169055512710705], [-0.42807090936805836, -0.06770779455417039]]",0.5,TimeSeriesSplit(5) multisalida,,
SAN_JUAN_DE_LURIGANCHO,VIENTO_VECTOR,2025-11-25 07:00:00,2025-11-27 02:00:00,44,44,interstation_vector_regression,False,r2_below_threshold,0,,34,-2.1139152858500103,SAN_BORJA,14.1460220348316,1.0,6828.0,"[0.3543860109431772, -0.47143092266841735]","[[0.7547673255855715, 0.13991635051322784], [-0.41626514649765245, -0.19523022668211273]]",0.5,TimeSeriesSplit(5) multisalida,,
SAN_JUAN_DE_LURIGANCHO,VIENTO_VECTOR,2025-11-25 07:00:00,2025-11-27 02:00:00,44,44,unimputable,False,no_vector_method_available,0,,34,,,,,,,,,,,
SAN_JUAN_DE_LURIGANCHO,VEL_VIENTO,2025-11-27 07:00:00,2025-11-28 13:00:00,31,31,weekly_vector_seasonal,True,,17,2025-11-27T07:00:00|2025-11-27T08:00:00|2025-11-27T09:00:00|2025-11-27T20:00:00|2025-11-27T21:00:00|2025-11-27T22:00:00|2025-11-27T23:00:00|2025-11-28T00:00:00|2025-11-28T01:00:00|2025-11-28T02:00:00|2025-11-28T03:00:00|2025-11-28T04:00:00|2025-11-28T05:00:00|2025-11-28T06:00:00|2025-11-28T07:00:00|2025-11-28T08:00:00|2025-11-28T09:00:00,14,,,,,,,,,,3.0,
SAN_JUAN_DE_LURIGANCHO,VIENTO_VECTOR,2025-11-27 07:00:00,2025-11-28 13:00:00,31,31,interstation_vector_regression,False,r2_below_threshold,0,,14,-1.3774211367867903,SANTA_ANITA,7.4653240754465795,1.0,5978.0,"[-0.003915207043303948, -0.18618919098320125]","[[0.6553746212213365, 0.6564678196009518], [-0.27301503282919937, -0.42357223052918236]]",0.5,TimeSeriesSplit(5) multisalida,,
SAN_JUAN_DE_LURIGANCHO,VIENTO_VECTOR,2025-11-27 07:00:00,2025-11-28 13:00:00,31,31,interstation_vector_regression,False,r2_below_threshold,0,,14,-1.2504130488580807,CERES,9.429216388609277,1.0,7047.0,"[-0.07220261894801394, -0.3370204406907482]","[[0.6380474932617379, 0.9964959514721488], [-0.10380141064927667, -0.4666687298991079]]",0.5,TimeSeriesSplit(5) multisalida,,
SAN_JUAN_DE_LURIGANCHO,VIENTO_VECTOR,2025-11-27 07:00:00,2025-11-28 13:00:00,31,31,interstation_vector_regression,False,r2_below_threshold,0,,14,-1.116639339354385,CARABAYLLO,9.593975224056559,1.0,6775.0,"[-0.47994722645075205, -0.23558945647015422]","[[1.3043965739301941, 1.2910569710873347], [-0.5205484736307412, -0.20062954408102732]]",0.5,TimeSeriesSplit(5) multisalida,,
SAN_JUAN_DE_LURIGANCHO,VIENTO_VECTOR,2025-11-27 07:00:00,2025-11-28 13:00:00,31,31,interstation_vector_regression,False,r2_below_threshold,0,,14,-1.3621975320050008,SAN_MARTIN_DE_PORRES,9.75182688225575,1.0,7022.0,"[-0.22324650724074546, -0.38932956327374457]","[[0.3642119079219212, 0.611401927491485], [-0.08397048602893663, -0.16333947748576433]]",0.5,TimeSeriesSplit(5) multisalida,,
SAN_JUAN_DE_LURIGANCHO,VIENTO_VECTOR,2025-11-27 07:00:00,2025-11-28 13:00:00,31,31,interstation_vector_regression,False,r2_below_threshold,0,,14,-1.4264838051169741,CAMPO_DE_MARTE,10.979336409143984,1.0,6958.0,"[-0.33766372108840803, -0.26393964422885025]","[[0.9221922133777543, 0.40169055512710705], [-0.42807090936805836, -0.06770779455417039]]",0.5,TimeSeriesSplit(5) multisalida,,
SAN_JUAN_DE_LURIGANCHO,VIENTO_VECTOR,2025-11-27 07:00:00,2025-11-28 13:00:00,31,31,interstation_vector_regression,False,r2_below_threshold,0,,14,-2.1139152858500103,SAN_BORJA,14.1460220348316,1.0,6828.0,"[0.3543860109431772, -0.47143092266841735]","[[0.7547673255855715, 0.13991635051322784], [-0.41626514649765245, -0.19523022668211273]]",0.5,TimeSeriesSplit(5) multisalida,,
SAN_JUAN_DE_LURIGANCHO,VIENTO_VECTOR,2025-11-27 07:00:00,2025-11-28 13:00:00,31,31,unimputable,False,no_vector_method_available,0,,14,,,,,,,,,,,
SAN_JUAN_DE_LURIGANCHO,DIR_VIENTO,2025-12-09 07:00:00,2025-12-09 07:00:00,1,1,short_vector_linear,True,,1,2025-12-09T07:00:00,0,,,,,,,,,,,
SAN_JUAN_DE_LURIGANCHO,VEL_VIENTO,2025-12-09 07:00:00,2025-12-09 07:00:00,1,1,short_vector_linear,True,,1,2025-12-09T07:00:00,0,,,,,,,,,,,
SAN_JUAN_DE_LURIGANCHO,DIR_VIENTO,2025-12-16 12:00:00,2025-12-16 12:00:00,1,1,short_vector_linear,True,,1,2025-12-16T12:00:00,0,,,,,,,,,,,
SAN_JUAN_DE_LURIGANCHO,VEL_VIENTO,2025-12-16 12:00:00,2025-12-16 12:00:00,1,1,short_vector_linear,True,,1,2025-12-16T12:00:00,0,,,,,,,,,,,
SAN_JUAN_DE_LURIGANCHO,DIR_VIENTO,2026-01-07 22:00:00,2026-01-07 22:00:00,1,1,short_vector_linear,True,,1,2026-01-07T22:00:00,0,,,,,,,,,,,
SAN_JUAN_DE_LURIGANCHO,VEL_VIENTO,2026-01-07 22:00:00,2026-01-07 22:00:00,1,1,short_vector_linear,True,,1,2026-01-07T22:00:00,0,,,,,,,,,,,
SAN_JUAN_DE_LURIGANCHO,DIR_VIENTO,2026-01-15 12:00:00,2026-01-15 15:00:00,4,4,short_vector_linear,True,,4,2026-01-15T12:00:00|2026-01-15T13:00:00|2026-01-15T14:00:00|2026-01-15T15:00:00,0,,,,,,,,,,,
SAN_JUAN_DE_LURIGANCHO,VEL_VIENTO,2026-01-15 12:00:00,2026-01-15 15:00:00,4,4,short_vector_linear,True,,4,2026-01-15T12:00:00|2026-01-15T13:00:00|2026-01-15T14:00:00|2026-01-15T15:00:00,0,,,,,,,,,,,
SAN_JUAN_DE_LURIGANCHO,DIR_VIENTO,2026-01-16 01:00:00,2026-01-16 01:00:00,1,1,short_vector_linear,True,,1,2026-01-16T01:00:00,0,,,,,,,,,,,
SAN_JUAN_DE_LURIGANCHO,VEL_VIENTO,2026-01-16 01:00:00,2026-01-16 01:00:00,1,1,short_vector_linear,True,,1,2026-01-16T01:00:00,0,,,,,,,,,,,
SAN_JUAN_DE_LURIGANCHO,DIR_VIENTO,2026-02-11 14:00:00,2026-02-11 18:00:00,5,5,weekly_vector_seasonal,True,,5,2026-02-11T14:00:00|2026-02-11T15:00:00|2026-02-11T16:00:00|2026-02-11T17:00:00|2026-02-11T18:00:00,0,,,,,,,,,,4.0,
SAN_JUAN_DE_LURIGANCHO,VEL_VIENTO,2026-02-11 14:00:00,2026-02-11 18:00:00,5,5,weekly_vector_seasonal,True,,5,2026-02-11T14:00:00|2026-02-11T15:00:00|2026-02-11T16:00:00|2026-02-11T17:00:00|2026-02-11T18:00:00,0,,,,,,,,,,4.0,
SAN_JUAN_DE_LURIGANCHO,DIR_VIENTO,2026-02-12 20:00:00,2026-02-12 20:00:00,1,1,short_vector_linear,True,,1,2026-02-12T20:00:00,0,,,,,,,,,,,
SAN_JUAN_DE_LURIGANCHO,VEL_VIENTO,2026-02-12 20:00:00,2026-02-12 20:00:00,1,1,short_vector_linear,True,,1,2026-02-12T20:00:00,0,,,,,,,,,,,
SAN_JUAN_DE_LURIGANCHO,DIR_VIENTO,2026-02-27 14:00:00,2026-02-27 14:00:00,1,1,short_vector_linear,True,,1,2026-02-27T14:00:00,0,,,,,,,,,,,
SAN_JUAN_DE_LURIGANCHO,VEL_VIENTO,2026-02-27 14:00:00,2026-02-27 14:00:00,1,1,short_vector_linear,True,,1,2026-02-27T14:00:00,0,,,,,,,,,,,
SAN_JUAN_DE_LURIGANCHO,DIR_VIENTO,2026-02-28 13:00:00,2026-03-03 10:00:00,70,70,weekly_vector_seasonal,True,,70,2026-02-28T13:00:00|2026-02-28T14:00:00|2026-02-28T15:00:00|2026-02-28T16:00:00|2026-02-28T17:00:00|2026-02-28T18:00:00|2026-02-28T19:00:00|2026-02-28T20:00:00|2026-02-28T21:00:00|2026-02-28T22:00:00|2026-02-28T23:00:00|2026-03-01T00:00:00|2026-03-01T01:00:00|2026-03-01T02:00:00|2026-03-01T03:00:00|2026-03-01T04:00:00|2026-03-01T05:00:00|2026-03-01T06:00:00|2026-03-01T07:00:00|2026-03-01T08:00:00|2026-03-01T09:00:00|2026-03-01T10:00:00|2026-03-01T11:00:00|2026-03-01T12:00:00|2026-03-01T13:00:00|2026-03-01T14:00:00|2026-03-01T15:00:00|2026-03-01T16:00:00|2026-03-01T17:00:00|2026-03-01T18:00:00|2026-03-01T19:00:00|2026-03-01T20:00:00|2026-03-01T21:00:00|2026-03-01T22:00:00|2026-03-01T23:00:00|2026-03-02T00:00:00|2026-03-02T01:00:00|2026-03-02T02:00:00|2026-03-02T03:00:00|2026-03-02T04:00:00|2026-03-02T05:00:00|2026-03-02T06:00:00|2026-03-02T07:00:00|2026-03-02T08:00:00|2026-03-02T09:00:00|2026-03-02T10:00:00|2026-03-02T11:00:00|2026-03-02T12:00:00|2026-03-02T13:00:00|2026-03-02T14:00:00|2026-03-02T15:00:00|2026-03-02T16:00:00|2026-03-02T17:00:00|2026-03-02T18:00:00|2026-03-02T19:00:00|2026-03-02T20:00:00|2026-03-02T21:00:00|2026-03-02T22:00:00|2026-03-02T23:00:00|2026-03-03T00:00:00|2026-03-03T01:00:00|2026-03-03T02:00:00|2026-03-03T03:00:00|2026-03-03T04:00:00|2026-03-03T05:00:00|2026-03-03T06:00:00|2026-03-03T07:00:00|2026-03-03T08:00:00|2026-03-03T09:00:00|2026-03-03T10:00:00,0,,,,,,,,,,4.0,
SAN_JUAN_DE_LURIGANCHO,VEL_VIENTO,2026-02-28 13:00:00,2026-03-03 10:00:00,70,70,weekly_vector_seasonal,True,,70,2026-02-28T13:00:00|2026-02-28T14:00:00|2026-02-28T15:00:00|2026-02-28T16:00:00|2026-02-28T17:00:00|2026-02-28T18:00:00|2026-02-28T19:00:00|2026-02-28T20:00:00|2026-02-28T21:00:00|2026-02-28T22:00:00|2026-02-28T23:00:00|2026-03-01T00:00:00|2026-03-01T01:00:00|2026-03-01T02:00:00|2026-03-01T03:00:00|2026-03-01T04:00:00|2026-03-01T05:00:00|2026-03-01T06:00:00|2026-03-01T07:00:00|2026-03-01T08:00:00|2026-03-01T09:00:00|2026-03-01T10:00:00|2026-03-01T11:00:00|2026-03-01T12:00:00|2026-03-01T13:00:00|2026-03-01T14:00:00|2026-03-01T15:00:00|2026-03-01T16:00:00|2026-03-01T17:00:00|2026-03-01T18:00:00|2026-03-01T19:00:00|2026-03-01T20:00:00|2026-03-01T21:00:00|2026-03-01T22:00:00|2026-03-01T23:00:00|2026-03-02T00:00:00|2026-03-02T01:00:00|2026-03-02T02:00:00|2026-03-02T03:00:00|2026-03-02T04:00:00|2026-03-02T05:00:00|2026-03-02T06:00:00|2026-03-02T07:00:00|2026-03-02T08:00:00|2026-03-02T09:00:00|2026-03-02T10:00:00|2026-03-02T11:00:00|2026-03-02T12:00:00|2026-03-02T13:00:00|2026-03-02T14:00:00|2026-03-02T15:00:00|2026-03-02T16:00:00|2026-03-02T17:00:00|2026-03-02T18:00:00|2026-03-02T19:00:00|2026-03-02T20:00:00|2026-03-02T21:00:00|2026-03-02T22:00:00|2026-03-02T23:00:00|2026-03-03T00:00:00|2026-03-03T01:00:00|2026-03-03T02:00:00|2026-03-03T03:00:00|2026-03-03T04:00:00|2026-03-03T05:00:00|2026-03-03T06:00:00|2026-03-03T07:00:00|2026-03-03T08:00:00|2026-03-03T09:00:00|2026-03-03T10:00:00,0,,,,,,,,,,4.0,
SAN_JUAN_DE_LURIGANCHO,DIR_VIENTO,2026-04-14 11:00:00,2026-04-14 15:00:00,5,5,weekly_vector_seasonal,True,,5,2026-04-14T11:00:00|2026-04-14T12:00:00|2026-04-14T13:00:00|2026-04-14T14:00:00|2026-04-14T15:00:00,0,,,,,,,,,,4.0,
SAN_JUAN_DE_LURIGANCHO,VEL_VIENTO,2026-04-14 11:00:00,2026-04-14 15:00:00,5,5,weekly_vector_seasonal,True,,5,2026-04-14T11:00:00|2026-04-14T12:00:00|2026-04-14T13:00:00|2026-04-14T14:00:00|2026-04-14T15:00:00,0,,,,,,,,,,4.0,
SAN_JUAN_DE_LURIGANCHO,DIR_VIENTO,2026-06-04 22:00:00,2026-06-04 22:00:00,1,1,short_vector_linear,True,,1,2026-06-04T22:00:00,0,,,,,,,,,,,
SAN_JUAN_DE_LURIGANCHO,VEL_VIENTO,2026-06-04 22:00:00,2026-06-04 22:00:00,1,1,short_vector_linear,True,,1,2026-06-04T22:00:00,0,,,,,,,,,,,
SAN_MARTIN_DE_PORRES,TEMP,2025-02-15 03:00:00,2025-02-15 03:00:00,1,1,short_linear,True,,1,2025-02-15T03:00:00,0,,,,,,,,,,,
SAN_MARTIN_DE_PORRES,TEMP,2025-03-05 15:00:00,2025-03-05 21:00:00,7,7,weekly_seasonal,True,,7,2025-03-05T15:00:00|2025-03-05T16:00:00|2025-03-05T17:00:00|2025-03-05T18:00:00|2025-03-05T19:00:00|2025-03-05T20:00:00|2025-03-05T21:00:00,0,,,,,,,,,,4.0,
SAN_MARTIN_DE_PORRES,TEMP,2025-04-03 14:00:00,2025-04-03 14:00:00,1,1,short_linear,True,,1,2025-04-03T14:00:00,0,,,,,,,,,,,
SAN_MARTIN_DE_PORRES,TEMP,2025-05-07 00:00:00,2025-05-07 04:00:00,5,5,weekly_seasonal,True,,5,2025-05-07T00:00:00|2025-05-07T01:00:00|2025-05-07T02:00:00|2025-05-07T03:00:00|2025-05-07T04:00:00,0,,,,,,,,,,4.0,
SAN_MARTIN_DE_PORRES,TEMP,2025-05-29 06:00:00,2025-05-29 09:00:00,4,4,short_linear,True,,4,2025-05-29T06:00:00|2025-05-29T07:00:00|2025-05-29T08:00:00|2025-05-29T09:00:00,0,,,,,,,,,,,
SAN_MARTIN_DE_PORRES,TEMP,2025-06-03 00:00:00,2025-06-03 00:00:00,1,1,short_linear,True,,1,2025-06-03T00:00:00,0,,,,,,,,,,,
SAN_MARTIN_DE_PORRES,TEMP,2025-06-03 07:00:00,2025-06-03 09:00:00,3,3,short_linear,True,,3,2025-06-03T07:00:00|2025-06-03T08:00:00|2025-06-03T09:00:00,0,,,,,,,,,,,
SAN_MARTIN_DE_PORRES,TEMP,2025-06-29 14:00:00,2025-06-29 14:00:00,1,1,short_linear,True,,1,2025-06-29T14:00:00,0,,,,,,,,,,,
SAN_MARTIN_DE_PORRES,TEMP,2025-07-08 18:00:00,2025-07-08 18:00:00,1,1,short_linear,True,,1,2025-07-08T18:00:00,0,,,,,,,,,,,
SAN_MARTIN_DE_PORRES,TEMP,2025-07-29 19:00:00,2025-07-29 19:00:00,1,1,short_linear,True,,1,2025-07-29T19:00:00,0,,,,,,,,,,,
SAN_MARTIN_DE_PORRES,TEMP,2025-08-15 10:00:00,2025-08-15 10:00:00,1,1,short_linear,True,,1,2025-08-15T10:00:00,0,,,,,,,,,,,
SAN_MARTIN_DE_PORRES,TEMP,2025-08-16 07:00:00,2025-08-16 08:00:00,2,2,short_linear,True,,2,2025-08-16T07:00:00|2025-08-16T08:00:00,0,,,,,,,,,,,
SAN_MARTIN_DE_PORRES,TEMP,2025-08-26 02:00:00,2025-08-26 07:00:00,6,6,weekly_seasonal,True,,6,2025-08-26T02:00:00|2025-08-26T03:00:00|2025-08-26T04:00:00|2025-08-26T05:00:00|2025-08-26T06:00:00|2025-08-26T07:00:00,0,,,,,,,,,,4.0,
SAN_MARTIN_DE_PORRES,TEMP,2025-09-03 12:00:00,2025-09-03 14:00:00,3,3,short_linear,True,,3,2025-09-03T12:00:00|2025-09-03T13:00:00|2025-09-03T14:00:00,0,,,,,,,,,,,
SAN_MARTIN_DE_PORRES,TEMP,2025-09-26 23:00:00,2025-09-27 20:00:00,22,22,weekly_seasonal,True,,22,2025-09-26T23:00:00|2025-09-27T00:00:00|2025-09-27T01:00:00|2025-09-27T02:00:00|2025-09-27T03:00:00|2025-09-27T04:00:00|2025-09-27T05:00:00|2025-09-27T06:00:00|2025-09-27T07:00:00|2025-09-27T08:00:00|2025-09-27T09:00:00|2025-09-27T10:00:00|2025-09-27T11:00:00|2025-09-27T12:00:00|2025-09-27T13:00:00|2025-09-27T14:00:00|2025-09-27T15:00:00|2025-09-27T16:00:00|2025-09-27T17:00:00|2025-09-27T18:00:00|2025-09-27T19:00:00|2025-09-27T20:00:00,0,,,,,,,,,,4.0,
SAN_MARTIN_DE_PORRES,TEMP,2025-11-30 23:00:00,2025-11-30 23:00:00,1,1,short_linear,True,,1,2025-11-30T23:00:00,0,,,,,,,,,,,
SAN_MARTIN_DE_PORRES,TEMP,2025-12-09 17:00:00,2025-12-09 18:00:00,2,2,short_linear,True,,2,2025-12-09T17:00:00|2025-12-09T18:00:00,0,,,,,,,,,,,
SAN_MARTIN_DE_PORRES,TEMP,2025-12-10 16:00:00,2025-12-10 16:00:00,1,1,short_linear,True,,1,2025-12-10T16:00:00,0,,,,,,,,,,,
SAN_MARTIN_DE_PORRES,TEMP,2025-12-16 12:00:00,2025-12-16 12:00:00,1,1,short_linear,True,,1,2025-12-16T12:00:00,0,,,,,,,,,,,
SAN_MARTIN_DE_PORRES,TEMP,2025-12-31 23:00:00,2025-12-31 23:00:00,1,1,short_linear,True,,1,2025-12-31T23:00:00,0,,,,,,,,,,,
SAN_MARTIN_DE_PORRES,TEMP,2026-01-07 22:00:00,2026-01-07 22:00:00,1,1,short_linear,True,,1,2026-01-07T22:00:00,0,,,,,,,,,,,
SAN_MARTIN_DE_PORRES,TEMP,2026-01-15 12:00:00,2026-01-15 15:00:00,4,4,short_linear,True,,4,2026-01-15T12:00:00|2026-01-15T13:00:00|2026-01-15T14:00:00|2026-01-15T15:00:00,0,,,,,,,,,,,
SAN_MARTIN_DE_PORRES,TEMP,2026-01-16 01:00:00,2026-01-16 01:00:00,1,1,short_linear,True,,1,2026-01-16T01:00:00,0,,,,,,,,,,,
SAN_MARTIN_DE_PORRES,TEMP,2026-01-31 23:00:00,2026-01-31 23:00:00,1,1,short_linear,True,,1,2026-01-31T23:00:00,0,,,,,,,,,,,
SAN_MARTIN_DE_PORRES,TEMP,2026-02-11 01:00:00,2026-02-11 03:00:00,3,3,short_linear,True,,3,2026-02-11T01:00:00|2026-02-11T02:00:00|2026-02-11T03:00:00,0,,,,,,,,,,,
SAN_MARTIN_DE_PORRES,TEMP,2026-02-12 20:00:00,2026-02-12 20:00:00,1,1,short_linear,True,,1,2026-02-12T20:00:00,0,,,,,,,,,,,
SAN_MARTIN_DE_PORRES,TEMP,2026-02-23 15:00:00,2026-02-23 15:00:00,1,1,short_linear,True,,1,2026-02-23T15:00:00,0,,,,,,,,,,,
SAN_MARTIN_DE_PORRES,TEMP,2026-02-28 23:00:00,2026-02-28 23:00:00,1,1,short_linear,True,,1,2026-02-28T23:00:00,0,,,,,,,,,,,
SAN_MARTIN_DE_PORRES,TEMP,2026-03-31 23:00:00,2026-03-31 23:00:00,1,1,short_linear,True,,1,2026-03-31T23:00:00,0,,,,,,,,,,,
SAN_MARTIN_DE_PORRES,TEMP,2026-04-30 23:00:00,2026-04-30 23:00:00,1,1,short_linear,True,,1,2026-04-30T23:00:00,0,,,,,,,,,,,
SAN_MARTIN_DE_PORRES,TEMP,2026-05-29 01:00:00,2026-05-29 01:00:00,1,1,short_linear,True,,1,2026-05-29T01:00:00,0,,,,,,,,,,,
SAN_MARTIN_DE_PORRES,TEMP,2026-05-31 23:00:00,2026-05-31 23:00:00,1,1,short_linear,True,,1,2026-05-31T23:00:00,0,,,,,,,,,,,
SAN_MARTIN_DE_PORRES,TEMP,2026-06-04 22:00:00,2026-06-04 22:00:00,1,1,short_linear,True,,1,2026-06-04T22:00:00,0,,,,,,,,,,,
SAN_MARTIN_DE_PORRES,HR,2025-01-01 04:00:00,2025-01-01 06:00:00,3,3,short_linear,True,,3,2025-01-01T04:00:00|2025-01-01T05:00:00|2025-01-01T06:00:00,0,,,,,,,,,,,
SAN_MARTIN_DE_PORRES,HR,2025-01-02 04:00:00,2025-01-02 07:00:00,4,4,short_linear,True,,4,2025-01-02T04:00:00|2025-01-02T05:00:00|2025-01-02T06:00:00|2025-01-02T07:00:00,0,,,,,,,,,,,
SAN_MARTIN_DE_PORRES,HR,2025-01-03 00:00:00,2025-01-03 07:00:00,8,8,cross_year_analog,True,,8,2025-01-03T00:00:00|2025-01-03T01:00:00|2025-01-03T02:00:00|2025-01-03T03:00:00|2025-01-03T04:00:00|2025-01-03T05:00:00|2025-01-03T06:00:00|2025-01-03T07:00:00,0,,,,,,,,,,1.0,
SAN_MARTIN_DE_PORRES,HR,2025-01-04 06:00:00,2025-01-04 06:00:00,1,1,short_linear,True,,1,2025-01-04T06:00:00,0,,,,,,,,,,,
SAN_MARTIN_DE_PORRES,HR,2025-01-07 05:00:00,2025-01-07 07:00:00,3,3,short_linear,True,,3,2025-01-07T05:00:00|2025-01-07T06:00:00|2025-01-07T07:00:00,0,,,,,,,,,,,
SAN_MARTIN_DE_PORRES,HR,2025-01-09 02:00:00,2025-01-09 07:00:00,6,6,cross_year_analog,True,,6,2025-01-09T02:00:00|2025-01-09T03:00:00|2025-01-09T04:00:00|2025-01-09T05:00:00|2025-01-09T06:00:00|2025-01-09T07:00:00,0,,,,,,,,,,1.0,
SAN_MARTIN_DE_PORRES,HR,2025-01-10 06:00:00,2025-01-10 07:00:00,2,2,short_linear,True,,2,2025-01-10T06:00:00|2025-01-10T07:00:00,0,,,,,,,,,,,
SAN_MARTIN_DE_PORRES,HR,2025-01-11 04:00:00,2025-01-11 06:00:00,3,3,short_linear,True,,3,2025-01-11T04:00:00|2025-01-11T05:00:00|2025-01-11T06:00:00,0,,,,,,,,,,,
SAN_MARTIN_DE_PORRES,HR,2025-01-12 06:00:00,2025-01-12 07:00:00,2,2,short_linear,True,,2,2025-01-12T06:00:00|2025-01-12T07:00:00,0,,,,,,,,,,,
SAN_MARTIN_DE_PORRES,HR,2025-01-13 03:00:00,2025-01-13 06:00:00,4,4,short_linear,True,,4,2025-01-13T03:00:00|2025-01-13T04:00:00|2025-01-13T05:00:00|2025-01-13T06:00:00,0,,,,,,,,,,,
SAN_MARTIN_DE_PORRES,HR,2025-01-14 04:00:00,2025-01-14 04:00:00,1,1,short_linear,True,,1,2025-01-14T04:00:00,0,,,,,,,,,,,
SAN_MARTIN_DE_PORRES,HR,2025-01-15 03:00:00,2025-01-15 08:00:00,6,6,weekly_seasonal,True,,6,2025-01-15T03:00:00|2025-01-15T04:00:00|2025-01-15T05:00:00|2025-01-15T06:00:00|2025-01-15T07:00:00|2025-01-15T08:00:00,0,,,,,,,,,,3.0,
SAN_MARTIN_DE_PORRES,HR,2025-01-16 02:00:00,2025-01-16 06:00:00,5,5,weekly_seasonal,True,,2,2025-01-16T02:00:00|2025-01-16T03:00:00,0,,,,,,,,,,3.0,
SAN_MARTIN_DE_PORRES,HR,2025-01-16 02:00:00,2025-01-16 06:00:00,5,5,cross_year_analog,True,,3,2025-01-16T04:00:00|2025-01-16T05:00:00|2025-01-16T06:00:00,0,,,,,,,,,,1.0,
SAN_MARTIN_DE_PORRES,HR,2025-02-15 03:00:00,2025-02-15 03:00:00,1,1,short_linear,True,,1,2025-02-15T03:00:00,0,,,,,,,,,,,
SAN_MARTIN_DE_PORRES,HR,2025-02-16 07:00:00,2025-02-16 07:00:00,1,1,short_linear,True,,1,2025-02-16T07:00:00,0,,,,,,,,,,,
SAN_MARTIN_DE_PORRES,HR,2025-02-18 02:00:00,2025-02-18 02:00:00,1,1,short_linear,True,,1,2025-02-18T02:00:00,0,,,,,,,,,,,
SAN_MARTIN_DE_PORRES,HR,2025-02-26 05:00:00,2025-02-26 05:00:00,1,1,short_linear,True,,1,2025-02-26T05:00:00,0,,,,,,,,,,,
SAN_MARTIN_DE_PORRES,HR,2025-03-05 15:00:00,2025-03-05 21:00:00,7,7,weekly_seasonal,True,,7,2025-03-05T15:00:00|2025-03-05T16:00:00|2025-03-05T17:00:00|2025-03-05T18:00:00|2025-03-05T19:00:00|2025-03-05T20:00:00|2025-03-05T21:00:00,0,,,,,,,,,,4.0,
SAN_MARTIN_DE_PORRES,HR,2025-03-09 06:00:00,2025-03-09 06:00:00,1,1,short_linear,True,,1,2025-03-09T06:00:00,0,,,,,,,,,,,
SAN_MARTIN_DE_PORRES,HR,2025-03-14 08:00:00,2025-03-14 08:00:00,1,1,short_linear,True,,1,2025-03-14T08:00:00,0,,,,,,,,,,,
SAN_MARTIN_DE_PORRES,HR,2025-04-03 14:00:00,2025-04-03 14:00:00,1,1,short_linear,True,,1,2025-04-03T14:00:00,0,,,,,,,,,,,
SAN_MARTIN_DE_PORRES,HR,2025-05-05 04:00:00,2025-05-05 04:00:00,1,1,short_linear,True,,1,2025-05-05T04:00:00,0,,,,,,,,,,,
SAN_MARTIN_DE_PORRES,HR,2025-05-07 00:00:00,2025-05-07 04:00:00,5,5,weekly_seasonal,True,,5,2025-05-07T00:00:00|2025-05-07T01:00:00|2025-05-07T02:00:00|2025-05-07T03:00:00|2025-05-07T04:00:00,0,,,,,,,,,,4.0,
SAN_MARTIN_DE_PORRES,HR,2025-05-24 06:00:00,2025-05-24 06:00:00,1,1,short_linear,True,,1,2025-05-24T06:00:00,0,,,,,,,,,,,
SAN_MARTIN_DE_PORRES,HR,2025-05-29 06:00:00,2025-05-29 09:00:00,4,4,short_linear,True,,4,2025-05-29T06:00:00|2025-05-29T07:00:00|2025-05-29T08:00:00|2025-05-29T09:00:00,0,,,,,,,,,,,
SAN_MARTIN_DE_PORRES,HR,2025-06-03 00:00:00,2025-06-03 02:00:00,3,3,short_linear,True,,3,2025-06-03T00:00:00|2025-06-03T01:00:00|2025-06-03T02:00:00,0,,,,,,,,,,,
SAN_MARTIN_DE_PORRES,HR,2025-06-03 05:00:00,2025-06-03 05:00:00,1,1,short_linear,True,,1,2025-06-03T05:00:00,0,,,,,,,,,,,
SAN_MARTIN_DE_PORRES,HR,2025-06-03 07:00:00,2025-06-03 09:00:00,3,3,short_linear,True,,3,2025-06-03T07:00:00|2025-06-03T08:00:00|2025-06-03T09:00:00,0,,,,,,,,,,,
SAN_MARTIN_DE_PORRES,HR,2025-06-03 18:00:00,2025-06-03 18:00:00,1,1,short_linear,True,,1,2025-06-03T18:00:00,0,,,,,,,,,,,
SAN_MARTIN_DE_PORRES,HR,2025-06-04 00:00:00,2025-06-04 00:00:00,1,1,short_linear,True,,1,2025-06-04T00:00:00,0,,,,,,,,,,,
SAN_MARTIN_DE_PORRES,HR,2025-06-05 03:00:00,2025-06-05 03:00:00,1,1,short_linear,True,,1,2025-06-05T03:00:00,0,,,,,,,,,,,
SAN_MARTIN_DE_PORRES,HR,2025-06-05 05:00:00,2025-06-05 05:00:00,1,1,short_linear,True,,1,2025-06-05T05:00:00,0,,,,,,,,,,,
SAN_MARTIN_DE_PORRES,HR,2025-06-05 08:00:00,2025-06-05 09:00:00,2,2,short_linear,True,,2,2025-06-05T08:00:00|2025-06-05T09:00:00,0,,,,,,,,,,,
SAN_MARTIN_DE_PORRES,HR,2025-06-06 00:00:00,2025-06-06 00:00:00,1,1,short_linear,True,,1,2025-06-06T00:00:00,0,,,,,,,,,,,
SAN_MARTIN_DE_PORRES,HR,2025-06-06 06:00:00,2025-06-06 06:00:00,1,1,short_linear,True,,1,2025-06-06T06:00:00,0,,,,,,,,,,,
SAN_MARTIN_DE_PORRES,HR,2025-06-10 04:00:00,2025-06-10 04:00:00,1,1,short_linear,True,,1,2025-06-10T04:00:00,0,,,,,,,,,,,
SAN_MARTIN_DE_PORRES,HR,2025-06-10 07:00:00,2025-06-10 07:00:00,1,1,short_linear,True,,1,2025-06-10T07:00:00,0,,,,,,,,,,,
SAN_MARTIN_DE_PORRES,HR,2025-06-16 04:00:00,2025-06-16 04:00:00,1,1,short_linear,True,,1,2025-06-16T04:00:00,0,,,,,,,,,,,
SAN_MARTIN_DE_PORRES,HR,2025-06-17 01:00:00,2025-06-17 01:00:00,1,1,short_linear,True,,1,2025-06-17T01:00:00,0,,,,,,,,,,,
SAN_MARTIN_DE_PORRES,HR,2025-06-17 03:00:00,2025-06-17 03:00:00,1,1,short_linear,True,,1,2025-06-17T03:00:00,0,,,,,,,,,,,
SAN_MARTIN_DE_PORRES,HR,2025-06-17 19:00:00,2025-06-17 19:00:00,1,1,short_linear,True,,1,2025-06-17T19:00:00,0,,,,,,,,,,,
SAN_MARTIN_DE_PORRES,HR,2025-06-18 07:00:00,2025-06-18 07:00:00,1,1,short_linear,True,,1,2025-06-18T07:00:00,0,,,,,,,,,,,
SAN_MARTIN_DE_PORRES,HR,2025-06-19 01:00:00,2025-06-19 01:00:00,1,1,short_linear,True,,1,2025-06-19T01:00:00,0,,,,,,,,,,,
SAN_MARTIN_DE_PORRES,HR,2025-06-19 04:00:00,2025-06-19 04:00:00,1,1,short_linear,True,,1,2025-06-19T04:00:00,0,,,,,,,,,,,
SAN_MARTIN_DE_PORRES,HR,2025-06-19 06:00:00,2025-06-19 06:00:00,1,1,short_linear,True,,1,2025-06-19T06:00:00,0,,,,,,,,,,,
SAN_MARTIN_DE_PORRES,HR,2025-06-19 09:00:00,2025-06-19 10:00:00,2,2,short_linear,True,,2,2025-06-19T09:00:00|2025-06-19T10:00:00,0,,,,,,,,,,,
SAN_MARTIN_DE_PORRES,HR,2025-06-20 11:00:00,2025-06-20 12:00:00,2,2,short_linear,True,,2,2025-06-20T11:00:00|2025-06-20T12:00:00,0,,,,,,,,,,,
SAN_MARTIN_DE_PORRES,HR,2025-06-21 06:00:00,2025-06-21 06:00:00,1,1,short_linear,True,,1,2025-06-21T06:00:00,0,,,,,,,,,,,
SAN_MARTIN_DE_PORRES,HR,2025-06-22 00:00:00,2025-06-22 00:00:00,1,1,short_linear,True,,1,2025-06-22T00:00:00,0,,,,,,,,,,,
SAN_MARTIN_DE_PORRES,HR,2025-06-22 02:00:00,2025-06-22 03:00:00,2,2,short_linear,True,,2,2025-06-22T02:00:00|2025-06-22T03:00:00,0,,,,,,,,,,,
SAN_MARTIN_DE_PORRES,HR,2025-06-22 10:00:00,2025-06-22 10:00:00,1,1,short_linear,True,,1,2025-06-22T10:00:00,0,,,,,,,,,,,
SAN_MARTIN_DE_PORRES,HR,2025-06-24 02:00:00,2025-06-24 02:00:00,1,1,short_linear,True,,1,2025-06-24T02:00:00,0,,,,,,,,,,,
SAN_MARTIN_DE_PORRES,HR,2025-06-24 06:00:00,2025-06-24 06:00:00,1,1,short_linear,True,,1,2025-06-24T06:00:00,0,,,,,,,,,,,
SAN_MARTIN_DE_PORRES,HR,2025-06-25 02:00:00,2025-06-25 02:00:00,1,1,short_linear,True,,1,2025-06-25T02:00:00,0,,,,,,,,,,,
SAN_MARTIN_DE_PORRES,HR,2025-06-26 21:00:00,2025-06-27 00:00:00,4,4,short_linear,True,,4,2025-06-26T21:00:00|2025-06-26T22:00:00|2025-06-26T23:00:00|2025-06-27T00:00:00,0,,,,,,,,,,,
SAN_MARTIN_DE_PORRES,HR,2025-06-27 02:00:00,2025-06-27 02:00:00,1,1,short_linear,True,,1,2025-06-27T02:00:00,0,,,,,,,,,,,
SAN_MARTIN_DE_PORRES,HR,2025-06-27 08:00:00,2025-06-27 08:00:00,1,1,short_linear,True,,1,2025-06-27T08:00:00,0,,,,,,,,,,,
SAN_MARTIN_DE_PORRES,HR,2025-06-27 14:00:00,2025-06-27 14:00:00,1,1,short_linear,True,,1,2025-06-27T14:00:00,0,,,,,,,,,,,
SAN_MARTIN_DE_PORRES,HR,2025-06-27 17:00:00,2025-06-27 18:00:00,2,2,short_linear,True,,2,2025-06-27T17:00:00|2025-06-27T18:00:00,0,,,,,,,,,,,
SAN_MARTIN_DE_PORRES,HR,2025-06-27 23:00:00,2025-06-27 23:00:00,1,1,short_linear,True,,1,2025-06-27T23:00:00,0,,,,,,,,,,,
SAN_MARTIN_DE_PORRES,HR,2025-06-28 04:00:00,2025-06-28 04:00:00,1,1,short_linear,True,,1,2025-06-28T04:00:00,0,,,,,,,,,,,
SAN_MARTIN_DE_PORRES,HR,2025-06-28 06:00:00,2025-06-28 06:00:00,1,1,short_linear,True,,1,2025-06-28T06:00:00,0,,,,,,,,,,,
SAN_MARTIN_DE_PORRES,HR,2025-06-29 14:00:00,2025-06-29 14:00:00,1,1,short_linear,True,,1,2025-06-29T14:00:00,0,,,,,,,,,,,
SAN_MARTIN_DE_PORRES,HR,2025-07-08 18:00:00,2025-07-08 18:00:00,1,1,short_linear,True,,1,2025-07-08T18:00:00,0,,,,,,,,,,,
SAN_MARTIN_DE_PORRES,HR,2025-07-29 19:00:00,2025-07-29 19:00:00,1,1,short_linear,True,,1,2025-07-29T19:00:00,0,,,,,,,,,,,
SAN_MARTIN_DE_PORRES,HR,2025-07-29 21:00:00,2025-07-29 21:00:00,1,1,short_linear,True,,1,2025-07-29T21:00:00,0,,,,,,,,,,,
SAN_MARTIN_DE_PORRES,HR,2025-07-30 06:00:00,2025-07-30 07:00:00,2,2,short_linear,True,,2,2025-07-30T06:00:00|2025-07-30T07:00:00,0,,,,,,,,,,,
SAN_MARTIN_DE_PORRES,HR,2025-08-03 03:00:00,2025-08-03 10:00:00,8,8,weekly_seasonal,True,,8,2025-08-03T03:00:00|2025-08-03T04:00:00|2025-08-03T05:00:00|2025-08-03T06:00:00|2025-08-03T07:00:00|2025-08-03T08:00:00|2025-08-03T09:00:00|2025-08-03T10:00:00,0,,,,,,,,,,3.0,
SAN_MARTIN_DE_PORRES,HR,2025-08-04 06:00:00,2025-08-04 08:00:00,3,3,short_linear,True,,3,2025-08-04T06:00:00|2025-08-04T07:00:00|2025-08-04T08:00:00,0,,,,,,,,,,,
SAN_MARTIN_DE_PORRES,HR,2025-08-05 00:00:00,2025-08-05 07:00:00,8,8,weekly_seasonal,True,,8,2025-08-05T00:00:00|2025-08-05T01:00:00|2025-08-05T02:00:00|2025-08-05T03:00:00|2025-08-05T04:00:00|2025-08-05T05:00:00|2025-08-05T06:00:00|2025-08-05T07:00:00,0,,,,,,,,,,3.0,
SAN_MARTIN_DE_PORRES,HR,2025-08-05 22:00:00,2025-08-06 08:00:00,11,11,weekly_seasonal,True,,11,2025-08-05T22:00:00|2025-08-05T23:00:00|2025-08-06T00:00:00|2025-08-06T01:00:00|2025-08-06T02:00:00|2025-08-06T03:00:00|2025-08-06T04:00:00|2025-08-06T05:00:00|2025-08-06T06:00:00|2025-08-06T07:00:00|2025-08-06T08:00:00,0,,,,,,,,,,3.0,
SAN_MARTIN_DE_PORRES,HR,2025-08-07 00:00:00,2025-08-07 10:00:00,11,11,weekly_seasonal,True,,11,2025-08-07T00:00:00|2025-08-07T01:00:00|2025-08-07T02:00:00|2025-08-07T03:00:00|2025-08-07T04:00:00|2025-08-07T05:00:00|2025-08-07T06:00:00|2025-08-07T07:00:00|2025-08-07T08:00:00|2025-08-07T09:00:00|2025-08-07T10:00:00,0,,,,,,,,,,4.0,
SAN_MARTIN_DE_PORRES,HR,2025-08-07 18:00:00,2025-08-08 08:00:00,15,15,weekly_seasonal,True,,13,2025-08-07T18:00:00|2025-08-07T19:00:00|2025-08-07T20:00:00|2025-08-07T21:00:00|2025-08-07T22:00:00|2025-08-07T23:00:00|2025-08-08T00:00:00|2025-08-08T01:00:00|2025-08-08T02:00:00|2025-08-08T03:00:00|2025-08-08T05:00:00|2025-08-08T07:00:00|2025-08-08T08:00:00,0,,,,,,,,,,3.0,
SAN_MARTIN_DE_PORRES,HR,2025-08-07 18:00:00,2025-08-08 08:00:00,15,15,interstation_regression,False,predictions_out_of_range,0,,0,0.8140270376258615,CAMPO_DE_MARTE,8.199109074571375,1.0,12642.0,-17.30079831018179,1.1955877422437178,0.5,TimeSeriesSplit(5),,
SAN_MARTIN_DE_PORRES,HR,2025-08-07 18:00:00,2025-08-08 08:00:00,15,15,interstation_regression,False,r2_below_threshold,0,,0,0.3572779520247824,SAN_JUAN_DE_LURIGANCHO,9.75182688225575,1.0,11464.0,30.07566625765312,0.6800238198633772,0.5,TimeSeriesSplit(5),,
SAN_MARTIN_DE_PORRES,HR,2025-08-07 18:00:00,2025-08-08 08:00:00,15,15,interstation_regression,False,r2_below_threshold,0,,0,0.45550738577705047,SANTA_ANITA,12.865044314385791,1.0,8105.0,18.15594295731868,0.8139190363743094,0.5,TimeSeriesSplit(5),,
SAN_MARTIN_DE_PORRES,HR,2025-08-07 18:00:00,2025-08-08 08:00:00,15,15,interstation_regression,True,,2,2025-08-08T04:00:00|2025-08-08T06:00:00,0,0.6232942158375049,CARABAYLLO,13.08974688748059,1.0,12540.0,28.300112988887413,0.6839554383037387,0.5,TimeSeriesSplit(5),,
SAN_MARTIN_DE_PORRES,HR,2025-08-09 01:00:00,2025-08-09 07:00:00,7,7,weekly_seasonal,True,,7,2025-08-09T01:00:00|2025-08-09T02:00:00|2025-08-09T03:00:00|2025-08-09T04:00:00|2025-08-09T05:00:00|2025-08-09T06:00:00|2025-08-09T07:00:00,0,,,,,,,,,,3.0,
SAN_MARTIN_DE_PORRES,HR,2025-08-09 10:00:00,2025-08-09 10:00:00,1,1,short_linear,True,,1,2025-08-09T10:00:00,0,,,,,,,,,,,
SAN_MARTIN_DE_PORRES,HR,2025-08-10 04:00:00,2025-08-10 05:00:00,2,2,short_linear,True,,2,2025-08-10T04:00:00|2025-08-10T05:00:00,0,,,,,,,,,,,
SAN_MARTIN_DE_PORRES,HR,2025-08-12 04:00:00,2025-08-12 08:00:00,5,5,weekly_seasonal,True,,1,2025-08-12T08:00:00,0,,,,,,,,,,4.0,
SAN_MARTIN_DE_PORRES,HR,2025-08-12 04:00:00,2025-08-12 08:00:00,5,5,interstation_regression,True,,2,2025-08-12T04:00:00|2025-08-12T05:00:00,0,0.8140270376258615,CAMPO_DE_MARTE,8.199109074571375,1.0,12642.0,-17.30079831018179,1.1955877422437178,0.5,TimeSeriesSplit(5),,
SAN_MARTIN_DE_PORRES,HR,2025-08-12 04:00:00,2025-08-12 08:00:00,5,5,interstation_regression,False,r2_below_threshold,0,,0,0.3572779520247824,SAN_JUAN_DE_LURIGANCHO,9.75182688225575,1.0,11464.0,30.07566625765312,0.6800238198633772,0.5,TimeSeriesSplit(5),,
SAN_MARTIN_DE_PORRES,HR,2025-08-12 04:00:00,2025-08-12 08:00:00,5,5,interstation_regression,False,r2_below_threshold,0,,0,0.45550738577705047,SANTA_ANITA,12.865044314385791,1.0,8105.0,18.15594295731868,0.8139190363743094,0.5,TimeSeriesSplit(5),,
SAN_MARTIN_DE_PORRES,HR,2025-08-12 04:00:00,2025-08-12 08:00:00,5,5,interstation_regression,True,,2,2025-08-12T06:00:00|2025-08-12T07:00:00,0,0.6232942158375049,CARABAYLLO,13.08974688748059,1.0,12540.0,28.300112988887413,0.6839554383037387,0.5,TimeSeriesSplit(5),,
SAN_MARTIN_DE_PORRES,HR,2025-08-15 04:00:00,2025-08-15 10:00:00,7,7,weekly_seasonal,True,,4,2025-08-15T05:00:00|2025-08-15T08:00:00|2025-08-15T09:00:00|2025-08-15T10:00:00,0,,,,,,,,,,3.0,
SAN_MARTIN_DE_PORRES,HR,2025-08-15 04:00:00,2025-08-15 10:00:00,7,7,interstation_regression,True,,3,2025-08-15T04:00:00|2025-08-15T06:00:00|2025-08-15T07:00:00,0,0.8140270376258615,CAMPO_DE_MARTE,8.199109074571375,1.0,12642.0,-17.30079831018179,1.1955877422437178,0.5,TimeSeriesSplit(5),,
SAN_MARTIN_DE_PORRES,HR,2025-08-16 07:00:00,2025-08-16 08:00:00,2,2,short_linear,True,,2,2025-08-16T07:00:00|2025-08-16T08:00:00,0,,,,,,,,,,,
SAN_MARTIN_DE_PORRES,HR,2025-08-18 07:00:00,2025-08-18 08:00:00,2,2,short_linear,True,,2,2025-08-18T07:00:00|2025-08-18T08:00:00,0,,,,,,,,,,,
SAN_MARTIN_DE_PORRES,HR,2025-08-22 02:00:00,2025-08-22 02:00:00,1,1,short_linear,True,,1,2025-08-22T02:00:00,0,,,,,,,,,,,
SAN_MARTIN_DE_PORRES,HR,2025-08-22 04:00:00,2025-08-22 04:00:00,1,1,short_linear,True,,1,2025-08-22T04:00:00,0,,,,,,,,,,,
SAN_MARTIN_DE_PORRES,HR,2025-08-22 06:00:00,2025-08-22 06:00:00,1,1,short_linear,True,,1,2025-08-22T06:00:00,0,,,,,,,,,,,
SAN_MARTIN_DE_PORRES,HR,2025-08-23 06:00:00,2025-08-23 06:00:00,1,1,short_linear,True,,1,2025-08-23T06:00:00,0,,,,,,,,,,,
SAN_MARTIN_DE_PORRES,HR,2025-08-24 06:00:00,2025-08-24 07:00:00,2,2,short_linear,True,,2,2025-08-24T06:00:00|2025-08-24T07:00:00,0,,,,,,,,,,,
SAN_MARTIN_DE_PORRES,HR,2025-08-26 02:00:00,2025-08-26 07:00:00,6,6,weekly_seasonal,True,,3,2025-08-26T02:00:00|2025-08-26T03:00:00|2025-08-26T07:00:00,0,,,,,,,,,,3.0,
SAN_MARTIN_DE_PORRES,HR,2025-08-26 02:00:00,2025-08-26 07:00:00,6,6,interstation_regression,True,,3,2025-08-26T04:00:00|2025-08-26T05:00:00|2025-08-26T06:00:00,0,0.8140270376258615,CAMPO_DE_MARTE,8.199109074571375,1.0,12642.0,-17.30079831018179,1.1955877422437178,0.5,TimeSeriesSplit(5),,
SAN_MARTIN_DE_PORRES,HR,2025-08-27 03:00:00,2025-08-27 04:00:00,2,2,short_linear,True,,2,2025-08-27T03:00:00|2025-08-27T04:00:00,0,,,,,,,,,,,
SAN_MARTIN_DE_PORRES,HR,2025-08-27 23:00:00,2025-08-27 23:00:00,1,1,short_linear,True,,1,2025-08-27T23:00:00,0,,,,,,,,,,,
SAN_MARTIN_DE_PORRES,HR,2025-08-28 01:00:00,2025-08-28 02:00:00,2,2,short_linear,True,,2,2025-08-28T01:00:00|2025-08-28T02:00:00,0,,,,,,,,,,,
SAN_MARTIN_DE_PORRES,HR,2025-08-28 05:00:00,2025-08-28 07:00:00,3,3,short_linear,True,,3,2025-08-28T05:00:00|2025-08-28T06:00:00|2025-08-28T07:00:00,0,,,,,,,,,,,
SAN_MARTIN_DE_PORRES,HR,2025-08-28 09:00:00,2025-08-28 09:00:00,1,1,short_linear,True,,1,2025-08-28T09:00:00,0,,,,,,,,,,,
SAN_MARTIN_DE_PORRES,HR,2025-08-29 06:00:00,2025-08-29 07:00:00,2,2,short_linear,True,,2,2025-08-29T06:00:00|2025-08-29T07:00:00,0,,,,,,,,,,,
SAN_MARTIN_DE_PORRES,HR,2025-09-01 07:00:00,2025-09-01 10:00:00,4,4,short_linear,True,,4,2025-09-01T07:00:00|2025-09-01T08:00:00|2025-09-01T09:00:00|2025-09-01T10:00:00,0,,,,,,,,,,,
SAN_MARTIN_DE_PORRES,HR,2025-09-02 02:00:00,2025-09-02 06:00:00,5,5,weekly_seasonal,True,,5,2025-09-02T02:00:00|2025-09-02T03:00:00|2025-09-02T04:00:00|2025-09-02T05:00:00|2025-09-02T06:00:00,0,,,,,,,,,,3.0,
SAN_MARTIN_DE_PORRES,HR,2025-09-03 05:00:00,2025-09-03 07:00:00,3,3,short_linear,True,,3,2025-09-03T05:00:00|2025-09-03T06:00:00|2025-09-03T07:00:00,0,,,,,,,,,,,
SAN_MARTIN_DE_PORRES,HR,2025-09-03 12:00:00,2025-09-03 14:00:00,3,3,short_linear,True,,3,2025-09-03T12:00:00|2025-09-03T13:00:00|2025-09-03T14:00:00,0,,,,,,,,,,,
SAN_MARTIN_DE_PORRES,HR,2025-09-26 23:00:00,2025-09-27 20:00:00,22,22,weekly_seasonal,True,,22,2025-09-26T23:00:00|2025-09-27T00:00:00|2025-09-27T01:00:00|2025-09-27T02:00:00|2025-09-27T03:00:00|2025-09-27T04:00:00|2025-09-27T05:00:00|2025-09-27T06:00:00|2025-09-27T07:00:00|2025-09-27T08:00:00|2025-09-27T09:00:00|2025-09-27T10:00:00|2025-09-27T11:00:00|2025-09-27T12:00:00|2025-09-27T13:00:00|2025-09-27T14:00:00|2025-09-27T15:00:00|2025-09-27T16:00:00|2025-09-27T17:00:00|2025-09-27T18:00:00|2025-09-27T19:00:00|2025-09-27T20:00:00,0,,,,,,,,,,4.0,
SAN_MARTIN_DE_PORRES,HR,2025-11-30 23:00:00,2025-11-30 23:00:00,1,1,short_linear,True,,1,2025-11-30T23:00:00,0,,,,,,,,,,,
SAN_MARTIN_DE_PORRES,HR,2025-12-09 17:00:00,2025-12-09 18:00:00,2,2,short_linear,True,,2,2025-12-09T17:00:00|2025-12-09T18:00:00,0,,,,,,,,,,,
SAN_MARTIN_DE_PORRES,HR,2025-12-10 16:00:00,2025-12-10 16:00:00,1,1,short_linear,True,,1,2025-12-10T16:00:00,0,,,,,,,,,,,
SAN_MARTIN_DE_PORRES,HR,2025-12-16 12:00:00,2025-12-16 12:00:00,1,1,short_linear,True,,1,2025-12-16T12:00:00,0,,,,,,,,,,,
SAN_MARTIN_DE_PORRES,HR,2025-12-31 23:00:00,2025-12-31 23:00:00,1,1,short_linear,True,,1,2025-12-31T23:00:00,0,,,,,,,,,,,
SAN_MARTIN_DE_PORRES,HR,2026-01-07 22:00:00,2026-01-07 22:00:00,1,1,short_linear,True,,1,2026-01-07T22:00:00,0,,,,,,,,,,,
SAN_MARTIN_DE_PORRES,HR,2026-01-15 12:00:00,2026-01-15 15:00:00,4,4,short_linear,True,,4,2026-01-15T12:00:00|2026-01-15T13:00:00|2026-01-15T14:00:00|2026-01-15T15:00:00,0,,,,,,,,,,,
SAN_MARTIN_DE_PORRES,HR,2026-01-16 01:00:00,2026-01-16 01:00:00,1,1,short_linear,True,,1,2026-01-16T01:00:00,0,,,,,,,,,,,
SAN_MARTIN_DE_PORRES,HR,2026-01-31 23:00:00,2026-01-31 23:00:00,1,1,short_linear,True,,1,2026-01-31T23:00:00,0,,,,,,,,,,,
SAN_MARTIN_DE_PORRES,HR,2026-02-11 01:00:00,2026-02-11 03:00:00,3,3,short_linear,True,,3,2026-02-11T01:00:00|2026-02-11T02:00:00|2026-02-11T03:00:00,0,,,,,,,,,,,
SAN_MARTIN_DE_PORRES,HR,2026-02-12 20:00:00,2026-02-12 20:00:00,1,1,short_linear,True,,1,2026-02-12T20:00:00,0,,,,,,,,,,,
SAN_MARTIN_DE_PORRES,HR,2026-02-23 15:00:00,2026-02-23 15:00:00,1,1,short_linear,True,,1,2026-02-23T15:00:00,0,,,,,,,,,,,
SAN_MARTIN_DE_PORRES,HR,2026-02-28 23:00:00,2026-02-28 23:00:00,1,1,short_linear,True,,1,2026-02-28T23:00:00,0,,,,,,,,,,,
SAN_MARTIN_DE_PORRES,HR,2026-03-31 23:00:00,2026-03-31 23:00:00,1,1,short_linear,True,,1,2026-03-31T23:00:00,0,,,,,,,,,,,
SAN_MARTIN_DE_PORRES,HR,2026-04-30 23:00:00,2026-04-30 23:00:00,1,1,short_linear,True,,1,2026-04-30T23:00:00,0,,,,,,,,,,,
SAN_MARTIN_DE_PORRES,HR,2026-05-29 01:00:00,2026-05-29 01:00:00,1,1,short_linear,True,,1,2026-05-29T01:00:00,0,,,,,,,,,,,
SAN_MARTIN_DE_PORRES,HR,2026-05-31 23:00:00,2026-05-31 23:00:00,1,1,short_linear,True,,1,2026-05-31T23:00:00,0,,,,,,,,,,,
SAN_MARTIN_DE_PORRES,HR,2026-06-04 22:00:00,2026-06-04 22:00:00,1,1,short_linear,True,,1,2026-06-04T22:00:00,0,,,,,,,,,,,
SAN_MARTIN_DE_PORRES,PP,2025-02-15 03:00:00,2025-02-15 03:00:00,1,1,short_zero,True,,1,2025-02-15T03:00:00,0,,,,,,,,,,,
SAN_MARTIN_DE_PORRES,PP,2025-03-05 15:00:00,2025-03-05 21:00:00,7,7,weekly_seasonal,True,,7,2025-03-05T15:00:00|2025-03-05T16:00:00|2025-03-05T17:00:00|2025-03-05T18:00:00|2025-03-05T19:00:00|2025-03-05T20:00:00|2025-03-05T21:00:00,0,,,,,,,,,,4.0,
SAN_MARTIN_DE_PORRES,PP,2025-04-03 14:00:00,2025-04-03 14:00:00,1,1,short_zero,True,,1,2025-04-03T14:00:00,0,,,,,,,,,,,
SAN_MARTIN_DE_PORRES,PP,2025-05-07 00:00:00,2025-05-07 04:00:00,5,5,weekly_seasonal,True,,5,2025-05-07T00:00:00|2025-05-07T01:00:00|2025-05-07T02:00:00|2025-05-07T03:00:00|2025-05-07T04:00:00,0,,,,,,,,,,4.0,
SAN_MARTIN_DE_PORRES,PP,2025-05-29 06:00:00,2025-05-29 09:00:00,4,4,short_zero,True,,4,2025-05-29T06:00:00|2025-05-29T07:00:00|2025-05-29T08:00:00|2025-05-29T09:00:00,0,,,,,,,,,,,
SAN_MARTIN_DE_PORRES,PP,2025-06-03 00:00:00,2025-06-03 00:00:00,1,1,short_zero,True,,1,2025-06-03T00:00:00,0,,,,,,,,,,,
SAN_MARTIN_DE_PORRES,PP,2025-06-03 07:00:00,2025-06-03 09:00:00,3,3,short_zero,True,,3,2025-06-03T07:00:00|2025-06-03T08:00:00|2025-06-03T09:00:00,0,,,,,,,,,,,
SAN_MARTIN_DE_PORRES,PP,2025-06-29 14:00:00,2025-06-29 14:00:00,1,1,short_zero,True,,1,2025-06-29T14:00:00,0,,,,,,,,,,,
SAN_MARTIN_DE_PORRES,PP,2025-07-08 18:00:00,2025-07-08 18:00:00,1,1,short_zero,True,,1,2025-07-08T18:00:00,0,,,,,,,,,,,
SAN_MARTIN_DE_PORRES,PP,2025-07-29 19:00:00,2025-07-29 19:00:00,1,1,short_zero,True,,1,2025-07-29T19:00:00,0,,,,,,,,,,,
SAN_MARTIN_DE_PORRES,PP,2025-08-15 10:00:00,2025-08-15 10:00:00,1,1,short_zero,True,,1,2025-08-15T10:00:00,0,,,,,,,,,,,
SAN_MARTIN_DE_PORRES,PP,2025-08-16 07:00:00,2025-08-16 08:00:00,2,2,short_zero,True,,2,2025-08-16T07:00:00|2025-08-16T08:00:00,0,,,,,,,,,,,
SAN_MARTIN_DE_PORRES,PP,2025-08-26 02:00:00,2025-08-26 07:00:00,6,6,weekly_seasonal,True,,6,2025-08-26T02:00:00|2025-08-26T03:00:00|2025-08-26T04:00:00|2025-08-26T05:00:00|2025-08-26T06:00:00|2025-08-26T07:00:00,0,,,,,,,,,,4.0,
SAN_MARTIN_DE_PORRES,PP,2025-09-03 12:00:00,2025-09-03 14:00:00,3,3,short_zero,True,,3,2025-09-03T12:00:00|2025-09-03T13:00:00|2025-09-03T14:00:00,0,,,,,,,,,,,
SAN_MARTIN_DE_PORRES,PP,2025-09-26 23:00:00,2025-09-27 20:00:00,22,22,weekly_seasonal,True,,22,2025-09-26T23:00:00|2025-09-27T00:00:00|2025-09-27T01:00:00|2025-09-27T02:00:00|2025-09-27T03:00:00|2025-09-27T04:00:00|2025-09-27T05:00:00|2025-09-27T06:00:00|2025-09-27T07:00:00|2025-09-27T08:00:00|2025-09-27T09:00:00|2025-09-27T10:00:00|2025-09-27T11:00:00|2025-09-27T12:00:00|2025-09-27T13:00:00|2025-09-27T14:00:00|2025-09-27T15:00:00|2025-09-27T16:00:00|2025-09-27T17:00:00|2025-09-27T18:00:00|2025-09-27T19:00:00|2025-09-27T20:00:00,0,,,,,,,,,,4.0,
SAN_MARTIN_DE_PORRES,PP,2025-11-30 23:00:00,2025-11-30 23:00:00,1,1,short_zero,True,,1,2025-11-30T23:00:00,0,,,,,,,,,,,
SAN_MARTIN_DE_PORRES,PP,2025-12-09 17:00:00,2025-12-09 18:00:00,2,2,short_zero,True,,2,2025-12-09T17:00:00|2025-12-09T18:00:00,0,,,,,,,,,,,
SAN_MARTIN_DE_PORRES,PP,2025-12-10 16:00:00,2025-12-10 16:00:00,1,1,short_zero,True,,1,2025-12-10T16:00:00,0,,,,,,,,,,,
SAN_MARTIN_DE_PORRES,PP,2025-12-16 12:00:00,2025-12-16 12:00:00,1,1,short_zero,True,,1,2025-12-16T12:00:00,0,,,,,,,,,,,
SAN_MARTIN_DE_PORRES,PP,2025-12-31 23:00:00,2025-12-31 23:00:00,1,1,short_zero,True,,1,2025-12-31T23:00:00,0,,,,,,,,,,,
SAN_MARTIN_DE_PORRES,PP,2026-01-07 22:00:00,2026-01-07 22:00:00,1,1,short_zero,True,,1,2026-01-07T22:00:00,0,,,,,,,,,,,
SAN_MARTIN_DE_PORRES,PP,2026-01-15 12:00:00,2026-01-15 15:00:00,4,4,short_zero,True,,4,2026-01-15T12:00:00|2026-01-15T13:00:00|2026-01-15T14:00:00|2026-01-15T15:00:00,0,,,,,,,,,,,
SAN_MARTIN_DE_PORRES,PP,2026-01-16 01:00:00,2026-01-16 01:00:00,1,1,short_zero,True,,1,2026-01-16T01:00:00,0,,,,,,,,,,,
SAN_MARTIN_DE_PORRES,PP,2026-01-31 23:00:00,2026-01-31 23:00:00,1,1,short_zero,True,,1,2026-01-31T23:00:00,0,,,,,,,,,,,
SAN_MARTIN_DE_PORRES,PP,2026-02-11 01:00:00,2026-02-11 03:00:00,3,3,short_zero,True,,3,2026-02-11T01:00:00|2026-02-11T02:00:00|2026-02-11T03:00:00,0,,,,,,,,,,,
SAN_MARTIN_DE_PORRES,PP,2026-02-12 20:00:00,2026-02-12 20:00:00,1,1,short_zero,True,,1,2026-02-12T20:00:00,0,,,,,,,,,,,
SAN_MARTIN_DE_PORRES,PP,2026-02-23 15:00:00,2026-02-23 15:00:00,1,1,short_zero,True,,1,2026-02-23T15:00:00,0,,,,,,,,,,,
SAN_MARTIN_DE_PORRES,PP,2026-02-28 23:00:00,2026-02-28 23:00:00,1,1,short_zero,True,,1,2026-02-28T23:00:00,0,,,,,,,,,,,
SAN_MARTIN_DE_PORRES,PP,2026-03-31 23:00:00,2026-03-31 23:00:00,1,1,short_zero,True,,1,2026-03-31T23:00:00,0,,,,,,,,,,,
SAN_MARTIN_DE_PORRES,PP,2026-04-30 23:00:00,2026-04-30 23:00:00,1,1,short_zero,True,,1,2026-04-30T23:00:00,0,,,,,,,,,,,
SAN_MARTIN_DE_PORRES,PP,2026-05-29 01:00:00,2026-05-29 01:00:00,1,1,short_zero,True,,1,2026-05-29T01:00:00,0,,,,,,,,,,,
SAN_MARTIN_DE_PORRES,PP,2026-05-31 23:00:00,2026-05-31 23:00:00,1,1,short_zero,True,,1,2026-05-31T23:00:00,0,,,,,,,,,,,
SAN_MARTIN_DE_PORRES,PP,2026-06-04 22:00:00,2026-06-04 22:00:00,1,1,short_zero,True,,1,2026-06-04T22:00:00,0,,,,,,,,,,,
SAN_MARTIN_DE_PORRES,DIR_VIENTO,2025-02-15 03:00:00,2025-02-15 03:00:00,1,1,short_vector_linear,True,,1,2025-02-15T03:00:00,0,,,,,,,,,,,
SAN_MARTIN_DE_PORRES,VEL_VIENTO,2025-02-15 03:00:00,2025-02-15 03:00:00,1,1,short_vector_linear,True,,1,2025-02-15T03:00:00,0,,,,,,,,,,,
SAN_MARTIN_DE_PORRES,DIR_VIENTO,2025-03-05 15:00:00,2025-03-05 21:00:00,7,7,weekly_vector_seasonal,True,,7,2025-03-05T15:00:00|2025-03-05T16:00:00|2025-03-05T17:00:00|2025-03-05T18:00:00|2025-03-05T19:00:00|2025-03-05T20:00:00|2025-03-05T21:00:00,0,,,,,,,,,,4.0,
SAN_MARTIN_DE_PORRES,VEL_VIENTO,2025-03-05 15:00:00,2025-03-05 21:00:00,7,7,weekly_vector_seasonal,True,,7,2025-03-05T15:00:00|2025-03-05T16:00:00|2025-03-05T17:00:00|2025-03-05T18:00:00|2025-03-05T19:00:00|2025-03-05T20:00:00|2025-03-05T21:00:00,0,,,,,,,,,,4.0,
SAN_MARTIN_DE_PORRES,DIR_VIENTO,2025-04-03 14:00:00,2025-04-03 14:00:00,1,1,short_vector_linear,True,,1,2025-04-03T14:00:00,0,,,,,,,,,,,
SAN_MARTIN_DE_PORRES,VEL_VIENTO,2025-04-03 14:00:00,2025-04-03 14:00:00,1,1,short_vector_linear,True,,1,2025-04-03T14:00:00,0,,,,,,,,,,,
SAN_MARTIN_DE_PORRES,DIR_VIENTO,2025-05-07 00:00:00,2025-05-07 04:00:00,5,5,weekly_vector_seasonal,True,,5,2025-05-07T00:00:00|2025-05-07T01:00:00|2025-05-07T02:00:00|2025-05-07T03:00:00|2025-05-07T04:00:00,0,,,,,,,,,,4.0,
SAN_MARTIN_DE_PORRES,VEL_VIENTO,2025-05-07 00:00:00,2025-05-07 04:00:00,5,5,weekly_vector_seasonal,True,,5,2025-05-07T00:00:00|2025-05-07T01:00:00|2025-05-07T02:00:00|2025-05-07T03:00:00|2025-05-07T04:00:00,0,,,,,,,,,,4.0,
SAN_MARTIN_DE_PORRES,DIR_VIENTO,2025-05-29 06:00:00,2025-05-29 09:00:00,4,4,short_vector_linear,True,,4,2025-05-29T06:00:00|2025-05-29T07:00:00|2025-05-29T08:00:00|2025-05-29T09:00:00,0,,,,,,,,,,,
SAN_MARTIN_DE_PORRES,VEL_VIENTO,2025-05-29 06:00:00,2025-05-29 09:00:00,4,4,short_vector_linear,True,,4,2025-05-29T06:00:00|2025-05-29T07:00:00|2025-05-29T08:00:00|2025-05-29T09:00:00,0,,,,,,,,,,,
SAN_MARTIN_DE_PORRES,DIR_VIENTO,2025-06-03 00:00:00,2025-06-03 00:00:00,1,1,short_vector_linear,True,,1,2025-06-03T00:00:00,0,,,,,,,,,,,
SAN_MARTIN_DE_PORRES,VEL_VIENTO,2025-06-03 00:00:00,2025-06-03 00:00:00,1,1,short_vector_linear,True,,1,2025-06-03T00:00:00,0,,,,,,,,,,,
SAN_MARTIN_DE_PORRES,DIR_VIENTO,2025-06-03 07:00:00,2025-06-03 09:00:00,3,3,short_vector_linear,True,,3,2025-06-03T07:00:00|2025-06-03T08:00:00|2025-06-03T09:00:00,0,,,,,,,,,,,
SAN_MARTIN_DE_PORRES,VEL_VIENTO,2025-06-03 07:00:00,2025-06-03 09:00:00,3,3,short_vector_linear,True,,3,2025-06-03T07:00:00|2025-06-03T08:00:00|2025-06-03T09:00:00,0,,,,,,,,,,,
SAN_MARTIN_DE_PORRES,DIR_VIENTO,2025-06-29 14:00:00,2025-06-29 14:00:00,1,1,short_vector_linear,True,,1,2025-06-29T14:00:00,0,,,,,,,,,,,
SAN_MARTIN_DE_PORRES,VEL_VIENTO,2025-06-29 14:00:00,2025-06-29 14:00:00,1,1,short_vector_linear,True,,1,2025-06-29T14:00:00,0,,,,,,,,,,,
SAN_MARTIN_DE_PORRES,DIR_VIENTO,2025-07-08 18:00:00,2025-07-08 18:00:00,1,1,short_vector_linear,True,,1,2025-07-08T18:00:00,0,,,,,,,,,,,
SAN_MARTIN_DE_PORRES,VEL_VIENTO,2025-07-08 18:00:00,2025-07-08 18:00:00,1,1,short_vector_linear,True,,1,2025-07-08T18:00:00,0,,,,,,,,,,,
SAN_MARTIN_DE_PORRES,DIR_VIENTO,2025-07-29 19:00:00,2025-07-29 19:00:00,1,1,short_vector_linear,True,,1,2025-07-29T19:00:00,0,,,,,,,,,,,
SAN_MARTIN_DE_PORRES,VEL_VIENTO,2025-07-29 19:00:00,2025-07-29 19:00:00,1,1,short_vector_linear,True,,1,2025-07-29T19:00:00,0,,,,,,,,,,,
SAN_MARTIN_DE_PORRES,DIR_VIENTO,2025-08-15 10:00:00,2025-08-15 10:00:00,1,1,short_vector_linear,True,,1,2025-08-15T10:00:00,0,,,,,,,,,,,
SAN_MARTIN_DE_PORRES,VEL_VIENTO,2025-08-15 10:00:00,2025-08-15 10:00:00,1,1,short_vector_linear,True,,1,2025-08-15T10:00:00,0,,,,,,,,,,,
SAN_MARTIN_DE_PORRES,DIR_VIENTO,2025-08-16 07:00:00,2025-08-16 08:00:00,2,2,short_vector_linear,True,,2,2025-08-16T07:00:00|2025-08-16T08:00:00,0,,,,,,,,,,,
SAN_MARTIN_DE_PORRES,VEL_VIENTO,2025-08-16 07:00:00,2025-08-16 08:00:00,2,2,short_vector_linear,True,,2,2025-08-16T07:00:00|2025-08-16T08:00:00,0,,,,,,,,,,,
SAN_MARTIN_DE_PORRES,DIR_VIENTO,2025-08-26 02:00:00,2025-08-26 07:00:00,6,6,weekly_vector_seasonal,True,,6,2025-08-26T02:00:00|2025-08-26T03:00:00|2025-08-26T04:00:00|2025-08-26T05:00:00|2025-08-26T06:00:00|2025-08-26T07:00:00,0,,,,,,,,,,4.0,
SAN_MARTIN_DE_PORRES,VEL_VIENTO,2025-08-26 02:00:00,2025-08-26 07:00:00,6,6,weekly_vector_seasonal,True,,6,2025-08-26T02:00:00|2025-08-26T03:00:00|2025-08-26T04:00:00|2025-08-26T05:00:00|2025-08-26T06:00:00|2025-08-26T07:00:00,0,,,,,,,,,,4.0,
SAN_MARTIN_DE_PORRES,DIR_VIENTO,2025-09-03 12:00:00,2025-09-03 14:00:00,3,3,short_vector_linear,True,,3,2025-09-03T12:00:00|2025-09-03T13:00:00|2025-09-03T14:00:00,0,,,,,,,,,,,
SAN_MARTIN_DE_PORRES,VEL_VIENTO,2025-09-03 12:00:00,2025-09-03 14:00:00,3,3,short_vector_linear,True,,3,2025-09-03T12:00:00|2025-09-03T13:00:00|2025-09-03T14:00:00,0,,,,,,,,,,,
SAN_MARTIN_DE_PORRES,DIR_VIENTO,2025-09-26 23:00:00,2025-09-27 20:00:00,22,22,weekly_vector_seasonal,True,,22,2025-09-26T23:00:00|2025-09-27T00:00:00|2025-09-27T01:00:00|2025-09-27T02:00:00|2025-09-27T03:00:00|2025-09-27T04:00:00|2025-09-27T05:00:00|2025-09-27T06:00:00|2025-09-27T07:00:00|2025-09-27T08:00:00|2025-09-27T09:00:00|2025-09-27T10:00:00|2025-09-27T11:00:00|2025-09-27T12:00:00|2025-09-27T13:00:00|2025-09-27T14:00:00|2025-09-27T15:00:00|2025-09-27T16:00:00|2025-09-27T17:00:00|2025-09-27T18:00:00|2025-09-27T19:00:00|2025-09-27T20:00:00,0,,,,,,,,,,4.0,
SAN_MARTIN_DE_PORRES,VEL_VIENTO,2025-09-26 23:00:00,2025-09-27 20:00:00,22,22,weekly_vector_seasonal,True,,22,2025-09-26T23:00:00|2025-09-27T00:00:00|2025-09-27T01:00:00|2025-09-27T02:00:00|2025-09-27T03:00:00|2025-09-27T04:00:00|2025-09-27T05:00:00|2025-09-27T06:00:00|2025-09-27T07:00:00|2025-09-27T08:00:00|2025-09-27T09:00:00|2025-09-27T10:00:00|2025-09-27T11:00:00|2025-09-27T12:00:00|2025-09-27T13:00:00|2025-09-27T14:00:00|2025-09-27T15:00:00|2025-09-27T16:00:00|2025-09-27T17:00:00|2025-09-27T18:00:00|2025-09-27T19:00:00|2025-09-27T20:00:00,0,,,,,,,,,,4.0,
SAN_MARTIN_DE_PORRES,DIR_VIENTO,2025-11-30 23:00:00,2025-11-30 23:00:00,1,1,short_vector_linear,True,,1,2025-11-30T23:00:00,0,,,,,,,,,,,
SAN_MARTIN_DE_PORRES,VEL_VIENTO,2025-11-30 23:00:00,2025-11-30 23:00:00,1,1,short_vector_linear,True,,1,2025-11-30T23:00:00,0,,,,,,,,,,,
SAN_MARTIN_DE_PORRES,DIR_VIENTO,2025-12-09 17:00:00,2025-12-09 18:00:00,2,2,short_vector_linear,True,,2,2025-12-09T17:00:00|2025-12-09T18:00:00,0,,,,,,,,,,,
SAN_MARTIN_DE_PORRES,VEL_VIENTO,2025-12-09 17:00:00,2025-12-09 18:00:00,2,2,short_vector_linear,True,,2,2025-12-09T17:00:00|2025-12-09T18:00:00,0,,,,,,,,,,,
SAN_MARTIN_DE_PORRES,DIR_VIENTO,2025-12-10 16:00:00,2025-12-10 16:00:00,1,1,short_vector_linear,True,,1,2025-12-10T16:00:00,0,,,,,,,,,,,
SAN_MARTIN_DE_PORRES,VEL_VIENTO,2025-12-10 16:00:00,2025-12-10 16:00:00,1,1,short_vector_linear,True,,1,2025-12-10T16:00:00,0,,,,,,,,,,,
SAN_MARTIN_DE_PORRES,DIR_VIENTO,2025-12-16 12:00:00,2025-12-16 12:00:00,1,1,short_vector_linear,True,,1,2025-12-16T12:00:00,0,,,,,,,,,,,
SAN_MARTIN_DE_PORRES,VEL_VIENTO,2025-12-16 12:00:00,2025-12-16 12:00:00,1,1,short_vector_linear,True,,1,2025-12-16T12:00:00,0,,,,,,,,,,,
SAN_MARTIN_DE_PORRES,DIR_VIENTO,2025-12-31 23:00:00,2025-12-31 23:00:00,1,1,short_vector_linear,True,,1,2025-12-31T23:00:00,0,,,,,,,,,,,
SAN_MARTIN_DE_PORRES,VEL_VIENTO,2025-12-31 23:00:00,2025-12-31 23:00:00,1,1,short_vector_linear,True,,1,2025-12-31T23:00:00,0,,,,,,,,,,,
SAN_MARTIN_DE_PORRES,DIR_VIENTO,2026-01-07 22:00:00,2026-01-07 22:00:00,1,1,short_vector_linear,True,,1,2026-01-07T22:00:00,0,,,,,,,,,,,
SAN_MARTIN_DE_PORRES,VEL_VIENTO,2026-01-07 22:00:00,2026-01-07 22:00:00,1,1,short_vector_linear,True,,1,2026-01-07T22:00:00,0,,,,,,,,,,,
SAN_MARTIN_DE_PORRES,DIR_VIENTO,2026-01-15 12:00:00,2026-01-15 15:00:00,4,4,short_vector_linear,True,,4,2026-01-15T12:00:00|2026-01-15T13:00:00|2026-01-15T14:00:00|2026-01-15T15:00:00,0,,,,,,,,,,,
SAN_MARTIN_DE_PORRES,VEL_VIENTO,2026-01-15 12:00:00,2026-01-15 15:00:00,4,4,short_vector_linear,True,,4,2026-01-15T12:00:00|2026-01-15T13:00:00|2026-01-15T14:00:00|2026-01-15T15:00:00,0,,,,,,,,,,,
SAN_MARTIN_DE_PORRES,DIR_VIENTO,2026-01-16 01:00:00,2026-01-16 01:00:00,1,1,short_vector_linear,True,,1,2026-01-16T01:00:00,0,,,,,,,,,,,
SAN_MARTIN_DE_PORRES,VEL_VIENTO,2026-01-16 01:00:00,2026-01-16 01:00:00,1,1,short_vector_linear,True,,1,2026-01-16T01:00:00,0,,,,,,,,,,,
SAN_MARTIN_DE_PORRES,DIR_VIENTO,2026-01-31 23:00:00,2026-01-31 23:00:00,1,1,short_vector_linear,True,,1,2026-01-31T23:00:00,0,,,,,,,,,,,
SAN_MARTIN_DE_PORRES,VEL_VIENTO,2026-01-31 23:00:00,2026-01-31 23:00:00,1,1,short_vector_linear,True,,1,2026-01-31T23:00:00,0,,,,,,,,,,,
SAN_MARTIN_DE_PORRES,DIR_VIENTO,2026-02-11 01:00:00,2026-02-11 03:00:00,3,3,short_vector_linear,True,,3,2026-02-11T01:00:00|2026-02-11T02:00:00|2026-02-11T03:00:00,0,,,,,,,,,,,
SAN_MARTIN_DE_PORRES,VEL_VIENTO,2026-02-11 01:00:00,2026-02-11 03:00:00,3,3,short_vector_linear,True,,3,2026-02-11T01:00:00|2026-02-11T02:00:00|2026-02-11T03:00:00,0,,,,,,,,,,,
SAN_MARTIN_DE_PORRES,DIR_VIENTO,2026-02-12 20:00:00,2026-02-12 20:00:00,1,1,short_vector_linear,True,,1,2026-02-12T20:00:00,0,,,,,,,,,,,
SAN_MARTIN_DE_PORRES,VEL_VIENTO,2026-02-12 20:00:00,2026-02-12 20:00:00,1,1,short_vector_linear,True,,1,2026-02-12T20:00:00,0,,,,,,,,,,,
SAN_MARTIN_DE_PORRES,DIR_VIENTO,2026-02-23 15:00:00,2026-02-23 15:00:00,1,1,short_vector_linear,True,,1,2026-02-23T15:00:00,0,,,,,,,,,,,
SAN_MARTIN_DE_PORRES,VEL_VIENTO,2026-02-23 15:00:00,2026-02-23 15:00:00,1,1,short_vector_linear,True,,1,2026-02-23T15:00:00,0,,,,,,,,,,,
SAN_MARTIN_DE_PORRES,DIR_VIENTO,2026-02-28 23:00:00,2026-02-28 23:00:00,1,1,short_vector_linear,True,,1,2026-02-28T23:00:00,0,,,,,,,,,,,
SAN_MARTIN_DE_PORRES,VEL_VIENTO,2026-02-28 23:00:00,2026-02-28 23:00:00,1,1,short_vector_linear,True,,1,2026-02-28T23:00:00,0,,,,,,,,,,,
SAN_MARTIN_DE_PORRES,DIR_VIENTO,2026-03-31 23:00:00,2026-03-31 23:00:00,1,1,short_vector_linear,True,,1,2026-03-31T23:00:00,0,,,,,,,,,,,
SAN_MARTIN_DE_PORRES,VEL_VIENTO,2026-03-31 23:00:00,2026-03-31 23:00:00,1,1,short_vector_linear,True,,1,2026-03-31T23:00:00,0,,,,,,,,,,,
SAN_MARTIN_DE_PORRES,DIR_VIENTO,2026-04-30 23:00:00,2026-04-30 23:00:00,1,1,short_vector_linear,True,,1,2026-04-30T23:00:00,0,,,,,,,,,,,
SAN_MARTIN_DE_PORRES,VEL_VIENTO,2026-04-30 23:00:00,2026-04-30 23:00:00,1,1,short_vector_linear,True,,1,2026-04-30T23:00:00,0,,,,,,,,,,,
SAN_MARTIN_DE_PORRES,DIR_VIENTO,2026-05-29 01:00:00,2026-05-29 01:00:00,1,1,short_vector_linear,True,,1,2026-05-29T01:00:00,0,,,,,,,,,,,
SAN_MARTIN_DE_PORRES,VEL_VIENTO,2026-05-29 01:00:00,2026-05-29 01:00:00,1,1,short_vector_linear,True,,1,2026-05-29T01:00:00,0,,,,,,,,,,,
SAN_MARTIN_DE_PORRES,DIR_VIENTO,2026-05-31 23:00:00,2026-05-31 23:00:00,1,1,short_vector_linear,True,,1,2026-05-31T23:00:00,0,,,,,,,,,,,
SAN_MARTIN_DE_PORRES,VEL_VIENTO,2026-05-31 23:00:00,2026-05-31 23:00:00,1,1,short_vector_linear,True,,1,2026-05-31T23:00:00,0,,,,,,,,,,,
SAN_MARTIN_DE_PORRES,DIR_VIENTO,2026-06-04 22:00:00,2026-06-04 22:00:00,1,1,short_vector_linear,True,,1,2026-06-04T22:00:00,0,,,,,,,,,,,
SAN_MARTIN_DE_PORRES,VEL_VIENTO,2026-06-04 22:00:00,2026-06-04 22:00:00,1,1,short_vector_linear,True,,1,2026-06-04T22:00:00,0,,,,,,,,,,,
