station,variable,gap_start,gap_end,n_steps,duration_h,method_used,accepted,rejection_reason,n_values_imputed,imputed_timestamps,n_values_remaining,interstation_r2,source_station,distance_km,predictor_coverage,training_pairs,model_intercept,model_coefficient,acceptance_threshold,validation_scheme,n_donors,rejected_timestamps
CAMPO_DE_MARTE,PM2_5,2025-01-09 16:00:00,2025-01-09 16:00:00,1,1,short_linear,True,,1,2025-01-09T16:00:00,0,,,,,,,,,,,
CAMPO_DE_MARTE,PM2_5,2025-01-26 09:00:00,2025-01-26 10:00:00,2,2,short_linear,True,,2,2025-01-26T09:00:00|2025-01-26T10:00:00,0,,,,,,,,,,,
CAMPO_DE_MARTE,PM2_5,2025-02-03 10:00:00,2025-02-03 10:00:00,1,1,short_linear,True,,1,2025-02-03T10:00:00,0,,,,,,,,,,,
CAMPO_DE_MARTE,PM2_5,2025-02-07 10:00:00,2025-02-10 12:00:00,75,75,weekly_seasonal,True,,75,2025-02-07T10:00:00|2025-02-07T11:00:00|2025-02-07T12:00:00|2025-02-07T13:00:00|2025-02-07T14:00:00|2025-02-07T15:00:00|2025-02-07T16:00:00|2025-02-07T17:00:00|2025-02-07T18:00:00|2025-02-07T19:00:00|2025-02-07T20:00:00|2025-02-07T21:00:00|2025-02-07T22:00:00|2025-02-07T23:00:00|2025-02-08T00:00:00|2025-02-08T01:00:00|2025-02-08T02:00:00|2025-02-08T03:00:00|2025-02-08T04:00:00|2025-02-08T05:00:00|2025-02-08T06:00:00|2025-02-08T07:00:00|2025-02-08T08:00:00|2025-02-08T09:00:00|2025-02-08T10:00:00|2025-02-08T11:00:00|2025-02-08T12:00:00|2025-02-08T13:00:00|2025-02-08T14:00:00|2025-02-08T15:00:00|2025-02-08T16:00:00|2025-02-08T17:00:00|2025-02-08T18:00:00|2025-02-08T19:00:00|2025-02-08T20:00:00|2025-02-08T21:00:00|2025-02-08T22:00:00|2025-02-08T23:00:00|2025-02-09T00:00:00|2025-02-09T01:00:00|2025-02-09T02:00:00|2025-02-09T03:00:00|2025-02-09T04:00:00|2025-02-09T05:00:00|2025-02-09T06:00:00|2025-02-09T07:00:00|2025-02-09T08:00:00|2025-02-09T09:00:00|2025-02-09T10:00:00|2025-02-09T11:00:00|2025-02-09T12:00:00|2025-02-09T13:00:00|2025-02-09T14:00:00|2025-02-09T15:00:00|2025-02-09T16:00:00|2025-02-09T17:00:00|2025-02-09T18:00:00|2025-02-09T19:00:00|2025-02-09T20:00:00|2025-02-09T21:00:00|2025-02-09T22:00:00|2025-02-09T23:00:00|2025-02-10T00:00:00|2025-02-10T01:00:00|2025-02-10T02:00:00|2025-02-10T03:00:00|2025-02-10T04:00:00|2025-02-10T05:00:00|2025-02-10T06:00:00|2025-02-10T07:00:00|2025-02-10T08:00:00|2025-02-10T09:00:00|2025-02-10T10:00:00|2025-02-10T11:00:00|2025-02-10T12:00:00,0,,,,,,,,,,3.0,
CAMPO_DE_MARTE,PM2_5,2025-02-21 13:00:00,2025-02-21 13:00:00,1,1,short_linear,True,,1,2025-02-21T13:00:00,0,,,,,,,,,,,
CAMPO_DE_MARTE,PM2_5,2025-02-21 15:00:00,2025-02-21 16:00:00,2,2,short_linear,True,,2,2025-02-21T15:00:00|2025-02-21T16:00:00,0,,,,,,,,,,,
CAMPO_DE_MARTE,PM2_5,2025-02-25 07:00:00,2025-02-25 08:00:00,2,2,short_linear,True,,2,2025-02-25T07:00:00|2025-02-25T08:00:00,0,,,,,,,,,,,
CAMPO_DE_MARTE,PM2_5,2025-02-28 08:00:00,2025-02-28 14:00:00,7,7,weekly_seasonal,True,,7,2025-02-28T08:00:00|2025-02-28T09:00:00|2025-02-28T10:00:00|2025-02-28T11:00:00|2025-02-28T12:00:00|2025-02-28T13:00:00|2025-02-28T14:00:00,0,,,,,,,,,,3.0,
CAMPO_DE_MARTE,PM2_5,2025-03-20 22:00:00,2025-03-20 22:00:00,1,1,short_linear,True,,1,2025-03-20T22:00:00,0,,,,,,,,,,,
CAMPO_DE_MARTE,PM2_5,2025-03-28 11:00:00,2025-03-28 11:00:00,1,1,short_linear,True,,1,2025-03-28T11:00:00,0,,,,,,,,,,,
CAMPO_DE_MARTE,PM2_5,2025-04-03 11:00:00,2025-04-03 11:00:00,1,1,short_linear,True,,1,2025-04-03T11:00:00,0,,,,,,,,,,,
CAMPO_DE_MARTE,PM2_5,2025-04-03 16:00:00,2025-04-03 16:00:00,1,1,short_linear,True,,1,2025-04-03T16:00:00,0,,,,,,,,,,,
CAMPO_DE_MARTE,PM2_5,2025-04-28 09:00:00,2025-04-28 10:00:00,2,2,short_linear,True,,2,2025-04-28T09:00:00|2025-04-28T10:00:00,0,,,,,,,,,,,
CAMPO_DE_MARTE,PM2_5,2025-04-30 11:00:00,2025-04-30 11:00:00,1,1,short_linear,True,,1,2025-04-30T11:00:00,0,,,,,,,,,,,
CAMPO_DE_MARTE,PM2_5,2025-05-05 13:00:00,2025-05-05 15:00:00,3,3,short_linear,True,,3,2025-05-05T13:00:00|2025-05-05T14:00:00|2025-05-05T15:00:00,0,,,,,,,,,,,
CAMPO_DE_MARTE,PM2_5,2025-05-07 00:00:00,2025-05-07 04:00:00,5,5,weekly_seasonal,True,,5,2025-05-07T00:00:00|2025-05-07T01:00:00|2025-05-07T02:00:00|2025-05-07T03:00:00|2025-05-07T04:00:00,0,,,,,,,,,,4.0,
CAMPO_DE_MARTE,PM2_5,2025-06-03 00:00:00,2025-06-03 01:00:00,2,2,short_linear,True,,2,2025-06-03T00:00:00|2025-06-03T01:00:00,0,,,,,,,,,,,
CAMPO_DE_MARTE,PM2_5,2025-06-03 06:00:00,2025-06-03 09:00:00,4,4,short_linear,True,,4,2025-06-03T06:00:00|2025-06-03T07:00:00|2025-06-03T08:00:00|2025-06-03T09:00:00,0,,,,,,,,,,,
CAMPO_DE_MARTE,PM2_5,2025-06-04 04:00:00,2025-06-05 15:00:00,36,36,weekly_seasonal,True,,36,2025-06-04T04:00:00|2025-06-04T05:00:00|2025-06-04T06:00:00|2025-06-04T07:00:00|2025-06-04T08:00:00|2025-06-04T09:00:00|2025-06-04T10:00:00|2025-06-04T11:00:00|2025-06-04T12:00:00|2025-06-04T13:00:00|2025-06-04T14:00:00|2025-06-04T15:00:00|2025-06-04T16:00:00|2025-06-04T17:00:00|2025-06-04T18:00:00|2025-06-04T19:00:00|2025-06-04T20:00:00|2025-06-04T21:00:00|2025-06-04T22:00:00|2025-06-04T23:00:00|2025-06-05T00:00:00|2025-06-05T01:00:00|2025-06-05T02:00:00|2025-06-05T03:00:00|2025-06-05T04:00:00|2025-06-05T05:00:00|2025-06-05T06:00:00|2025-06-05T07:00:00|2025-06-05T08:00:00|2025-06-05T09:00:00|2025-06-05T10:00:00|2025-06-05T11:00:00|2025-06-05T12:00:00|2025-06-05T13:00:00|2025-06-05T14:00:00|2025-06-05T15:00:00,0,,,,,,,,,,4.0,
CAMPO_DE_MARTE,PM2_5,2025-06-29 14:00:00,2025-06-29 14:00:00,1,1,short_linear,True,,1,2025-06-29T14:00:00,0,,,,,,,,,,,
CAMPO_DE_MARTE,PM2_5,2025-07-08 18:00:00,2025-07-08 18:00:00,1,1,short_linear,True,,1,2025-07-08T18:00:00,0,,,,,,,,,,,
CAMPO_DE_MARTE,PM2_5,2025-07-11 13:00:00,2025-07-11 13:00:00,1,1,short_linear,True,,1,2025-07-11T13:00:00,0,,,,,,,,,,,
CAMPO_DE_MARTE,PM2_5,2025-07-12 00:00:00,2025-07-12 00:00:00,1,1,short_linear,True,,1,2025-07-12T00:00:00,0,,,,,,,,,,,
CAMPO_DE_MARTE,PM2_5,2025-07-15 10:00:00,2025-07-15 10:00:00,1,1,short_linear,True,,1,2025-07-15T10:00:00,0,,,,,,,,,,,
CAMPO_DE_MARTE,PM2_5,2025-08-07 16:00:00,2025-08-07 17:00:00,2,2,short_linear,True,,2,2025-08-07T16:00:00|2025-08-07T17:00:00,0,,,,,,,,,,,
CAMPO_DE_MARTE,PM2_5,2025-08-16 07:00:00,2025-08-16 08:00:00,2,2,short_linear,True,,2,2025-08-16T07:00:00|2025-08-16T08:00:00,0,,,,,,,,,,,
CAMPO_DE_MARTE,PM2_5,2025-08-26 02:00:00,2025-08-26 07:00:00,6,6,weekly_seasonal,True,,6,2025-08-26T02:00:00|2025-08-26T03:00:00|2025-08-26T04:00:00|2025-08-26T05:00:00|2025-08-26T06:00:00|2025-08-26T07:00:00,0,,,,,,,,,,4.0,
CAMPO_DE_MARTE,PM2_5,2025-08-31 16:00:00,2025-08-31 16:00:00,1,1,short_linear,True,,1,2025-08-31T16:00:00,0,,,,,,,,,,,
CAMPO_DE_MARTE,PM2_5,2025-09-04 10:00:00,2025-09-04 13:00:00,4,4,short_linear,True,,4,2025-09-04T10:00:00|2025-09-04T11:00:00|2025-09-04T12:00:00|2025-09-04T13:00:00,0,,,,,,,,,,,
CAMPO_DE_MARTE,PM2_5,2025-09-26 23:00:00,2025-09-27 21:00:00,23,23,weekly_seasonal,True,,23,2025-09-26T23:00:00|2025-09-27T00:00:00|2025-09-27T01:00:00|2025-09-27T02:00:00|2025-09-27T03:00:00|2025-09-27T04:00:00|2025-09-27T05:00:00|2025-09-27T06:00:00|2025-09-27T07:00:00|2025-09-27T08:00:00|2025-09-27T09:00:00|2025-09-27T10:00:00|2025-09-27T11:00:00|2025-09-27T12:00:00|2025-09-27T13:00:00|2025-09-27T14:00:00|2025-09-27T15:00:00|2025-09-27T16:00:00|2025-09-27T17:00:00|2025-09-27T18:00:00|2025-09-27T19:00:00|2025-09-27T20:00:00|2025-09-27T21:00:00,0,,,,,,,,,,4.0,
CAMPO_DE_MARTE,PM2_5,2025-11-17 13:00:00,2025-11-17 14:00:00,2,2,short_linear,True,,2,2025-11-17T13:00:00|2025-11-17T14:00:00,0,,,,,,,,,,,
CAMPO_DE_MARTE,PM2_5,2026-01-07 22:00:00,2026-01-07 22:00:00,1,1,short_linear,True,,1,2026-01-07T22:00:00,0,,,,,,,,,,,
CAMPO_DE_MARTE,PM2_5,2026-01-15 12:00:00,2026-01-16 09:00:00,22,22,weekly_seasonal,True,,22,2026-01-15T12:00:00|2026-01-15T13:00:00|2026-01-15T14:00:00|2026-01-15T15:00:00|2026-01-15T16:00:00|2026-01-15T17:00:00|2026-01-15T18:00:00|2026-01-15T19:00:00|2026-01-15T20:00:00|2026-01-15T21:00:00|2026-01-15T22:00:00|2026-01-15T23:00:00|2026-01-16T00:00:00|2026-01-16T01:00:00|2026-01-16T02:00:00|2026-01-16T03:00:00|2026-01-16T04:00:00|2026-01-16T05:00:00|2026-01-16T06:00:00|2026-01-16T07:00:00|2026-01-16T08:00:00|2026-01-16T09:00:00,0,,,,,,,,,,4.0,
CAMPO_DE_MARTE,PM2_5,2026-02-02 16:00:00,2026-02-04 16:00:00,49,49,weekly_seasonal,True,,49,2026-02-02T16:00:00|2026-02-02T17:00:00|2026-02-02T18:00:00|2026-02-02T19:00:00|2026-02-02T20:00:00|2026-02-02T21:00:00|2026-02-02T22:00:00|2026-02-02T23:00:00|2026-02-03T00:00:00|2026-02-03T01:00:00|2026-02-03T02:00:00|2026-02-03T03:00:00|2026-02-03T04:00:00|2026-02-03T05:00:00|2026-02-03T06:00:00|2026-02-03T07:00:00|2026-02-03T08:00:00|2026-02-03T09:00:00|2026-02-03T10:00:00|2026-02-03T11:00:00|2026-02-03T12:00:00|2026-02-03T13:00:00|2026-02-03T14:00:00|2026-02-03T15:00:00|2026-02-03T16:00:00|2026-02-03T17:00:00|2026-02-03T18:00:00|2026-02-03T19:00:00|2026-02-03T20:00:00|2026-02-03T21:00:00|2026-02-03T22:00:00|2026-02-03T23:00:00|2026-02-04T00:00:00|2026-02-04T01:00:00|2026-02-04T02:00:00|2026-02-04T03:00:00|2026-02-04T04:00:00|2026-02-04T05:00:00|2026-02-04T06:00:00|2026-02-04T07:00:00|2026-02-04T08:00:00|2026-02-04T09:00:00|2026-02-04T10:00:00|2026-02-04T11:00:00|2026-02-04T12:00:00|2026-02-04T13:00:00|2026-02-04T14:00:00|2026-02-04T15:00:00|2026-02-04T16:00:00,0,,,,,,,,,,3.0,
CAMPO_DE_MARTE,PM2_5,2026-02-05 11:00:00,2026-02-05 11:00:00,1,1,short_linear,True,,1,2026-02-05T11:00:00,0,,,,,,,,,,,
CAMPO_DE_MARTE,PM2_5,2026-02-05 14:00:00,2026-02-05 14:00:00,1,1,short_linear,True,,1,2026-02-05T14:00:00,0,,,,,,,,,,,
CAMPO_DE_MARTE,PM2_5,2026-02-06 11:00:00,2026-02-06 11:00:00,1,1,short_linear,True,,1,2026-02-06T11:00:00,0,,,,,,,,,,,
CAMPO_DE_MARTE,PM2_5,2026-02-11 02:00:00,2026-02-11 04:00:00,3,3,short_linear,True,,3,2026-02-11T02:00:00|2026-02-11T03:00:00|2026-02-11T04:00:00,0,,,,,,,,,,,
CAMPO_DE_MARTE,PM2_5,2026-02-12 20:00:00,2026-02-12 20:00:00,1,1,short_linear,True,,1,2026-02-12T20:00:00,0,,,,,,,,,,,
CAMPO_DE_MARTE,PM2_5,2026-03-03 10:00:00,2026-03-03 13:00:00,4,4,short_linear,True,,4,2026-03-03T10:00:00|2026-03-03T11:00:00|2026-03-03T12:00:00|2026-03-03T13:00:00,0,,,,,,,,,,,
CAMPO_DE_MARTE,PM2_5,2026-03-18 13:00:00,2026-03-18 18:00:00,6,6,weekly_seasonal,True,,6,2026-03-18T13:00:00|2026-03-18T14:00:00|2026-03-18T15:00:00|2026-03-18T16:00:00|2026-03-18T17:00:00|2026-03-18T18:00:00,0,,,,,,,,,,3.0,
CAMPO_DE_MARTE,PM2_5,2026-04-01 10:00:00,2026-04-07 10:00:00,145,145,weekly_seasonal,True,,139,2026-04-01T10:00:00|2026-04-01T11:00:00|2026-04-01T12:00:00|2026-04-01T19:00:00|2026-04-01T20:00:00|2026-04-01T21:00:00|2026-04-01T22:00:00|2026-04-01T23:00:00|2026-04-02T00:00:00|2026-04-02T01:00:00|2026-04-02T02:00:00|2026-04-02T03:00:00|2026-04-02T04:00:00|2026-04-02T05:00:00|2026-04-02T06:00:00|2026-04-02T07:00:00|2026-04-02T08:00:00|2026-04-02T09:00:00|2026-04-02T10:00:00|2026-04-02T11:00:00|2026-04-02T12:00:00|2026-04-02T13:00:00|2026-04-02T14:00:00|2026-04-02T15:00:00|2026-04-02T16:00:00|2026-04-02T17:00:00|2026-04-02T18:00:00|2026-04-02T19:00:00|2026-04-02T20:00:00|2026-04-02T21:00:00|2026-04-02T22:00:00|2026-04-02T23:00:00|2026-04-03T00:00:00|2026-04-03T01:00:00|2026-04-03T02:00:00|2026-04-03T03:00:00|2026-04-03T04:00:00|2026-04-03T05:00:00|2026-04-03T06:00:00|2026-04-03T07:00:00|2026-04-03T08:00:00|2026-04-03T09:00:00|2026-04-03T10:00:00|2026-04-03T11:00:00|2026-04-03T12:00:00|2026-04-03T13:00:00|2026-04-03T14:00:00|2026-04-03T15:00:00|2026-04-03T16:00:00|2026-04-03T17:00:00|2026-04-03T18:00:00|2026-04-03T19:00:00|2026-04-03T20:00:00|2026-04-03T21:00:00|2026-04-03T22:00:00|2026-04-03T23:00:00|2026-04-04T00:00:00|2026-04-04T01:00:00|2026-04-04T02:00:00|2026-04-04T03:00:00|2026-04-04T04:00:00|2026-04-04T05:00:00|2026-04-04T06:00:00|2026-04-04T07:00:00|2026-04-04T08:00:00|2026-04-04T09:00:00|2026-04-04T10:00:00|2026-04-04T11:00:00|2026-04-04T12:00:00|2026-04-04T13:00:00|2026-04-04T14:00:00|2026-04-04T15:00:00|2026-04-04T16:00:00|2026-04-04T17:00:00|2026-04-04T18:00:00|2026-04-04T19:00:00|2026-04-04T20:00:00|2026-04-04T21:00:00|2026-04-04T22:00:00|2026-04-04T23:00:00|2026-04-05T00:00:00|2026-04-05T01:00:00|2026-04-05T02:00:00|2026-04-05T03:00:00|2026-04-05T04:00:00|2026-04-05T05:00:00|2026-04-05T06:00:00|2026-04-05T07:00:00|2026-04-05T08:00:00|2026-04-05T09:00:00|2026-04-05T10:00:00|2026-04-05T11:00:00|2026-04-05T12:00:00|2026-04-05T13:00:00|2026-04-05T14:00:00|2026-04-05T15:00:00|2026-04-05T16:00:00|2026-04-05T17:00:00|2026-04-05T18:00:00|2026-04-05T19:00:00|2026-04-05T20:00:00|2026-04-05T21:00:00|2026-04-05T22:00:00|2026-04-05T23:00:00|2026-04-06T00:00:00|2026-04-06T01:00:00|2026-04-06T02:00:00|2026-04-06T03:00:00|2026-04-06T04:00:00|2026-04-06T05:00:00|2026-04-06T06:00:00|2026-04-06T07:00:00|2026-04-06T08:00:00|2026-04-06T09:00:00|2026-04-06T10:00:00|2026-04-06T11:00:00|2026-04-06T12:00:00|2026-04-06T13:00:00|2026-04-06T14:00:00|2026-04-06T15:00:00|2026-04-06T16:00:00|2026-04-06T17:00:00|2026-04-06T18:00:00|2026-04-06T19:00:00|2026-04-06T20:00:00|2026-04-06T21:00:00|2026-04-06T22:00:00|2026-04-06T23:00:00|2026-04-07T00:00:00|2026-04-07T01:00:00|2026-04-07T02:00:00|2026-04-07T03:00:00|2026-04-07T04:00:00|2026-04-07T05:00:00|2026-04-07T06:00:00|2026-04-07T07:00:00|2026-04-07T08:00:00|2026-04-07T09:00:00|2026-04-07T10:00:00,0,,,,,,,,,,3.0,
CAMPO_DE_MARTE,PM2_5,2026-04-01 10:00:00,2026-04-07 10:00:00,145,145,cross_year_analog,True,,6,2026-04-01T13:00:00|2026-04-01T14:00:00|2026-04-01T15:00:00|2026-04-01T16:00:00|2026-04-01T17:00:00|2026-04-01T18:00:00,0,,,,,,,,,,1.0,
CAMPO_DE_MARTE,PM2_5,2026-04-07 23:00:00,2026-04-07 23:00:00,1,1,short_linear,True,,1,2026-04-07T23:00:00,0,,,,,,,,,,,
CAMPO_DE_MARTE,PM2_5,2026-04-10 17:00:00,2026-04-10 17:00:00,1,1,short_linear,True,,1,2026-04-10T17:00:00,0,,,,,,,,,,,
CAMPO_DE_MARTE,PM2_5,2026-04-11 02:00:00,2026-04-16 12:00:00,131,131,weekly_seasonal,True,,128,2026-04-11T02:00:00|2026-04-11T03:00:00|2026-04-11T04:00:00|2026-04-11T05:00:00|2026-04-11T06:00:00|2026-04-11T07:00:00|2026-04-11T08:00:00|2026-04-11T09:00:00|2026-04-11T10:00:00|2026-04-11T11:00:00|2026-04-11T12:00:00|2026-04-11T13:00:00|2026-04-11T14:00:00|2026-04-11T15:00:00|2026-04-11T16:00:00|2026-04-11T17:00:00|2026-04-11T18:00:00|2026-04-11T19:00:00|2026-04-11T20:00:00|2026-04-11T21:00:00|2026-04-11T22:00:00|2026-04-11T23:00:00|2026-04-12T00:00:00|2026-04-12T01:00:00|2026-04-12T02:00:00|2026-04-12T03:00:00|2026-04-12T04:00:00|2026-04-12T05:00:00|2026-04-12T06:00:00|2026-04-12T07:00:00|2026-04-12T08:00:00|2026-04-12T09:00:00|2026-04-12T10:00:00|2026-04-12T11:00:00|2026-04-12T12:00:00|2026-04-12T13:00:00|2026-04-12T14:00:00|2026-04-12T15:00:00|2026-04-12T16:00:00|2026-04-12T17:00:00|2026-04-12T18:00:00|2026-04-12T19:00:00|2026-04-12T20:00:00|2026-04-12T21:00:00|2026-04-12T22:00:00|2026-04-12T23:00:00|2026-04-13T00:00:00|2026-04-13T01:00:00|2026-04-13T02:00:00|2026-04-13T03:00:00|2026-04-13T04:00:00|2026-04-13T05:00:00|2026-04-13T06:00:00|2026-04-13T07:00:00|2026-04-13T08:00:00|2026-04-13T09:00:00|2026-04-13T10:00:00|2026-04-13T11:00:00|2026-04-13T12:00:00|2026-04-13T13:00:00|2026-04-13T14:00:00|2026-04-13T15:00:00|2026-04-13T16:00:00|2026-04-13T17:00:00|2026-04-13T18:00:00|2026-04-13T19:00:00|2026-04-13T20:00:00|2026-04-13T21:00:00|2026-04-13T22:00:00|2026-04-13T23:00:00|2026-04-14T00:00:00|2026-04-14T01:00:00|2026-04-14T02:00:00|2026-04-14T03:00:00|2026-04-14T04:00:00|2026-04-14T05:00:00|2026-04-14T06:00:00|2026-04-14T07:00:00|2026-04-14T08:00:00|2026-04-14T09:00:00|2026-04-14T10:00:00|2026-04-14T11:00:00|2026-04-14T12:00:00|2026-04-14T13:00:00|2026-04-14T14:00:00|2026-04-14T15:00:00|2026-04-14T16:00:00|2026-04-14T17:00:00|2026-04-14T18:00:00|2026-04-14T19:00:00|2026-04-14T20:00:00|2026-04-14T21:00:00|2026-04-14T22:00:00|2026-04-14T23:00:00|2026-04-15T00:00:00|2026-04-15T01:00:00|2026-04-15T02:00:00|2026-04-15T03:00:00|2026-04-15T04:00:00|2026-04-15T05:00:00|2026-04-15T06:00:00|2026-04-15T07:00:00|2026-04-15T08:00:00|2026-04-15T09:00:00|2026-04-15T10:00:00|2026-04-15T11:00:00|2026-04-15T12:00:00|2026-04-15T13:00:00|2026-04-15T14:00:00|2026-04-15T15:00:00|2026-04-15T16:00:00|2026-04-15T17:00:00|2026-04-15T18:00:00|2026-04-15T19:00:00|2026-04-15T20:00:00|2026-04-15T22:00:00|2026-04-15T23:00:00|2026-04-16T00:00:00|2026-04-16T01:00:00|2026-04-16T02:00:00|2026-04-16T03:00:00|2026-04-16T04:00:00|2026-04-16T05:00:00|2026-04-16T06:00:00|2026-04-16T07:00:00|2026-04-16T08:00:00|2026-04-16T09:00:00|2026-04-16T10:00:00,0,,,,,,,,,,3.0,
CAMPO_DE_MARTE,PM2_5,2026-04-11 02:00:00,2026-04-16 12:00:00,131,131,cross_year_analog,True,,3,2026-04-15T21:00:00|2026-04-16T11:00:00|2026-04-16T12:00:00,0,,,,,,,,,,1.0,
CAMPO_DE_MARTE,PM2_5,2026-04-22 21:00:00,2026-04-22 21:00:00,1,1,short_linear,True,,1,2026-04-22T21:00:00,0,,,,,,,,,,,
CAMPO_DE_MARTE,PM2_5,2026-04-23 21:00:00,2026-04-23 22:00:00,2,2,short_linear,True,,2,2026-04-23T21:00:00|2026-04-23T22:00:00,0,,,,,,,,,,,
CAMPO_DE_MARTE,PM2_5,2026-04-24 13:00:00,2026-04-24 14:00:00,2,2,short_linear,True,,2,2026-04-24T13:00:00|2026-04-24T14:00:00,0,,,,,,,,,,,
CAMPO_DE_MARTE,PM2_5,2026-04-24 23:00:00,2026-04-24 23:00:00,1,1,short_linear,True,,1,2026-04-24T23:00:00,0,,,,,,,,,,,
CAMPO_DE_MARTE,PM2_5,2026-04-30 11:00:00,2026-04-30 13:00:00,3,3,short_linear,True,,3,2026-04-30T11:00:00|2026-04-30T12:00:00|2026-04-30T13:00:00,0,,,,,,,,,,,
CAMPO_DE_MARTE,PM2_5,2026-05-04 12:00:00,2026-05-05 10:00:00,23,23,weekly_seasonal,True,,23,2026-05-04T12:00:00|2026-05-04T13:00:00|2026-05-04T14:00:00|2026-05-04T15:00:00|2026-05-04T16:00:00|2026-05-04T17:00:00|2026-05-04T18:00:00|2026-05-04T19:00:00|2026-05-04T20:00:00|2026-05-04T21:00:00|2026-05-04T22:00:00|2026-05-04T23:00:00|2026-05-05T00:00:00|2026-05-05T01:00:00|2026-05-05T02:00:00|2026-05-05T03:00:00|2026-05-05T04:00:00|2026-05-05T05:00:00|2026-05-05T06:00:00|2026-05-05T07:00:00|2026-05-05T08:00:00|2026-05-05T09:00:00|2026-05-05T10:00:00,0,,,,,,,,,,4.0,
CAMPO_DE_MARTE,PM2_5,2026-06-03 12:00:00,2026-06-03 13:00:00,2,2,short_linear,True,,2,2026-06-03T12:00:00|2026-06-03T13:00:00,0,,,,,,,,,,,
CAMPO_DE_MARTE,PM2_5,2026-06-04 22:00:00,2026-06-04 22:00:00,1,1,short_linear,True,,1,2026-06-04T22:00:00,0,,,,,,,,,,,
PARIACHI,PM2_5,2025-01-10 10:00:00,2025-01-10 11:00:00,2,2,short_linear,True,,2,2025-01-10T10:00:00|2025-01-10T11:00:00,0,,,,,,,,,,,
PARIACHI,PM2_5,2025-02-01 23:00:00,2025-02-05 09:00:00,83,83,weekly_seasonal,True,,83,2025-02-01T23:00:00|2025-02-02T00:00:00|2025-02-02T01:00:00|2025-02-02T02:00:00|2025-02-02T03:00:00|2025-02-02T04:00:00|2025-02-02T05:00:00|2025-02-02T06:00:00|2025-02-02T07:00:00|2025-02-02T08:00:00|2025-02-02T09:00:00|2025-02-02T10:00:00|2025-02-02T11:00:00|2025-02-02T12:00:00|2025-02-02T13:00:00|2025-02-02T14:00:00|2025-02-02T15:00:00|2025-02-02T16:00:00|2025-02-02T17:00:00|2025-02-02T18:00:00|2025-02-02T19:00:00|2025-02-02T20:00:00|2025-02-02T21:00:00|2025-02-02T22:00:00|2025-02-02T23:00:00|2025-02-03T00:00:00|2025-02-03T01:00:00|2025-02-03T02:00:00|2025-02-03T03:00:00|2025-02-03T04:00:00|2025-02-03T05:00:00|2025-02-03T06:00:00|2025-02-03T07:00:00|2025-02-03T08:00:00|2025-02-03T09:00:00|2025-02-03T10:00:00|2025-02-03T11:00:00|2025-02-03T12:00:00|2025-02-03T13:00:00|2025-02-03T14:00:00|2025-02-03T15:00:00|2025-02-03T16:00:00|2025-02-03T17:00:00|2025-02-03T18:00:00|2025-02-03T19:00:00|2025-02-03T20:00:00|2025-02-03T21:00:00|2025-02-03T22:00:00|2025-02-03T23:00:00|2025-02-04T00:00:00|2025-02-04T01:00:00|2025-02-04T02:00:00|2025-02-04T03:00:00|2025-02-04T04:00:00|2025-02-04T05:00:00|2025-02-04T06:00:00|2025-02-04T07:00:00|2025-02-04T08:00:00|2025-02-04T09:00:00|2025-02-04T10:00:00|2025-02-04T11:00:00|2025-02-04T12:00:00|2025-02-04T13:00:00|2025-02-04T14:00:00|2025-02-04T15:00:00|2025-02-04T16:00:00|2025-02-04T17:00:00|2025-02-04T18:00:00|2025-02-04T19:00:00|2025-02-04T20:00:00|2025-02-04T21:00:00|2025-02-04T22:00:00|2025-02-04T23:00:00|2025-02-05T00:00:00|2025-02-05T01:00:00|2025-02-05T02:00:00|2025-02-05T03:00:00|2025-02-05T04:00:00|2025-02-05T05:00:00|2025-02-05T06:00:00|2025-02-05T07:00:00|2025-02-05T08:00:00|2025-02-05T09:00:00,0,,,,,,,,,,3.0,
PARIACHI,PM2_5,2025-02-05 12:00:00,2025-02-05 13:00:00,2,2,short_linear,True,,2,2025-02-05T12:00:00|2025-02-05T13:00:00,0,,,,,,,,,,,
PARIACHI,PM2_5,2025-02-05 15:00:00,2025-02-05 15:00:00,1,1,short_linear,True,,1,2025-02-05T15:00:00,0,,,,,,,,,,,
PARIACHI,PM2_5,2025-02-09 04:00:00,2025-02-14 14:00:00,131,131,weekly_seasonal,True,,131,2025-02-09T04:00:00|2025-02-09T05:00:00|2025-02-09T06:00:00|2025-02-09T07:00:00|2025-02-09T08:00:00|2025-02-09T09:00:00|2025-02-09T10:00:00|2025-02-09T11:00:00|2025-02-09T12:00:00|2025-02-09T13:00:00|2025-02-09T14:00:00|2025-02-09T15:00:00|2025-02-09T16:00:00|2025-02-09T17:00:00|2025-02-09T18:00:00|2025-02-09T19:00:00|2025-02-09T20:00:00|2025-02-09T21:00:00|2025-02-09T22:00:00|2025-02-09T23:00:00|2025-02-10T00:00:00|2025-02-10T01:00:00|2025-02-10T02:00:00|2025-02-10T03:00:00|2025-02-10T04:00:00|2025-02-10T05:00:00|2025-02-10T06:00:00|2025-02-10T07:00:00|2025-02-10T08:00:00|2025-02-10T09:00:00|2025-02-10T10:00:00|2025-02-10T11:00:00|2025-02-10T12:00:00|2025-02-10T13:00:00|2025-02-10T14:00:00|2025-02-10T15:00:00|2025-02-10T16:00:00|2025-02-10T17:00:00|2025-02-10T18:00:00|2025-02-10T19:00:00|2025-02-10T20:00:00|2025-02-10T21:00:00|2025-02-10T22:00:00|2025-02-10T23:00:00|2025-02-11T00:00:00|2025-02-11T01:00:00|2025-02-11T02:00:00|2025-02-11T03:00:00|2025-02-11T04:00:00|2025-02-11T05:00:00|2025-02-11T06:00:00|2025-02-11T07:00:00|2025-02-11T08:00:00|2025-02-11T09:00:00|2025-02-11T10:00:00|2025-02-11T11:00:00|2025-02-11T12:00:00|2025-02-11T13:00:00|2025-02-11T14:00:00|2025-02-11T15:00:00|2025-02-11T16:00:00|2025-02-11T17:00:00|2025-02-11T18:00:00|2025-02-11T19:00:00|2025-02-11T20:00:00|2025-02-11T21:00:00|2025-02-11T22:00:00|2025-02-11T23:00:00|2025-02-12T00:00:00|2025-02-12T01:00:00|2025-02-12T02:00:00|2025-02-12T03:00:00|2025-02-12T04:00:00|2025-02-12T05:00:00|2025-02-12T06:00:00|2025-02-12T07:00:00|2025-02-12T08:00:00|2025-02-12T09:00:00|2025-02-12T10:00:00|2025-02-12T11:00:00|2025-02-12T12:00:00|2025-02-12T13:00:00|2025-02-12T14:00:00|2025-02-12T15:00:00|2025-02-12T16:00:00|2025-02-12T17:00:00|2025-02-12T18:00:00|2025-02-12T19:00:00|2025-02-12T20:00:00|2025-02-12T21:00:00|2025-02-12T22:00:00|2025-02-12T23:00:00|2025-02-13T00:00:00|2025-02-13T01:00:00|2025-02-13T02:00:00|2025-02-13T03:00:00|2025-02-13T04:00:00|2025-02-13T05:00:00|2025-02-13T06:00:00|2025-02-13T07:00:00|2025-02-13T08:00:00|2025-02-13T09:00:00|2025-02-13T10:00:00|2025-02-13T11:00:00|2025-02-13T12:00:00|2025-02-13T13:00:00|2025-02-13T14:00:00|2025-02-13T15:00:00|2025-02-13T16:00:00|2025-02-13T17:00:00|2025-02-13T18:00:00|2025-02-13T19:00:00|2025-02-13T20:00:00|2025-02-13T21:00:00|2025-02-13T22:00:00|2025-02-13T23:00:00|2025-02-14T00:00:00|2025-02-14T01:00:00|2025-02-14T02:00:00|2025-02-14T03:00:00|2025-02-14T04:00:00|2025-02-14T05:00:00|2025-02-14T06:00:00|2025-02-14T07:00:00|2025-02-14T08:00:00|2025-02-14T09:00:00|2025-02-14T10:00:00|2025-02-14T11:00:00|2025-02-14T12:00:00|2025-02-14T13:00:00|2025-02-14T14:00:00,0,,,,,,,,,,3.0,
PARIACHI,PM2_5,2025-03-20 22:00:00,2025-03-20 22:00:00,1,1,short_linear,True,,1,2025-03-20T22:00:00,0,,,,,,,,,,,
PARIACHI,PM2_5,2025-03-30 20:00:00,2025-04-02 15:00:00,68,68,weekly_seasonal,True,,68,2025-03-30T20:00:00|2025-03-30T21:00:00|2025-03-30T22:00:00|2025-03-30T23:00:00|2025-03-31T00:00:00|2025-03-31T01:00:00|2025-03-31T02:00:00|2025-03-31T03:00:00|2025-03-31T04:00:00|2025-03-31T05:00:00|2025-03-31T06:00:00|2025-03-31T07:00:00|2025-03-31T08:00:00|2025-03-31T09:00:00|2025-03-31T10:00:00|2025-03-31T11:00:00|2025-03-31T12:00:00|2025-03-31T13:00:00|2025-03-31T14:00:00|2025-03-31T15:00:00|2025-03-31T16:00:00|2025-03-31T17:00:00|2025-03-31T18:00:00|2025-03-31T19:00:00|2025-03-31T20:00:00|2025-03-31T21:00:00|2025-03-31T22:00:00|2025-03-31T23:00:00|2025-04-01T00:00:00|2025-04-01T01:00:00|2025-04-01T02:00:00|2025-04-01T03:00:00|2025-04-01T04:00:00|2025-04-01T05:00:00|2025-04-01T06:00:00|2025-04-01T07:00:00|2025-04-01T08:00:00|2025-04-01T09:00:00|2025-04-01T10:00:00|2025-04-01T11:00:00|2025-04-01T12:00:00|2025-04-01T13:00:00|2025-04-01T14:00:00|2025-04-01T15:00:00|2025-04-01T16:00:00|2025-04-01T17:00:00|2025-04-01T18:00:00|2025-04-01T19:00:00|2025-04-01T20:00:00|2025-04-01T21:00:00|2025-04-01T22:00:00|2025-04-01T23:00:00|2025-04-02T00:00:00|2025-04-02T01:00:00|2025-04-02T02:00:00|2025-04-02T03:00:00|2025-04-02T04:00:00|2025-04-02T05:00:00|2025-04-02T06:00:00|2025-04-02T07:00:00|2025-04-02T08:00:00|2025-04-02T09:00:00|2025-04-02T10:00:00|2025-04-02T11:00:00|2025-04-02T12:00:00|2025-04-02T13:00:00|2025-04-02T14:00:00|2025-04-02T15:00:00,0,,,,,,,,,,4.0,
PARIACHI,PM2_5,2025-04-28 11:00:00,2025-04-28 11:00:00,1,1,short_linear,True,,1,2025-04-28T11:00:00,0,,,,,,,,,,,
PARIACHI,PM2_5,2025-04-28 14:00:00,2025-04-29 01:00:00,12,12,weekly_seasonal,True,,12,2025-04-28T14:00:00|2025-04-28T15:00:00|2025-04-28T16:00:00|2025-04-28T17:00:00|2025-04-28T18:00:00|2025-04-28T19:00:00|2025-04-28T20:00:00|2025-04-28T21:00:00|2025-04-28T22:00:00|2025-04-28T23:00:00|2025-04-29T00:00:00|2025-04-29T01:00:00,0,,,,,,,,,,3.0,
PARIACHI,PM2_5,2025-05-01 10:00:00,2025-05-01 18:00:00,9,9,weekly_seasonal,True,,9,2025-05-01T10:00:00|2025-05-01T11:00:00|2025-05-01T12:00:00|2025-05-01T13:00:00|2025-05-01T14:00:00|2025-05-01T15:00:00|2025-05-01T16:00:00|2025-05-01T17:00:00|2025-05-01T18:00:00,0,,,,,,,,,,4.0,
PARIACHI,PM2_5,2025-05-01 20:00:00,2025-05-07 16:00:00,141,141,weekly_seasonal,True,,140,2025-05-01T20:00:00|2025-05-01T21:00:00|2025-05-01T22:00:00|2025-05-01T23:00:00|2025-05-02T00:00:00|2025-05-02T01:00:00|2025-05-02T02:00:00|2025-05-02T03:00:00|2025-05-02T04:00:00|2025-05-02T05:00:00|2025-05-02T06:00:00|2025-05-02T07:00:00|2025-05-02T08:00:00|2025-05-02T09:00:00|2025-05-02T10:00:00|2025-05-02T11:00:00|2025-05-02T12:00:00|2025-05-02T13:00:00|2025-05-02T14:00:00|2025-05-02T15:00:00|2025-05-02T16:00:00|2025-05-02T17:00:00|2025-05-02T18:00:00|2025-05-02T19:00:00|2025-05-02T20:00:00|2025-05-02T21:00:00|2025-05-02T22:00:00|2025-05-02T23:00:00|2025-05-03T00:00:00|2025-05-03T01:00:00|2025-05-03T02:00:00|2025-05-03T03:00:00|2025-05-03T04:00:00|2025-05-03T05:00:00|2025-05-03T06:00:00|2025-05-03T07:00:00|2025-05-03T08:00:00|2025-05-03T09:00:00|2025-05-03T10:00:00|2025-05-03T11:00:00|2025-05-03T12:00:00|2025-05-03T13:00:00|2025-05-03T14:00:00|2025-05-03T15:00:00|2025-05-03T16:00:00|2025-05-03T17:00:00|2025-05-03T18:00:00|2025-05-03T19:00:00|2025-05-03T20:00:00|2025-05-03T21:00:00|2025-05-03T22:00:00|2025-05-03T23:00:00|2025-05-04T00:00:00|2025-05-04T01:00:00|2025-05-04T02:00:00|2025-05-04T03:00:00|2025-05-04T04:00:00|2025-05-04T05:00:00|2025-05-04T06:00:00|2025-05-04T07:00:00|2025-05-04T08:00:00|2025-05-04T09:00:00|2025-05-04T10:00:00|2025-05-04T11:00:00|2025-05-04T12:00:00|2025-05-04T13:00:00|2025-05-04T14:00:00|2025-05-04T15:00:00|2025-05-04T16:00:00|2025-05-04T17:00:00|2025-05-04T18:00:00|2025-05-04T19:00:00|2025-05-04T20:00:00|2025-05-04T21:00:00|2025-05-04T22:00:00|2025-05-04T23:00:00|2025-05-05T00:00:00|2025-05-05T01:00:00|2025-05-05T02:00:00|2025-05-05T03:00:00|2025-05-05T04:00:00|2025-05-05T05:00:00|2025-05-05T06:00:00|2025-05-05T07:00:00|2025-05-05T08:00:00|2025-05-05T09:00:00|2025-05-05T10:00:00|2025-05-05T12:00:00|2025-05-05T13:00:00|2025-05-05T14:00:00|2025-05-05T15:00:00|2025-05-05T16:00:00|2025-05-05T17:00:00|2025-05-05T18:00:00|2025-05-05T19:00:00|2025-05-05T20:00:00|2025-05-05T21:00:00|2025-05-05T22:00:00|2025-05-05T23:00:00|2025-05-06T00:00:00|2025-05-06T01:00:00|2025-05-06T02:00:00|2025-05-06T03:00:00|2025-05-06T04:00:00|2025-05-06T05:00:00|2025-05-06T06:00:00|2025-05-06T07:00:00|2025-05-06T08:00:00|2025-05-06T09:00:00|2025-05-06T10:00:00|2025-05-06T11:00:00|2025-05-06T12:00:00|2025-05-06T13:00:00|2025-05-06T14:00:00|2025-05-06T15:00:00|2025-05-06T16:00:00|2025-05-06T17:00:00|2025-05-06T18:00:00|2025-05-06T19:00:00|2025-05-06T20:00:00|2025-05-06T21:00:00|2025-05-06T22:00:00|2025-05-06T23:00:00|2025-05-07T00:00:00|2025-05-07T01:00:00|2025-05-07T02:00:00|2025-05-07T03:00:00|2025-05-07T04:00:00|2025-05-07T05:00:00|2025-05-07T06:00:00|2025-05-07T07:00:00|2025-05-07T08:00:00|2025-05-07T09:00:00|2025-05-07T10:00:00|2025-05-07T11:00:00|2025-05-07T12:00:00|2025-05-07T13:00:00|2025-05-07T14:00:00|2025-05-07T15:00:00|2025-05-07T16:00:00,0,,,,,,,,,,3.0,
PARIACHI,PM2_5,2025-05-01 20:00:00,2025-05-07 16:00:00,141,141,cross_year_analog,True,,1,2025-05-05T11:00:00,0,,,,,,,,,,1.0,
PARIACHI,PM2_5,2025-05-10 14:00:00,2025-05-10 18:00:00,5,5,cross_year_analog,True,,5,2025-05-10T14:00:00|2025-05-10T15:00:00|2025-05-10T16:00:00|2025-05-10T17:00:00|2025-05-10T18:00:00,0,,,,,,,,,,1.0,
PARIACHI,PM2_5,2025-05-11 01:00:00,2025-05-11 04:00:00,4,4,short_linear,True,,4,2025-05-11T01:00:00|2025-05-11T02:00:00|2025-05-11T03:00:00|2025-05-11T04:00:00,0,,,,,,,,,,,
PARIACHI,PM2_5,2025-05-17 12:00:00,2025-05-17 13:00:00,2,2,short_linear,True,,2,2025-05-17T12:00:00|2025-05-17T13:00:00,0,,,,,,,,,,,
PARIACHI,PM2_5,2025-05-18 16:00:00,2025-05-18 17:00:00,2,2,short_linear,True,,2,2025-05-18T16:00:00|2025-05-18T17:00:00,0,,,,,,,,,,,
PARIACHI,PM2_5,2025-05-18 22:00:00,2025-05-19 00:00:00,3,3,short_linear,True,,3,2025-05-18T22:00:00|2025-05-18T23:00:00|2025-05-19T00:00:00,0,,,,,,,,,,,
PARIACHI,PM2_5,2025-05-19 10:00:00,2025-05-19 11:00:00,2,2,short_linear,True,,2,2025-05-19T10:00:00|2025-05-19T11:00:00,0,,,,,,,,,,,
PARIACHI,PM2_5,2025-05-20 21:00:00,2025-05-20 23:00:00,3,3,short_linear,True,,3,2025-05-20T21:00:00|2025-05-20T22:00:00|2025-05-20T23:00:00,0,,,,,,,,,,,
PARIACHI,PM2_5,2025-05-21 01:00:00,2025-05-21 04:00:00,4,4,short_linear,True,,4,2025-05-21T01:00:00|2025-05-21T02:00:00|2025-05-21T03:00:00|2025-05-21T04:00:00,0,,,,,,,,,,,
PARIACHI,PM2_5,2025-05-22 05:00:00,2025-05-27 13:00:00,129,129,weekly_seasonal,True,,111,2025-05-22T05:00:00|2025-05-22T06:00:00|2025-05-22T07:00:00|2025-05-22T08:00:00|2025-05-22T09:00:00|2025-05-22T10:00:00|2025-05-22T11:00:00|2025-05-22T12:00:00|2025-05-22T13:00:00|2025-05-22T14:00:00|2025-05-22T15:00:00|2025-05-22T16:00:00|2025-05-22T17:00:00|2025-05-22T18:00:00|2025-05-22T19:00:00|2025-05-22T20:00:00|2025-05-22T21:00:00|2025-05-22T22:00:00|2025-05-22T23:00:00|2025-05-23T00:00:00|2025-05-23T01:00:00|2025-05-23T02:00:00|2025-05-23T03:00:00|2025-05-23T04:00:00|2025-05-23T05:00:00|2025-05-23T06:00:00|2025-05-23T07:00:00|2025-05-23T08:00:00|2025-05-23T09:00:00|2025-05-23T10:00:00|2025-05-23T11:00:00|2025-05-23T12:00:00|2025-05-23T13:00:00|2025-05-23T14:00:00|2025-05-23T15:00:00|2025-05-23T16:00:00|2025-05-23T17:00:00|2025-05-23T18:00:00|2025-05-23T19:00:00|2025-05-23T20:00:00|2025-05-23T21:00:00|2025-05-23T22:00:00|2025-05-23T23:00:00|2025-05-24T00:00:00|2025-05-24T01:00:00|2025-05-24T02:00:00|2025-05-24T03:00:00|2025-05-24T04:00:00|2025-05-24T05:00:00|2025-05-24T06:00:00|2025-05-24T07:00:00|2025-05-24T08:00:00|2025-05-24T09:00:00|2025-05-24T10:00:00|2025-05-24T11:00:00|2025-05-24T19:00:00|2025-05-24T20:00:00|2025-05-24T21:00:00|2025-05-24T22:00:00|2025-05-24T23:00:00|2025-05-25T00:00:00|2025-05-25T05:00:00|2025-05-25T06:00:00|2025-05-25T07:00:00|2025-05-25T08:00:00|2025-05-25T09:00:00|2025-05-25T10:00:00|2025-05-25T11:00:00|2025-05-25T12:00:00|2025-05-25T13:00:00|2025-05-25T14:00:00|2025-05-25T15:00:00|2025-05-25T18:00:00|2025-05-25T19:00:00|2025-05-25T20:00:00|2025-05-25T21:00:00|2025-05-26T01:00:00|2025-05-26T02:00:00|2025-05-26T03:00:00|2025-05-26T04:00:00|2025-05-26T05:00:00|2025-05-26T06:00:00|2025-05-26T07:00:00|2025-05-26T08:00:00|2025-05-26T09:00:00|2025-05-26T12:00:00|2025-05-26T13:00:00|2025-05-26T14:00:00|2025-05-26T15:00:00|2025-05-26T16:00:00|2025-05-26T17:00:00|2025-05-26T18:00:00|2025-05-26T19:00:00|2025-05-26T20:00:00|2025-05-26T21:00:00|2025-05-26T22:00:00|2025-05-26T23:00:00|2025-05-27T00:00:00|2025-05-27T01:00:00|2025-05-27T02:00:00|2025-05-27T03:00:00|2025-05-27T04:00:00|2025-05-27T05:00:00|2025-05-27T06:00:00|2025-05-27T07:00:00|2025-05-27T08:00:00|2025-05-27T09:00:00|2025-05-27T10:00:00|2025-05-27T11:00:00|2025-05-27T12:00:00|2025-05-27T13:00:00,1,,,,,,,,,,3.0,
PARIACHI,PM2_5,2025-05-22 05:00:00,2025-05-27 13:00:00,129,129,cross_year_analog,True,,17,2025-05-24T12:00:00|2025-05-24T13:00:00|2025-05-24T14:00:00|2025-05-24T15:00:00|2025-05-24T16:00:00|2025-05-24T17:00:00|2025-05-24T18:00:00|2025-05-25T01:00:00|2025-05-25T02:00:00|2025-05-25T03:00:00|2025-05-25T04:00:00|2025-05-25T16:00:00|2025-05-25T17:00:00|2025-05-25T22:00:00|2025-05-25T23:00:00|2025-05-26T00:00:00|2025-05-26T10:00:00,1,,,,,,,,,,1.0,
PARIACHI,PM2_5,2025-05-22 05:00:00,2025-05-27 13:00:00,129,129,interstation_regression,False,insufficient_gap_coverage,0,,1,,CERES,10.09031097351258,0.0,,,,0.5,TimeSeriesSplit(5),,
PARIACHI,PM2_5,2025-05-22 05:00:00,2025-05-27 13:00:00,129,129,interstation_regression,False,r2_below_threshold,0,,1,-0.21574029143454337,SANTA_ANITA,15.167099606649877,1.0,11398.0,17.61673262247369,0.6545371751839624,0.5,TimeSeriesSplit(5),,
PARIACHI,PM2_5,2025-05-22 05:00:00,2025-05-27 13:00:00,129,129,interstation_regression,False,r2_below_threshold,0,,1,-0.20175910640656536,SAN_JUAN_DE_LURIGANCHO,17.670019943476703,1.0,11335.0,11.500094225164837,1.0340189547555247,0.5,TimeSeriesSplit(5),,
PARIACHI,PM2_5,2025-05-22 05:00:00,2025-05-27 13:00:00,129,129,interstation_regression,False,insufficient_gap_coverage,0,,1,,VILLA_MARIA_DEL_TRIUNFO,20.294070269909962,0.0,,,,0.5,TimeSeriesSplit(5),,
PARIACHI,PM2_5,2025-05-22 05:00:00,2025-05-27 13:00:00,129,129,interstation_regression,False,r2_below_threshold,0,,1,-0.4736392305739954,SAN_BORJA,21.88746510192388,1.0,11636.0,20.093350071696694,0.7290643440331201,0.5,TimeSeriesSplit(5),,
PARIACHI,PM2_5,2025-05-22 05:00:00,2025-05-27 13:00:00,129,129,interstation_regression,False,r2_below_threshold,0,,1,-0.8112071322887082,CAMPO_DE_MARTE,23.538734947478652,1.0,11568.0,30.23757377490169,0.3872673422681219,0.5,TimeSeriesSplit(5),,
PARIACHI,PM2_5,2025-05-22 05:00:00,2025-05-27 13:00:00,129,129,interstation_regression,False,insufficient_gap_coverage,0,,1,,CARABAYLLO,23.98618705599008,0.0,,,,0.5,TimeSeriesSplit(5),,
PARIACHI,PM2_5,2025-05-22 05:00:00,2025-05-27 13:00:00,129,129,interstation_regression,False,r2_below_threshold,0,,1,-0.7082170735591601,SAN_MARTIN_DE_PORRES,26.788546327416192,1.0,11936.0,25.766198892027187,0.5396160110469059,0.5,TimeSeriesSplit(5),,
PARIACHI,PM2_5,2025-05-22 05:00:00,2025-05-27 13:00:00,129,129,unimputable,False,no_method_available,0,,1,,,,,,,,,,,
PARIACHI,PM2_5,2025-05-28 03:00:00,2025-06-02 15:00:00,133,133,weekly_seasonal,True,,124,2025-05-28T03:00:00|2025-05-28T04:00:00|2025-05-28T05:00:00|2025-05-28T06:00:00|2025-05-28T07:00:00|2025-05-28T08:00:00|2025-05-28T09:00:00|2025-05-28T10:00:00|2025-05-28T11:00:00|2025-05-28T12:00:00|2025-05-28T13:00:00|2025-05-28T14:00:00|2025-05-28T15:00:00|2025-05-28T16:00:00|2025-05-28T17:00:00|2025-05-28T18:00:00|2025-05-28T19:00:00|2025-05-28T20:00:00|2025-05-28T21:00:00|2025-05-28T22:00:00|2025-05-28T23:00:00|2025-05-29T00:00:00|2025-05-29T01:00:00|2025-05-29T02:00:00|2025-05-29T03:00:00|2025-05-29T04:00:00|2025-05-29T05:00:00|2025-05-29T06:00:00|2025-05-29T07:00:00|2025-05-29T08:00:00|2025-05-29T09:00:00|2025-05-29T10:00:00|2025-05-29T11:00:00|2025-05-29T12:00:00|2025-05-29T13:00:00|2025-05-29T14:00:00|2025-05-29T15:00:00|2025-05-29T16:00:00|2025-05-29T17:00:00|2025-05-29T18:00:00|2025-05-29T19:00:00|2025-05-29T20:00:00|2025-05-29T21:00:00|2025-05-29T22:00:00|2025-05-29T23:00:00|2025-05-30T00:00:00|2025-05-30T01:00:00|2025-05-30T02:00:00|2025-05-30T03:00:00|2025-05-30T04:00:00|2025-05-30T05:00:00|2025-05-30T06:00:00|2025-05-30T07:00:00|2025-05-30T08:00:00|2025-05-30T09:00:00|2025-05-30T10:00:00|2025-05-30T11:00:00|2025-05-30T12:00:00|2025-05-30T13:00:00|2025-05-30T14:00:00|2025-05-30T15:00:00|2025-05-30T16:00:00|2025-05-30T17:00:00|2025-05-30T18:00:00|2025-05-30T19:00:00|2025-05-30T20:00:00|2025-05-30T21:00:00|2025-05-30T22:00:00|2025-05-30T23:00:00|2025-05-31T00:00:00|2025-05-31T01:00:00|2025-05-31T02:00:00|2025-05-31T03:00:00|2025-05-31T04:00:00|2025-05-31T05:00:00|2025-05-31T06:00:00|2025-05-31T07:00:00|2025-05-31T08:00:00|2025-05-31T09:00:00|2025-05-31T10:00:00|2025-05-31T11:00:00|2025-05-31T14:00:00|2025-05-31T15:00:00|2025-05-31T16:00:00|2025-05-31T17:00:00|2025-05-31T18:00:00|2025-05-31T19:00:00|2025-05-31T20:00:00|2025-05-31T21:00:00|2025-05-31T22:00:00|2025-05-31T23:00:00|2025-06-01T00:00:00|2025-06-01T01:00:00|2025-06-01T02:00:00|2025-06-01T03:00:00|2025-06-01T04:00:00|2025-06-01T05:00:00|2025-06-01T06:00:00|2025-06-01T07:00:00|2025-06-01T08:00:00|2025-06-01T09:00:00|2025-06-01T10:00:00|2025-06-01T11:00:00|2025-06-01T12:00:00|2025-06-01T13:00:00|2025-06-01T14:00:00|2025-06-01T15:00:00|2025-06-01T18:00:00|2025-06-01T19:00:00|2025-06-01T20:00:00|2025-06-01T21:00:00|2025-06-02T01:00:00|2025-06-02T02:00:00|2025-06-02T03:00:00|2025-06-02T04:00:00|2025-06-02T05:00:00|2025-06-02T06:00:00|2025-06-02T07:00:00|2025-06-02T08:00:00|2025-06-02T09:00:00|2025-06-02T12:00:00|2025-06-02T13:00:00|2025-06-02T14:00:00|2025-06-02T15:00:00,0,,,,,,,,,,3.0,
PARIACHI,PM2_5,2025-05-28 03:00:00,2025-06-02 15:00:00,133,133,cross_year_analog,True,,9,2025-05-31T12:00:00|2025-05-31T13:00:00|2025-06-01T16:00:00|2025-06-01T17:00:00|2025-06-01T22:00:00|2025-06-01T23:00:00|2025-06-02T00:00:00|2025-06-02T10:00:00|2025-06-02T11:00:00,0,,,,,,,,,,1.0,
PARIACHI,PM2_5,2025-06-02 17:00:00,2025-06-02 17:00:00,1,1,short_linear,True,,1,2025-06-02T17:00:00,0,,,,,,,,,,,
PARIACHI,PM2_5,2025-06-03 00:00:00,2025-06-03 00:00:00,1,1,short_linear,True,,1,2025-06-03T00:00:00,0,,,,,,,,,,,
PARIACHI,PM2_5,2025-06-03 06:00:00,2025-06-03 09:00:00,4,4,short_linear,True,,4,2025-06-03T06:00:00|2025-06-03T07:00:00|2025-06-03T08:00:00|2025-06-03T09:00:00,0,,,,,,,,,,,
PARIACHI,PM2_5,2025-06-03 15:00:00,2025-06-03 15:00:00,1,1,short_linear,True,,1,2025-06-03T15:00:00,0,,,,,,,,,,,
PARIACHI,PM2_5,2025-06-29 14:00:00,2025-06-29 14:00:00,1,1,short_linear,True,,1,2025-06-29T14:00:00,0,,,,,,,,,,,
PARIACHI,PM2_5,2025-07-08 18:00:00,2025-07-08 18:00:00,1,1,short_linear,True,,1,2025-07-08T18:00:00,0,,,,,,,,,,,
PARIACHI,PM2_5,2025-07-28 20:00:00,2025-07-31 11:00:00,64,64,weekly_seasonal,True,,64,2025-07-28T20:00:00|2025-07-28T21:00:00|2025-07-28T22:00:00|2025-07-28T23:00:00|2025-07-29T00:00:00|2025-07-29T01:00:00|2025-07-29T02:00:00|2025-07-29T03:00:00|2025-07-29T04:00:00|2025-07-29T05:00:00|2025-07-29T06:00:00|2025-07-29T07:00:00|2025-07-29T08:00:00|2025-07-29T09:00:00|2025-07-29T10:00:00|2025-07-29T11:00:00|2025-07-29T12:00:00|2025-07-29T13:00:00|2025-07-29T14:00:00|2025-07-29T15:00:00|2025-07-29T16:00:00|2025-07-29T17:00:00|2025-07-29T18:00:00|2025-07-29T19:00:00|2025-07-29T20:00:00|2025-07-29T21:00:00|2025-07-29T22:00:00|2025-07-29T23:00:00|2025-07-30T00:00:00|2025-07-30T01:00:00|2025-07-30T02:00:00|2025-07-30T03:00:00|2025-07-30T04:00:00|2025-07-30T05:00:00|2025-07-30T06:00:00|2025-07-30T07:00:00|2025-07-30T08:00:00|2025-07-30T09:00:00|2025-07-30T10:00:00|2025-07-30T11:00:00|2025-07-30T12:00:00|2025-07-30T13:00:00|2025-07-30T14:00:00|2025-07-30T15:00:00|2025-07-30T16:00:00|2025-07-30T17:00:00|2025-07-30T18:00:00|2025-07-30T19:00:00|2025-07-30T20:00:00|2025-07-30T21:00:00|2025-07-30T22:00:00|2025-07-30T23:00:00|2025-07-31T00:00:00|2025-07-31T01:00:00|2025-07-31T02:00:00|2025-07-31T03:00:00|2025-07-31T04:00:00|2025-07-31T05:00:00|2025-07-31T06:00:00|2025-07-31T07:00:00|2025-07-31T08:00:00|2025-07-31T09:00:00|2025-07-31T10:00:00|2025-07-31T11:00:00,0,,,,,,,,,,4.0,
PARIACHI,PM2_5,2025-08-16 07:00:00,2025-08-16 08:00:00,2,2,short_linear,True,,2,2025-08-16T07:00:00|2025-08-16T08:00:00,0,,,,,,,,,,,
PARIACHI,PM2_5,2025-08-26 02:00:00,2025-08-26 07:00:00,6,6,weekly_seasonal,True,,6,2025-08-26T02:00:00|2025-08-26T03:00:00|2025-08-26T04:00:00|2025-08-26T05:00:00|2025-08-26T06:00:00|2025-08-26T07:00:00,0,,,,,,,,,,4.0,
PARIACHI,PM2_5,2025-08-27 11:00:00,2025-08-27 11:00:00,1,1,short_linear,True,,1,2025-08-27T11:00:00,0,,,,,,,,,,,
PARIACHI,PM2_5,2025-08-31 16:00:00,2025-08-31 16:00:00,1,1,short_linear,True,,1,2025-08-31T16:00:00,0,,,,,,,,,,,
PARIACHI,PM2_5,2025-09-19 01:00:00,2025-09-19 03:00:00,3,3,short_linear,True,,3,2025-09-19T01:00:00|2025-09-19T02:00:00|2025-09-19T03:00:00,0,,,,,,,,,,,
PARIACHI,PM2_5,2025-09-26 23:00:00,2025-09-27 20:00:00,22,22,weekly_seasonal,True,,22,2025-09-26T23:00:00|2025-09-27T00:00:00|2025-09-27T01:00:00|2025-09-27T02:00:00|2025-09-27T03:00:00|2025-09-27T04:00:00|2025-09-27T05:00:00|2025-09-27T06:00:00|2025-09-27T07:00:00|2025-09-27T08:00:00|2025-09-27T09:00:00|2025-09-27T10:00:00|2025-09-27T11:00:00|2025-09-27T12:00:00|2025-09-27T13:00:00|2025-09-27T14:00:00|2025-09-27T15:00:00|2025-09-27T16:00:00|2025-09-27T17:00:00|2025-09-27T18:00:00|2025-09-27T19:00:00|2025-09-27T20:00:00,0,,,,,,,,,,4.0,
PARIACHI,PM2_5,2025-10-09 13:00:00,2025-10-09 15:00:00,3,3,short_linear,True,,3,2025-10-09T13:00:00|2025-10-09T14:00:00|2025-10-09T15:00:00,0,,,,,,,,,,,
PARIACHI,PM2_5,2025-10-16 12:00:00,2025-10-16 12:00:00,1,1,short_linear,True,,1,2025-10-16T12:00:00,0,,,,,,,,,,,
PARIACHI,PM2_5,2025-10-29 12:00:00,2025-10-29 14:00:00,3,3,short_linear,True,,3,2025-10-29T12:00:00|2025-10-29T13:00:00|2025-10-29T14:00:00,0,,,,,,,,,,,
PARIACHI,PM2_5,2025-11-17 12:00:00,2025-11-18 12:00:00,25,25,weekly_seasonal,True,,25,2025-11-17T12:00:00|2025-11-17T13:00:00|2025-11-17T14:00:00|2025-11-17T15:00:00|2025-11-17T16:00:00|2025-11-17T17:00:00|2025-11-17T18:00:00|2025-11-17T19:00:00|2025-11-17T20:00:00|2025-11-17T21:00:00|2025-11-17T22:00:00|2025-11-17T23:00:00|2025-11-18T00:00:00|2025-11-18T01:00:00|2025-11-18T02:00:00|2025-11-18T03:00:00|2025-11-18T04:00:00|2025-11-18T05:00:00|2025-11-18T06:00:00|2025-11-18T07:00:00|2025-11-18T08:00:00|2025-11-18T09:00:00|2025-11-18T10:00:00|2025-11-18T11:00:00|2025-11-18T12:00:00,0,,,,,,,,,,4.0,
PARIACHI,PM2_5,2025-12-05 09:00:00,2025-12-05 09:00:00,1,1,short_linear,True,,1,2025-12-05T09:00:00,0,,,,,,,,,,,
PARIACHI,PM2_5,2025-12-18 04:00:00,2025-12-19 13:00:00,34,34,weekly_seasonal,True,,34,2025-12-18T04:00:00|2025-12-18T05:00:00|2025-12-18T06:00:00|2025-12-18T07:00:00|2025-12-18T08:00:00|2025-12-18T09:00:00|2025-12-18T10:00:00|2025-12-18T11:00:00|2025-12-18T12:00:00|2025-12-18T13:00:00|2025-12-18T14:00:00|2025-12-18T15:00:00|2025-12-18T16:00:00|2025-12-18T17:00:00|2025-12-18T18:00:00|2025-12-18T19:00:00|2025-12-18T20:00:00|2025-12-18T21:00:00|2025-12-18T22:00:00|2025-12-18T23:00:00|2025-12-19T00:00:00|2025-12-19T01:00:00|2025-12-19T02:00:00|2025-12-19T03:00:00|2025-12-19T04:00:00|2025-12-19T05:00:00|2025-12-19T06:00:00|2025-12-19T07:00:00|2025-12-19T08:00:00|2025-12-19T09:00:00|2025-12-19T10:00:00|2025-12-19T11:00:00|2025-12-19T12:00:00|2025-12-19T13:00:00,0,,,,,,,,,,3.0,
PARIACHI,PM2_5,2026-01-07 22:00:00,2026-01-07 22:00:00,1,1,short_linear,True,,1,2026-01-07T22:00:00,0,,,,,,,,,,,
PARIACHI,PM2_5,2026-01-15 12:00:00,2026-01-16 09:00:00,22,22,weekly_seasonal,True,,22,2026-01-15T12:00:00|2026-01-15T13:00:00|2026-01-15T14:00:00|2026-01-15T15:00:00|2026-01-15T16:00:00|2026-01-15T17:00:00|2026-01-15T18:00:00|2026-01-15T19:00:00|2026-01-15T20:00:00|2026-01-15T21:00:00|2026-01-15T22:00:00|2026-01-15T23:00:00|2026-01-16T00:00:00|2026-01-16T01:00:00|2026-01-16T02:00:00|2026-01-16T03:00:00|2026-01-16T04:00:00|2026-01-16T05:00:00|2026-01-16T06:00:00|2026-01-16T07:00:00|2026-01-16T08:00:00|2026-01-16T09:00:00,0,,,,,,,,,,4.0,
PARIACHI,PM2_5,2026-01-28 13:00:00,2026-01-28 13:00:00,1,1,short_linear,True,,1,2026-01-28T13:00:00,0,,,,,,,,,,,
PARIACHI,PM2_5,2026-02-11 02:00:00,2026-02-11 04:00:00,3,3,short_linear,True,,3,2026-02-11T02:00:00|2026-02-11T03:00:00|2026-02-11T04:00:00,0,,,,,,,,,,,
PARIACHI,PM2_5,2026-02-12 20:00:00,2026-02-12 20:00:00,1,1,short_linear,True,,1,2026-02-12T20:00:00,0,,,,,,,,,,,
PARIACHI,PM2_5,2026-03-19 20:00:00,2026-03-23 09:00:00,86,86,weekly_seasonal,True,,86,2026-03-19T20:00:00|2026-03-19T21:00:00|2026-03-19T22:00:00|2026-03-19T23:00:00|2026-03-20T00:00:00|2026-03-20T01:00:00|2026-03-20T02:00:00|2026-03-20T03:00:00|2026-03-20T04:00:00|2026-03-20T05:00:00|2026-03-20T06:00:00|2026-03-20T07:00:00|2026-03-20T08:00:00|2026-03-20T09:00:00|2026-03-20T10:00:00|2026-03-20T11:00:00|2026-03-20T12:00:00|2026-03-20T13:00:00|2026-03-20T14:00:00|2026-03-20T15:00:00|2026-03-20T16:00:00|2026-03-20T17:00:00|2026-03-20T18:00:00|2026-03-20T19:00:00|2026-03-20T20:00:00|2026-03-20T21:00:00|2026-03-20T22:00:00|2026-03-20T23:00:00|2026-03-21T00:00:00|2026-03-21T01:00:00|2026-03-21T02:00:00|2026-03-21T03:00:00|2026-03-21T04:00:00|2026-03-21T05:00:00|2026-03-21T06:00:00|2026-03-21T07:00:00|2026-03-21T08:00:00|2026-03-21T09:00:00|2026-03-21T10:00:00|2026-03-21T11:00:00|2026-03-21T12:00:00|2026-03-21T13:00:00|2026-03-21T14:00:00|2026-03-21T15:00:00|2026-03-21T16:00:00|2026-03-21T17:00:00|2026-03-21T18:00:00|2026-03-21T19:00:00|2026-03-21T20:00:00|2026-03-21T21:00:00|2026-03-21T22:00:00|2026-03-21T23:00:00|2026-03-22T00:00:00|2026-03-22T01:00:00|2026-03-22T02:00:00|2026-03-22T03:00:00|2026-03-22T04:00:00|2026-03-22T05:00:00|2026-03-22T06:00:00|2026-03-22T07:00:00|2026-03-22T08:00:00|2026-03-22T09:00:00|2026-03-22T10:00:00|2026-03-22T11:00:00|2026-03-22T12:00:00|2026-03-22T13:00:00|2026-03-22T14:00:00|2026-03-22T15:00:00|2026-03-22T16:00:00|2026-03-22T17:00:00|2026-03-22T18:00:00|2026-03-22T19:00:00|2026-03-22T20:00:00|2026-03-22T21:00:00|2026-03-22T22:00:00|2026-03-22T23:00:00|2026-03-23T00:00:00|2026-03-23T01:00:00|2026-03-23T02:00:00|2026-03-23T03:00:00|2026-03-23T04:00:00|2026-03-23T05:00:00|2026-03-23T06:00:00|2026-03-23T07:00:00|2026-03-23T08:00:00|2026-03-23T09:00:00,0,,,,,,,,,,4.0,
PARIACHI,PM2_5,2026-04-23 15:00:00,2026-04-23 15:00:00,1,1,short_linear,True,,1,2026-04-23T15:00:00,0,,,,,,,,,,,
PARIACHI,PM2_5,2026-05-15 10:00:00,2026-05-15 16:00:00,7,7,weekly_seasonal,True,,7,2026-05-15T10:00:00|2026-05-15T11:00:00|2026-05-15T12:00:00|2026-05-15T13:00:00|2026-05-15T14:00:00|2026-05-15T15:00:00|2026-05-15T16:00:00,0,,,,,,,,,,4.0,
PARIACHI,PM2_5,2026-05-26 11:00:00,2026-05-26 12:00:00,2,2,short_linear,True,,2,2026-05-26T11:00:00|2026-05-26T12:00:00,0,,,,,,,,,,,
PARIACHI,PM2_5,2026-06-04 22:00:00,2026-06-04 22:00:00,1,1,short_linear,True,,1,2026-06-04T22:00:00,0,,,,,,,,,,,
PARIACHI,PM2_5,2026-06-06 19:00:00,2026-06-06 21:00:00,3,3,short_linear,True,,3,2026-06-06T19:00:00|2026-06-06T20:00:00|2026-06-06T21:00:00,0,,,,,,,,,,,
PARIACHI,PM2_5,2026-06-19 11:00:00,2026-06-19 12:00:00,2,2,short_linear,True,,2,2026-06-19T11:00:00|2026-06-19T12:00:00,0,,,,,,,,,,,
PARIACHI,PM2_5,2026-06-19 14:00:00,2026-06-19 14:00:00,1,1,short_linear,True,,1,2026-06-19T14:00:00,0,,,,,,,,,,,
PARIACHI,PM2_5,2026-06-21 21:00:00,2026-06-21 22:00:00,2,2,short_linear,True,,2,2026-06-21T21:00:00|2026-06-21T22:00:00,0,,,,,,,,,,,
PARIACHI,PM2_5,2026-06-25 12:00:00,2026-06-25 16:00:00,5,5,cross_year_analog,True,,5,2026-06-25T12:00:00|2026-06-25T13:00:00|2026-06-25T14:00:00|2026-06-25T15:00:00|2026-06-25T16:00:00,0,,,,,,,,,,1.0,
PARIACHI,PM2_5,2026-06-26 22:00:00,2026-06-26 22:00:00,1,1,short_linear,True,,1,2026-06-26T22:00:00,0,,,,,,,,,,,
SANTA_ANITA,PM2_5,2025-01-01 18:00:00,2025-01-01 18:00:00,1,1,short_linear,True,,1,2025-01-01T18:00:00,0,,,,,,,,,,,
SANTA_ANITA,PM2_5,2025-01-02 07:00:00,2025-01-02 14:00:00,8,8,cross_year_analog,True,,8,2025-01-02T07:00:00|2025-01-02T08:00:00|2025-01-02T09:00:00|2025-01-02T10:00:00|2025-01-02T11:00:00|2025-01-02T12:00:00|2025-01-02T13:00:00|2025-01-02T14:00:00,0,,,,,,,,,,1.0,
SANTA_ANITA,PM2_5,2025-01-17 12:00:00,2025-01-17 13:00:00,2,2,short_linear,True,,2,2025-01-17T12:00:00|2025-01-17T13:00:00,0,,,,,,,,,,,
SANTA_ANITA,PM2_5,2025-02-25 19:00:00,2025-02-25 23:00:00,5,5,weekly_seasonal,True,,5,2025-02-25T19:00:00|2025-02-25T20:00:00|2025-02-25T21:00:00|2025-02-25T22:00:00|2025-02-25T23:00:00,0,,,,,,,,,,4.0,
SANTA_ANITA,PM2_5,2025-03-20 22:00:00,2025-03-20 22:00:00,1,1,short_linear,True,,1,2025-03-20T22:00:00,0,,,,,,,,,,,
SANTA_ANITA,PM2_5,2025-03-31 11:00:00,2025-03-31 12:00:00,2,2,short_linear,True,,2,2025-03-31T11:00:00|2025-03-31T12:00:00,0,,,,,,,,,,,
SANTA_ANITA,PM2_5,2025-04-20 20:00:00,2025-04-20 23:00:00,4,4,short_linear,True,,4,2025-04-20T20:00:00|2025-04-20T21:00:00|2025-04-20T22:00:00|2025-04-20T23:00:00,0,,,,,,,,,,,
SANTA_ANITA,PM2_5,2025-04-21 12:00:00,2025-04-21 12:00:00,1,1,short_linear,True,,1,2025-04-21T12:00:00,0,,,,,,,,,,,
SANTA_ANITA,PM2_5,2025-04-24 15:00:00,2025-04-24 18:00:00,4,4,short_linear,True,,4,2025-04-24T15:00:00|2025-04-24T16:00:00|2025-04-24T17:00:00|2025-04-24T18:00:00,0,,,,,,,,,,,
SANTA_ANITA,PM2_5,2025-05-07 00:00:00,2025-05-07 04:00:00,5,5,weekly_seasonal,True,,5,2025-05-07T00:00:00|2025-05-07T01:00:00|2025-05-07T02:00:00|2025-05-07T03:00:00|2025-05-07T04:00:00,0,,,,,,,,,,4.0,
SANTA_ANITA,PM2_5,2025-05-21 10:00:00,2025-05-21 12:00:00,3,3,short_linear,True,,3,2025-05-21T10:00:00|2025-05-21T11:00:00|2025-05-21T12:00:00,0,,,,,,,,,,,
SANTA_ANITA,PM2_5,2025-05-27 23:00:00,2025-05-27 23:00:00,1,1,short_linear,True,,1,2025-05-27T23:00:00,0,,,,,,,,,,,
SANTA_ANITA,PM2_5,2025-06-03 00:00:00,2025-06-03 01:00:00,2,2,short_linear,True,,2,2025-06-03T00:00:00|2025-06-03T01:00:00,0,,,,,,,,,,,
SANTA_ANITA,PM2_5,2025-06-03 06:00:00,2025-06-03 09:00:00,4,4,short_linear,True,,4,2025-06-03T06:00:00|2025-06-03T07:00:00|2025-06-03T08:00:00|2025-06-03T09:00:00,0,,,,,,,,,,,
SANTA_ANITA,PM2_5,2025-06-04 06:00:00,2025-06-05 13:00:00,32,32,weekly_seasonal,True,,32,2025-06-04T06:00:00|2025-06-04T07:00:00|2025-06-04T08:00:00|2025-06-04T09:00:00|2025-06-04T10:00:00|2025-06-04T11:00:00|2025-06-04T12:00:00|2025-06-04T13:00:00|2025-06-04T14:00:00|2025-06-04T15:00:00|2025-06-04T16:00:00|2025-06-04T17:00:00|2025-06-04T18:00:00|2025-06-04T19:00:00|2025-06-04T20:00:00|2025-06-04T21:00:00|2025-06-04T22:00:00|2025-06-04T23:00:00|2025-06-05T00:00:00|2025-06-05T01:00:00|2025-06-05T02:00:00|2025-06-05T03:00:00|2025-06-05T04:00:00|2025-06-05T05:00:00|2025-06-05T06:00:00|2025-06-05T07:00:00|2025-06-05T08:00:00|2025-06-05T09:00:00|2025-06-05T10:00:00|2025-06-05T11:00:00|2025-06-05T12:00:00|2025-06-05T13:00:00,0,,,,,,,,,,3.0,
SANTA_ANITA,PM2_5,2025-06-22 03:00:00,2025-06-30 10:00:00,200,200,weekly_seasonal,True,,200,2025-06-22T03:00:00|2025-06-22T04:00:00|2025-06-22T05:00:00|2025-06-22T06:00:00|2025-06-22T07:00:00|2025-06-22T08:00:00|2025-06-22T09:00:00|2025-06-22T10:00:00|2025-06-22T11:00:00|2025-06-22T12:00:00|2025-06-22T13:00:00|2025-06-22T14:00:00|2025-06-22T15:00:00|2025-06-22T16:00:00|2025-06-22T17:00:00|2025-06-22T18:00:00|2025-06-22T19:00:00|2025-06-22T20:00:00|2025-06-22T21:00:00|2025-06-22T22:00:00|2025-06-22T23:00:00|2025-06-23T00:00:00|2025-06-23T01:00:00|2025-06-23T02:00:00|2025-06-23T03:00:00|2025-06-23T04:00:00|2025-06-23T05:00:00|2025-06-23T06:00:00|2025-06-23T07:00:00|2025-06-23T08:00:00|2025-06-23T09:00:00|2025-06-23T10:00:00|2025-06-23T11:00:00|2025-06-23T12:00:00|2025-06-23T13:00:00|2025-06-23T14:00:00|2025-06-23T15:00:00|2025-06-23T16:00:00|2025-06-23T17:00:00|2025-06-23T18:00:00|2025-06-23T19:00:00|2025-06-23T20:00:00|2025-06-23T21:00:00|2025-06-23T22:00:00|2025-06-23T23:00:00|2025-06-24T00:00:00|2025-06-24T01:00:00|2025-06-24T02:00:00|2025-06-24T03:00:00|2025-06-24T04:00:00|2025-06-24T05:00:00|2025-06-24T06:00:00|2025-06-24T07:00:00|2025-06-24T08:00:00|2025-06-24T09:00:00|2025-06-24T10:00:00|2025-06-24T11:00:00|2025-06-24T12:00:00|2025-06-24T13:00:00|2025-06-24T14:00:00|2025-06-24T15:00:00|2025-06-24T16:00:00|2025-06-24T17:00:00|2025-06-24T18:00:00|2025-06-24T19:00:00|2025-06-24T20:00:00|2025-06-24T21:00:00|2025-06-24T22:00:00|2025-06-24T23:00:00|2025-06-25T00:00:00|2025-06-25T01:00:00|2025-06-25T02:00:00|2025-06-25T03:00:00|2025-06-25T04:00:00|2025-06-25T05:00:00|2025-06-25T06:00:00|2025-06-25T07:00:00|2025-06-25T08:00:00|2025-06-25T09:00:00|2025-06-25T10:00:00|2025-06-25T11:00:00|2025-06-25T12:00:00|2025-06-25T13:00:00|2025-06-25T14:00:00|2025-06-25T15:00:00|2025-06-25T16:00:00|2025-06-25T17:00:00|2025-06-25T18:00:00|2025-06-25T19:00:00|2025-06-25T20:00:00|2025-06-25T21:00:00|2025-06-25T22:00:00|2025-06-25T23:00:00|2025-06-26T00:00:00|2025-06-26T01:00:00|2025-06-26T02:00:00|2025-06-26T03:00:00|2025-06-26T04:00:00|2025-06-26T05:00:00|2025-06-26T06:00:00|2025-06-26T07:00:00|2025-06-26T08:00:00|2025-06-26T09:00:00|2025-06-26T10:00:00|2025-06-26T11:00:00|2025-06-26T12:00:00|2025-06-26T13:00:00|2025-06-26T14:00:00|2025-06-26T15:00:00|2025-06-26T16:00:00|2025-06-26T17:00:00|2025-06-26T18:00:00|2025-06-26T19:00:00|2025-06-26T20:00:00|2025-06-26T21:00:00|2025-06-26T22:00:00|2025-06-26T23:00:00|2025-06-27T00:00:00|2025-06-27T01:00:00|2025-06-27T02:00:00|2025-06-27T03:00:00|2025-06-27T04:00:00|2025-06-27T05:00:00|2025-06-27T06:00:00|2025-06-27T07:00:00|2025-06-27T08:00:00|2025-06-27T09:00:00|2025-06-27T10:00:00|2025-06-27T11:00:00|2025-06-27T12:00:00|2025-06-27T13:00:00|2025-06-27T14:00:00|2025-06-27T15:00:00|2025-06-27T16:00:00|2025-06-27T17:00:00|2025-06-27T18:00:00|2025-06-27T19:00:00|2025-06-27T20:00:00|2025-06-27T21:00:00|2025-06-27T22:00:00|2025-06-27T23:00:00|2025-06-28T00:00:00|2025-06-28T01:00:00|2025-06-28T02:00:00|2025-06-28T03:00:00|2025-06-28T04:00:00|2025-06-28T05:00:00|2025-06-28T06:00:00|2025-06-28T07:00:00|2025-06-28T08:00:00|2025-06-28T09:00:00|2025-06-28T10:00:00|2025-06-28T11:00:00|2025-06-28T12:00:00|2025-06-28T13:00:00|2025-06-28T14:00:00|2025-06-28T15:00:00|2025-06-28T16:00:00|2025-06-28T17:00:00|2025-06-28T18:00:00|2025-06-28T19:00:00|2025-06-28T20:00:00|2025-06-28T21:00:00|2025-06-28T22:00:00|2025-06-28T23:00:00|2025-06-29T00:00:00|2025-06-29T01:00:00|2025-06-29T02:00:00|2025-06-29T03:00:00|2025-06-29T04:00:00|2025-06-29T05:00:00|2025-06-29T06:00:00|2025-06-29T07:00:00|2025-06-29T08:00:00|2025-06-29T09:00:00|2025-06-29T10:00:00|2025-06-29T11:00:00|2025-06-29T12:00:00|2025-06-29T13:00:00|2025-06-29T14:00:00|2025-06-29T15:00:00|2025-06-29T16:00:00|2025-06-29T17:00:00|2025-06-29T18:00:00|2025-06-29T19:00:00|2025-06-29T20:00:00|2025-06-29T21:00:00|2025-06-29T22:00:00|2025-06-29T23:00:00|2025-06-30T00:00:00|2025-06-30T01:00:00|2025-06-30T02:00:00|2025-06-30T03:00:00|2025-06-30T04:00:00|2025-06-30T05:00:00|2025-06-30T06:00:00|2025-06-30T07:00:00|2025-06-30T08:00:00|2025-06-30T09:00:00|2025-06-30T10:00:00,0,,,,,,,,,,3.0,
SANTA_ANITA,PM2_5,2025-07-08 18:00:00,2025-07-08 18:00:00,1,1,short_linear,True,,1,2025-07-08T18:00:00,0,,,,,,,,,,,
SANTA_ANITA,PM2_5,2025-08-16 07:00:00,2025-08-16 08:00:00,2,2,short_linear,True,,2,2025-08-16T07:00:00|2025-08-16T08:00:00,0,,,,,,,,,,,
SANTA_ANITA,PM2_5,2025-08-26 02:00:00,2025-08-26 07:00:00,6,6,weekly_seasonal,True,,6,2025-08-26T02:00:00|2025-08-26T03:00:00|2025-08-26T04:00:00|2025-08-26T05:00:00|2025-08-26T06:00:00|2025-08-26T07:00:00,0,,,,,,,,,,4.0,
SANTA_ANITA,PM2_5,2025-08-27 13:00:00,2025-08-27 16:00:00,4,4,short_linear,True,,4,2025-08-27T13:00:00|2025-08-27T14:00:00|2025-08-27T15:00:00|2025-08-27T16:00:00,0,,,,,,,,,,,
SANTA_ANITA,PM2_5,2025-08-29 12:00:00,2025-08-29 12:00:00,1,1,short_linear,True,,1,2025-08-29T12:00:00,0,,,,,,,,,,,
SANTA_ANITA,PM2_5,2025-08-31 16:00:00,2025-08-31 16:00:00,1,1,short_linear,True,,1,2025-08-31T16:00:00,0,,,,,,,,,,,
SANTA_ANITA,PM2_5,2025-09-03 17:00:00,2025-09-08 13:00:00,117,117,weekly_seasonal,True,,117,2025-09-03T17:00:00|2025-09-03T18:00:00|2025-09-03T19:00:00|2025-09-03T20:00:00|2025-09-03T21:00:00|2025-09-03T22:00:00|2025-09-03T23:00:00|2025-09-04T00:00:00|2025-09-04T01:00:00|2025-09-04T02:00:00|2025-09-04T03:00:00|2025-09-04T04:00:00|2025-09-04T05:00:00|2025-09-04T06:00:00|2025-09-04T07:00:00|2025-09-04T08:00:00|2025-09-04T09:00:00|2025-09-04T10:00:00|2025-09-04T11:00:00|2025-09-04T12:00:00|2025-09-04T13:00:00|2025-09-04T14:00:00|2025-09-04T15:00:00|2025-09-04T16:00:00|2025-09-04T17:00:00|2025-09-04T18:00:00|2025-09-04T19:00:00|2025-09-04T20:00:00|2025-09-04T21:00:00|2025-09-04T22:00:00|2025-09-04T23:00:00|2025-09-05T00:00:00|2025-09-05T01:00:00|2025-09-05T02:00:00|2025-09-05T03:00:00|2025-09-05T04:00:00|2025-09-05T05:00:00|2025-09-05T06:00:00|2025-09-05T07:00:00|2025-09-05T08:00:00|2025-09-05T09:00:00|2025-09-05T10:00:00|2025-09-05T11:00:00|2025-09-05T12:00:00|2025-09-05T13:00:00|2025-09-05T14:00:00|2025-09-05T15:00:00|2025-09-05T16:00:00|2025-09-05T17:00:00|2025-09-05T18:00:00|2025-09-05T19:00:00|2025-09-05T20:00:00|2025-09-05T21:00:00|2025-09-05T22:00:00|2025-09-05T23:00:00|2025-09-06T00:00:00|2025-09-06T01:00:00|2025-09-06T02:00:00|2025-09-06T03:00:00|2025-09-06T04:00:00|2025-09-06T05:00:00|2025-09-06T06:00:00|2025-09-06T07:00:00|2025-09-06T08:00:00|2025-09-06T09:00:00|2025-09-06T10:00:00|2025-09-06T11:00:00|2025-09-06T12:00:00|2025-09-06T13:00:00|2025-09-06T14:00:00|2025-09-06T15:00:00|2025-09-06T16:00:00|2025-09-06T17:00:00|2025-09-06T18:00:00|2025-09-06T19:00:00|2025-09-06T20:00:00|2025-09-06T21:00:00|2025-09-06T22:00:00|2025-09-06T23:00:00|2025-09-07T00:00:00|2025-09-07T01:00:00|2025-09-07T02:00:00|2025-09-07T03:00:00|2025-09-07T04:00:00|2025-09-07T05:00:00|2025-09-07T06:00:00|2025-09-07T07:00:00|2025-09-07T08:00:00|2025-09-07T09:00:00|2025-09-07T10:00:00|2025-09-07T11:00:00|2025-09-07T12:00:00|2025-09-07T13:00:00|2025-09-07T14:00:00|2025-09-07T15:00:00|2025-09-07T16:00:00|2025-09-07T17:00:00|2025-09-07T18:00:00|2025-09-07T19:00:00|2025-09-07T20:00:00|2025-09-07T21:00:00|2025-09-07T22:00:00|2025-09-07T23:00:00|2025-09-08T00:00:00|2025-09-08T01:00:00|2025-09-08T02:00:00|2025-09-08T03:00:00|2025-09-08T04:00:00|2025-09-08T05:00:00|2025-09-08T06:00:00|2025-09-08T07:00:00|2025-09-08T08:00:00|2025-09-08T09:00:00|2025-09-08T10:00:00|2025-09-08T11:00:00|2025-09-08T12:00:00|2025-09-08T13:00:00,0,,,,,,,,,,3.0,
SANTA_ANITA,PM2_5,2025-09-10 14:00:00,2025-09-10 15:00:00,2,2,short_linear,True,,2,2025-09-10T14:00:00|2025-09-10T15:00:00,0,,,,,,,,,,,
SANTA_ANITA,PM2_5,2025-09-10 17:00:00,2025-09-10 17:00:00,1,1,short_linear,True,,1,2025-09-10T17:00:00,0,,,,,,,,,,,
SANTA_ANITA,PM2_5,2025-09-26 23:00:00,2025-09-27 21:00:00,23,23,weekly_seasonal,True,,23,2025-09-26T23:00:00|2025-09-27T00:00:00|2025-09-27T01:00:00|2025-09-27T02:00:00|2025-09-27T03:00:00|2025-09-27T04:00:00|2025-09-27T05:00:00|2025-09-27T06:00:00|2025-09-27T07:00:00|2025-09-27T08:00:00|2025-09-27T09:00:00|2025-09-27T10:00:00|2025-09-27T11:00:00|2025-09-27T12:00:00|2025-09-27T13:00:00|2025-09-27T14:00:00|2025-09-27T15:00:00|2025-09-27T16:00:00|2025-09-27T17:00:00|2025-09-27T18:00:00|2025-09-27T19:00:00|2025-09-27T20:00:00|2025-09-27T21:00:00,0,,,,,,,,,,4.0,
SANTA_ANITA,PM2_5,2025-10-30 11:00:00,2025-10-30 11:00:00,1,1,short_linear,True,,1,2025-10-30T11:00:00,0,,,,,,,,,,,
SANTA_ANITA,PM2_5,2025-11-09 04:00:00,2025-11-09 04:00:00,1,1,short_linear,True,,1,2025-11-09T04:00:00,0,,,,,,,,,,,
SANTA_ANITA,PM2_5,2025-11-10 11:00:00,2025-11-10 13:00:00,3,3,short_linear,True,,3,2025-11-10T11:00:00|2025-11-10T12:00:00|2025-11-10T13:00:00,0,,,,,,,,,,,
SANTA_ANITA,PM2_5,2025-11-10 15:00:00,2025-11-10 15:00:00,1,1,short_linear,True,,1,2025-11-10T15:00:00,0,,,,,,,,,,,
SANTA_ANITA,PM2_5,2025-11-17 13:00:00,2025-11-17 14:00:00,2,2,short_linear,True,,2,2025-11-17T13:00:00|2025-11-17T14:00:00,0,,,,,,,,,,,
SANTA_ANITA,PM2_5,2025-11-19 06:00:00,2025-11-19 16:00:00,11,11,interstation_regression,False,insufficient_gap_coverage,0,,11,,CERES,5.077762452209517,0.0,,,,0.5,TimeSeriesSplit(5),,
SANTA_ANITA,PM2_5,2025-11-19 06:00:00,2025-11-19 16:00:00,11,11,interstation_regression,False,r2_below_threshold,0,,11,0.22007563804732846,SAN_JUAN_DE_LURIGANCHO,7.55052162702182,1.0,11514.0,1.4763406522783313,1.154156682418195,0.5,TimeSeriesSplit(5),,
SANTA_ANITA,PM2_5,2025-11-19 06:00:00,2025-11-19 16:00:00,11,11,interstation_regression,False,insufficient_gap_coverage,0,,11,,SAN_BORJA,8.293825207450844,0.0,,,,0.5,TimeSeriesSplit(5),,
SANTA_ANITA,PM2_5,2025-11-19 06:00:00,2025-11-19 16:00:00,11,11,interstation_regression,False,r2_below_threshold,0,,11,-1.2921274326620416,CAMPO_DE_MARTE,8.385142360223686,1.0,11886.0,18.76179901531294,0.5897729586180479,0.5,TimeSeriesSplit(5),,
SANTA_ANITA,PM2_5,2025-11-19 06:00:00,2025-11-19 16:00:00,11,11,interstation_regression,False,r2_below_threshold,0,,11,0.08358701227931949,SAN_MARTIN_DE_PORRES,12.871335685730303,1.0,12242.0,8.931644562772423,0.9750101099652023,0.5,TimeSeriesSplit(5),,
SANTA_ANITA,PM2_5,2025-11-19 06:00:00,2025-11-19 16:00:00,11,11,interstation_regression,False,insufficient_gap_coverage,0,,11,,VILLA_MARIA_DEL_TRIUNFO,14.815818116383996,0.0,,,,0.5,TimeSeriesSplit(5),,
SANTA_ANITA,PM2_5,2025-11-19 06:00:00,2025-11-19 16:00:00,11,11,interstation_regression,False,r2_below_threshold,0,,11,-0.07486063546519828,PARIACHI,15.167099606649877,1.0,11398.0,13.877620606753386,0.433546417321696,0.5,TimeSeriesSplit(5),,
SANTA_ANITA,PM2_5,2025-11-19 06:00:00,2025-11-19 16:00:00,11,11,interstation_regression,False,insufficient_gap_coverage,0,,11,,CARABAYLLO,17.055668968867632,0.0,,,,0.5,TimeSeriesSplit(5),,
SANTA_ANITA,PM2_5,2025-11-19 06:00:00,2025-11-19 16:00:00,11,11,unimputable,False,no_method_available,0,,11,,,,,,,,,,,
SANTA_ANITA,PM2_5,2025-11-20 18:00:00,2025-11-27 12:00:00,163,163,weekly_seasonal,True,,151,2025-11-20T18:00:00|2025-11-20T19:00:00|2025-11-20T20:00:00|2025-11-20T21:00:00|2025-11-20T22:00:00|2025-11-20T23:00:00|2025-11-21T00:00:00|2025-11-21T01:00:00|2025-11-21T02:00:00|2025-11-21T03:00:00|2025-11-21T04:00:00|2025-11-21T05:00:00|2025-11-21T06:00:00|2025-11-21T07:00:00|2025-11-21T08:00:00|2025-11-21T09:00:00|2025-11-21T10:00:00|2025-11-21T11:00:00|2025-11-21T12:00:00|2025-11-21T13:00:00|2025-11-21T14:00:00|2025-11-21T15:00:00|2025-11-21T16:00:00|2025-11-21T17:00:00|2025-11-21T18:00:00|2025-11-21T19:00:00|2025-11-21T20:00:00|2025-11-21T21:00:00|2025-11-21T22:00:00|2025-11-21T23:00:00|2025-11-22T00:00:00|2025-11-22T01:00:00|2025-11-22T02:00:00|2025-11-22T03:00:00|2025-11-22T04:00:00|2025-11-22T05:00:00|2025-11-22T06:00:00|2025-11-22T07:00:00|2025-11-22T08:00:00|2025-11-22T09:00:00|2025-11-22T10:00:00|2025-11-22T11:00:00|2025-11-22T12:00:00|2025-11-22T13:00:00|2025-11-22T14:00:00|2025-11-22T15:00:00|2025-11-22T16:00:00|2025-11-22T17:00:00|2025-11-22T18:00:00|2025-11-22T19:00:00|2025-11-22T20:00:00|2025-11-22T21:00:00|2025-11-22T22:00:00|2025-11-22T23:00:00|2025-11-23T00:00:00|2025-11-23T01:00:00|2025-11-23T02:00:00|2025-11-23T03:00:00|2025-11-23T04:00:00|2025-11-23T05:00:00|2025-11-23T06:00:00|2025-11-23T07:00:00|2025-11-23T08:00:00|2025-11-23T09:00:00|2025-11-23T10:00:00|2025-11-23T11:00:00|2025-11-23T12:00:00|2025-11-23T13:00:00|2025-11-23T14:00:00|2025-11-23T15:00:00|2025-11-23T16:00:00|2025-11-23T17:00:00|2025-11-23T18:00:00|2025-11-23T19:00:00|2025-11-23T20:00:00|2025-11-23T21:00:00|2025-11-23T22:00:00|2025-11-23T23:00:00|2025-11-24T00:00:00|2025-11-24T01:00:00|2025-11-24T02:00:00|2025-11-24T03:00:00|2025-11-24T04:00:00|2025-11-24T05:00:00|2025-11-24T06:00:00|2025-11-24T07:00:00|2025-11-24T08:00:00|2025-11-24T09:00:00|2025-11-24T10:00:00|2025-11-24T11:00:00|2025-11-24T12:00:00|2025-11-24T14:00:00|2025-11-24T15:00:00|2025-11-24T16:00:00|2025-11-24T17:00:00|2025-11-24T18:00:00|2025-11-24T19:00:00|2025-11-24T20:00:00|2025-11-24T21:00:00|2025-11-24T22:00:00|2025-11-24T23:00:00|2025-11-25T00:00:00|2025-11-25T01:00:00|2025-11-25T02:00:00|2025-11-25T03:00:00|2025-11-25T04:00:00|2025-11-25T05:00:00|2025-11-25T06:00:00|2025-11-25T07:00:00|2025-11-25T08:00:00|2025-11-25T09:00:00|2025-11-25T10:00:00|2025-11-25T11:00:00|2025-11-25T12:00:00|2025-11-25T13:00:00|2025-11-25T14:00:00|2025-11-25T15:00:00|2025-11-25T16:00:00|2025-11-25T17:00:00|2025-11-25T18:00:00|2025-11-25T19:00:00|2025-11-25T20:00:00|2025-11-25T21:00:00|2025-11-25T22:00:00|2025-11-25T23:00:00|2025-11-26T00:00:00|2025-11-26T01:00:00|2025-11-26T02:00:00|2025-11-26T03:00:00|2025-11-26T04:00:00|2025-11-26T05:00:00|2025-11-26T17:00:00|2025-11-26T18:00:00|2025-11-26T19:00:00|2025-11-26T20:00:00|2025-11-26T21:00:00|2025-11-26T22:00:00|2025-11-26T23:00:00|2025-11-27T00:00:00|2025-11-27T01:00:00|2025-11-27T02:00:00|2025-11-27T03:00:00|2025-11-27T04:00:00|2025-11-27T05:00:00|2025-11-27T06:00:00|2025-11-27T07:00:00|2025-11-27T08:00:00|2025-11-27T09:00:00|2025-11-27T10:00:00|2025-11-27T11:00:00|2025-11-27T12:00:00,12,,,,,,,,,,3.0,
SANTA_ANITA,PM2_5,2025-11-20 18:00:00,2025-11-27 12:00:00,163,163,interstation_regression,False,insufficient_gap_coverage,0,,12,,CERES,5.077762452209517,0.0,,,,0.5,TimeSeriesSplit(5),,
SANTA_ANITA,PM2_5,2025-11-20 18:00:00,2025-11-27 12:00:00,163,163,interstation_regression,False,r2_below_threshold,0,,12,0.22007563804732846,SAN_JUAN_DE_LURIGANCHO,7.55052162702182,1.0,11514.0,1.4763406522783313,1.154156682418195,0.5,TimeSeriesSplit(5),,
SANTA_ANITA,PM2_5,2025-11-20 18:00:00,2025-11-27 12:00:00,163,163,interstation_regression,False,r2_below_threshold,0,,12,0.15171103592958424,SAN_BORJA,8.293825207450844,1.0,11961.0,7.029077745703557,0.9603032650349999,0.5,TimeSeriesSplit(5),,
SANTA_ANITA,PM2_5,2025-11-20 18:00:00,2025-11-27 12:00:00,163,163,interstation_regression,False,r2_below_threshold,0,,12,-1.2921274326620416,CAMPO_DE_MARTE,8.385142360223686,1.0,11886.0,18.76179901531294,0.5897729586180479,0.5,TimeSeriesSplit(5),,
SANTA_ANITA,PM2_5,2025-11-20 18:00:00,2025-11-27 12:00:00,163,163,interstation_regression,False,r2_below_threshold,0,,12,0.08358701227931949,SAN_MARTIN_DE_PORRES,12.871335685730303,1.0,12242.0,8.931644562772423,0.9750101099652023,0.5,TimeSeriesSplit(5),,
SANTA_ANITA,PM2_5,2025-11-20 18:00:00,2025-11-27 12:00:00,163,163,interstation_regression,False,insufficient_gap_coverage,0,,12,,VILLA_MARIA_DEL_TRIUNFO,14.815818116383996,0.0,,,,0.5,TimeSeriesSplit(5),,
SANTA_ANITA,PM2_5,2025-11-20 18:00:00,2025-11-27 12:00:00,163,163,interstation_regression,False,r2_below_threshold,0,,12,-0.07486063546519828,PARIACHI,15.167099606649877,1.0,11398.0,13.877620606753386,0.433546417321696,0.5,TimeSeriesSplit(5),,
SANTA_ANITA,PM2_5,2025-11-20 18:00:00,2025-11-27 12:00:00,163,163,interstation_regression,False,insufficient_gap_coverage,0,,12,,CARABAYLLO,17.055668968867632,0.0,,,,0.5,TimeSeriesSplit(5),,
SANTA_ANITA,PM2_5,2025-11-20 18:00:00,2025-11-27 12:00:00,163,163,unimputable,False,no_method_available,0,,12,,,,,,,,,,,
SANTA_ANITA,PM2_5,2025-12-01 21:00:00,2025-12-04 13:00:00,65,65,weekly_seasonal,True,,54,2025-12-01T21:00:00|2025-12-01T22:00:00|2025-12-01T23:00:00|2025-12-02T00:00:00|2025-12-02T01:00:00|2025-12-02T02:00:00|2025-12-02T03:00:00|2025-12-02T04:00:00|2025-12-02T05:00:00|2025-12-02T06:00:00|2025-12-02T07:00:00|2025-12-02T08:00:00|2025-12-02T09:00:00|2025-12-02T10:00:00|2025-12-02T11:00:00|2025-12-02T12:00:00|2025-12-02T13:00:00|2025-12-02T14:00:00|2025-12-02T15:00:00|2025-12-02T16:00:00|2025-12-02T17:00:00|2025-12-02T18:00:00|2025-12-02T19:00:00|2025-12-02T20:00:00|2025-12-02T21:00:00|2025-12-02T22:00:00|2025-12-02T23:00:00|2025-12-03T00:00:00|2025-12-03T01:00:00|2025-12-03T02:00:00|2025-12-03T03:00:00|2025-12-03T04:00:00|2025-12-03T05:00:00|2025-12-03T17:00:00|2025-12-03T18:00:00|2025-12-03T19:00:00|2025-12-03T20:00:00|2025-12-03T21:00:00|2025-12-03T22:00:00|2025-12-03T23:00:00|2025-12-04T00:00:00|2025-12-04T01:00:00|2025-12-04T02:00:00|2025-12-04T03:00:00|2025-12-04T04:00:00|2025-12-04T05:00:00|2025-12-04T06:00:00|2025-12-04T07:00:00|2025-12-04T08:00:00|2025-12-04T09:00:00|2025-12-04T10:00:00|2025-12-04T11:00:00|2025-12-04T12:00:00|2025-12-04T13:00:00,11,,,,,,,,,,3.0,
SANTA_ANITA,PM2_5,2025-12-01 21:00:00,2025-12-04 13:00:00,65,65,interstation_regression,False,insufficient_gap_coverage,0,,11,,CERES,5.077762452209517,0.0,,,,0.5,TimeSeriesSplit(5),,
SANTA_ANITA,PM2_5,2025-12-01 21:00:00,2025-12-04 13:00:00,65,65,interstation_regression,False,r2_below_threshold,0,,11,0.22007563804732846,SAN_JUAN_DE_LURIGANCHO,7.55052162702182,1.0,11514.0,1.4763406522783313,1.154156682418195,0.5,TimeSeriesSplit(5),,
SANTA_ANITA,PM2_5,2025-12-01 21:00:00,2025-12-04 13:00:00,65,65,interstation_regression,False,r2_below_threshold,0,,11,0.15171103592958424,SAN_BORJA,8.293825207450844,1.0,11961.0,7.029077745703557,0.9603032650349999,0.5,TimeSeriesSplit(5),,
SANTA_ANITA,PM2_5,2025-12-01 21:00:00,2025-12-04 13:00:00,65,65,interstation_regression,False,r2_below_threshold,0,,11,-1.2921274326620416,CAMPO_DE_MARTE,8.385142360223686,1.0,11886.0,18.76179901531294,0.5897729586180479,0.5,TimeSeriesSplit(5),,
SANTA_ANITA,PM2_5,2025-12-01 21:00:00,2025-12-04 13:00:00,65,65,interstation_regression,False,r2_below_threshold,0,,11,0.08358701227931949,SAN_MARTIN_DE_PORRES,12.871335685730303,1.0,12242.0,8.931644562772423,0.9750101099652023,0.5,TimeSeriesSplit(5),,
SANTA_ANITA,PM2_5,2025-12-01 21:00:00,2025-12-04 13:00:00,65,65,interstation_regression,False,r2_below_threshold,0,,11,-0.13774283248478647,VILLA_MARIA_DEL_TRIUNFO,14.815818116383996,1.0,9952.0,16.71356511766035,0.7642529436518718,0.5,TimeSeriesSplit(5),,
SANTA_ANITA,PM2_5,2025-12-01 21:00:00,2025-12-04 13:00:00,65,65,interstation_regression,False,r2_below_threshold,0,,11,-0.07486063546519828,PARIACHI,15.167099606649877,1.0,11398.0,13.877620606753386,0.433546417321696,0.5,TimeSeriesSplit(5),,
SANTA_ANITA,PM2_5,2025-12-01 21:00:00,2025-12-04 13:00:00,65,65,interstation_regression,False,insufficient_gap_coverage,0,,11,,CARABAYLLO,17.055668968867632,0.0,,,,0.5,TimeSeriesSplit(5),,
SANTA_ANITA,PM2_5,2025-12-01 21:00:00,2025-12-04 13:00:00,65,65,unimputable,False,no_method_available,0,,11,,,,,,,,,,,
SANTA_ANITA,PM2_5,2025-12-04 17:00:00,2025-12-04 17:00:00,1,1,short_linear,True,,1,2025-12-04T17:00:00,0,,,,,,,,,,,
SANTA_ANITA,PM2_5,2025-12-05 11:00:00,2025-12-05 12:00:00,2,2,short_linear,True,,2,2025-12-05T11:00:00|2025-12-05T12:00:00,0,,,,,,,,,,,
SANTA_ANITA,PM2_5,2026-01-07 22:00:00,2026-01-07 22:00:00,1,1,short_linear,True,,1,2026-01-07T22:00:00,0,,,,,,,,,,,
SANTA_ANITA,PM2_5,2026-01-15 12:00:00,2026-01-16 09:00:00,22,22,weekly_seasonal,True,,22,2026-01-15T12:00:00|2026-01-15T13:00:00|2026-01-15T14:00:00|2026-01-15T15:00:00|2026-01-15T16:00:00|2026-01-15T17:00:00|2026-01-15T18:00:00|2026-01-15T19:00:00|2026-01-15T20:00:00|2026-01-15T21:00:00|2026-01-15T22:00:00|2026-01-15T23:00:00|2026-01-16T00:00:00|2026-01-16T01:00:00|2026-01-16T02:00:00|2026-01-16T03:00:00|2026-01-16T04:00:00|2026-01-16T05:00:00|2026-01-16T06:00:00|2026-01-16T07:00:00|2026-01-16T08:00:00|2026-01-16T09:00:00,0,,,,,,,,,,4.0,
SANTA_ANITA,PM2_5,2026-01-26 11:00:00,2026-01-26 11:00:00,1,1,short_linear,True,,1,2026-01-26T11:00:00,0,,,,,,,,,,,
SANTA_ANITA,PM2_5,2026-02-11 02:00:00,2026-02-11 04:00:00,3,3,short_linear,True,,3,2026-02-11T02:00:00|2026-02-11T03:00:00|2026-02-11T04:00:00,0,,,,,,,,,,,
SANTA_ANITA,PM2_5,2026-02-12 20:00:00,2026-02-12 20:00:00,1,1,short_linear,True,,1,2026-02-12T20:00:00,0,,,,,,,,,,,
SANTA_ANITA,PM2_5,2026-03-04 13:00:00,2026-03-04 13:00:00,1,1,short_linear,True,,1,2026-03-04T13:00:00,0,,,,,,,,,,,
SANTA_ANITA,PM2_5,2026-03-17 12:00:00,2026-03-17 14:00:00,3,3,short_linear,True,,3,2026-03-17T12:00:00|2026-03-17T13:00:00|2026-03-17T14:00:00,0,,,,,,,,,,,
SANTA_ANITA,PM2_5,2026-03-19 16:00:00,2026-03-19 16:00:00,1,1,short_linear,True,,1,2026-03-19T16:00:00,0,,,,,,,,,,,
SANTA_ANITA,PM2_5,2026-03-20 01:00:00,2026-03-20 01:00:00,1,1,short_linear,True,,1,2026-03-20T01:00:00,0,,,,,,,,,,,
SANTA_ANITA,PM2_5,2026-03-20 12:00:00,2026-03-20 15:00:00,4,4,short_linear,True,,4,2026-03-20T12:00:00|2026-03-20T13:00:00|2026-03-20T14:00:00|2026-03-20T15:00:00,0,,,,,,,,,,,
SANTA_ANITA,PM2_5,2026-04-24 10:00:00,2026-04-24 10:00:00,1,1,short_linear,True,,1,2026-04-24T10:00:00,0,,,,,,,,,,,
SANTA_ANITA,PM2_5,2026-05-14 10:00:00,2026-05-14 12:00:00,3,3,short_linear,True,,3,2026-05-14T10:00:00|2026-05-14T11:00:00|2026-05-14T12:00:00,0,,,,,,,,,,,
SANTA_ANITA,PM2_5,2026-06-04 22:00:00,2026-06-04 22:00:00,1,1,short_linear,True,,1,2026-06-04T22:00:00,0,,,,,,,,,,,
SANTA_ANITA,PM2_5,2026-06-10 01:00:00,2026-06-10 01:00:00,1,1,short_linear,True,,1,2026-06-10T01:00:00,0,,,,,,,,,,,
SANTA_ANITA,PM2_5,2026-06-17 12:00:00,2026-06-17 15:00:00,4,4,short_linear,True,,4,2026-06-17T12:00:00|2026-06-17T13:00:00|2026-06-17T14:00:00|2026-06-17T15:00:00,0,,,,,,,,,,,
SANTA_ANITA,PM2_5,2026-06-17 17:00:00,2026-06-17 17:00:00,1,1,short_linear,True,,1,2026-06-17T17:00:00,0,,,,,,,,,,,
SANTA_ANITA,PM2_5,2026-06-18 22:00:00,2026-06-18 22:00:00,1,1,short_linear,True,,1,2026-06-18T22:00:00,0,,,,,,,,,,,
SANTA_ANITA,PM2_5,2026-06-24 16:00:00,2026-06-24 17:00:00,2,2,short_linear,True,,2,2026-06-24T16:00:00|2026-06-24T17:00:00,0,,,,,,,,,,,
SAN_BORJA,PM2_5,2025-01-03 21:00:00,2025-01-03 21:00:00,1,1,short_linear,True,,1,2025-01-03T21:00:00,0,,,,,,,,,,,
SAN_BORJA,PM2_5,2025-03-03 16:00:00,2025-03-07 16:00:00,97,97,weekly_seasonal,True,,97,2025-03-03T16:00:00|2025-03-03T17:00:00|2025-03-03T18:00:00|2025-03-03T19:00:00|2025-03-03T20:00:00|2025-03-03T21:00:00|2025-03-03T22:00:00|2025-03-03T23:00:00|2025-03-04T00:00:00|2025-03-04T01:00:00|2025-03-04T02:00:00|2025-03-04T03:00:00|2025-03-04T04:00:00|2025-03-04T05:00:00|2025-03-04T06:00:00|2025-03-04T07:00:00|2025-03-04T08:00:00|2025-03-04T09:00:00|2025-03-04T10:00:00|2025-03-04T11:00:00|2025-03-04T12:00:00|2025-03-04T13:00:00|2025-03-04T14:00:00|2025-03-04T15:00:00|2025-03-04T16:00:00|2025-03-04T17:00:00|2025-03-04T18:00:00|2025-03-04T19:00:00|2025-03-04T20:00:00|2025-03-04T21:00:00|2025-03-04T22:00:00|2025-03-04T23:00:00|2025-03-05T00:00:00|2025-03-05T01:00:00|2025-03-05T02:00:00|2025-03-05T03:00:00|2025-03-05T04:00:00|2025-03-05T05:00:00|2025-03-05T06:00:00|2025-03-05T07:00:00|2025-03-05T08:00:00|2025-03-05T09:00:00|2025-03-05T10:00:00|2025-03-05T11:00:00|2025-03-05T12:00:00|2025-03-05T13:00:00|2025-03-05T14:00:00|2025-03-05T15:00:00|2025-03-05T16:00:00|2025-03-05T17:00:00|2025-03-05T18:00:00|2025-03-05T19:00:00|2025-03-05T20:00:00|2025-03-05T21:00:00|2025-03-05T22:00:00|2025-03-05T23:00:00|2025-03-06T00:00:00|2025-03-06T01:00:00|2025-03-06T02:00:00|2025-03-06T03:00:00|2025-03-06T04:00:00|2025-03-06T05:00:00|2025-03-06T06:00:00|2025-03-06T07:00:00|2025-03-06T08:00:00|2025-03-06T09:00:00|2025-03-06T10:00:00|2025-03-06T11:00:00|2025-03-06T12:00:00|2025-03-06T13:00:00|2025-03-06T14:00:00|2025-03-06T15:00:00|2025-03-06T16:00:00|2025-03-06T17:00:00|2025-03-06T18:00:00|2025-03-06T19:00:00|2025-03-06T20:00:00|2025-03-06T21:00:00|2025-03-06T22:00:00|2025-03-06T23:00:00|2025-03-07T00:00:00|2025-03-07T01:00:00|2025-03-07T02:00:00|2025-03-07T03:00:00|2025-03-07T04:00:00|2025-03-07T05:00:00|2025-03-07T06:00:00|2025-03-07T07:00:00|2025-03-07T08:00:00|2025-03-07T09:00:00|2025-03-07T10:00:00|2025-03-07T11:00:00|2025-03-07T12:00:00|2025-03-07T13:00:00|2025-03-07T14:00:00|2025-03-07T15:00:00|2025-03-07T16:00:00,0,,,,,,,,,,3.0,
SAN_BORJA,PM2_5,2025-03-20 22:00:00,2025-03-20 22:00:00,1,1,short_linear,True,,1,2025-03-20T22:00:00,0,,,,,,,,,,,
SAN_BORJA,PM2_5,2025-05-07 00:00:00,2025-05-07 04:00:00,5,5,weekly_seasonal,True,,5,2025-05-07T00:00:00|2025-05-07T01:00:00|2025-05-07T02:00:00|2025-05-07T03:00:00|2025-05-07T04:00:00,0,,,,,,,,,,4.0,
SAN_BORJA,PM2_5,2025-06-03 00:00:00,2025-06-03 00:00:00,1,1,short_linear,True,,1,2025-06-03T00:00:00,0,,,,,,,,,,,
SAN_BORJA,PM2_5,2025-06-03 06:00:00,2025-06-03 09:00:00,4,4,short_linear,True,,4,2025-06-03T06:00:00|2025-06-03T07:00:00|2025-06-03T08:00:00|2025-06-03T09:00:00,0,,,,,,,,,,,
SAN_BORJA,PM2_5,2025-06-11 12:00:00,2025-06-11 12:00:00,1,1,short_linear,True,,1,2025-06-11T12:00:00,0,,,,,,,,,,,
SAN_BORJA,PM2_5,2025-06-29 14:00:00,2025-06-29 14:00:00,1,1,short_linear,True,,1,2025-06-29T14:00:00,0,,,,,,,,,,,
SAN_BORJA,PM2_5,2025-07-08 18:00:00,2025-07-08 18:00:00,1,1,short_linear,True,,1,2025-07-08T18:00:00,0,,,,,,,,,,,
SAN_BORJA,PM2_5,2025-07-17 07:00:00,2025-07-17 19:00:00,13,13,weekly_seasonal,True,,13,2025-07-17T07:00:00|2025-07-17T08:00:00|2025-07-17T09:00:00|2025-07-17T10:00:00|2025-07-17T11:00:00|2025-07-17T12:00:00|2025-07-17T13:00:00|2025-07-17T14:00:00|2025-07-17T15:00:00|2025-07-17T16:00:00|2025-07-17T17:00:00|2025-07-17T18:00:00|2025-07-17T19:00:00,0,,,,,,,,,,4.0,
SAN_BORJA,PM2_5,2025-08-02 21:00:00,2025-08-02 23:00:00,3,3,short_linear,True,,3,2025-08-02T21:00:00|2025-08-02T22:00:00|2025-08-02T23:00:00,0,,,,,,,,,,,
SAN_BORJA,PM2_5,2025-08-04 11:00:00,2025-08-04 12:00:00,2,2,short_linear,True,,2,2025-08-04T11:00:00|2025-08-04T12:00:00,0,,,,,,,,,,,
SAN_BORJA,PM2_5,2025-08-06 11:00:00,2025-08-06 11:00:00,1,1,short_linear,True,,1,2025-08-06T11:00:00,0,,,,,,,,,,,
SAN_BORJA,PM2_5,2025-08-11 14:00:00,2025-08-13 16:00:00,51,51,weekly_seasonal,True,,51,2025-08-11T14:00:00|2025-08-11T15:00:00|2025-08-11T16:00:00|2025-08-11T17:00:00|2025-08-11T18:00:00|2025-08-11T19:00:00|2025-08-11T20:00:00|2025-08-11T21:00:00|2025-08-11T22:00:00|2025-08-11T23:00:00|2025-08-12T00:00:00|2025-08-12T01:00:00|2025-08-12T02:00:00|2025-08-12T03:00:00|2025-08-12T04:00:00|2025-08-12T05:00:00|2025-08-12T06:00:00|2025-08-12T07:00:00|2025-08-12T08:00:00|2025-08-12T09:00:00|2025-08-12T10:00:00|2025-08-12T11:00:00|2025-08-12T12:00:00|2025-08-12T13:00:00|2025-08-12T14:00:00|2025-08-12T15:00:00|2025-08-12T16:00:00|2025-08-12T17:00:00|2025-08-12T18:00:00|2025-08-12T19:00:00|2025-08-12T20:00:00|2025-08-12T21:00:00|2025-08-12T22:00:00|2025-08-12T23:00:00|2025-08-13T00:00:00|2025-08-13T01:00:00|2025-08-13T02:00:00|2025-08-13T03:00:00|2025-08-13T04:00:00|2025-08-13T05:00:00|2025-08-13T06:00:00|2025-08-13T07:00:00|2025-08-13T08:00:00|2025-08-13T09:00:00|2025-08-13T10:00:00|2025-08-13T11:00:00|2025-08-13T12:00:00|2025-08-13T13:00:00|2025-08-13T14:00:00|2025-08-13T15:00:00|2025-08-13T16:00:00,0,,,,,,,,,,3.0,
SAN_BORJA,PM2_5,2025-08-16 07:00:00,2025-08-16 08:00:00,2,2,short_linear,True,,2,2025-08-16T07:00:00|2025-08-16T08:00:00,0,,,,,,,,,,,
SAN_BORJA,PM2_5,2025-08-26 02:00:00,2025-08-26 07:00:00,6,6,weekly_seasonal,True,,6,2025-08-26T02:00:00|2025-08-26T03:00:00|2025-08-26T04:00:00|2025-08-26T05:00:00|2025-08-26T06:00:00|2025-08-26T07:00:00,0,,,,,,,,,,3.0,
SAN_BORJA,PM2_5,2025-08-31 16:00:00,2025-08-31 16:00:00,1,1,short_linear,True,,1,2025-08-31T16:00:00,0,,,,,,,,,,,
SAN_BORJA,PM2_5,2025-09-05 11:00:00,2025-09-05 12:00:00,2,2,short_linear,True,,2,2025-09-05T11:00:00|2025-09-05T12:00:00,0,,,,,,,,,,,
SAN_BORJA,PM2_5,2025-09-26 23:00:00,2025-09-27 20:00:00,22,22,weekly_seasonal,True,,22,2025-09-26T23:00:00|2025-09-27T00:00:00|2025-09-27T01:00:00|2025-09-27T02:00:00|2025-09-27T03:00:00|2025-09-27T04:00:00|2025-09-27T05:00:00|2025-09-27T06:00:00|2025-09-27T07:00:00|2025-09-27T08:00:00|2025-09-27T09:00:00|2025-09-27T10:00:00|2025-09-27T11:00:00|2025-09-27T12:00:00|2025-09-27T13:00:00|2025-09-27T14:00:00|2025-09-27T15:00:00|2025-09-27T16:00:00|2025-09-27T17:00:00|2025-09-27T18:00:00|2025-09-27T19:00:00|2025-09-27T20:00:00,0,,,,,,,,,,4.0,
SAN_BORJA,PM2_5,2025-10-18 09:00:00,2025-10-18 09:00:00,1,1,short_linear,True,,1,2025-10-18T09:00:00,0,,,,,,,,,,,
SAN_BORJA,PM2_5,2025-10-20 08:00:00,2025-10-20 09:00:00,2,2,short_linear,True,,2,2025-10-20T08:00:00|2025-10-20T09:00:00,0,,,,,,,,,,,
SAN_BORJA,PM2_5,2025-10-20 11:00:00,2025-10-20 12:00:00,2,2,short_linear,True,,2,2025-10-20T11:00:00|2025-10-20T12:00:00,0,,,,,,,,,,,
SAN_BORJA,PM2_5,2025-10-29 21:00:00,2025-10-29 21:00:00,1,1,short_linear,True,,1,2025-10-29T21:00:00,0,,,,,,,,,,,
SAN_BORJA,PM2_5,2025-11-14 15:00:00,2025-11-21 10:00:00,164,164,weekly_seasonal,True,,164,2025-11-14T15:00:00|2025-11-14T16:00:00|2025-11-14T17:00:00|2025-11-14T18:00:00|2025-11-14T19:00:00|2025-11-14T20:00:00|2025-11-14T21:00:00|2025-11-14T22:00:00|2025-11-14T23:00:00|2025-11-15T00:00:00|2025-11-15T01:00:00|2025-11-15T02:00:00|2025-11-15T03:00:00|2025-11-15T04:00:00|2025-11-15T05:00:00|2025-11-15T06:00:00|2025-11-15T07:00:00|2025-11-15T08:00:00|2025-11-15T09:00:00|2025-11-15T10:00:00|2025-11-15T11:00:00|2025-11-15T12:00:00|2025-11-15T13:00:00|2025-11-15T14:00:00|2025-11-15T15:00:00|2025-11-15T16:00:00|2025-11-15T17:00:00|2025-11-15T18:00:00|2025-11-15T19:00:00|2025-11-15T20:00:00|2025-11-15T21:00:00|2025-11-15T22:00:00|2025-11-15T23:00:00|2025-11-16T00:00:00|2025-11-16T01:00:00|2025-11-16T02:00:00|2025-11-16T03:00:00|2025-11-16T04:00:00|2025-11-16T05:00:00|2025-11-16T06:00:00|2025-11-16T07:00:00|2025-11-16T08:00:00|2025-11-16T09:00:00|2025-11-16T10:00:00|2025-11-16T11:00:00|2025-11-16T12:00:00|2025-11-16T13:00:00|2025-11-16T14:00:00|2025-11-16T15:00:00|2025-11-16T16:00:00|2025-11-16T17:00:00|2025-11-16T18:00:00|2025-11-16T19:00:00|2025-11-16T20:00:00|2025-11-16T21:00:00|2025-11-16T22:00:00|2025-11-16T23:00:00|2025-11-17T00:00:00|2025-11-17T01:00:00|2025-11-17T02:00:00|2025-11-17T03:00:00|2025-11-17T04:00:00|2025-11-17T05:00:00|2025-11-17T06:00:00|2025-11-17T07:00:00|2025-11-17T08:00:00|2025-11-17T09:00:00|2025-11-17T10:00:00|2025-11-17T11:00:00|2025-11-17T12:00:00|2025-11-17T13:00:00|2025-11-17T14:00:00|2025-11-17T15:00:00|2025-11-17T16:00:00|2025-11-17T17:00:00|2025-11-17T18:00:00|2025-11-17T19:00:00|2025-11-17T20:00:00|2025-11-17T21:00:00|2025-11-17T22:00:00|2025-11-17T23:00:00|2025-11-18T00:00:00|2025-11-18T01:00:00|2025-11-18T02:00:00|2025-11-18T03:00:00|2025-11-18T04:00:00|2025-11-18T05:00:00|2025-11-18T06:00:00|2025-11-18T07:00:00|2025-11-18T08:00:00|2025-11-18T09:00:00|2025-11-18T10:00:00|2025-11-18T11:00:00|2025-11-18T12:00:00|2025-11-18T13:00:00|2025-11-18T14:00:00|2025-11-18T15:00:00|2025-11-18T16:00:00|2025-11-18T17:00:00|2025-11-18T18:00:00|2025-11-18T19:00:00|2025-11-18T20:00:00|2025-11-18T21:00:00|2025-11-18T22:00:00|2025-11-18T23:00:00|2025-11-19T00:00:00|2025-11-19T01:00:00|2025-11-19T02:00:00|2025-11-19T03:00:00|2025-11-19T04:00:00|2025-11-19T05:00:00|2025-11-19T06:00:00|2025-11-19T07:00:00|2025-11-19T08:00:00|2025-11-19T09:00:00|2025-11-19T10:00:00|2025-11-19T11:00:00|2025-11-19T12:00:00|2025-11-19T13:00:00|2025-11-19T14:00:00|2025-11-19T15:00:00|2025-11-19T16:00:00|2025-11-19T17:00:00|2025-11-19T18:00:00|2025-11-19T19:00:00|2025-11-19T20:00:00|2025-11-19T21:00:00|2025-11-19T22:00:00|2025-11-19T23:00:00|2025-11-20T00:00:00|2025-11-20T01:00:00|2025-11-20T02:00:00|2025-11-20T03:00:00|2025-11-20T04:00:00|2025-11-20T05:00:00|2025-11-20T06:00:00|2025-11-20T07:00:00|2025-11-20T08:00:00|2025-11-20T09:00:00|2025-11-20T10:00:00|2025-11-20T11:00:00|2025-11-20T12:00:00|2025-11-20T13:00:00|2025-11-20T14:00:00|2025-11-20T15:00:00|2025-11-20T16:00:00|2025-11-20T17:00:00|2025-11-20T18:00:00|2025-11-20T19:00:00|2025-11-20T20:00:00|2025-11-20T21:00:00|2025-11-20T22:00:00|2025-11-20T23:00:00|2025-11-21T00:00:00|2025-11-21T01:00:00|2025-11-21T02:00:00|2025-11-21T03:00:00|2025-11-21T04:00:00|2025-11-21T05:00:00|2025-11-21T06:00:00|2025-11-21T07:00:00|2025-11-21T08:00:00|2025-11-21T09:00:00|2025-11-21T10:00:00,0,,,,,,,,,,4.0,
SAN_BORJA,PM2_5,2025-12-15 23:00:00,2025-12-15 23:00:00,1,1,short_linear,True,,1,2025-12-15T23:00:00,0,,,,,,,,,,,
SAN_BORJA,PM2_5,2026-01-07 22:00:00,2026-01-07 22:00:00,1,1,short_linear,True,,1,2026-01-07T22:00:00,0,,,,,,,,,,,
SAN_BORJA,PM2_5,2026-01-15 12:00:00,2026-01-16 09:00:00,22,22,weekly_seasonal,True,,22,2026-01-15T12:00:00|2026-01-15T13:00:00|2026-01-15T14:00:00|2026-01-15T15:00:00|2026-01-15T16:00:00|2026-01-15T17:00:00|2026-01-15T18:00:00|2026-01-15T19:00:00|2026-01-15T20:00:00|2026-01-15T21:00:00|2026-01-15T22:00:00|2026-01-15T23:00:00|2026-01-16T00:00:00|2026-01-16T01:00:00|2026-01-16T02:00:00|2026-01-16T03:00:00|2026-01-16T04:00:00|2026-01-16T05:00:00|2026-01-16T06:00:00|2026-01-16T07:00:00|2026-01-16T08:00:00|2026-01-16T09:00:00,0,,,,,,,,,,4.0,
SAN_BORJA,PM2_5,2026-01-22 05:00:00,2026-01-22 05:00:00,1,1,short_linear,True,,1,2026-01-22T05:00:00,0,,,,,,,,,,,
SAN_BORJA,PM2_5,2026-02-11 03:00:00,2026-02-11 04:00:00,2,2,short_linear,True,,2,2026-02-11T03:00:00|2026-02-11T04:00:00,0,,,,,,,,,,,
SAN_BORJA,PM2_5,2026-02-11 13:00:00,2026-02-11 13:00:00,1,1,short_linear,True,,1,2026-02-11T13:00:00,0,,,,,,,,,,,
SAN_BORJA,PM2_5,2026-02-12 20:00:00,2026-02-12 20:00:00,1,1,short_linear,True,,1,2026-02-12T20:00:00,0,,,,,,,,,,,
SAN_BORJA,PM2_5,2026-02-14 01:00:00,2026-02-17 10:00:00,82,82,weekly_seasonal,True,,82,2026-02-14T01:00:00|2026-02-14T02:00:00|2026-02-14T03:00:00|2026-02-14T04:00:00|2026-02-14T05:00:00|2026-02-14T06:00:00|2026-02-14T07:00:00|2026-02-14T08:00:00|2026-02-14T09:00:00|2026-02-14T10:00:00|2026-02-14T11:00:00|2026-02-14T12:00:00|2026-02-14T13:00:00|2026-02-14T14:00:00|2026-02-14T15:00:00|2026-02-14T16:00:00|2026-02-14T17:00:00|2026-02-14T18:00:00|2026-02-14T19:00:00|2026-02-14T20:00:00|2026-02-14T21:00:00|2026-02-14T22:00:00|2026-02-14T23:00:00|2026-02-15T00:00:00|2026-02-15T01:00:00|2026-02-15T02:00:00|2026-02-15T03:00:00|2026-02-15T04:00:00|2026-02-15T05:00:00|2026-02-15T06:00:00|2026-02-15T07:00:00|2026-02-15T08:00:00|2026-02-15T09:00:00|2026-02-15T10:00:00|2026-02-15T11:00:00|2026-02-15T12:00:00|2026-02-15T13:00:00|2026-02-15T14:00:00|2026-02-15T15:00:00|2026-02-15T16:00:00|2026-02-15T17:00:00|2026-02-15T18:00:00|2026-02-15T19:00:00|2026-02-15T20:00:00|2026-02-15T21:00:00|2026-02-15T22:00:00|2026-02-15T23:00:00|2026-02-16T00:00:00|2026-02-16T01:00:00|2026-02-16T02:00:00|2026-02-16T03:00:00|2026-02-16T04:00:00|2026-02-16T05:00:00|2026-02-16T06:00:00|2026-02-16T07:00:00|2026-02-16T08:00:00|2026-02-16T09:00:00|2026-02-16T10:00:00|2026-02-16T11:00:00|2026-02-16T12:00:00|2026-02-16T13:00:00|2026-02-16T14:00:00|2026-02-16T15:00:00|2026-02-16T16:00:00|2026-02-16T17:00:00|2026-02-16T18:00:00|2026-02-16T19:00:00|2026-02-16T20:00:00|2026-02-16T21:00:00|2026-02-16T22:00:00|2026-02-16T23:00:00|2026-02-17T00:00:00|2026-02-17T01:00:00|2026-02-17T02:00:00|2026-02-17T03:00:00|2026-02-17T04:00:00|2026-02-17T05:00:00|2026-02-17T06:00:00|2026-02-17T07:00:00|2026-02-17T08:00:00|2026-02-17T09:00:00|2026-02-17T10:00:00,0,,,,,,,,,,4.0,
SAN_BORJA,PM2_5,2026-03-18 04:00:00,2026-03-18 04:00:00,1,1,short_linear,True,,1,2026-03-18T04:00:00,0,,,,,,,,,,,
SAN_BORJA,PM2_5,2026-04-24 06:00:00,2026-04-24 16:00:00,11,11,weekly_seasonal,True,,11,2026-04-24T06:00:00|2026-04-24T07:00:00|2026-04-24T08:00:00|2026-04-24T09:00:00|2026-04-24T10:00:00|2026-04-24T11:00:00|2026-04-24T12:00:00|2026-04-24T13:00:00|2026-04-24T14:00:00|2026-04-24T15:00:00|2026-04-24T16:00:00,0,,,,,,,,,,4.0,
SAN_BORJA,PM2_5,2026-04-28 11:00:00,2026-04-28 13:00:00,3,3,short_linear,True,,3,2026-04-28T11:00:00|2026-04-28T12:00:00|2026-04-28T13:00:00,0,,,,,,,,,,,
SAN_BORJA,PM2_5,2026-06-04 22:00:00,2026-06-04 22:00:00,1,1,short_linear,True,,1,2026-06-04T22:00:00,0,,,,,,,,,,,
SAN_JUAN_DE_LURIGANCHO,PM2_5,2025-01-15 17:00:00,2025-01-15 17:00:00,1,1,short_linear,True,,1,2025-01-15T17:00:00,0,,,,,,,,,,,
SAN_JUAN_DE_LURIGANCHO,PM2_5,2025-01-30 18:00:00,2025-01-30 18:00:00,1,1,short_linear,True,,1,2025-01-30T18:00:00,0,,,,,,,,,,,
SAN_JUAN_DE_LURIGANCHO,PM2_5,2025-01-31 12:00:00,2025-01-31 13:00:00,2,2,short_linear,True,,2,2025-01-31T12:00:00|2025-01-31T13:00:00,0,,,,,,,,,,,
SAN_JUAN_DE_LURIGANCHO,PM2_5,2025-02-20 14:00:00,2025-02-20 14:00:00,1,1,short_linear,True,,1,2025-02-20T14:00:00,0,,,,,,,,,,,
SAN_JUAN_DE_LURIGANCHO,PM2_5,2025-03-20 22:00:00,2025-03-20 22:00:00,1,1,short_linear,True,,1,2025-03-20T22:00:00,0,,,,,,,,,,,
SAN_JUAN_DE_LURIGANCHO,PM2_5,2025-03-24 10:00:00,2025-03-24 10:00:00,1,1,short_linear,True,,1,2025-03-24T10:00:00,0,,,,,,,,,,,
SAN_JUAN_DE_LURIGANCHO,PM2_5,2025-04-04 12:00:00,2025-04-09 13:00:00,122,122,weekly_seasonal,True,,120,2025-04-04T12:00:00|2025-04-04T13:00:00|2025-04-04T14:00:00|2025-04-04T15:00:00|2025-04-04T16:00:00|2025-04-04T17:00:00|2025-04-04T18:00:00|2025-04-04T19:00:00|2025-04-04T20:00:00|2025-04-04T21:00:00|2025-04-04T22:00:00|2025-04-04T23:00:00|2025-04-05T00:00:00|2025-04-05T01:00:00|2025-04-05T02:00:00|2025-04-05T03:00:00|2025-04-05T04:00:00|2025-04-05T05:00:00|2025-04-05T06:00:00|2025-04-05T07:00:00|2025-04-05T08:00:00|2025-04-05T09:00:00|2025-04-05T10:00:00|2025-04-05T11:00:00|2025-04-05T12:00:00|2025-04-05T13:00:00|2025-04-05T14:00:00|2025-04-05T15:00:00|2025-04-05T16:00:00|2025-04-05T17:00:00|2025-04-05T18:00:00|2025-04-05T19:00:00|2025-04-05T20:00:00|2025-04-05T21:00:00|2025-04-05T22:00:00|2025-04-05T23:00:00|2025-04-06T00:00:00|2025-04-06T01:00:00|2025-04-06T02:00:00|2025-04-06T03:00:00|2025-04-06T04:00:00|2025-04-06T05:00:00|2025-04-06T06:00:00|2025-04-06T07:00:00|2025-04-06T08:00:00|2025-04-06T09:00:00|2025-04-06T10:00:00|2025-04-06T11:00:00|2025-04-06T12:00:00|2025-04-06T13:00:00|2025-04-06T14:00:00|2025-04-06T15:00:00|2025-04-06T16:00:00|2025-04-06T17:00:00|2025-04-06T18:00:00|2025-04-06T19:00:00|2025-04-06T20:00:00|2025-04-06T21:00:00|2025-04-06T22:00:00|2025-04-06T23:00:00|2025-04-07T00:00:00|2025-04-07T01:00:00|2025-04-07T02:00:00|2025-04-07T03:00:00|2025-04-07T04:00:00|2025-04-07T05:00:00|2025-04-07T06:00:00|2025-04-07T08:00:00|2025-04-07T09:00:00|2025-04-07T11:00:00|2025-04-07T12:00:00|2025-04-07T13:00:00|2025-04-07T14:00:00|2025-04-07T15:00:00|2025-04-07T16:00:00|2025-04-07T17:00:00|2025-04-07T18:00:00|2025-04-07T19:00:00|2025-04-07T20:00:00|2025-04-07T21:00:00|2025-04-07T22:00:00|2025-04-07T23:00:00|2025-04-08T00:00:00|2025-04-08T01:00:00|2025-04-08T02:00:00|2025-04-08T03:00:00|2025-04-08T04:00:00|2025-04-08T05:00:00|2025-04-08T06:00:00|2025-04-08T07:00:00|2025-04-08T08:00:00|2025-04-08T09:00:00|2025-04-08T10:00:00|2025-04-08T11:00:00|2025-04-08T12:00:00|2025-04-08T13:00:00|2025-04-08T14:00:00|2025-04-08T15:00:00|2025-04-08T16:00:00|2025-04-08T17:00:00|2025-04-08T18:00:00|2025-04-08T19:00:00|2025-04-08T20:00:00|2025-04-08T21:00:00|2025-04-08T22:00:00|2025-04-08T23:00:00|2025-04-09T00:00:00|2025-04-09T01:00:00|2025-04-09T02:00:00|2025-04-09T03:00:00|2025-04-09T04:00:00|2025-04-09T05:00:00|2025-04-09T06:00:00|2025-04-09T07:00:00|2025-04-09T08:00:00|2025-04-09T09:00:00|2025-04-09T10:00:00|2025-04-09T11:00:00|2025-04-09T12:00:00|2025-04-09T13:00:00,0,,,,,,,,,,3.0,
SAN_JUAN_DE_LURIGANCHO,PM2_5,2025-04-04 12:00:00,2025-04-09 13:00:00,122,122,cross_year_analog,True,,2,2025-04-07T07:00:00|2025-04-07T10:00:00,0,,,,,,,,,,1.0,
SAN_JUAN_DE_LURIGANCHO,PM2_5,2025-04-09 15:00:00,2025-04-09 16:00:00,2,2,short_linear,True,,2,2025-04-09T15:00:00|2025-04-09T16:00:00,0,,,,,,,,,,,
SAN_JUAN_DE_LURIGANCHO,PM2_5,2025-04-10 02:00:00,2025-04-10 06:00:00,5,5,weekly_seasonal,True,,5,2025-04-10T02:00:00|2025-04-10T03:00:00|2025-04-10T04:00:00|2025-04-10T05:00:00|2025-04-10T06:00:00,0,,,,,,,,,,3.0,
SAN_JUAN_DE_LURIGANCHO,PM2_5,2025-04-11 00:00:00,2025-04-11 00:00:00,1,1,short_linear,True,,1,2025-04-11T00:00:00,0,,,,,,,,,,,
SAN_JUAN_DE_LURIGANCHO,PM2_5,2025-04-13 08:00:00,2025-04-13 09:00:00,2,2,short_linear,True,,2,2025-04-13T08:00:00|2025-04-13T09:00:00,0,,,,,,,,,,,
SAN_JUAN_DE_LURIGANCHO,PM2_5,2025-04-13 11:00:00,2025-04-13 11:00:00,1,1,short_linear,True,,1,2025-04-13T11:00:00,0,,,,,,,,,,,
SAN_JUAN_DE_LURIGANCHO,PM2_5,2025-04-13 13:00:00,2025-04-13 14:00:00,2,2,short_linear,True,,2,2025-04-13T13:00:00|2025-04-13T14:00:00,0,,,,,,,,,,,
SAN_JUAN_DE_LURIGANCHO,PM2_5,2025-04-14 07:00:00,2025-04-14 07:00:00,1,1,short_linear,True,,1,2025-04-14T07:00:00,0,,,,,,,,,,,
SAN_JUAN_DE_LURIGANCHO,PM2_5,2025-04-14 10:00:00,2025-04-14 11:00:00,2,2,short_linear,True,,2,2025-04-14T10:00:00|2025-04-14T11:00:00,0,,,,,,,,,,,
SAN_JUAN_DE_LURIGANCHO,PM2_5,2025-04-14 16:00:00,2025-04-14 17:00:00,2,2,short_linear,True,,2,2025-04-14T16:00:00|2025-04-14T17:00:00,0,,,,,,,,,,,
SAN_JUAN_DE_LURIGANCHO,PM2_5,2025-04-16 04:00:00,2025-04-16 04:00:00,1,1,short_linear,True,,1,2025-04-16T04:00:00,0,,,,,,,,,,,
SAN_JUAN_DE_LURIGANCHO,PM2_5,2025-04-16 19:00:00,2025-04-16 19:00:00,1,1,short_linear,True,,1,2025-04-16T19:00:00,0,,,,,,,,,,,
SAN_JUAN_DE_LURIGANCHO,PM2_5,2025-04-17 03:00:00,2025-04-17 04:00:00,2,2,short_linear,True,,2,2025-04-17T03:00:00|2025-04-17T04:00:00,0,,,,,,,,,,,
SAN_JUAN_DE_LURIGANCHO,PM2_5,2025-04-17 09:00:00,2025-04-17 11:00:00,3,3,short_linear,True,,3,2025-04-17T09:00:00|2025-04-17T10:00:00|2025-04-17T11:00:00,0,,,,,,,,,,,
SAN_JUAN_DE_LURIGANCHO,PM2_5,2025-04-19 01:00:00,2025-04-19 02:00:00,2,2,short_linear,True,,2,2025-04-19T01:00:00|2025-04-19T02:00:00,0,,,,,,,,,,,
SAN_JUAN_DE_LURIGANCHO,PM2_5,2025-04-19 09:00:00,2025-04-19 11:00:00,3,3,short_linear,True,,3,2025-04-19T09:00:00|2025-04-19T10:00:00|2025-04-19T11:00:00,0,,,,,,,,,,,
SAN_JUAN_DE_LURIGANCHO,PM2_5,2025-04-19 20:00:00,2025-04-19 21:00:00,2,2,short_linear,True,,2,2025-04-19T20:00:00|2025-04-19T21:00:00,0,,,,,,,,,,,
SAN_JUAN_DE_LURIGANCHO,PM2_5,2025-04-20 20:00:00,2025-04-20 20:00:00,1,1,short_linear,True,,1,2025-04-20T20:00:00,0,,,,,,,,,,,
SAN_JUAN_DE_LURIGANCHO,PM2_5,2025-04-21 05:00:00,2025-04-21 07:00:00,3,3,short_linear,True,,3,2025-04-21T05:00:00|2025-04-21T06:00:00|2025-04-21T07:00:00,0,,,,,,,,,,,
SAN_JUAN_DE_LURIGANCHO,PM2_5,2025-04-22 09:00:00,2025-04-22 10:00:00,2,2,short_linear,True,,2,2025-04-22T09:00:00|2025-04-22T10:00:00,0,,,,,,,,,,,
SAN_JUAN_DE_LURIGANCHO,PM2_5,2025-04-23 13:00:00,2025-04-23 14:00:00,2,2,short_linear,True,,2,2025-04-23T13:00:00|2025-04-23T14:00:00,0,,,,,,,,,,,
SAN_JUAN_DE_LURIGANCHO,PM2_5,2025-04-23 16:00:00,2025-04-23 17:00:00,2,2,short_linear,True,,2,2025-04-23T16:00:00|2025-04-23T17:00:00,0,,,,,,,,,,,
SAN_JUAN_DE_LURIGANCHO,PM2_5,2025-04-24 05:00:00,2025-04-24 06:00:00,2,2,short_linear,True,,2,2025-04-24T05:00:00|2025-04-24T06:00:00,0,,,,,,,,,,,
SAN_JUAN_DE_LURIGANCHO,PM2_5,2025-04-24 14:00:00,2025-04-24 14:00:00,1,1,short_linear,True,,1,2025-04-24T14:00:00,0,,,,,,,,,,,
SAN_JUAN_DE_LURIGANCHO,PM2_5,2025-04-24 18:00:00,2025-04-24 19:00:00,2,2,short_linear,True,,2,2025-04-24T18:00:00|2025-04-24T19:00:00,0,,,,,,,,,,,
SAN_JUAN_DE_LURIGANCHO,PM2_5,2025-04-25 01:00:00,2025-04-25 03:00:00,3,3,short_linear,True,,3,2025-04-25T01:00:00|2025-04-25T02:00:00|2025-04-25T03:00:00,0,,,,,,,,,,,
SAN_JUAN_DE_LURIGANCHO,PM2_5,2025-04-25 16:00:00,2025-04-25 17:00:00,2,2,short_linear,True,,2,2025-04-25T16:00:00|2025-04-25T17:00:00,0,,,,,,,,,,,
SAN_JUAN_DE_LURIGANCHO,PM2_5,2025-04-25 20:00:00,2025-04-25 20:00:00,1,1,short_linear,True,,1,2025-04-25T20:00:00,0,,,,,,,,,,,
SAN_JUAN_DE_LURIGANCHO,PM2_5,2025-04-26 09:00:00,2025-04-26 09:00:00,1,1,short_linear,True,,1,2025-04-26T09:00:00,0,,,,,,,,,,,
SAN_JUAN_DE_LURIGANCHO,PM2_5,2025-04-26 11:00:00,2025-04-26 11:00:00,1,1,short_linear,True,,1,2025-04-26T11:00:00,0,,,,,,,,,,,
SAN_JUAN_DE_LURIGANCHO,PM2_5,2025-04-27 06:00:00,2025-04-27 09:00:00,4,4,short_linear,True,,4,2025-04-27T06:00:00|2025-04-27T07:00:00|2025-04-27T08:00:00|2025-04-27T09:00:00,0,,,,,,,,,,,
SAN_JUAN_DE_LURIGANCHO,PM2_5,2025-04-27 18:00:00,2025-04-27 22:00:00,5,5,weekly_seasonal,True,,5,2025-04-27T18:00:00|2025-04-27T19:00:00|2025-04-27T20:00:00|2025-04-27T21:00:00|2025-04-27T22:00:00,0,,,,,,,,,,3.0,
SAN_JUAN_DE_LURIGANCHO,PM2_5,2025-04-28 02:00:00,2025-04-28 03:00:00,2,2,short_linear,True,,2,2025-04-28T02:00:00|2025-04-28T03:00:00,0,,,,,,,,,,,
SAN_JUAN_DE_LURIGANCHO,PM2_5,2025-04-29 05:00:00,2025-04-29 06:00:00,2,2,short_linear,True,,2,2025-04-29T05:00:00|2025-04-29T06:00:00,0,,,,,,,,,,,
SAN_JUAN_DE_LURIGANCHO,PM2_5,2025-04-30 21:00:00,2025-04-30 21:00:00,1,1,short_linear,True,,1,2025-04-30T21:00:00,0,,,,,,,,,,,
SAN_JUAN_DE_LURIGANCHO,PM2_5,2025-05-01 01:00:00,2025-05-01 02:00:00,2,2,short_linear,True,,2,2025-05-01T01:00:00|2025-05-01T02:00:00,0,,,,,,,,,,,
SAN_JUAN_DE_LURIGANCHO,PM2_5,2025-05-01 08:00:00,2025-05-01 08:00:00,1,1,short_linear,True,,1,2025-05-01T08:00:00,0,,,,,,,,,,,
SAN_JUAN_DE_LURIGANCHO,PM2_5,2025-05-01 13:00:00,2025-05-01 13:00:00,1,1,short_linear,True,,1,2025-05-01T13:00:00,0,,,,,,,,,,,
SAN_JUAN_DE_LURIGANCHO,PM2_5,2025-05-02 11:00:00,2025-05-02 11:00:00,1,1,short_linear,True,,1,2025-05-02T11:00:00,0,,,,,,,,,,,
SAN_JUAN_DE_LURIGANCHO,PM2_5,2025-05-02 15:00:00,2025-05-02 15:00:00,1,1,short_linear,True,,1,2025-05-02T15:00:00,0,,,,,,,,,,,
SAN_JUAN_DE_LURIGANCHO,PM2_5,2025-05-02 18:00:00,2025-05-02 22:00:00,5,5,weekly_seasonal,True,,5,2025-05-02T18:00:00|2025-05-02T19:00:00|2025-05-02T20:00:00|2025-05-02T21:00:00|2025-05-02T22:00:00,0,,,,,,,,,,3.0,
SAN_JUAN_DE_LURIGANCHO,PM2_5,2025-05-03 01:00:00,2025-05-03 01:00:00,1,1,short_linear,True,,1,2025-05-03T01:00:00,0,,,,,,,,,,,
SAN_JUAN_DE_LURIGANCHO,PM2_5,2025-05-03 05:00:00,2025-05-03 06:00:00,2,2,short_linear,True,,2,2025-05-03T05:00:00|2025-05-03T06:00:00,0,,,,,,,,,,,
SAN_JUAN_DE_LURIGANCHO,PM2_5,2025-05-03 15:00:00,2025-05-03 16:00:00,2,2,short_linear,True,,2,2025-05-03T15:00:00|2025-05-03T16:00:00,0,,,,,,,,,,,
SAN_JUAN_DE_LURIGANCHO,PM2_5,2025-05-03 19:00:00,2025-05-03 21:00:00,3,3,short_linear,True,,3,2025-05-03T19:00:00|2025-05-03T20:00:00|2025-05-03T21:00:00,0,,,,,,,,,,,
SAN_JUAN_DE_LURIGANCHO,PM2_5,2025-05-04 02:00:00,2025-05-04 05:00:00,4,4,short_linear,True,,4,2025-05-04T02:00:00|2025-05-04T03:00:00|2025-05-04T04:00:00|2025-05-04T05:00:00,0,,,,,,,,,,,
SAN_JUAN_DE_LURIGANCHO,PM2_5,2025-05-04 08:00:00,2025-05-04 09:00:00,2,2,short_linear,True,,2,2025-05-04T08:00:00|2025-05-04T09:00:00,0,,,,,,,,,,,
SAN_JUAN_DE_LURIGANCHO,PM2_5,2025-05-04 12:00:00,2025-05-04 15:00:00,4,4,short_linear,True,,4,2025-05-04T12:00:00|2025-05-04T13:00:00|2025-05-04T14:00:00|2025-05-04T15:00:00,0,,,,,,,,,,,
SAN_JUAN_DE_LURIGANCHO,PM2_5,2025-05-05 00:00:00,2025-05-05 00:00:00,1,1,short_linear,True,,1,2025-05-05T00:00:00,0,,,,,,,,,,,
SAN_JUAN_DE_LURIGANCHO,PM2_5,2025-05-06 11:00:00,2025-05-06 12:00:00,2,2,short_linear,True,,2,2025-05-06T11:00:00|2025-05-06T12:00:00,0,,,,,,,,,,,
SAN_JUAN_DE_LURIGANCHO,PM2_5,2025-05-07 00:00:00,2025-05-07 04:00:00,5,5,weekly_seasonal,True,,5,2025-05-07T00:00:00|2025-05-07T01:00:00|2025-05-07T02:00:00|2025-05-07T03:00:00|2025-05-07T04:00:00,0,,,,,,,,,,4.0,
SAN_JUAN_DE_LURIGANCHO,PM2_5,2025-05-07 15:00:00,2025-05-07 16:00:00,2,2,short_linear,True,,2,2025-05-07T15:00:00|2025-05-07T16:00:00,0,,,,,,,,,,,
SAN_JUAN_DE_LURIGANCHO,PM2_5,2025-05-08 06:00:00,2025-05-08 06:00:00,1,1,short_linear,True,,1,2025-05-08T06:00:00,0,,,,,,,,,,,
SAN_JUAN_DE_LURIGANCHO,PM2_5,2025-05-09 06:00:00,2025-05-09 06:00:00,1,1,short_linear,True,,1,2025-05-09T06:00:00,0,,,,,,,,,,,
SAN_JUAN_DE_LURIGANCHO,PM2_5,2025-05-09 08:00:00,2025-05-09 10:00:00,3,3,short_linear,True,,3,2025-05-09T08:00:00|2025-05-09T09:00:00|2025-05-09T10:00:00,0,,,,,,,,,,,
SAN_JUAN_DE_LURIGANCHO,PM2_5,2025-05-10 14:00:00,2025-05-10 14:00:00,1,1,short_linear,True,,1,2025-05-10T14:00:00,0,,,,,,,,,,,
SAN_JUAN_DE_LURIGANCHO,PM2_5,2025-05-10 18:00:00,2025-05-10 19:00:00,2,2,short_linear,True,,2,2025-05-10T18:00:00|2025-05-10T19:00:00,0,,,,,,,,,,,
SAN_JUAN_DE_LURIGANCHO,PM2_5,2025-05-10 21:00:00,2025-05-10 22:00:00,2,2,short_linear,True,,2,2025-05-10T21:00:00|2025-05-10T22:00:00,0,,,,,,,,,,,
SAN_JUAN_DE_LURIGANCHO,PM2_5,2025-05-11 09:00:00,2025-05-11 13:00:00,5,5,weekly_seasonal,True,,2,2025-05-11T10:00:00|2025-05-11T11:00:00,0,,,,,,,,,,3.0,
SAN_JUAN_DE_LURIGANCHO,PM2_5,2025-05-11 09:00:00,2025-05-11 13:00:00,5,5,cross_year_analog,True,,3,2025-05-11T09:00:00|2025-05-11T12:00:00|2025-05-11T13:00:00,0,,,,,,,,,,1.0,
SAN_JUAN_DE_LURIGANCHO,PM2_5,2025-05-11 22:00:00,2025-05-11 23:00:00,2,2,short_linear,True,,2,2025-05-11T22:00:00|2025-05-11T23:00:00,0,,,,,,,,,,,
SAN_JUAN_DE_LURIGANCHO,PM2_5,2025-05-12 05:00:00,2025-05-12 06:00:00,2,2,short_linear,True,,2,2025-05-12T05:00:00|2025-05-12T06:00:00,0,,,,,,,,,,,
SAN_JUAN_DE_LURIGANCHO,PM2_5,2025-05-13 06:00:00,2025-05-13 07:00:00,2,2,short_linear,True,,2,2025-05-13T06:00:00|2025-05-13T07:00:00,0,,,,,,,,,,,
SAN_JUAN_DE_LURIGANCHO,PM2_5,2025-05-14 14:00:00,2025-05-14 14:00:00,1,1,short_linear,True,,1,2025-05-14T14:00:00,0,,,,,,,,,,,
SAN_JUAN_DE_LURIGANCHO,PM2_5,2025-05-14 18:00:00,2025-05-14 20:00:00,3,3,short_linear,True,,3,2025-05-14T18:00:00|2025-05-14T19:00:00|2025-05-14T20:00:00,0,,,,,,,,,,,
SAN_JUAN_DE_LURIGANCHO,PM2_5,2025-05-15 03:00:00,2025-05-15 05:00:00,3,3,short_linear,True,,3,2025-05-15T03:00:00|2025-05-15T04:00:00|2025-05-15T05:00:00,0,,,,,,,,,,,
SAN_JUAN_DE_LURIGANCHO,PM2_5,2025-05-15 17:00:00,2025-05-15 18:00:00,2,2,short_linear,True,,2,2025-05-15T17:00:00|2025-05-15T18:00:00,0,,,,,,,,,,,
SAN_JUAN_DE_LURIGANCHO,PM2_5,2025-05-16 14:00:00,2025-05-16 15:00:00,2,2,short_linear,True,,2,2025-05-16T14:00:00|2025-05-16T15:00:00,0,,,,,,,,,,,
SAN_JUAN_DE_LURIGANCHO,PM2_5,2025-05-16 19:00:00,2025-05-16 19:00:00,1,1,short_linear,True,,1,2025-05-16T19:00:00,0,,,,,,,,,,,
SAN_JUAN_DE_LURIGANCHO,PM2_5,2025-05-17 00:00:00,2025-05-17 00:00:00,1,1,short_linear,True,,1,2025-05-17T00:00:00,0,,,,,,,,,,,
SAN_JUAN_DE_LURIGANCHO,PM2_5,2025-05-17 21:00:00,2025-05-17 21:00:00,1,1,short_linear,True,,1,2025-05-17T21:00:00,0,,,,,,,,,,,
SAN_JUAN_DE_LURIGANCHO,PM2_5,2025-05-17 23:00:00,2025-05-17 23:00:00,1,1,short_linear,True,,1,2025-05-17T23:00:00,0,,,,,,,,,,,
SAN_JUAN_DE_LURIGANCHO,PM2_5,2025-05-19 21:00:00,2025-05-19 22:00:00,2,2,short_linear,True,,2,2025-05-19T21:00:00|2025-05-19T22:00:00,0,,,,,,,,,,,
SAN_JUAN_DE_LURIGANCHO,PM2_5,2025-05-20 19:00:00,2025-05-20 19:00:00,1,1,short_linear,True,,1,2025-05-20T19:00:00,0,,,,,,,,,,,
SAN_JUAN_DE_LURIGANCHO,PM2_5,2025-05-20 21:00:00,2025-05-20 22:00:00,2,2,short_linear,True,,2,2025-05-20T21:00:00|2025-05-20T22:00:00,0,,,,,,,,,,,
SAN_JUAN_DE_LURIGANCHO,PM2_5,2025-05-22 05:00:00,2025-05-22 05:00:00,1,1,short_linear,True,,1,2025-05-22T05:00:00,0,,,,,,,,,,,
SAN_JUAN_DE_LURIGANCHO,PM2_5,2025-05-22 12:00:00,2025-05-22 13:00:00,2,2,short_linear,True,,2,2025-05-22T12:00:00|2025-05-22T13:00:00,0,,,,,,,,,,,
SAN_JUAN_DE_LURIGANCHO,PM2_5,2025-05-22 20:00:00,2025-05-22 21:00:00,2,2,short_linear,True,,2,2025-05-22T20:00:00|2025-05-22T21:00:00,0,,,,,,,,,,,
SAN_JUAN_DE_LURIGANCHO,PM2_5,2025-05-25 10:00:00,2025-05-25 17:00:00,8,8,weekly_seasonal,True,,8,2025-05-25T10:00:00|2025-05-25T11:00:00|2025-05-25T12:00:00|2025-05-25T13:00:00|2025-05-25T14:00:00|2025-05-25T15:00:00|2025-05-25T16:00:00|2025-05-25T17:00:00,0,,,,,,,,,,3.0,
SAN_JUAN_DE_LURIGANCHO,PM2_5,2025-05-26 03:00:00,2025-05-26 04:00:00,2,2,short_linear,True,,2,2025-05-26T03:00:00|2025-05-26T04:00:00,0,,,,,,,,,,,
SAN_JUAN_DE_LURIGANCHO,PM2_5,2025-05-26 18:00:00,2025-05-26 19:00:00,2,2,short_linear,True,,2,2025-05-26T18:00:00|2025-05-26T19:00:00,0,,,,,,,,,,,
SAN_JUAN_DE_LURIGANCHO,PM2_5,2025-05-26 21:00:00,2025-05-27 19:00:00,23,23,weekly_seasonal,True,,21,2025-05-26T21:00:00|2025-05-26T22:00:00|2025-05-26T23:00:00|2025-05-27T00:00:00|2025-05-27T01:00:00|2025-05-27T02:00:00|2025-05-27T03:00:00|2025-05-27T04:00:00|2025-05-27T05:00:00|2025-05-27T08:00:00|2025-05-27T09:00:00|2025-05-27T10:00:00|2025-05-27T11:00:00|2025-05-27T12:00:00|2025-05-27T13:00:00|2025-05-27T14:00:00|2025-05-27T15:00:00|2025-05-27T16:00:00|2025-05-27T17:00:00|2025-05-27T18:00:00|2025-05-27T19:00:00,0,,,,,,,,,,3.0,
SAN_JUAN_DE_LURIGANCHO,PM2_5,2025-05-26 21:00:00,2025-05-27 19:00:00,23,23,cross_year_analog,True,,2,2025-05-27T06:00:00|2025-05-27T07:00:00,0,,,,,,,,,,1.0,
SAN_JUAN_DE_LURIGANCHO,PM2_5,2025-05-28 14:00:00,2025-05-28 15:00:00,2,2,short_linear,True,,2,2025-05-28T14:00:00|2025-05-28T15:00:00,0,,,,,,,,,,,
SAN_JUAN_DE_LURIGANCHO,PM2_5,2025-05-28 17:00:00,2025-05-28 18:00:00,2,2,short_linear,True,,2,2025-05-28T17:00:00|2025-05-28T18:00:00,0,,,,,,,,,,,
SAN_JUAN_DE_LURIGANCHO,PM2_5,2025-05-29 14:00:00,2025-05-29 15:00:00,2,2,short_linear,True,,2,2025-05-29T14:00:00|2025-05-29T15:00:00,0,,,,,,,,,,,
SAN_JUAN_DE_LURIGANCHO,PM2_5,2025-05-30 00:00:00,2025-05-30 01:00:00,2,2,short_linear,True,,2,2025-05-30T00:00:00|2025-05-30T01:00:00,0,,,,,,,,,,,
SAN_JUAN_DE_LURIGANCHO,PM2_5,2025-05-30 16:00:00,2025-05-30 20:00:00,5,5,weekly_seasonal,True,,5,2025-05-30T16:00:00|2025-05-30T17:00:00|2025-05-30T18:00:00|2025-05-30T19:00:00|2025-05-30T20:00:00,0,,,,,,,,,,3.0,
SAN_JUAN_DE_LURIGANCHO,PM2_5,2025-05-31 19:00:00,2025-05-31 20:00:00,2,2,short_linear,True,,2,2025-05-31T19:00:00|2025-05-31T20:00:00,0,,,,,,,,,,,
SAN_JUAN_DE_LURIGANCHO,PM2_5,2025-06-01 04:00:00,2025-06-01 06:00:00,3,3,short_linear,True,,3,2025-06-01T04:00:00|2025-06-01T05:00:00|2025-06-01T06:00:00,0,,,,,,,,,,,
SAN_JUAN_DE_LURIGANCHO,PM2_5,2025-06-01 18:00:00,2025-06-01 22:00:00,5,5,weekly_seasonal,True,,5,2025-06-01T18:00:00|2025-06-01T19:00:00|2025-06-01T20:00:00|2025-06-01T21:00:00|2025-06-01T22:00:00,0,,,,,,,,,,3.0,
SAN_JUAN_DE_LURIGANCHO,PM2_5,2025-06-03 00:00:00,2025-06-03 03:00:00,4,4,short_linear,True,,4,2025-06-03T00:00:00|2025-06-03T01:00:00|2025-06-03T02:00:00|2025-06-03T03:00:00,0,,,,,,,,,,,
SAN_JUAN_DE_LURIGANCHO,PM2_5,2025-06-03 06:00:00,2025-06-03 09:00:00,4,4,short_linear,True,,4,2025-06-03T06:00:00|2025-06-03T07:00:00|2025-06-03T08:00:00|2025-06-03T09:00:00,0,,,,,,,,,,,
SAN_JUAN_DE_LURIGANCHO,PM2_5,2025-06-03 20:00:00,2025-06-03 21:00:00,2,2,short_linear,True,,2,2025-06-03T20:00:00|2025-06-03T21:00:00,0,,,,,,,,,,,
SAN_JUAN_DE_LURIGANCHO,PM2_5,2025-06-04 03:00:00,2025-06-04 09:00:00,7,7,weekly_seasonal,True,,7,2025-06-04T03:00:00|2025-06-04T04:00:00|2025-06-04T05:00:00|2025-06-04T06:00:00|2025-06-04T07:00:00|2025-06-04T08:00:00|2025-06-04T09:00:00,0,,,,,,,,,,3.0,
SAN_JUAN_DE_LURIGANCHO,PM2_5,2025-06-05 08:00:00,2025-06-05 09:00:00,2,2,short_linear,True,,2,2025-06-05T08:00:00|2025-06-05T09:00:00,0,,,,,,,,,,,
SAN_JUAN_DE_LURIGANCHO,PM2_5,2025-06-06 15:00:00,2025-06-06 16:00:00,2,2,short_linear,True,,2,2025-06-06T15:00:00|2025-06-06T16:00:00,0,,,,,,,,,,,
SAN_JUAN_DE_LURIGANCHO,PM2_5,2025-06-08 07:00:00,2025-06-08 09:00:00,3,3,short_linear,True,,3,2025-06-08T07:00:00|2025-06-08T08:00:00|2025-06-08T09:00:00,0,,,,,,,,,,,
SAN_JUAN_DE_LURIGANCHO,PM2_5,2025-06-08 17:00:00,2025-06-08 19:00:00,3,3,short_linear,True,,3,2025-06-08T17:00:00|2025-06-08T18:00:00|2025-06-08T19:00:00,0,,,,,,,,,,,
SAN_JUAN_DE_LURIGANCHO,PM2_5,2025-06-08 22:00:00,2025-06-08 23:00:00,2,2,short_linear,True,,2,2025-06-08T22:00:00|2025-06-08T23:00:00,0,,,,,,,,,,,
SAN_JUAN_DE_LURIGANCHO,PM2_5,2025-06-10 21:00:00,2025-06-10 21:00:00,1,1,short_linear,True,,1,2025-06-10T21:00:00,0,,,,,,,,,,,
SAN_JUAN_DE_LURIGANCHO,PM2_5,2025-06-11 05:00:00,2025-06-11 06:00:00,2,2,short_linear,True,,2,2025-06-11T05:00:00|2025-06-11T06:00:00,0,,,,,,,,,,,
SAN_JUAN_DE_LURIGANCHO,PM2_5,2025-06-12 03:00:00,2025-06-12 04:00:00,2,2,short_linear,True,,2,2025-06-12T03:00:00|2025-06-12T04:00:00,0,,,,,,,,,,,
SAN_JUAN_DE_LURIGANCHO,PM2_5,2025-06-12 11:00:00,2025-06-12 13:00:00,3,3,short_linear,True,,3,2025-06-12T11:00:00|2025-06-12T12:00:00|2025-06-12T13:00:00,0,,,,,,,,,,,
SAN_JUAN_DE_LURIGANCHO,PM2_5,2025-06-12 21:00:00,2025-06-13 02:00:00,6,6,weekly_seasonal,True,,6,2025-06-12T21:00:00|2025-06-12T22:00:00|2025-06-12T23:00:00|2025-06-13T00:00:00|2025-06-13T01:00:00|2025-06-13T02:00:00,0,,,,,,,,,,3.0,
SAN_JUAN_DE_LURIGANCHO,PM2_5,2025-06-14 18:00:00,2025-06-14 20:00:00,3,3,short_linear,True,,3,2025-06-14T18:00:00|2025-06-14T19:00:00|2025-06-14T20:00:00,0,,,,,,,,,,,
SAN_JUAN_DE_LURIGANCHO,PM2_5,2025-06-14 22:00:00,2025-06-15 00:00:00,3,3,short_linear,True,,3,2025-06-14T22:00:00|2025-06-14T23:00:00|2025-06-15T00:00:00,0,,,,,,,,,,,
SAN_JUAN_DE_LURIGANCHO,PM2_5,2025-06-15 10:00:00,2025-06-15 10:00:00,1,1,short_linear,True,,1,2025-06-15T10:00:00,0,,,,,,,,,,,
SAN_JUAN_DE_LURIGANCHO,PM2_5,2025-06-16 07:00:00,2025-06-16 08:00:00,2,2,short_linear,True,,2,2025-06-16T07:00:00|2025-06-16T08:00:00,0,,,,,,,,,,,
SAN_JUAN_DE_LURIGANCHO,PM2_5,2025-06-16 11:00:00,2025-06-16 11:00:00,1,1,short_linear,True,,1,2025-06-16T11:00:00,0,,,,,,,,,,,
SAN_JUAN_DE_LURIGANCHO,PM2_5,2025-06-17 11:00:00,2025-06-17 17:00:00,7,7,weekly_seasonal,True,,7,2025-06-17T11:00:00|2025-06-17T12:00:00|2025-06-17T13:00:00|2025-06-17T14:00:00|2025-06-17T15:00:00|2025-06-17T16:00:00|2025-06-17T17:00:00,0,,,,,,,,,,4.0,
SAN_JUAN_DE_LURIGANCHO,PM2_5,2025-06-29 14:00:00,2025-06-29 14:00:00,1,1,short_linear,True,,1,2025-06-29T14:00:00,0,,,,,,,,,,,
SAN_JUAN_DE_LURIGANCHO,PM2_5,2025-07-08 18:00:00,2025-07-08 18:00:00,1,1,short_linear,True,,1,2025-07-08T18:00:00,0,,,,,,,,,,,
SAN_JUAN_DE_LURIGANCHO,PM2_5,2025-07-15 11:00:00,2025-07-15 11:00:00,1,1,short_linear,True,,1,2025-07-15T11:00:00,0,,,,,,,,,,,
SAN_JUAN_DE_LURIGANCHO,PM2_5,2025-07-22 15:00:00,2025-07-22 15:00:00,1,1,short_linear,True,,1,2025-07-22T15:00:00,0,,,,,,,,,,,
SAN_JUAN_DE_LURIGANCHO,PM2_5,2025-07-29 04:00:00,2025-08-12 15:00:00,348,348,weekly_seasonal,True,,300,2025-07-29T16:00:00|2025-07-29T17:00:00|2025-07-29T18:00:00|2025-07-29T19:00:00|2025-07-29T20:00:00|2025-07-29T21:00:00|2025-07-29T22:00:00|2025-07-29T23:00:00|2025-07-30T00:00:00|2025-07-30T01:00:00|2025-07-30T02:00:00|2025-07-30T03:00:00|2025-07-30T04:00:00|2025-07-30T05:00:00|2025-07-30T06:00:00|2025-07-30T07:00:00|2025-07-30T08:00:00|2025-07-30T10:00:00|2025-07-30T11:00:00|2025-07-30T12:00:00|2025-07-30T13:00:00|2025-07-30T14:00:00|2025-07-30T15:00:00|2025-07-30T16:00:00|2025-07-30T17:00:00|2025-07-30T18:00:00|2025-07-30T19:00:00|2025-07-30T20:00:00|2025-07-30T21:00:00|2025-07-30T22:00:00|2025-07-30T23:00:00|2025-07-31T00:00:00|2025-07-31T01:00:00|2025-07-31T02:00:00|2025-07-31T03:00:00|2025-07-31T04:00:00|2025-07-31T05:00:00|2025-07-31T06:00:00|2025-07-31T07:00:00|2025-07-31T08:00:00|2025-07-31T09:00:00|2025-07-31T10:00:00|2025-07-31T11:00:00|2025-07-31T12:00:00|2025-07-31T13:00:00|2025-07-31T14:00:00|2025-07-31T15:00:00|2025-07-31T16:00:00|2025-07-31T19:00:00|2025-07-31T20:00:00|2025-07-31T21:00:00|2025-07-31T22:00:00|2025-07-31T23:00:00|2025-08-01T00:00:00|2025-08-01T01:00:00|2025-08-01T02:00:00|2025-08-01T03:00:00|2025-08-01T04:00:00|2025-08-01T05:00:00|2025-08-01T06:00:00|2025-08-01T07:00:00|2025-08-01T08:00:00|2025-08-01T09:00:00|2025-08-01T10:00:00|2025-08-01T11:00:00|2025-08-01T12:00:00|2025-08-01T13:00:00|2025-08-01T14:00:00|2025-08-01T15:00:00|2025-08-01T16:00:00|2025-08-01T17:00:00|2025-08-01T18:00:00|2025-08-01T19:00:00|2025-08-01T20:00:00|2025-08-01T21:00:00|2025-08-01T22:00:00|2025-08-01T23:00:00|2025-08-02T00:00:00|2025-08-02T01:00:00|2025-08-02T02:00:00|2025-08-02T03:00:00|2025-08-02T04:00:00|2025-08-02T05:00:00|2025-08-02T06:00:00|2025-08-02T09:00:00|2025-08-02T10:00:00|2025-08-02T11:00:00|2025-08-02T12:00:00|2025-08-02T13:00:00|2025-08-02T14:00:00|2025-08-02T15:00:00|2025-08-02T16:00:00|2025-08-02T17:00:00|2025-08-02T18:00:00|2025-08-02T19:00:00|2025-08-02T20:00:00|2025-08-02T21:00:00|2025-08-02T22:00:00|2025-08-02T23:00:00|2025-08-03T00:00:00|2025-08-03T01:00:00|2025-08-03T02:00:00|2025-08-03T03:00:00|2025-08-03T04:00:00|2025-08-03T05:00:00|2025-08-03T06:00:00|2025-08-03T07:00:00|2025-08-03T08:00:00|2025-08-03T09:00:00|2025-08-03T10:00:00|2025-08-03T11:00:00|2025-08-03T12:00:00|2025-08-03T13:00:00|2025-08-03T14:00:00|2025-08-03T15:00:00|2025-08-03T16:00:00|2025-08-03T17:00:00|2025-08-03T18:00:00|2025-08-03T19:00:00|2025-08-03T20:00:00|2025-08-03T21:00:00|2025-08-03T22:00:00|2025-08-03T23:00:00|2025-08-04T00:00:00|2025-08-04T01:00:00|2025-08-04T02:00:00|2025-08-04T03:00:00|2025-08-04T04:00:00|2025-08-04T05:00:00|2025-08-04T06:00:00|2025-08-04T07:00:00|2025-08-04T08:00:00|2025-08-04T09:00:00|2025-08-04T10:00:00|2025-08-04T11:00:00|2025-08-04T12:00:00|2025-08-04T13:00:00|2025-08-04T14:00:00|2025-08-04T15:00:00|2025-08-04T16:00:00|2025-08-04T17:00:00|2025-08-04T18:00:00|2025-08-04T19:00:00|2025-08-04T20:00:00|2025-08-04T21:00:00|2025-08-04T22:00:00|2025-08-04T23:00:00|2025-08-05T00:00:00|2025-08-05T01:00:00|2025-08-05T02:00:00|2025-08-05T03:00:00|2025-08-05T16:00:00|2025-08-05T17:00:00|2025-08-05T18:00:00|2025-08-05T19:00:00|2025-08-05T20:00:00|2025-08-05T21:00:00|2025-08-05T22:00:00|2025-08-05T23:00:00|2025-08-06T00:00:00|2025-08-06T01:00:00|2025-08-06T02:00:00|2025-08-06T03:00:00|2025-08-06T04:00:00|2025-08-06T05:00:00|2025-08-06T06:00:00|2025-08-06T07:00:00|2025-08-06T08:00:00|2025-08-06T10:00:00|2025-08-06T11:00:00|2025-08-06T12:00:00|2025-08-06T13:00:00|2025-08-06T14:00:00|2025-08-06T15:00:00|2025-08-06T16:00:00|2025-08-06T17:00:00|2025-08-06T18:00:00|2025-08-06T19:00:00|2025-08-06T20:00:00|2025-08-06T21:00:00|2025-08-06T22:00:00|2025-08-06T23:00:00|2025-08-07T00:00:00|2025-08-07T01:00:00|2025-08-07T02:00:00|2025-08-07T03:00:00|2025-08-07T04:00:00|2025-08-07T05:00:00|2025-08-07T06:00:00|2025-08-07T07:00:00|2025-08-07T08:00:00|2025-08-07T09:00:00|2025-08-07T10:00:00|2025-08-07T11:00:00|2025-08-07T12:00:00|2025-08-07T13:00:00|2025-08-07T14:00:00|2025-08-07T15:00:00|2025-08-07T16:00:00|2025-08-07T19:00:00|2025-08-07T20:00:00|2025-08-07T21:00:00|2025-08-07T22:00:00|2025-08-07T23:00:00|2025-08-08T00:00:00|2025-08-08T01:00:00|2025-08-08T02:00:00|2025-08-08T03:00:00|2025-08-08T04:00:00|2025-08-08T05:00:00|2025-08-08T06:00:00|2025-08-08T07:00:00|2025-08-08T08:00:00|2025-08-08T09:00:00|2025-08-08T10:00:00|2025-08-08T11:00:00|2025-08-08T12:00:00|2025-08-08T13:00:00|2025-08-08T14:00:00|2025-08-08T15:00:00|2025-08-08T16:00:00|2025-08-08T17:00:00|2025-08-08T18:00:00|2025-08-08T19:00:00|2025-08-08T20:00:00|2025-08-08T21:00:00|2025-08-08T22:00:00|2025-08-08T23:00:00|2025-08-09T00:00:00|2025-08-09T01:00:00|2025-08-09T02:00:00|2025-08-09T03:00:00|2025-08-09T04:00:00|2025-08-09T05:00:00|2025-08-09T06:00:00|2025-08-09T09:00:00|2025-08-09T10:00:00|2025-08-09T11:00:00|2025-08-09T12:00:00|2025-08-09T13:00:00|2025-08-09T14:00:00|2025-08-09T15:00:00|2025-08-09T16:00:00|2025-08-09T17:00:00|2025-08-09T18:00:00|2025-08-09T19:00:00|2025-08-09T20:00:00|2025-08-09T21:00:00|2025-08-09T22:00:00|2025-08-09T23:00:00|2025-08-10T00:00:00|2025-08-10T01:00:00|2025-08-10T02:00:00|2025-08-10T03:00:00|2025-08-10T04:00:00|2025-08-10T05:00:00|2025-08-10T06:00:00|2025-08-10T07:00:00|2025-08-10T08:00:00|2025-08-10T09:00:00|2025-08-10T10:00:00|2025-08-10T11:00:00|2025-08-10T12:00:00|2025-08-10T13:00:00|2025-08-10T14:00:00|2025-08-10T15:00:00|2025-08-10T16:00:00|2025-08-10T17:00:00|2025-08-10T18:00:00|2025-08-10T19:00:00|2025-08-10T20:00:00|2025-08-10T21:00:00|2025-08-10T22:00:00|2025-08-10T23:00:00|2025-08-11T00:00:00|2025-08-11T01:00:00|2025-08-11T02:00:00|2025-08-11T03:00:00|2025-08-11T04:00:00|2025-08-11T05:00:00|2025-08-11T06:00:00|2025-08-11T07:00:00|2025-08-11T08:00:00|2025-08-11T09:00:00|2025-08-11T10:00:00|2025-08-11T11:00:00|2025-08-11T12:00:00|2025-08-11T13:00:00|2025-08-11T14:00:00|2025-08-11T15:00:00|2025-08-11T16:00:00|2025-08-11T17:00:00|2025-08-11T18:00:00|2025-08-11T19:00:00|2025-08-11T20:00:00|2025-08-11T21:00:00|2025-08-11T22:00:00|2025-08-11T23:00:00|2025-08-12T00:00:00|2025-08-12T01:00:00,48,,,,,,,,,,3.0,
SAN_JUAN_DE_LURIGANCHO,PM2_5,2025-07-29 04:00:00,2025-08-12 15:00:00,348,348,interstation_regression,False,r2_below_threshold,0,,48,0.04489535595899512,SANTA_ANITA,7.55052162702182,1.0,11514.0,12.721434498412465,0.4144008726023789,0.5,TimeSeriesSplit(5),,
SAN_JUAN_DE_LURIGANCHO,PM2_5,2025-07-29 04:00:00,2025-08-12 15:00:00,348,348,interstation_regression,False,insufficient_gap_coverage,0,,48,,CERES,9.487096106857546,0.0,,,,0.5,TimeSeriesSplit(5),,
SAN_JUAN_DE_LURIGANCHO,PM2_5,2025-07-29 04:00:00,2025-08-12 15:00:00,348,348,interstation_regression,False,insufficient_gap_coverage,0,,48,,CARABAYLLO,9.505304041125001,0.0,,,,0.5,TimeSeriesSplit(5),,
SAN_JUAN_DE_LURIGANCHO,PM2_5,2025-07-29 04:00:00,2025-08-12 15:00:00,348,348,interstation_regression,False,r2_below_threshold,0,,48,0.17057355537635815,SAN_MARTIN_DE_PORRES,9.784712814765184,1.0,12042.0,10.708341108404234,0.6688570732962,0.5,TimeSeriesSplit(5),,
SAN_JUAN_DE_LURIGANCHO,PM2_5,2025-07-29 04:00:00,2025-08-12 15:00:00,348,348,interstation_regression,False,r2_below_threshold,0,,48,-1.1218417308822328,CAMPO_DE_MARTE,11.060329360420859,0.9791666666666666,11665.0,17.965419831384104,0.3778039526245819,0.5,TimeSeriesSplit(5),,
SAN_JUAN_DE_LURIGANCHO,PM2_5,2025-07-29 04:00:00,2025-08-12 15:00:00,348,348,interstation_regression,False,insufficient_gap_coverage,0,,48,,SAN_BORJA,14.24041024521649,0.7083333333333334,,,,0.5,TimeSeriesSplit(5),,
SAN_JUAN_DE_LURIGANCHO,PM2_5,2025-07-29 04:00:00,2025-08-12 15:00:00,348,348,interstation_regression,False,insufficient_gap_coverage,0,,48,,PARIACHI,17.670019943476703,0.7291666666666666,,,,0.5,TimeSeriesSplit(5),,
SAN_JUAN_DE_LURIGANCHO,PM2_5,2025-07-29 04:00:00,2025-08-12 15:00:00,348,348,interstation_regression,False,insufficient_gap_coverage,0,,48,,VILLA_MARIA_DEL_TRIUNFO,22.364626981640622,0.6666666666666666,,,,0.5,TimeSeriesSplit(5),,
SAN_JUAN_DE_LURIGANCHO,PM2_5,2025-07-29 04:00:00,2025-08-12 15:00:00,348,348,unimputable,False,no_method_available,0,,48,,,,,,,,,,,
SAN_JUAN_DE_LURIGANCHO,PM2_5,2025-08-13 09:00:00,2025-08-13 09:00:00,1,1,short_linear,True,,1,2025-08-13T09:00:00,0,,,,,,,,,,,
SAN_JUAN_DE_LURIGANCHO,PM2_5,2025-08-14 17:00:00,2025-08-14 18:00:00,2,2,short_linear,True,,2,2025-08-14T17:00:00|2025-08-14T18:00:00,0,,,,,,,,,,,
SAN_JUAN_DE_LURIGANCHO,PM2_5,2025-08-16 07:00:00,2025-08-16 08:00:00,2,2,short_linear,True,,2,2025-08-16T07:00:00|2025-08-16T08:00:00,0,,,,,,,,,,,
SAN_JUAN_DE_LURIGANCHO,PM2_5,2025-08-26 02:00:00,2025-08-26 07:00:00,6,6,weekly_seasonal,True,,6,2025-08-26T02:00:00|2025-08-26T03:00:00|2025-08-26T04:00:00|2025-08-26T05:00:00|2025-08-26T06:00:00|2025-08-26T07:00:00,0,,,,,,,,,,3.0,
SAN_JUAN_DE_LURIGANCHO,PM2_5,2025-08-26 11:00:00,2025-08-26 11:00:00,1,1,short_linear,True,,1,2025-08-26T11:00:00,0,,,,,,,,,,,
SAN_JUAN_DE_LURIGANCHO,PM2_5,2025-08-31 16:00:00,2025-08-31 16:00:00,1,1,short_linear,True,,1,2025-08-31T16:00:00,0,,,,,,,,,,,
SAN_JUAN_DE_LURIGANCHO,PM2_5,2025-09-17 16:00:00,2025-09-17 16:00:00,1,1,short_linear,True,,1,2025-09-17T16:00:00,0,,,,,,,,,,,
SAN_JUAN_DE_LURIGANCHO,PM2_5,2025-09-26 23:00:00,2025-09-27 20:00:00,22,22,weekly_seasonal,True,,22,2025-09-26T23:00:00|2025-09-27T00:00:00|2025-09-27T01:00:00|2025-09-27T02:00:00|2025-09-27T03:00:00|2025-09-27T04:00:00|2025-09-27T05:00:00|2025-09-27T06:00:00|2025-09-27T07:00:00|2025-09-27T08:00:00|2025-09-27T09:00:00|2025-09-27T10:00:00|2025-09-27T11:00:00|2025-09-27T12:00:00|2025-09-27T13:00:00|2025-09-27T14:00:00|2025-09-27T15:00:00|2025-09-27T16:00:00|2025-09-27T17:00:00|2025-09-27T18:00:00|2025-09-27T19:00:00|2025-09-27T20:00:00,0,,,,,,,,,,4.0,
SAN_JUAN_DE_LURIGANCHO,PM2_5,2025-10-12 16:00:00,2025-10-12 16:00:00,1,1,short_linear,True,,1,2025-10-12T16:00:00,0,,,,,,,,,,,
SAN_JUAN_DE_LURIGANCHO,PM2_5,2025-10-14 13:00:00,2025-10-14 18:00:00,6,6,weekly_seasonal,True,,6,2025-10-14T13:00:00|2025-10-14T14:00:00|2025-10-14T15:00:00|2025-10-14T16:00:00|2025-10-14T17:00:00|2025-10-14T18:00:00,0,,,,,,,,,,4.0,
SAN_JUAN_DE_LURIGANCHO,PM2_5,2025-10-27 11:00:00,2025-10-27 11:00:00,1,1,short_linear,True,,1,2025-10-27T11:00:00,0,,,,,,,,,,,
SAN_JUAN_DE_LURIGANCHO,PM2_5,2025-10-27 13:00:00,2025-10-27 13:00:00,1,1,short_linear,True,,1,2025-10-27T13:00:00,0,,,,,,,,,,,
SAN_JUAN_DE_LURIGANCHO,PM2_5,2025-11-05 12:00:00,2025-11-05 13:00:00,2,2,short_linear,True,,2,2025-11-05T12:00:00|2025-11-05T13:00:00,0,,,,,,,,,,,
SAN_JUAN_DE_LURIGANCHO,PM2_5,2025-11-06 10:00:00,2025-11-06 10:00:00,1,1,short_linear,True,,1,2025-11-06T10:00:00,0,,,,,,,,,,,
SAN_JUAN_DE_LURIGANCHO,PM2_5,2025-11-17 13:00:00,2025-11-17 14:00:00,2,2,short_linear,True,,2,2025-11-17T13:00:00|2025-11-17T14:00:00,0,,,,,,,,,,,
SAN_JUAN_DE_LURIGANCHO,PM2_5,2025-11-22 19:00:00,2025-11-22 19:00:00,1,1,short_linear,True,,1,2025-11-22T19:00:00,0,,,,,,,,,,,
SAN_JUAN_DE_LURIGANCHO,PM2_5,2025-11-28 18:00:00,2025-11-28 18:00:00,1,1,short_linear,True,,1,2025-11-28T18:00:00,0,,,,,,,,,,,
SAN_JUAN_DE_LURIGANCHO,PM2_5,2025-12-15 23:00:00,2025-12-15 23:00:00,1,1,short_linear,True,,1,2025-12-15T23:00:00,0,,,,,,,,,,,
SAN_JUAN_DE_LURIGANCHO,PM2_5,2026-01-07 22:00:00,2026-01-07 22:00:00,1,1,short_linear,True,,1,2026-01-07T22:00:00,0,,,,,,,,,,,
SAN_JUAN_DE_LURIGANCHO,PM2_5,2026-01-15 11:00:00,2026-01-16 09:00:00,23,23,weekly_seasonal,True,,23,2026-01-15T11:00:00|2026-01-15T12:00:00|2026-01-15T13:00:00|2026-01-15T14:00:00|2026-01-15T15:00:00|2026-01-15T16:00:00|2026-01-15T17:00:00|2026-01-15T18:00:00|2026-01-15T19:00:00|2026-01-15T20:00:00|2026-01-15T21:00:00|2026-01-15T22:00:00|2026-01-15T23:00:00|2026-01-16T00:00:00|2026-01-16T01:00:00|2026-01-16T02:00:00|2026-01-16T03:00:00|2026-01-16T04:00:00|2026-01-16T05:00:00|2026-01-16T06:00:00|2026-01-16T07:00:00|2026-01-16T08:00:00|2026-01-16T09:00:00,0,,,,,,,,,,4.0,
SAN_JUAN_DE_LURIGANCHO,PM2_5,2026-02-01 15:00:00,2026-02-01 15:00:00,1,1,short_linear,True,,1,2026-02-01T15:00:00,0,,,,,,,,,,,
SAN_JUAN_DE_LURIGANCHO,PM2_5,2026-02-04 10:00:00,2026-02-04 10:00:00,1,1,short_linear,True,,1,2026-02-04T10:00:00,0,,,,,,,,,,,
SAN_JUAN_DE_LURIGANCHO,PM2_5,2026-02-04 21:00:00,2026-02-04 21:00:00,1,1,short_linear,True,,1,2026-02-04T21:00:00,0,,,,,,,,,,,
SAN_JUAN_DE_LURIGANCHO,PM2_5,2026-02-11 03:00:00,2026-02-11 04:00:00,2,2,short_linear,True,,2,2026-02-11T03:00:00|2026-02-11T04:00:00,0,,,,,,,,,,,
SAN_JUAN_DE_LURIGANCHO,PM2_5,2026-02-11 14:00:00,2026-02-11 19:00:00,6,6,weekly_seasonal,True,,6,2026-02-11T14:00:00|2026-02-11T15:00:00|2026-02-11T16:00:00|2026-02-11T17:00:00|2026-02-11T18:00:00|2026-02-11T19:00:00,0,,,,,,,,,,4.0,
SAN_JUAN_DE_LURIGANCHO,PM2_5,2026-02-12 20:00:00,2026-02-12 20:00:00,1,1,short_linear,True,,1,2026-02-12T20:00:00,0,,,,,,,,,,,
SAN_JUAN_DE_LURIGANCHO,PM2_5,2026-02-17 10:00:00,2026-02-17 12:00:00,3,3,short_linear,True,,3,2026-02-17T10:00:00|2026-02-17T11:00:00|2026-02-17T12:00:00,0,,,,,,,,,,,
SAN_JUAN_DE_LURIGANCHO,PM2_5,2026-02-27 14:00:00,2026-02-27 14:00:00,1,1,short_linear,True,,1,2026-02-27T14:00:00,0,,,,,,,,,,,
SAN_JUAN_DE_LURIGANCHO,PM2_5,2026-02-28 13:00:00,2026-03-03 12:00:00,72,72,weekly_seasonal,True,,72,2026-02-28T13:00:00|2026-02-28T14:00:00|2026-02-28T15:00:00|2026-02-28T16:00:00|2026-02-28T17:00:00|2026-02-28T18:00:00|2026-02-28T19:00:00|2026-02-28T20:00:00|2026-02-28T21:00:00|2026-02-28T22:00:00|2026-02-28T23:00:00|2026-03-01T00:00:00|2026-03-01T01:00:00|2026-03-01T02:00:00|2026-03-01T03:00:00|2026-03-01T04:00:00|2026-03-01T05:00:00|2026-03-01T06:00:00|2026-03-01T07:00:00|2026-03-01T08:00:00|2026-03-01T09:00:00|2026-03-01T10:00:00|2026-03-01T11:00:00|2026-03-01T12:00:00|2026-03-01T13:00:00|2026-03-01T14:00:00|2026-03-01T15:00:00|2026-03-01T16:00:00|2026-03-01T17:00:00|2026-03-01T18:00:00|2026-03-01T19:00:00|2026-03-01T20:00:00|2026-03-01T21:00:00|2026-03-01T22:00:00|2026-03-01T23:00:00|2026-03-02T00:00:00|2026-03-02T01:00:00|2026-03-02T02:00:00|2026-03-02T03:00:00|2026-03-02T04:00:00|2026-03-02T05:00:00|2026-03-02T06:00:00|2026-03-02T07:00:00|2026-03-02T08:00:00|2026-03-02T09:00:00|2026-03-02T10:00:00|2026-03-02T11:00:00|2026-03-02T12:00:00|2026-03-02T13:00:00|2026-03-02T14:00:00|2026-03-02T15:00:00|2026-03-02T16:00:00|2026-03-02T17:00:00|2026-03-02T18:00:00|2026-03-02T19:00:00|2026-03-02T20:00:00|2026-03-02T21:00:00|2026-03-02T22:00:00|2026-03-02T23:00:00|2026-03-03T00:00:00|2026-03-03T01:00:00|2026-03-03T02:00:00|2026-03-03T03:00:00|2026-03-03T04:00:00|2026-03-03T05:00:00|2026-03-03T06:00:00|2026-03-03T07:00:00|2026-03-03T08:00:00|2026-03-03T09:00:00|2026-03-03T10:00:00|2026-03-03T11:00:00|2026-03-03T12:00:00,0,,,,,,,,,,3.0,
SAN_JUAN_DE_LURIGANCHO,PM2_5,2026-04-14 11:00:00,2026-04-14 16:00:00,6,6,weekly_seasonal,True,,6,2026-04-14T11:00:00|2026-04-14T12:00:00|2026-04-14T13:00:00|2026-04-14T14:00:00|2026-04-14T15:00:00|2026-04-14T16:00:00,0,,,,,,,,,,4.0,
SAN_JUAN_DE_LURIGANCHO,PM2_5,2026-04-17 12:00:00,2026-04-17 12:00:00,1,1,short_linear,True,,1,2026-04-17T12:00:00,0,,,,,,,,,,,
SAN_JUAN_DE_LURIGANCHO,PM2_5,2026-04-17 15:00:00,2026-04-17 15:00:00,1,1,short_linear,True,,1,2026-04-17T15:00:00,0,,,,,,,,,,,
SAN_JUAN_DE_LURIGANCHO,PM2_5,2026-04-18 22:00:00,2026-04-18 22:00:00,1,1,short_linear,True,,1,2026-04-18T22:00:00,0,,,,,,,,,,,
SAN_JUAN_DE_LURIGANCHO,PM2_5,2026-05-08 18:00:00,2026-05-08 18:00:00,1,1,short_linear,True,,1,2026-05-08T18:00:00,0,,,,,,,,,,,
SAN_JUAN_DE_LURIGANCHO,PM2_5,2026-05-12 02:00:00,2026-05-12 02:00:00,1,1,short_linear,True,,1,2026-05-12T02:00:00,0,,,,,,,,,,,
SAN_JUAN_DE_LURIGANCHO,PM2_5,2026-05-27 12:00:00,2026-05-27 14:00:00,3,3,short_linear,True,,3,2026-05-27T12:00:00|2026-05-27T13:00:00|2026-05-27T14:00:00,0,,,,,,,,,,,
SAN_JUAN_DE_LURIGANCHO,PM2_5,2026-05-28 04:00:00,2026-05-28 04:00:00,1,1,short_linear,True,,1,2026-05-28T04:00:00,0,,,,,,,,,,,
SAN_JUAN_DE_LURIGANCHO,PM2_5,2026-06-01 11:00:00,2026-06-01 12:00:00,2,2,short_linear,True,,2,2026-06-01T11:00:00|2026-06-01T12:00:00,0,,,,,,,,,,,
SAN_JUAN_DE_LURIGANCHO,PM2_5,2026-06-04 22:00:00,2026-06-04 22:00:00,1,1,short_linear,True,,1,2026-06-04T22:00:00,0,,,,,,,,,,,
SAN_JUAN_DE_LURIGANCHO,PM2_5,2026-06-13 12:00:00,2026-06-13 12:00:00,1,1,short_linear,True,,1,2026-06-13T12:00:00,0,,,,,,,,,,,
SAN_JUAN_DE_LURIGANCHO,PM2_5,2026-06-18 15:00:00,2026-06-18 15:00:00,1,1,short_linear,True,,1,2026-06-18T15:00:00,0,,,,,,,,,,,
SAN_MARTIN_DE_PORRES,PM2_5,2025-01-16 12:00:00,2025-01-16 13:00:00,2,2,short_linear,True,,2,2025-01-16T12:00:00|2025-01-16T13:00:00,0,,,,,,,,,,,
SAN_MARTIN_DE_PORRES,PM2_5,2025-02-15 03:00:00,2025-02-15 03:00:00,1,1,short_linear,True,,1,2025-02-15T03:00:00,0,,,,,,,,,,,
SAN_MARTIN_DE_PORRES,PM2_5,2025-02-16 22:00:00,2025-02-16 22:00:00,1,1,short_linear,True,,1,2025-02-16T22:00:00,0,,,,,,,,,,,
SAN_MARTIN_DE_PORRES,PM2_5,2025-02-18 14:00:00,2025-02-18 18:00:00,5,5,weekly_seasonal,True,,5,2025-02-18T14:00:00|2025-02-18T15:00:00|2025-02-18T16:00:00|2025-02-18T17:00:00|2025-02-18T18:00:00,0,,,,,,,,,,4.0,
SAN_MARTIN_DE_PORRES,PM2_5,2025-02-19 09:00:00,2025-02-19 10:00:00,2,2,short_linear,True,,2,2025-02-19T09:00:00|2025-02-19T10:00:00,0,,,,,,,,,,,
SAN_MARTIN_DE_PORRES,PM2_5,2025-02-19 16:00:00,2025-02-19 17:00:00,2,2,short_linear,True,,2,2025-02-19T16:00:00|2025-02-19T17:00:00,0,,,,,,,,,,,
SAN_MARTIN_DE_PORRES,PM2_5,2025-02-20 21:00:00,2025-02-20 21:00:00,1,1,short_linear,True,,1,2025-02-20T21:00:00,0,,,,,,,,,,,
SAN_MARTIN_DE_PORRES,PM2_5,2025-03-20 22:00:00,2025-03-20 22:00:00,1,1,short_linear,True,,1,2025-03-20T22:00:00,0,,,,,,,,,,,
SAN_MARTIN_DE_PORRES,PM2_5,2025-03-23 05:00:00,2025-03-23 05:00:00,1,1,short_linear,True,,1,2025-03-23T05:00:00,0,,,,,,,,,,,
SAN_MARTIN_DE_PORRES,PM2_5,2025-03-27 13:00:00,2025-03-27 16:00:00,4,4,short_linear,True,,4,2025-03-27T13:00:00|2025-03-27T14:00:00|2025-03-27T15:00:00|2025-03-27T16:00:00,0,,,,,,,,,,,
SAN_MARTIN_DE_PORRES,PM2_5,2025-04-03 14:00:00,2025-04-03 15:00:00,2,2,short_linear,True,,2,2025-04-03T14:00:00|2025-04-03T15:00:00,0,,,,,,,,,,,
SAN_MARTIN_DE_PORRES,PM2_5,2025-04-10 09:00:00,2025-04-10 14:00:00,6,6,weekly_seasonal,True,,5,2025-04-10T09:00:00|2025-04-10T10:00:00|2025-04-10T11:00:00|2025-04-10T12:00:00|2025-04-10T13:00:00,0,,,,,,,,,,3.0,
SAN_MARTIN_DE_PORRES,PM2_5,2025-04-10 09:00:00,2025-04-10 14:00:00,6,6,cross_year_analog,True,,1,2025-04-10T14:00:00,0,,,,,,,,,,1.0,
SAN_MARTIN_DE_PORRES,PM2_5,2025-05-06 17:00:00,2025-05-06 17:00:00,1,1,short_linear,True,,1,2025-05-06T17:00:00,0,,,,,,,,,,,
SAN_MARTIN_DE_PORRES,PM2_5,2025-05-07 00:00:00,2025-05-07 04:00:00,5,5,weekly_seasonal,True,,5,2025-05-07T00:00:00|2025-05-07T01:00:00|2025-05-07T02:00:00|2025-05-07T03:00:00|2025-05-07T04:00:00,0,,,,,,,,,,4.0,
SAN_MARTIN_DE_PORRES,PM2_5,2025-05-08 19:00:00,2025-05-08 19:00:00,1,1,short_linear,True,,1,2025-05-08T19:00:00,0,,,,,,,,,,,
SAN_MARTIN_DE_PORRES,PM2_5,2025-05-22 09:00:00,2025-05-22 11:00:00,3,3,short_linear,True,,3,2025-05-22T09:00:00|2025-05-22T10:00:00|2025-05-22T11:00:00,0,,,,,,,,,,,
SAN_MARTIN_DE_PORRES,PM2_5,2025-05-29 06:00:00,2025-05-29 10:00:00,5,5,weekly_seasonal,True,,4,2025-05-29T06:00:00|2025-05-29T07:00:00|2025-05-29T08:00:00|2025-05-29T09:00:00,0,,,,,,,,,,3.0,
SAN_MARTIN_DE_PORRES,PM2_5,2025-05-29 06:00:00,2025-05-29 10:00:00,5,5,cross_year_analog,True,,1,2025-05-29T10:00:00,0,,,,,,,,,,1.0,
SAN_MARTIN_DE_PORRES,PM2_5,2025-06-03 00:00:00,2025-06-03 01:00:00,2,2,short_linear,True,,2,2025-06-03T00:00:00|2025-06-03T01:00:00,0,,,,,,,,,,,
SAN_MARTIN_DE_PORRES,PM2_5,2025-06-03 06:00:00,2025-06-03 09:00:00,4,4,short_linear,True,,4,2025-06-03T06:00:00|2025-06-03T07:00:00|2025-06-03T08:00:00|2025-06-03T09:00:00,0,,,,,,,,,,,
SAN_MARTIN_DE_PORRES,PM2_5,2025-06-09 17:00:00,2025-06-09 17:00:00,1,1,short_linear,True,,1,2025-06-09T17:00:00,0,,,,,,,,,,,
SAN_MARTIN_DE_PORRES,PM2_5,2025-06-12 10:00:00,2025-06-12 12:00:00,3,3,short_linear,True,,3,2025-06-12T10:00:00|2025-06-12T11:00:00|2025-06-12T12:00:00,0,,,,,,,,,,,
SAN_MARTIN_DE_PORRES,PM2_5,2025-06-29 14:00:00,2025-06-29 14:00:00,1,1,short_linear,True,,1,2025-06-29T14:00:00,0,,,,,,,,,,,
SAN_MARTIN_DE_PORRES,PM2_5,2025-07-08 18:00:00,2025-07-08 18:00:00,1,1,short_linear,True,,1,2025-07-08T18:00:00,0,,,,,,,,,,,
SAN_MARTIN_DE_PORRES,PM2_5,2025-08-10 12:00:00,2025-08-10 12:00:00,1,1,short_linear,True,,1,2025-08-10T12:00:00,0,,,,,,,,,,,
SAN_MARTIN_DE_PORRES,PM2_5,2025-08-16 07:00:00,2025-08-16 08:00:00,2,2,short_linear,True,,2,2025-08-16T07:00:00|2025-08-16T08:00:00,0,,,,,,,,,,,
SAN_MARTIN_DE_PORRES,PM2_5,2025-08-20 08:00:00,2025-08-20 08:00:00,1,1,short_linear,True,,1,2025-08-20T08:00:00,0,,,,,,,,,,,
SAN_MARTIN_DE_PORRES,PM2_5,2025-08-25 14:00:00,2025-08-25 15:00:00,2,2,short_linear,True,,2,2025-08-25T14:00:00|2025-08-25T15:00:00,0,,,,,,,,,,,
SAN_MARTIN_DE_PORRES,PM2_5,2025-08-26 02:00:00,2025-08-26 07:00:00,6,6,weekly_seasonal,True,,6,2025-08-26T02:00:00|2025-08-26T03:00:00|2025-08-26T04:00:00|2025-08-26T05:00:00|2025-08-26T06:00:00|2025-08-26T07:00:00,0,,,,,,,,,,4.0,
SAN_MARTIN_DE_PORRES,PM2_5,2025-08-31 16:00:00,2025-08-31 16:00:00,1,1,short_linear,True,,1,2025-08-31T16:00:00,0,,,,,,,,,,,
SAN_MARTIN_DE_PORRES,PM2_5,2025-09-03 10:00:00,2025-09-03 13:00:00,4,4,short_linear,True,,4,2025-09-03T10:00:00|2025-09-03T11:00:00|2025-09-03T12:00:00|2025-09-03T13:00:00,0,,,,,,,,,,,
SAN_MARTIN_DE_PORRES,PM2_5,2025-09-15 12:00:00,2025-09-15 12:00:00,1,1,short_linear,True,,1,2025-09-15T12:00:00,0,,,,,,,,,,,
SAN_MARTIN_DE_PORRES,PM2_5,2025-09-23 21:00:00,2025-09-23 21:00:00,1,1,short_linear,True,,1,2025-09-23T21:00:00,0,,,,,,,,,,,
SAN_MARTIN_DE_PORRES,PM2_5,2025-09-26 23:00:00,2025-09-27 21:00:00,23,23,weekly_seasonal,True,,23,2025-09-26T23:00:00|2025-09-27T00:00:00|2025-09-27T01:00:00|2025-09-27T02:00:00|2025-09-27T03:00:00|2025-09-27T04:00:00|2025-09-27T05:00:00|2025-09-27T06:00:00|2025-09-27T07:00:00|2025-09-27T08:00:00|2025-09-27T09:00:00|2025-09-27T10:00:00|2025-09-27T11:00:00|2025-09-27T12:00:00|2025-09-27T13:00:00|2025-09-27T14:00:00|2025-09-27T15:00:00|2025-09-27T16:00:00|2025-09-27T17:00:00|2025-09-27T18:00:00|2025-09-27T19:00:00|2025-09-27T20:00:00|2025-09-27T21:00:00,0,,,,,,,,,,4.0,
SAN_MARTIN_DE_PORRES,PM2_5,2025-10-17 10:00:00,2025-10-17 10:00:00,1,1,short_linear,True,,1,2025-10-17T10:00:00,0,,,,,,,,,,,
SAN_MARTIN_DE_PORRES,PM2_5,2025-11-17 13:00:00,2025-11-17 14:00:00,2,2,short_linear,True,,2,2025-11-17T13:00:00|2025-11-17T14:00:00,0,,,,,,,,,,,
SAN_MARTIN_DE_PORRES,PM2_5,2025-12-05 09:00:00,2025-12-05 09:00:00,1,1,short_linear,True,,1,2025-12-05T09:00:00,0,,,,,,,,,,,
SAN_MARTIN_DE_PORRES,PM2_5,2025-12-09 17:00:00,2025-12-09 18:00:00,2,2,short_linear,True,,2,2025-12-09T17:00:00|2025-12-09T18:00:00,0,,,,,,,,,,,
SAN_MARTIN_DE_PORRES,PM2_5,2025-12-10 16:00:00,2025-12-10 17:00:00,2,2,short_linear,True,,2,2025-12-10T16:00:00|2025-12-10T17:00:00,0,,,,,,,,,,,
SAN_MARTIN_DE_PORRES,PM2_5,2026-01-07 22:00:00,2026-01-07 22:00:00,1,1,short_linear,True,,1,2026-01-07T22:00:00,0,,,,,,,,,,,
SAN_MARTIN_DE_PORRES,PM2_5,2026-01-12 07:00:00,2026-01-12 11:00:00,5,5,weekly_seasonal,True,,5,2026-01-12T07:00:00|2026-01-12T08:00:00|2026-01-12T09:00:00|2026-01-12T10:00:00|2026-01-12T11:00:00,0,,,,,,,,,,4.0,
SAN_MARTIN_DE_PORRES,PM2_5,2026-01-15 12:00:00,2026-01-16 09:00:00,22,22,weekly_seasonal,True,,22,2026-01-15T12:00:00|2026-01-15T13:00:00|2026-01-15T14:00:00|2026-01-15T15:00:00|2026-01-15T16:00:00|2026-01-15T17:00:00|2026-01-15T18:00:00|2026-01-15T19:00:00|2026-01-15T20:00:00|2026-01-15T21:00:00|2026-01-15T22:00:00|2026-01-15T23:00:00|2026-01-16T00:00:00|2026-01-16T01:00:00|2026-01-16T02:00:00|2026-01-16T03:00:00|2026-01-16T04:00:00|2026-01-16T05:00:00|2026-01-16T06:00:00|2026-01-16T07:00:00|2026-01-16T08:00:00|2026-01-16T09:00:00,0,,,,,,,,,,4.0,
SAN_MARTIN_DE_PORRES,PM2_5,2026-02-04 12:00:00,2026-02-04 12:00:00,1,1,short_linear,True,,1,2026-02-04T12:00:00,0,,,,,,,,,,,
SAN_MARTIN_DE_PORRES,PM2_5,2026-02-11 02:00:00,2026-02-11 04:00:00,3,3,short_linear,True,,3,2026-02-11T02:00:00|2026-02-11T03:00:00|2026-02-11T04:00:00,0,,,,,,,,,,,
SAN_MARTIN_DE_PORRES,PM2_5,2026-02-12 20:00:00,2026-02-12 20:00:00,1,1,short_linear,True,,1,2026-02-12T20:00:00,0,,,,,,,,,,,
SAN_MARTIN_DE_PORRES,PM2_5,2026-03-30 16:00:00,2026-03-30 16:00:00,1,1,short_linear,True,,1,2026-03-30T16:00:00,0,,,,,,,,,,,
SAN_MARTIN_DE_PORRES,PM2_5,2026-04-27 09:00:00,2026-04-27 09:00:00,1,1,short_linear,True,,1,2026-04-27T09:00:00,0,,,,,,,,,,,
SAN_MARTIN_DE_PORRES,PM2_5,2026-05-29 01:00:00,2026-05-29 02:00:00,2,2,short_linear,True,,2,2026-05-29T01:00:00|2026-05-29T02:00:00,0,,,,,,,,,,,
SAN_MARTIN_DE_PORRES,PM2_5,2026-06-01 11:00:00,2026-06-03 12:00:00,50,50,weekly_seasonal,True,,50,2026-06-01T11:00:00|2026-06-01T12:00:00|2026-06-01T13:00:00|2026-06-01T14:00:00|2026-06-01T15:00:00|2026-06-01T16:00:00|2026-06-01T17:00:00|2026-06-01T18:00:00|2026-06-01T19:00:00|2026-06-01T20:00:00|2026-06-01T21:00:00|2026-06-01T22:00:00|2026-06-01T23:00:00|2026-06-02T00:00:00|2026-06-02T01:00:00|2026-06-02T02:00:00|2026-06-02T03:00:00|2026-06-02T04:00:00|2026-06-02T05:00:00|2026-06-02T06:00:00|2026-06-02T07:00:00|2026-06-02T08:00:00|2026-06-02T09:00:00|2026-06-02T10:00:00|2026-06-02T11:00:00|2026-06-02T12:00:00|2026-06-02T13:00:00|2026-06-02T14:00:00|2026-06-02T15:00:00|2026-06-02T16:00:00|2026-06-02T17:00:00|2026-06-02T18:00:00|2026-06-02T19:00:00|2026-06-02T20:00:00|2026-06-02T21:00:00|2026-06-02T22:00:00|2026-06-02T23:00:00|2026-06-03T00:00:00|2026-06-03T01:00:00|2026-06-03T02:00:00|2026-06-03T03:00:00|2026-06-03T04:00:00|2026-06-03T05:00:00|2026-06-03T06:00:00|2026-06-03T07:00:00|2026-06-03T08:00:00|2026-06-03T09:00:00|2026-06-03T10:00:00|2026-06-03T11:00:00|2026-06-03T12:00:00,0,,,,,,,,,,4.0,
SAN_MARTIN_DE_PORRES,PM2_5,2026-06-04 14:00:00,2026-06-04 14:00:00,1,1,short_linear,True,,1,2026-06-04T14:00:00,0,,,,,,,,,,,
SAN_MARTIN_DE_PORRES,PM2_5,2026-06-04 22:00:00,2026-06-04 22:00:00,1,1,short_linear,True,,1,2026-06-04T22:00:00,0,,,,,,,,,,,
SAN_MARTIN_DE_PORRES,PM2_5,2026-06-05 17:00:00,2026-06-05 17:00:00,1,1,short_linear,True,,1,2026-06-05T17:00:00,0,,,,,,,,,,,
SAN_MARTIN_DE_PORRES,PM2_5,2026-06-19 14:00:00,2026-06-19 14:00:00,1,1,short_linear,True,,1,2026-06-19T14:00:00,0,,,,,,,,,,,
SAN_MARTIN_DE_PORRES,PM2_5,2026-06-21 20:00:00,2026-06-21 23:00:00,4,4,short_linear,True,,4,2026-06-21T20:00:00|2026-06-21T21:00:00|2026-06-21T22:00:00|2026-06-21T23:00:00,0,,,,,,,,,,,
SAN_MARTIN_DE_PORRES,PM2_5,2026-06-22 12:00:00,2026-06-22 12:00:00,1,1,short_linear,True,,1,2026-06-22T12:00:00,0,,,,,,,,,,,
SAN_MARTIN_DE_PORRES,PM2_5,2026-06-22 15:00:00,2026-06-22 16:00:00,2,2,short_linear,True,,2,2026-06-22T15:00:00|2026-06-22T16:00:00,0,,,,,,,,,,,
VILLA_MARIA_DEL_TRIUNFO,PM2_5,2025-01-03 16:00:00,2025-01-03 17:00:00,2,2,short_linear,True,,2,2025-01-03T16:00:00|2025-01-03T17:00:00,0,,,,,,,,,,,
VILLA_MARIA_DEL_TRIUNFO,PM2_5,2025-01-07 13:00:00,2025-01-28 13:00:00,505,505,cross_year_analog,True,,482,2025-01-07T13:00:00|2025-01-07T14:00:00|2025-01-07T15:00:00|2025-01-07T16:00:00|2025-01-07T17:00:00|2025-01-07T18:00:00|2025-01-07T19:00:00|2025-01-07T20:00:00|2025-01-07T21:00:00|2025-01-07T23:00:00|2025-01-08T00:00:00|2025-01-08T01:00:00|2025-01-08T02:00:00|2025-01-08T03:00:00|2025-01-08T04:00:00|2025-01-08T05:00:00|2025-01-08T06:00:00|2025-01-08T07:00:00|2025-01-08T08:00:00|2025-01-08T09:00:00|2025-01-08T10:00:00|2025-01-08T11:00:00|2025-01-08T12:00:00|2025-01-08T13:00:00|2025-01-08T14:00:00|2025-01-08T15:00:00|2025-01-08T16:00:00|2025-01-08T17:00:00|2025-01-08T18:00:00|2025-01-08T19:00:00|2025-01-08T20:00:00|2025-01-08T21:00:00|2025-01-08T22:00:00|2025-01-08T23:00:00|2025-01-09T00:00:00|2025-01-09T01:00:00|2025-01-09T02:00:00|2025-01-09T03:00:00|2025-01-09T04:00:00|2025-01-09T05:00:00|2025-01-09T06:00:00|2025-01-09T07:00:00|2025-01-09T08:00:00|2025-01-09T09:00:00|2025-01-09T10:00:00|2025-01-09T11:00:00|2025-01-09T12:00:00|2025-01-09T13:00:00|2025-01-09T14:00:00|2025-01-09T15:00:00|2025-01-09T16:00:00|2025-01-09T17:00:00|2025-01-09T18:00:00|2025-01-09T19:00:00|2025-01-09T20:00:00|2025-01-09T21:00:00|2025-01-09T22:00:00|2025-01-09T23:00:00|2025-01-10T00:00:00|2025-01-10T01:00:00|2025-01-10T02:00:00|2025-01-10T03:00:00|2025-01-10T04:00:00|2025-01-10T05:00:00|2025-01-10T06:00:00|2025-01-10T07:00:00|2025-01-10T08:00:00|2025-01-10T09:00:00|2025-01-10T10:00:00|2025-01-10T11:00:00|2025-01-10T12:00:00|2025-01-10T13:00:00|2025-01-10T14:00:00|2025-01-10T15:00:00|2025-01-10T16:00:00|2025-01-10T17:00:00|2025-01-10T18:00:00|2025-01-10T19:00:00|2025-01-10T20:00:00|2025-01-10T21:00:00|2025-01-10T22:00:00|2025-01-10T23:00:00|2025-01-11T00:00:00|2025-01-11T01:00:00|2025-01-11T02:00:00|2025-01-11T03:00:00|2025-01-11T04:00:00|2025-01-11T05:00:00|2025-01-11T06:00:00|2025-01-11T07:00:00|2025-01-11T08:00:00|2025-01-11T09:00:00|2025-01-11T10:00:00|2025-01-11T11:00:00|2025-01-11T12:00:00|2025-01-11T13:00:00|2025-01-11T14:00:00|2025-01-11T15:00:00|2025-01-11T16:00:00|2025-01-11T17:00:00|2025-01-11T18:00:00|2025-01-11T19:00:00|2025-01-11T20:00:00|2025-01-11T21:00:00|2025-01-11T22:00:00|2025-01-11T23:00:00|2025-01-12T00:00:00|2025-01-12T01:00:00|2025-01-12T02:00:00|2025-01-12T03:00:00|2025-01-12T04:00:00|2025-01-12T05:00:00|2025-01-12T06:00:00|2025-01-12T07:00:00|2025-01-12T08:00:00|2025-01-12T09:00:00|2025-01-12T10:00:00|2025-01-12T11:00:00|2025-01-12T12:00:00|2025-01-12T13:00:00|2025-01-12T14:00:00|2025-01-12T15:00:00|2025-01-12T16:00:00|2025-01-12T17:00:00|2025-01-12T18:00:00|2025-01-12T19:00:00|2025-01-12T20:00:00|2025-01-12T21:00:00|2025-01-12T22:00:00|2025-01-12T23:00:00|2025-01-13T00:00:00|2025-01-13T01:00:00|2025-01-13T02:00:00|2025-01-13T03:00:00|2025-01-13T04:00:00|2025-01-13T05:00:00|2025-01-13T06:00:00|2025-01-13T07:00:00|2025-01-13T08:00:00|2025-01-13T09:00:00|2025-01-13T10:00:00|2025-01-13T11:00:00|2025-01-13T12:00:00|2025-01-13T13:00:00|2025-01-13T14:00:00|2025-01-13T15:00:00|2025-01-13T16:00:00|2025-01-13T17:00:00|2025-01-13T18:00:00|2025-01-13T19:00:00|2025-01-13T20:00:00|2025-01-13T21:00:00|2025-01-13T22:00:00|2025-01-13T23:00:00|2025-01-14T00:00:00|2025-01-14T01:00:00|2025-01-14T02:00:00|2025-01-14T03:00:00|2025-01-14T04:00:00|2025-01-14T05:00:00|2025-01-14T06:00:00|2025-01-14T07:00:00|2025-01-14T08:00:00|2025-01-14T09:00:00|2025-01-14T10:00:00|2025-01-14T11:00:00|2025-01-14T12:00:00|2025-01-14T13:00:00|2025-01-14T14:00:00|2025-01-14T15:00:00|2025-01-14T16:00:00|2025-01-14T17:00:00|2025-01-14T18:00:00|2025-01-14T19:00:00|2025-01-14T20:00:00|2025-01-14T21:00:00|2025-01-14T22:00:00|2025-01-14T23:00:00|2025-01-15T00:00:00|2025-01-15T01:00:00|2025-01-15T02:00:00|2025-01-15T03:00:00|2025-01-15T04:00:00|2025-01-15T05:00:00|2025-01-15T06:00:00|2025-01-15T07:00:00|2025-01-15T08:00:00|2025-01-15T09:00:00|2025-01-15T10:00:00|2025-01-15T11:00:00|2025-01-16T10:00:00|2025-01-16T11:00:00|2025-01-16T12:00:00|2025-01-16T13:00:00|2025-01-16T14:00:00|2025-01-16T15:00:00|2025-01-16T16:00:00|2025-01-16T17:00:00|2025-01-16T18:00:00|2025-01-16T19:00:00|2025-01-16T20:00:00|2025-01-16T21:00:00|2025-01-16T22:00:00|2025-01-16T23:00:00|2025-01-17T00:00:00|2025-01-17T01:00:00|2025-01-17T02:00:00|2025-01-17T03:00:00|2025-01-17T04:00:00|2025-01-17T05:00:00|2025-01-17T06:00:00|2025-01-17T07:00:00|2025-01-17T08:00:00|2025-01-17T09:00:00|2025-01-17T10:00:00|2025-01-17T11:00:00|2025-01-17T12:00:00|2025-01-17T13:00:00|2025-01-17T14:00:00|2025-01-17T15:00:00|2025-01-17T16:00:00|2025-01-17T17:00:00|2025-01-17T18:00:00|2025-01-17T19:00:00|2025-01-17T20:00:00|2025-01-17T21:00:00|2025-01-17T22:00:00|2025-01-17T23:00:00|2025-01-18T00:00:00|2025-01-18T01:00:00|2025-01-18T02:00:00|2025-01-18T03:00:00|2025-01-18T04:00:00|2025-01-18T05:00:00|2025-01-18T06:00:00|2025-01-18T07:00:00|2025-01-18T08:00:00|2025-01-18T09:00:00|2025-01-18T10:00:00|2025-01-18T11:00:00|2025-01-18T12:00:00|2025-01-18T13:00:00|2025-01-18T14:00:00|2025-01-18T15:00:00|2025-01-18T16:00:00|2025-01-18T17:00:00|2025-01-18T18:00:00|2025-01-18T19:00:00|2025-01-18T20:00:00|2025-01-18T21:00:00|2025-01-18T22:00:00|2025-01-18T23:00:00|2025-01-19T00:00:00|2025-01-19T01:00:00|2025-01-19T02:00:00|2025-01-19T03:00:00|2025-01-19T04:00:00|2025-01-19T05:00:00|2025-01-19T06:00:00|2025-01-19T07:00:00|2025-01-19T08:00:00|2025-01-19T09:00:00|2025-01-19T10:00:00|2025-01-19T11:00:00|2025-01-19T12:00:00|2025-01-19T13:00:00|2025-01-19T14:00:00|2025-01-19T15:00:00|2025-01-19T16:00:00|2025-01-19T17:00:00|2025-01-19T18:00:00|2025-01-19T19:00:00|2025-01-19T20:00:00|2025-01-19T21:00:00|2025-01-19T22:00:00|2025-01-19T23:00:00|2025-01-20T00:00:00|2025-01-20T01:00:00|2025-01-20T02:00:00|2025-01-20T03:00:00|2025-01-20T04:00:00|2025-01-20T05:00:00|2025-01-20T06:00:00|2025-01-20T07:00:00|2025-01-20T08:00:00|2025-01-20T09:00:00|2025-01-20T10:00:00|2025-01-20T11:00:00|2025-01-20T12:00:00|2025-01-20T13:00:00|2025-01-20T14:00:00|2025-01-20T15:00:00|2025-01-20T16:00:00|2025-01-20T17:00:00|2025-01-20T18:00:00|2025-01-20T19:00:00|2025-01-20T20:00:00|2025-01-20T21:00:00|2025-01-20T22:00:00|2025-01-20T23:00:00|2025-01-21T00:00:00|2025-01-21T01:00:00|2025-01-21T02:00:00|2025-01-21T03:00:00|2025-01-21T04:00:00|2025-01-21T05:00:00|2025-01-21T06:00:00|2025-01-21T07:00:00|2025-01-21T08:00:00|2025-01-21T09:00:00|2025-01-21T10:00:00|2025-01-21T11:00:00|2025-01-21T12:00:00|2025-01-21T13:00:00|2025-01-21T14:00:00|2025-01-21T15:00:00|2025-01-21T16:00:00|2025-01-21T17:00:00|2025-01-21T18:00:00|2025-01-21T19:00:00|2025-01-21T20:00:00|2025-01-21T21:00:00|2025-01-21T22:00:00|2025-01-21T23:00:00|2025-01-22T00:00:00|2025-01-22T01:00:00|2025-01-22T02:00:00|2025-01-22T03:00:00|2025-01-22T04:00:00|2025-01-22T05:00:00|2025-01-22T06:00:00|2025-01-22T07:00:00|2025-01-22T08:00:00|2025-01-22T09:00:00|2025-01-22T10:00:00|2025-01-22T11:00:00|2025-01-22T12:00:00|2025-01-22T13:00:00|2025-01-22T14:00:00|2025-01-22T15:00:00|2025-01-22T16:00:00|2025-01-22T17:00:00|2025-01-22T18:00:00|2025-01-22T19:00:00|2025-01-22T20:00:00|2025-01-22T21:00:00|2025-01-22T22:00:00|2025-01-22T23:00:00|2025-01-23T00:00:00|2025-01-23T01:00:00|2025-01-23T02:00:00|2025-01-23T03:00:00|2025-01-23T04:00:00|2025-01-23T05:00:00|2025-01-23T06:00:00|2025-01-23T07:00:00|2025-01-23T08:00:00|2025-01-23T09:00:00|2025-01-23T10:00:00|2025-01-23T11:00:00|2025-01-23T12:00:00|2025-01-23T13:00:00|2025-01-23T14:00:00|2025-01-23T15:00:00|2025-01-23T16:00:00|2025-01-23T17:00:00|2025-01-23T18:00:00|2025-01-23T19:00:00|2025-01-23T20:00:00|2025-01-23T21:00:00|2025-01-23T22:00:00|2025-01-23T23:00:00|2025-01-24T00:00:00|2025-01-24T01:00:00|2025-01-24T02:00:00|2025-01-24T03:00:00|2025-01-24T04:00:00|2025-01-24T05:00:00|2025-01-24T06:00:00|2025-01-24T07:00:00|2025-01-24T08:00:00|2025-01-24T09:00:00|2025-01-24T10:00:00|2025-01-24T11:00:00|2025-01-24T12:00:00|2025-01-24T13:00:00|2025-01-24T14:00:00|2025-01-24T15:00:00|2025-01-24T16:00:00|2025-01-24T17:00:00|2025-01-24T18:00:00|2025-01-24T19:00:00|2025-01-24T20:00:00|2025-01-24T21:00:00|2025-01-24T22:00:00|2025-01-24T23:00:00|2025-01-25T00:00:00|2025-01-25T01:00:00|2025-01-25T02:00:00|2025-01-25T03:00:00|2025-01-25T04:00:00|2025-01-25T05:00:00|2025-01-25T06:00:00|2025-01-25T07:00:00|2025-01-25T08:00:00|2025-01-25T09:00:00|2025-01-25T10:00:00|2025-01-25T11:00:00|2025-01-25T12:00:00|2025-01-25T13:00:00|2025-01-25T14:00:00|2025-01-25T15:00:00|2025-01-25T16:00:00|2025-01-25T17:00:00|2025-01-25T18:00:00|2025-01-25T19:00:00|2025-01-25T20:00:00|2025-01-25T21:00:00|2025-01-25T22:00:00|2025-01-25T23:00:00|2025-01-26T00:00:00|2025-01-26T01:00:00|2025-01-26T02:00:00|2025-01-26T03:00:00|2025-01-26T04:00:00|2025-01-26T05:00:00|2025-01-26T06:00:00|2025-01-26T07:00:00|2025-01-26T08:00:00|2025-01-26T09:00:00|2025-01-26T10:00:00|2025-01-26T11:00:00|2025-01-26T12:00:00|2025-01-26T13:00:00|2025-01-26T14:00:00|2025-01-26T15:00:00|2025-01-26T16:00:00|2025-01-26T17:00:00|2025-01-26T18:00:00|2025-01-26T19:00:00|2025-01-26T20:00:00|2025-01-26T21:00:00|2025-01-26T22:00:00|2025-01-26T23:00:00|2025-01-27T00:00:00|2025-01-27T01:00:00|2025-01-27T02:00:00|2025-01-27T03:00:00|2025-01-27T04:00:00|2025-01-27T05:00:00|2025-01-27T06:00:00|2025-01-27T07:00:00|2025-01-27T08:00:00|2025-01-27T09:00:00|2025-01-27T10:00:00|2025-01-27T11:00:00|2025-01-27T12:00:00|2025-01-27T13:00:00|2025-01-27T14:00:00|2025-01-27T15:00:00|2025-01-27T16:00:00|2025-01-27T17:00:00|2025-01-27T18:00:00|2025-01-27T19:00:00|2025-01-27T20:00:00|2025-01-27T21:00:00|2025-01-27T22:00:00|2025-01-27T23:00:00|2025-01-28T00:00:00|2025-01-28T01:00:00|2025-01-28T02:00:00|2025-01-28T03:00:00|2025-01-28T04:00:00|2025-01-28T05:00:00|2025-01-28T06:00:00|2025-01-28T07:00:00|2025-01-28T08:00:00|2025-01-28T09:00:00|2025-01-28T10:00:00|2025-01-28T11:00:00|2025-01-28T12:00:00|2025-01-28T13:00:00,23,,,,,,,,,,1.0,
VILLA_MARIA_DEL_TRIUNFO,PM2_5,2025-01-07 13:00:00,2025-01-28 13:00:00,505,505,interstation_regression,False,r2_below_threshold,0,,23,0.10664597783804006,SAN_BORJA,11.497865872896345,1.0,10202.0,8.348321002248056,0.3276255828000229,0.5,TimeSeriesSplit(5),,
VILLA_MARIA_DEL_TRIUNFO,PM2_5,2025-01-07 13:00:00,2025-01-28 13:00:00,505,505,interstation_regression,False,r2_below_threshold,0,,23,-0.6192848275815621,SANTA_ANITA,14.815818116383996,1.0,9952.0,10.241571454323207,0.21025277052627622,0.5,TimeSeriesSplit(5),,
VILLA_MARIA_DEL_TRIUNFO,PM2_5,2025-01-07 13:00:00,2025-01-28 13:00:00,505,505,interstation_regression,False,insufficient_gap_coverage,0,,23,,CERES,15.33190186702177,0.0,,,,0.5,TimeSeriesSplit(5),,
VILLA_MARIA_DEL_TRIUNFO,PM2_5,2025-01-07 13:00:00,2025-01-28 13:00:00,505,505,interstation_regression,False,r2_below_threshold,0,,23,-1.1101001431468787,CAMPO_DE_MARTE,17.12047144495633,1.0,9995.0,13.337964106333253,0.14459857645031016,0.5,TimeSeriesSplit(5),,
VILLA_MARIA_DEL_TRIUNFO,PM2_5,2025-01-07 13:00:00,2025-01-28 13:00:00,505,505,interstation_regression,False,r2_below_threshold,0,,23,-0.5088437537718378,PARIACHI,20.294070269909962,1.0,9840.0,10.953617307697868,0.14047383621950463,0.5,TimeSeriesSplit(5),,
VILLA_MARIA_DEL_TRIUNFO,PM2_5,2025-01-07 13:00:00,2025-01-28 13:00:00,505,505,interstation_regression,False,r2_below_threshold,0,,23,0.02953284651156478,SAN_JUAN_DE_LURIGANCHO,22.364626981640622,0.9565217391304348,9739.0,8.086830079114055,0.3381065764781606,0.5,TimeSeriesSplit(5),,
VILLA_MARIA_DEL_TRIUNFO,PM2_5,2025-01-07 13:00:00,2025-01-28 13:00:00,505,505,interstation_regression,False,r2_below_threshold,0,,23,0.01462033469027182,SAN_MARTIN_DE_PORRES,25.032441524209236,1.0,10312.0,10.150012059733275,0.2718902389289699,0.5,TimeSeriesSplit(5),,
VILLA_MARIA_DEL_TRIUNFO,PM2_5,2025-01-07 13:00:00,2025-01-28 13:00:00,505,505,interstation_regression,False,insufficient_gap_coverage,0,,23,,CARABAYLLO,31.86967823670068,0.0,,,,0.5,TimeSeriesSplit(5),,
VILLA_MARIA_DEL_TRIUNFO,PM2_5,2025-01-07 13:00:00,2025-01-28 13:00:00,505,505,unimputable,False,no_method_available,0,,23,,,,,,,,,,,
VILLA_MARIA_DEL_TRIUNFO,PM2_5,2025-02-02 10:00:00,2025-02-03 16:00:00,31,31,cross_year_analog,True,,3,2025-02-03T14:00:00|2025-02-03T15:00:00|2025-02-03T16:00:00,28,,,,,,,,,,1.0,
VILLA_MARIA_DEL_TRIUNFO,PM2_5,2025-02-02 10:00:00,2025-02-03 16:00:00,31,31,interstation_regression,False,r2_below_threshold,0,,28,0.10664597783804006,SAN_BORJA,11.497865872896345,1.0,10202.0,8.348321002248056,0.3276255828000229,0.5,TimeSeriesSplit(5),,
VILLA_MARIA_DEL_TRIUNFO,PM2_5,2025-02-02 10:00:00,2025-02-03 16:00:00,31,31,interstation_regression,False,r2_below_threshold,0,,28,-0.6192848275815621,SANTA_ANITA,14.815818116383996,1.0,9952.0,10.241571454323207,0.21025277052627622,0.5,TimeSeriesSplit(5),,
VILLA_MARIA_DEL_TRIUNFO,PM2_5,2025-02-02 10:00:00,2025-02-03 16:00:00,31,31,interstation_regression,False,insufficient_gap_coverage,0,,28,,CERES,15.33190186702177,0.0,,,,0.5,TimeSeriesSplit(5),,
VILLA_MARIA_DEL_TRIUNFO,PM2_5,2025-02-02 10:00:00,2025-02-03 16:00:00,31,31,interstation_regression,False,r2_below_threshold,0,,28,-1.1101001431468787,CAMPO_DE_MARTE,17.12047144495633,0.9642857142857143,9995.0,13.337964106333253,0.14459857645031016,0.5,TimeSeriesSplit(5),,
VILLA_MARIA_DEL_TRIUNFO,PM2_5,2025-02-02 10:00:00,2025-02-03 16:00:00,31,31,interstation_regression,False,insufficient_gap_coverage,0,,28,,PARIACHI,20.294070269909962,0.0,,,,0.5,TimeSeriesSplit(5),,
VILLA_MARIA_DEL_TRIUNFO,PM2_5,2025-02-02 10:00:00,2025-02-03 16:00:00,31,31,interstation_regression,False,r2_below_threshold,0,,28,0.02953284651156478,SAN_JUAN_DE_LURIGANCHO,22.364626981640622,1.0,9739.0,8.086830079114055,0.3381065764781606,0.5,TimeSeriesSplit(5),,
VILLA_MARIA_DEL_TRIUNFO,PM2_5,2025-02-02 10:00:00,2025-02-03 16:00:00,31,31,interstation_regression,False,r2_below_threshold,0,,28,0.01462033469027182,SAN_MARTIN_DE_PORRES,25.032441524209236,1.0,10312.0,10.150012059733275,0.2718902389289699,0.5,TimeSeriesSplit(5),,
VILLA_MARIA_DEL_TRIUNFO,PM2_5,2025-02-02 10:00:00,2025-02-03 16:00:00,31,31,interstation_regression,False,insufficient_gap_coverage,0,,28,,CARABAYLLO,31.86967823670068,0.0,,,,0.5,TimeSeriesSplit(5),,
VILLA_MARIA_DEL_TRIUNFO,PM2_5,2025-02-02 10:00:00,2025-02-03 16:00:00,31,31,unimputable,False,no_method_available,0,,28,,,,,,,,,,,
VILLA_MARIA_DEL_TRIUNFO,PM2_5,2025-02-08 10:00:00,2025-02-12 15:00:00,102,102,weekly_seasonal,True,,70,2025-02-08T10:00:00|2025-02-08T11:00:00|2025-02-08T12:00:00|2025-02-08T13:00:00|2025-02-08T14:00:00|2025-02-08T15:00:00|2025-02-08T16:00:00|2025-02-08T17:00:00|2025-02-08T18:00:00|2025-02-08T19:00:00|2025-02-08T20:00:00|2025-02-08T21:00:00|2025-02-08T22:00:00|2025-02-08T23:00:00|2025-02-09T00:00:00|2025-02-09T01:00:00|2025-02-09T02:00:00|2025-02-09T03:00:00|2025-02-09T04:00:00|2025-02-09T05:00:00|2025-02-09T06:00:00|2025-02-09T07:00:00|2025-02-09T08:00:00|2025-02-09T09:00:00|2025-02-10T17:00:00|2025-02-10T19:00:00|2025-02-10T20:00:00|2025-02-10T21:00:00|2025-02-10T22:00:00|2025-02-10T23:00:00|2025-02-11T00:00:00|2025-02-11T01:00:00|2025-02-11T02:00:00|2025-02-11T03:00:00|2025-02-11T04:00:00|2025-02-11T05:00:00|2025-02-11T06:00:00|2025-02-11T07:00:00|2025-02-11T08:00:00|2025-02-11T09:00:00|2025-02-11T10:00:00|2025-02-11T11:00:00|2025-02-11T12:00:00|2025-02-11T13:00:00|2025-02-11T14:00:00|2025-02-11T15:00:00|2025-02-11T16:00:00|2025-02-11T17:00:00|2025-02-11T18:00:00|2025-02-11T19:00:00|2025-02-11T20:00:00|2025-02-11T21:00:00|2025-02-11T22:00:00|2025-02-11T23:00:00|2025-02-12T00:00:00|2025-02-12T01:00:00|2025-02-12T02:00:00|2025-02-12T03:00:00|2025-02-12T04:00:00|2025-02-12T05:00:00|2025-02-12T06:00:00|2025-02-12T07:00:00|2025-02-12T08:00:00|2025-02-12T09:00:00|2025-02-12T10:00:00|2025-02-12T11:00:00|2025-02-12T12:00:00|2025-02-12T13:00:00|2025-02-12T14:00:00|2025-02-12T15:00:00,0,,,,,,,,,,3.0,
VILLA_MARIA_DEL_TRIUNFO,PM2_5,2025-02-08 10:00:00,2025-02-12 15:00:00,102,102,cross_year_analog,True,,32,2025-02-09T10:00:00|2025-02-09T11:00:00|2025-02-09T12:00:00|2025-02-09T13:00:00|2025-02-09T14:00:00|2025-02-09T15:00:00|2025-02-09T16:00:00|2025-02-09T17:00:00|2025-02-09T18:00:00|2025-02-09T19:00:00|2025-02-09T20:00:00|2025-02-09T21:00:00|2025-02-09T22:00:00|2025-02-09T23:00:00|2025-02-10T00:00:00|2025-02-10T01:00:00|2025-02-10T02:00:00|2025-02-10T03:00:00|2025-02-10T04:00:00|2025-02-10T05:00:00|2025-02-10T06:00:00|2025-02-10T07:00:00|2025-02-10T08:00:00|2025-02-10T09:00:00|2025-02-10T10:00:00|2025-02-10T11:00:00|2025-02-10T12:00:00|2025-02-10T13:00:00|2025-02-10T14:00:00|2025-02-10T15:00:00|2025-02-10T16:00:00|2025-02-10T18:00:00,0,,,,,,,,,,1.0,
VILLA_MARIA_DEL_TRIUNFO,PM2_5,2025-02-14 11:00:00,2025-02-14 11:00:00,1,1,short_linear,True,,1,2025-02-14T11:00:00,0,,,,,,,,,,,
VILLA_MARIA_DEL_TRIUNFO,PM2_5,2025-02-19 15:00:00,2025-02-19 15:00:00,1,1,short_linear,True,,1,2025-02-19T15:00:00,0,,,,,,,,,,,
VILLA_MARIA_DEL_TRIUNFO,PM2_5,2025-02-20 13:00:00,2025-02-20 14:00:00,2,2,short_linear,True,,2,2025-02-20T13:00:00|2025-02-20T14:00:00,0,,,,,,,,,,,
VILLA_MARIA_DEL_TRIUNFO,PM2_5,2025-02-24 18:00:00,2025-02-24 18:00:00,1,1,short_linear,True,,1,2025-02-24T18:00:00,0,,,,,,,,,,,
VILLA_MARIA_DEL_TRIUNFO,PM2_5,2025-03-01 16:00:00,2025-03-01 16:00:00,1,1,short_linear,True,,1,2025-03-01T16:00:00,0,,,,,,,,,,,
VILLA_MARIA_DEL_TRIUNFO,PM2_5,2025-03-06 19:00:00,2025-03-06 19:00:00,1,1,short_linear,True,,1,2025-03-06T19:00:00,0,,,,,,,,,,,
VILLA_MARIA_DEL_TRIUNFO,PM2_5,2025-03-12 13:00:00,2025-03-12 13:00:00,1,1,short_linear,True,,1,2025-03-12T13:00:00,0,,,,,,,,,,,
VILLA_MARIA_DEL_TRIUNFO,PM2_5,2025-03-12 18:00:00,2025-03-12 22:00:00,5,5,weekly_seasonal,True,,5,2025-03-12T18:00:00|2025-03-12T19:00:00|2025-03-12T20:00:00|2025-03-12T21:00:00|2025-03-12T22:00:00,0,,,,,,,,,,4.0,
VILLA_MARIA_DEL_TRIUNFO,PM2_5,2025-03-18 08:00:00,2025-03-18 08:00:00,1,1,short_linear,True,,1,2025-03-18T08:00:00,0,,,,,,,,,,,
VILLA_MARIA_DEL_TRIUNFO,PM2_5,2025-03-20 22:00:00,2025-03-20 22:00:00,1,1,short_linear,True,,1,2025-03-20T22:00:00,0,,,,,,,,,,,
VILLA_MARIA_DEL_TRIUNFO,PM2_5,2025-03-24 09:00:00,2025-03-24 09:00:00,1,1,short_linear,True,,1,2025-03-24T09:00:00,0,,,,,,,,,,,
VILLA_MARIA_DEL_TRIUNFO,PM2_5,2025-03-29 16:00:00,2025-03-29 16:00:00,1,1,short_linear,True,,1,2025-03-29T16:00:00,0,,,,,,,,,,,
VILLA_MARIA_DEL_TRIUNFO,PM2_5,2025-04-04 14:00:00,2025-04-04 14:00:00,1,1,short_linear,True,,1,2025-04-04T14:00:00,0,,,,,,,,,,,
VILLA_MARIA_DEL_TRIUNFO,PM2_5,2025-04-11 08:00:00,2025-04-11 08:00:00,1,1,short_linear,True,,1,2025-04-11T08:00:00,0,,,,,,,,,,,
VILLA_MARIA_DEL_TRIUNFO,PM2_5,2025-04-16 13:00:00,2025-04-16 14:00:00,2,2,short_linear,True,,2,2025-04-16T13:00:00|2025-04-16T14:00:00,0,,,,,,,,,,,
VILLA_MARIA_DEL_TRIUNFO,PM2_5,2025-04-21 11:00:00,2025-04-21 16:00:00,6,6,weekly_seasonal,True,,6,2025-04-21T11:00:00|2025-04-21T12:00:00|2025-04-21T13:00:00|2025-04-21T14:00:00|2025-04-21T15:00:00|2025-04-21T16:00:00,0,,,,,,,,,,4.0,
VILLA_MARIA_DEL_TRIUNFO,PM2_5,2025-04-28 08:00:00,2025-04-28 08:00:00,1,1,short_linear,True,,1,2025-04-28T08:00:00,0,,,,,,,,,,,
VILLA_MARIA_DEL_TRIUNFO,PM2_5,2025-05-01 08:00:00,2025-05-01 08:00:00,1,1,short_linear,True,,1,2025-05-01T08:00:00,0,,,,,,,,,,,
VILLA_MARIA_DEL_TRIUNFO,PM2_5,2025-05-07 00:00:00,2025-05-07 04:00:00,5,5,weekly_seasonal,True,,5,2025-05-07T00:00:00|2025-05-07T01:00:00|2025-05-07T02:00:00|2025-05-07T03:00:00|2025-05-07T04:00:00,0,,,,,,,,,,4.0,
VILLA_MARIA_DEL_TRIUNFO,PM2_5,2025-05-09 09:00:00,2025-05-13 15:00:00,103,103,weekly_seasonal,True,,102,2025-05-09T09:00:00|2025-05-09T10:00:00|2025-05-09T11:00:00|2025-05-09T12:00:00|2025-05-09T13:00:00|2025-05-09T14:00:00|2025-05-09T15:00:00|2025-05-09T16:00:00|2025-05-09T17:00:00|2025-05-09T18:00:00|2025-05-09T19:00:00|2025-05-09T20:00:00|2025-05-09T21:00:00|2025-05-09T22:00:00|2025-05-09T23:00:00|2025-05-10T00:00:00|2025-05-10T01:00:00|2025-05-10T02:00:00|2025-05-10T03:00:00|2025-05-10T04:00:00|2025-05-10T05:00:00|2025-05-10T06:00:00|2025-05-10T07:00:00|2025-05-10T08:00:00|2025-05-10T09:00:00|2025-05-10T10:00:00|2025-05-10T11:00:00|2025-05-10T12:00:00|2025-05-10T13:00:00|2025-05-10T14:00:00|2025-05-10T15:00:00|2025-05-10T16:00:00|2025-05-10T17:00:00|2025-05-10T18:00:00|2025-05-10T19:00:00|2025-05-10T20:00:00|2025-05-10T21:00:00|2025-05-10T22:00:00|2025-05-10T23:00:00|2025-05-11T00:00:00|2025-05-11T01:00:00|2025-05-11T02:00:00|2025-05-11T03:00:00|2025-05-11T04:00:00|2025-05-11T05:00:00|2025-05-11T06:00:00|2025-05-11T07:00:00|2025-05-11T08:00:00|2025-05-11T09:00:00|2025-05-11T10:00:00|2025-05-11T11:00:00|2025-05-11T12:00:00|2025-05-11T13:00:00|2025-05-11T14:00:00|2025-05-11T15:00:00|2025-05-11T16:00:00|2025-05-11T17:00:00|2025-05-11T18:00:00|2025-05-11T19:00:00|2025-05-11T20:00:00|2025-05-11T21:00:00|2025-05-11T22:00:00|2025-05-11T23:00:00|2025-05-12T00:00:00|2025-05-12T01:00:00|2025-05-12T02:00:00|2025-05-12T03:00:00|2025-05-12T04:00:00|2025-05-12T05:00:00|2025-05-12T06:00:00|2025-05-12T07:00:00|2025-05-12T09:00:00|2025-05-12T10:00:00|2025-05-12T11:00:00|2025-05-12T12:00:00|2025-05-12T13:00:00|2025-05-12T14:00:00|2025-05-12T15:00:00|2025-05-12T16:00:00|2025-05-12T17:00:00|2025-05-12T18:00:00|2025-05-12T19:00:00|2025-05-12T20:00:00|2025-05-12T21:00:00|2025-05-12T22:00:00|2025-05-12T23:00:00|2025-05-13T00:00:00|2025-05-13T01:00:00|2025-05-13T02:00:00|2025-05-13T03:00:00|2025-05-13T04:00:00|2025-05-13T05:00:00|2025-05-13T06:00:00|2025-05-13T07:00:00|2025-05-13T08:00:00|2025-05-13T09:00:00|2025-05-13T10:00:00|2025-05-13T11:00:00|2025-05-13T12:00:00|2025-05-13T13:00:00|2025-05-13T14:00:00|2025-05-13T15:00:00,0,,,,,,,,,,3.0,
VILLA_MARIA_DEL_TRIUNFO,PM2_5,2025-05-09 09:00:00,2025-05-13 15:00:00,103,103,cross_year_analog,True,,1,2025-05-12T08:00:00,0,,,,,,,,,,1.0,
VILLA_MARIA_DEL_TRIUNFO,PM2_5,2025-05-23 08:00:00,2025-06-03 12:00:00,269,269,weekly_seasonal,True,,165,2025-05-23T08:00:00|2025-05-27T13:00:00|2025-05-27T14:00:00|2025-05-27T15:00:00|2025-05-27T16:00:00|2025-05-27T17:00:00|2025-05-27T18:00:00|2025-05-27T19:00:00|2025-05-27T20:00:00|2025-05-27T21:00:00|2025-05-27T22:00:00|2025-05-27T23:00:00|2025-05-28T00:00:00|2025-05-28T01:00:00|2025-05-28T02:00:00|2025-05-28T03:00:00|2025-05-28T04:00:00|2025-05-28T05:00:00|2025-05-28T06:00:00|2025-05-28T07:00:00|2025-05-28T08:00:00|2025-05-28T09:00:00|2025-05-28T10:00:00|2025-05-28T11:00:00|2025-05-28T12:00:00|2025-05-28T13:00:00|2025-05-28T14:00:00|2025-05-28T15:00:00|2025-05-28T16:00:00|2025-05-28T17:00:00|2025-05-28T18:00:00|2025-05-28T19:00:00|2025-05-28T20:00:00|2025-05-28T21:00:00|2025-05-28T22:00:00|2025-05-28T23:00:00|2025-05-29T00:00:00|2025-05-29T01:00:00|2025-05-29T02:00:00|2025-05-29T03:00:00|2025-05-29T04:00:00|2025-05-29T05:00:00|2025-05-29T06:00:00|2025-05-29T07:00:00|2025-05-29T08:00:00|2025-05-29T09:00:00|2025-05-29T10:00:00|2025-05-29T11:00:00|2025-05-29T12:00:00|2025-05-29T13:00:00|2025-05-29T14:00:00|2025-05-29T15:00:00|2025-05-29T16:00:00|2025-05-29T17:00:00|2025-05-29T18:00:00|2025-05-29T19:00:00|2025-05-29T20:00:00|2025-05-29T21:00:00|2025-05-29T22:00:00|2025-05-29T23:00:00|2025-05-30T00:00:00|2025-05-30T01:00:00|2025-05-30T02:00:00|2025-05-30T03:00:00|2025-05-30T04:00:00|2025-05-30T05:00:00|2025-05-30T06:00:00|2025-05-30T07:00:00|2025-05-30T08:00:00|2025-05-30T09:00:00|2025-05-30T10:00:00|2025-05-30T11:00:00|2025-05-30T12:00:00|2025-05-30T13:00:00|2025-05-30T14:00:00|2025-05-30T15:00:00|2025-05-30T16:00:00|2025-05-30T17:00:00|2025-05-30T18:00:00|2025-05-30T19:00:00|2025-05-30T20:00:00|2025-05-30T21:00:00|2025-05-30T22:00:00|2025-05-30T23:00:00|2025-05-31T00:00:00|2025-05-31T01:00:00|2025-05-31T02:00:00|2025-05-31T03:00:00|2025-05-31T04:00:00|2025-05-31T05:00:00|2025-05-31T06:00:00|2025-05-31T07:00:00|2025-05-31T08:00:00|2025-05-31T09:00:00|2025-05-31T10:00:00|2025-05-31T11:00:00|2025-05-31T12:00:00|2025-05-31T13:00:00|2025-05-31T14:00:00|2025-05-31T15:00:00|2025-05-31T16:00:00|2025-05-31T17:00:00|2025-05-31T18:00:00|2025-05-31T19:00:00|2025-05-31T20:00:00|2025-05-31T21:00:00|2025-05-31T22:00:00|2025-05-31T23:00:00|2025-06-01T00:00:00|2025-06-01T01:00:00|2025-06-01T02:00:00|2025-06-01T03:00:00|2025-06-01T04:00:00|2025-06-01T05:00:00|2025-06-01T06:00:00|2025-06-01T07:00:00|2025-06-01T08:00:00|2025-06-01T09:00:00|2025-06-01T10:00:00|2025-06-01T11:00:00|2025-06-01T14:00:00|2025-06-01T15:00:00|2025-06-01T16:00:00|2025-06-01T17:00:00|2025-06-01T18:00:00|2025-06-01T19:00:00|2025-06-01T20:00:00|2025-06-01T21:00:00|2025-06-01T22:00:00|2025-06-01T23:00:00|2025-06-02T00:00:00|2025-06-02T01:00:00|2025-06-02T02:00:00|2025-06-02T03:00:00|2025-06-02T04:00:00|2025-06-02T05:00:00|2025-06-02T06:00:00|2025-06-02T07:00:00|2025-06-02T08:00:00|2025-06-02T09:00:00|2025-06-02T10:00:00|2025-06-02T11:00:00|2025-06-02T12:00:00|2025-06-02T13:00:00|2025-06-02T14:00:00|2025-06-02T15:00:00|2025-06-02T16:00:00|2025-06-02T17:00:00|2025-06-02T18:00:00|2025-06-02T19:00:00|2025-06-02T20:00:00|2025-06-02T21:00:00|2025-06-02T22:00:00|2025-06-02T23:00:00|2025-06-03T00:00:00|2025-06-03T01:00:00|2025-06-03T02:00:00|2025-06-03T03:00:00|2025-06-03T06:00:00|2025-06-03T07:00:00|2025-06-03T08:00:00|2025-06-03T09:00:00|2025-06-03T10:00:00|2025-06-03T11:00:00|2025-06-03T12:00:00,0,,,,,,,,,,3.0,
VILLA_MARIA_DEL_TRIUNFO,PM2_5,2025-05-23 08:00:00,2025-06-03 12:00:00,269,269,cross_year_analog,True,,104,2025-05-23T09:00:00|2025-05-23T10:00:00|2025-05-23T11:00:00|2025-05-23T12:00:00|2025-05-23T13:00:00|2025-05-23T14:00:00|2025-05-23T15:00:00|2025-05-23T16:00:00|2025-05-23T17:00:00|2025-05-23T18:00:00|2025-05-23T19:00:00|2025-05-23T20:00:00|2025-05-23T21:00:00|2025-05-23T22:00:00|2025-05-23T23:00:00|2025-05-24T00:00:00|2025-05-24T01:00:00|2025-05-24T02:00:00|2025-05-24T03:00:00|2025-05-24T04:00:00|2025-05-24T05:00:00|2025-05-24T06:00:00|2025-05-24T07:00:00|2025-05-24T08:00:00|2025-05-24T09:00:00|2025-05-24T10:00:00|2025-05-24T11:00:00|2025-05-24T12:00:00|2025-05-24T13:00:00|2025-05-24T14:00:00|2025-05-24T15:00:00|2025-05-24T16:00:00|2025-05-24T17:00:00|2025-05-24T18:00:00|2025-05-24T19:00:00|2025-05-24T20:00:00|2025-05-24T21:00:00|2025-05-24T22:00:00|2025-05-24T23:00:00|2025-05-25T00:00:00|2025-05-25T01:00:00|2025-05-25T02:00:00|2025-05-25T03:00:00|2025-05-25T04:00:00|2025-05-25T05:00:00|2025-05-25T06:00:00|2025-05-25T07:00:00|2025-05-25T08:00:00|2025-05-25T09:00:00|2025-05-25T10:00:00|2025-05-25T11:00:00|2025-05-25T12:00:00|2025-05-25T13:00:00|2025-05-25T14:00:00|2025-05-25T15:00:00|2025-05-25T16:00:00|2025-05-25T17:00:00|2025-05-25T18:00:00|2025-05-25T19:00:00|2025-05-25T20:00:00|2025-05-25T21:00:00|2025-05-25T22:00:00|2025-05-25T23:00:00|2025-05-26T00:00:00|2025-05-26T01:00:00|2025-05-26T02:00:00|2025-05-26T03:00:00|2025-05-26T04:00:00|2025-05-26T05:00:00|2025-05-26T06:00:00|2025-05-26T07:00:00|2025-05-26T08:00:00|2025-05-26T09:00:00|2025-05-26T10:00:00|2025-05-26T11:00:00|2025-05-26T12:00:00|2025-05-26T13:00:00|2025-05-26T14:00:00|2025-05-26T15:00:00|2025-05-26T16:00:00|2025-05-26T17:00:00|2025-05-26T18:00:00|2025-05-26T19:00:00|2025-05-26T20:00:00|2025-05-26T21:00:00|2025-05-26T22:00:00|2025-05-26T23:00:00|2025-05-27T00:00:00|2025-05-27T01:00:00|2025-05-27T02:00:00|2025-05-27T03:00:00|2025-05-27T04:00:00|2025-05-27T05:00:00|2025-05-27T06:00:00|2025-05-27T07:00:00|2025-05-27T08:00:00|2025-05-27T09:00:00|2025-05-27T10:00:00|2025-05-27T11:00:00|2025-05-27T12:00:00|2025-06-01T12:00:00|2025-06-01T13:00:00|2025-06-03T04:00:00|2025-06-03T05:00:00,0,,,,,,,,,,1.0,
VILLA_MARIA_DEL_TRIUNFO,PM2_5,2025-06-04 11:00:00,2025-06-04 12:00:00,2,2,short_linear,True,,2,2025-06-04T11:00:00|2025-06-04T12:00:00,0,,,,,,,,,,,
VILLA_MARIA_DEL_TRIUNFO,PM2_5,2025-06-15 12:00:00,2025-06-15 13:00:00,2,2,short_linear,True,,2,2025-06-15T12:00:00|2025-06-15T13:00:00,0,,,,,,,,,,,
VILLA_MARIA_DEL_TRIUNFO,PM2_5,2025-06-17 04:00:00,2025-06-17 05:00:00,2,2,short_linear,True,,2,2025-06-17T04:00:00|2025-06-17T05:00:00,0,,,,,,,,,,,
VILLA_MARIA_DEL_TRIUNFO,PM2_5,2025-06-29 14:00:00,2025-06-29 14:00:00,1,1,short_linear,True,,1,2025-06-29T14:00:00,0,,,,,,,,,,,
VILLA_MARIA_DEL_TRIUNFO,PM2_5,2025-06-29 20:00:00,2025-06-29 20:00:00,1,1,short_linear,True,,1,2025-06-29T20:00:00,0,,,,,,,,,,,
VILLA_MARIA_DEL_TRIUNFO,PM2_5,2025-07-02 16:00:00,2025-07-14 14:00:00,287,287,weekly_seasonal,True,,282,2025-07-02T16:00:00|2025-07-02T17:00:00|2025-07-02T18:00:00|2025-07-02T19:00:00|2025-07-02T20:00:00|2025-07-02T21:00:00|2025-07-02T22:00:00|2025-07-02T23:00:00|2025-07-03T00:00:00|2025-07-03T01:00:00|2025-07-03T02:00:00|2025-07-03T03:00:00|2025-07-03T04:00:00|2025-07-03T05:00:00|2025-07-03T06:00:00|2025-07-03T07:00:00|2025-07-03T08:00:00|2025-07-03T09:00:00|2025-07-03T10:00:00|2025-07-03T11:00:00|2025-07-03T12:00:00|2025-07-03T13:00:00|2025-07-03T14:00:00|2025-07-03T15:00:00|2025-07-03T16:00:00|2025-07-03T17:00:00|2025-07-03T18:00:00|2025-07-03T19:00:00|2025-07-03T20:00:00|2025-07-03T21:00:00|2025-07-03T22:00:00|2025-07-03T23:00:00|2025-07-04T00:00:00|2025-07-04T01:00:00|2025-07-04T02:00:00|2025-07-04T03:00:00|2025-07-04T04:00:00|2025-07-04T05:00:00|2025-07-04T06:00:00|2025-07-04T07:00:00|2025-07-04T08:00:00|2025-07-04T09:00:00|2025-07-04T10:00:00|2025-07-04T11:00:00|2025-07-04T12:00:00|2025-07-04T13:00:00|2025-07-04T14:00:00|2025-07-04T15:00:00|2025-07-04T16:00:00|2025-07-04T17:00:00|2025-07-04T18:00:00|2025-07-04T19:00:00|2025-07-04T20:00:00|2025-07-04T21:00:00|2025-07-04T22:00:00|2025-07-04T23:00:00|2025-07-05T00:00:00|2025-07-05T01:00:00|2025-07-05T02:00:00|2025-07-05T03:00:00|2025-07-05T04:00:00|2025-07-05T05:00:00|2025-07-05T06:00:00|2025-07-05T07:00:00|2025-07-05T08:00:00|2025-07-05T09:00:00|2025-07-05T10:00:00|2025-07-05T11:00:00|2025-07-05T12:00:00|2025-07-05T13:00:00|2025-07-05T14:00:00|2025-07-05T15:00:00|2025-07-05T16:00:00|2025-07-05T17:00:00|2025-07-05T18:00:00|2025-07-05T19:00:00|2025-07-05T20:00:00|2025-07-05T21:00:00|2025-07-05T22:00:00|2025-07-05T23:00:00|2025-07-06T00:00:00|2025-07-06T01:00:00|2025-07-06T02:00:00|2025-07-06T03:00:00|2025-07-06T04:00:00|2025-07-06T05:00:00|2025-07-06T06:00:00|2025-07-06T07:00:00|2025-07-06T08:00:00|2025-07-06T09:00:00|2025-07-06T10:00:00|2025-07-06T11:00:00|2025-07-06T12:00:00|2025-07-06T13:00:00|2025-07-06T15:00:00|2025-07-06T16:00:00|2025-07-06T17:00:00|2025-07-06T18:00:00|2025-07-06T19:00:00|2025-07-06T21:00:00|2025-07-06T22:00:00|2025-07-06T23:00:00|2025-07-07T00:00:00|2025-07-07T01:00:00|2025-07-07T02:00:00|2025-07-07T03:00:00|2025-07-07T04:00:00|2025-07-07T05:00:00|2025-07-07T06:00:00|2025-07-07T07:00:00|2025-07-07T08:00:00|2025-07-07T09:00:00|2025-07-07T10:00:00|2025-07-07T11:00:00|2025-07-07T12:00:00|2025-07-07T13:00:00|2025-07-07T14:00:00|2025-07-07T15:00:00|2025-07-07T16:00:00|2025-07-07T17:00:00|2025-07-07T18:00:00|2025-07-07T19:00:00|2025-07-07T20:00:00|2025-07-07T21:00:00|2025-07-07T22:00:00|2025-07-07T23:00:00|2025-07-08T00:00:00|2025-07-08T01:00:00|2025-07-08T02:00:00|2025-07-08T03:00:00|2025-07-08T04:00:00|2025-07-08T05:00:00|2025-07-08T06:00:00|2025-07-08T07:00:00|2025-07-08T08:00:00|2025-07-08T09:00:00|2025-07-08T10:00:00|2025-07-08T11:00:00|2025-07-08T12:00:00|2025-07-08T13:00:00|2025-07-08T14:00:00|2025-07-08T15:00:00|2025-07-08T16:00:00|2025-07-08T17:00:00|2025-07-08T18:00:00|2025-07-08T19:00:00|2025-07-08T20:00:00|2025-07-08T21:00:00|2025-07-08T22:00:00|2025-07-08T23:00:00|2025-07-09T00:00:00|2025-07-09T01:00:00|2025-07-09T02:00:00|2025-07-09T03:00:00|2025-07-09T04:00:00|2025-07-09T05:00:00|2025-07-09T06:00:00|2025-07-09T07:00:00|2025-07-09T08:00:00|2025-07-09T09:00:00|2025-07-09T10:00:00|2025-07-09T11:00:00|2025-07-09T12:00:00|2025-07-09T13:00:00|2025-07-09T14:00:00|2025-07-09T15:00:00|2025-07-09T16:00:00|2025-07-09T17:00:00|2025-07-09T18:00:00|2025-07-09T19:00:00|2025-07-09T20:00:00|2025-07-09T21:00:00|2025-07-09T22:00:00|2025-07-09T23:00:00|2025-07-10T00:00:00|2025-07-10T01:00:00|2025-07-10T02:00:00|2025-07-10T03:00:00|2025-07-10T04:00:00|2025-07-10T05:00:00|2025-07-10T06:00:00|2025-07-10T07:00:00|2025-07-10T08:00:00|2025-07-10T09:00:00|2025-07-10T10:00:00|2025-07-10T11:00:00|2025-07-10T12:00:00|2025-07-10T13:00:00|2025-07-10T14:00:00|2025-07-10T15:00:00|2025-07-10T16:00:00|2025-07-10T17:00:00|2025-07-10T18:00:00|2025-07-10T19:00:00|2025-07-10T20:00:00|2025-07-10T21:00:00|2025-07-10T22:00:00|2025-07-10T23:00:00|2025-07-11T00:00:00|2025-07-11T01:00:00|2025-07-11T02:00:00|2025-07-11T03:00:00|2025-07-11T04:00:00|2025-07-11T05:00:00|2025-07-11T06:00:00|2025-07-11T07:00:00|2025-07-11T08:00:00|2025-07-11T09:00:00|2025-07-11T10:00:00|2025-07-11T11:00:00|2025-07-11T12:00:00|2025-07-11T13:00:00|2025-07-11T14:00:00|2025-07-11T15:00:00|2025-07-11T16:00:00|2025-07-11T17:00:00|2025-07-11T18:00:00|2025-07-11T19:00:00|2025-07-11T20:00:00|2025-07-11T21:00:00|2025-07-11T22:00:00|2025-07-11T23:00:00|2025-07-12T00:00:00|2025-07-12T01:00:00|2025-07-12T02:00:00|2025-07-12T03:00:00|2025-07-12T04:00:00|2025-07-12T05:00:00|2025-07-12T06:00:00|2025-07-12T07:00:00|2025-07-12T08:00:00|2025-07-12T09:00:00|2025-07-12T10:00:00|2025-07-12T11:00:00|2025-07-12T12:00:00|2025-07-12T13:00:00|2025-07-12T14:00:00|2025-07-12T16:00:00|2025-07-12T17:00:00|2025-07-12T18:00:00|2025-07-12T19:00:00|2025-07-12T20:00:00|2025-07-12T21:00:00|2025-07-12T22:00:00|2025-07-12T23:00:00|2025-07-13T00:00:00|2025-07-13T01:00:00|2025-07-13T02:00:00|2025-07-13T03:00:00|2025-07-13T04:00:00|2025-07-13T05:00:00|2025-07-13T06:00:00|2025-07-13T07:00:00|2025-07-13T08:00:00|2025-07-13T09:00:00|2025-07-13T10:00:00|2025-07-13T11:00:00|2025-07-13T12:00:00|2025-07-13T13:00:00|2025-07-13T15:00:00|2025-07-13T16:00:00|2025-07-13T17:00:00|2025-07-13T18:00:00|2025-07-13T19:00:00|2025-07-13T21:00:00|2025-07-13T22:00:00|2025-07-13T23:00:00|2025-07-14T00:00:00|2025-07-14T01:00:00|2025-07-14T02:00:00|2025-07-14T03:00:00|2025-07-14T04:00:00|2025-07-14T05:00:00|2025-07-14T06:00:00|2025-07-14T07:00:00|2025-07-14T08:00:00|2025-07-14T09:00:00|2025-07-14T10:00:00|2025-07-14T11:00:00|2025-07-14T12:00:00|2025-07-14T13:00:00|2025-07-14T14:00:00,5,,,,,,,,,,3.0,
VILLA_MARIA_DEL_TRIUNFO,PM2_5,2025-07-02 16:00:00,2025-07-14 14:00:00,287,287,interstation_regression,False,r2_below_threshold,0,,5,0.10664597783804006,SAN_BORJA,11.497865872896345,1.0,10202.0,8.348321002248056,0.3276255828000229,0.5,TimeSeriesSplit(5),,
VILLA_MARIA_DEL_TRIUNFO,PM2_5,2025-07-02 16:00:00,2025-07-14 14:00:00,287,287,interstation_regression,False,r2_below_threshold,0,,5,-0.6192848275815621,SANTA_ANITA,14.815818116383996,1.0,9952.0,10.241571454323207,0.21025277052627622,0.5,TimeSeriesSplit(5),,
VILLA_MARIA_DEL_TRIUNFO,PM2_5,2025-07-02 16:00:00,2025-07-14 14:00:00,287,287,interstation_regression,False,insufficient_gap_coverage,0,,5,,CERES,15.33190186702177,0.0,,,,0.5,TimeSeriesSplit(5),,
VILLA_MARIA_DEL_TRIUNFO,PM2_5,2025-07-02 16:00:00,2025-07-14 14:00:00,287,287,interstation_regression,False,r2_below_threshold,0,,5,-1.1101001431468787,CAMPO_DE_MARTE,17.12047144495633,1.0,9995.0,13.337964106333253,0.14459857645031016,0.5,TimeSeriesSplit(5),,
VILLA_MARIA_DEL_TRIUNFO,PM2_5,2025-07-02 16:00:00,2025-07-14 14:00:00,287,287,interstation_regression,False,r2_below_threshold,0,,5,-0.5088437537718378,PARIACHI,20.294070269909962,1.0,9840.0,10.953617307697868,0.14047383621950463,0.5,TimeSeriesSplit(5),,
VILLA_MARIA_DEL_TRIUNFO,PM2_5,2025-07-02 16:00:00,2025-07-14 14:00:00,287,287,interstation_regression,False,r2_below_threshold,0,,5,0.02953284651156478,SAN_JUAN_DE_LURIGANCHO,22.364626981640622,1.0,9739.0,8.086830079114055,0.3381065764781606,0.5,TimeSeriesSplit(5),,
VILLA_MARIA_DEL_TRIUNFO,PM2_5,2025-07-02 16:00:00,2025-07-14 14:00:00,287,287,interstation_regression,False,r2_below_threshold,0,,5,0.01462033469027182,SAN_MARTIN_DE_PORRES,25.032441524209236,1.0,10312.0,10.150012059733275,0.2718902389289699,0.5,TimeSeriesSplit(5),,
VILLA_MARIA_DEL_TRIUNFO,PM2_5,2025-07-02 16:00:00,2025-07-14 14:00:00,287,287,interstation_regression,False,insufficient_gap_coverage,0,,5,,CARABAYLLO,31.86967823670068,0.0,,,,0.5,TimeSeriesSplit(5),,
VILLA_MARIA_DEL_TRIUNFO,PM2_5,2025-07-02 16:00:00,2025-07-14 14:00:00,287,287,unimputable,False,no_method_available,0,,5,,,,,,,,,,,
VILLA_MARIA_DEL_TRIUNFO,PM2_5,2025-07-26 15:00:00,2025-07-26 15:00:00,1,1,short_linear,True,,1,2025-07-26T15:00:00,0,,,,,,,,,,,
VILLA_MARIA_DEL_TRIUNFO,PM2_5,2025-08-08 21:00:00,2025-08-14 15:00:00,139,139,weekly_seasonal,True,,139,2025-08-08T21:00:00|2025-08-08T22:00:00|2025-08-08T23:00:00|2025-08-09T00:00:00|2025-08-09T01:00:00|2025-08-09T02:00:00|2025-08-09T03:00:00|2025-08-09T04:00:00|2025-08-09T05:00:00|2025-08-09T06:00:00|2025-08-09T07:00:00|2025-08-09T08:00:00|2025-08-09T09:00:00|2025-08-09T10:00:00|2025-08-09T11:00:00|2025-08-09T12:00:00|2025-08-09T13:00:00|2025-08-09T14:00:00|2025-08-09T15:00:00|2025-08-09T16:00:00|2025-08-09T17:00:00|2025-08-09T18:00:00|2025-08-09T19:00:00|2025-08-09T20:00:00|2025-08-09T21:00:00|2025-08-09T22:00:00|2025-08-09T23:00:00|2025-08-10T00:00:00|2025-08-10T01:00:00|2025-08-10T02:00:00|2025-08-10T03:00:00|2025-08-10T04:00:00|2025-08-10T05:00:00|2025-08-10T06:00:00|2025-08-10T07:00:00|2025-08-10T08:00:00|2025-08-10T09:00:00|2025-08-10T10:00:00|2025-08-10T11:00:00|2025-08-10T12:00:00|2025-08-10T13:00:00|2025-08-10T14:00:00|2025-08-10T15:00:00|2025-08-10T16:00:00|2025-08-10T17:00:00|2025-08-10T18:00:00|2025-08-10T19:00:00|2025-08-10T20:00:00|2025-08-10T21:00:00|2025-08-10T22:00:00|2025-08-10T23:00:00|2025-08-11T00:00:00|2025-08-11T01:00:00|2025-08-11T02:00:00|2025-08-11T03:00:00|2025-08-11T04:00:00|2025-08-11T05:00:00|2025-08-11T06:00:00|2025-08-11T07:00:00|2025-08-11T08:00:00|2025-08-11T09:00:00|2025-08-11T10:00:00|2025-08-11T11:00:00|2025-08-11T12:00:00|2025-08-11T13:00:00|2025-08-11T14:00:00|2025-08-11T15:00:00|2025-08-11T16:00:00|2025-08-11T17:00:00|2025-08-11T18:00:00|2025-08-11T19:00:00|2025-08-11T20:00:00|2025-08-11T21:00:00|2025-08-11T22:00:00|2025-08-11T23:00:00|2025-08-12T00:00:00|2025-08-12T01:00:00|2025-08-12T02:00:00|2025-08-12T03:00:00|2025-08-12T04:00:00|2025-08-12T05:00:00|2025-08-12T06:00:00|2025-08-12T07:00:00|2025-08-12T08:00:00|2025-08-12T09:00:00|2025-08-12T10:00:00|2025-08-12T11:00:00|2025-08-12T12:00:00|2025-08-12T13:00:00|2025-08-12T14:00:00|2025-08-12T15:00:00|2025-08-12T16:00:00|2025-08-12T17:00:00|2025-08-12T18:00:00|2025-08-12T19:00:00|2025-08-12T20:00:00|2025-08-12T21:00:00|2025-08-12T22:00:00|2025-08-12T23:00:00|2025-08-13T00:00:00|2025-08-13T01:00:00|2025-08-13T02:00:00|2025-08-13T03:00:00|2025-08-13T04:00:00|2025-08-13T05:00:00|2025-08-13T06:00:00|2025-08-13T07:00:00|2025-08-13T08:00:00|2025-08-13T09:00:00|2025-08-13T10:00:00|2025-08-13T11:00:00|2025-08-13T12:00:00|2025-08-13T13:00:00|2025-08-13T14:00:00|2025-08-13T15:00:00|2025-08-13T16:00:00|2025-08-13T17:00:00|2025-08-13T18:00:00|2025-08-13T19:00:00|2025-08-13T20:00:00|2025-08-13T21:00:00|2025-08-13T22:00:00|2025-08-13T23:00:00|2025-08-14T00:00:00|2025-08-14T01:00:00|2025-08-14T02:00:00|2025-08-14T03:00:00|2025-08-14T04:00:00|2025-08-14T05:00:00|2025-08-14T06:00:00|2025-08-14T07:00:00|2025-08-14T08:00:00|2025-08-14T09:00:00|2025-08-14T10:00:00|2025-08-14T11:00:00|2025-08-14T12:00:00|2025-08-14T13:00:00|2025-08-14T14:00:00|2025-08-14T15:00:00,0,,,,,,,,,,3.0,
VILLA_MARIA_DEL_TRIUNFO,PM2_5,2025-08-16 07:00:00,2025-08-16 08:00:00,2,2,short_linear,True,,2,2025-08-16T07:00:00|2025-08-16T08:00:00,0,,,,,,,,,,,
VILLA_MARIA_DEL_TRIUNFO,PM2_5,2025-08-25 12:00:00,2025-08-25 12:00:00,1,1,short_linear,True,,1,2025-08-25T12:00:00,0,,,,,,,,,,,
VILLA_MARIA_DEL_TRIUNFO,PM2_5,2025-08-26 02:00:00,2025-08-26 07:00:00,6,6,weekly_seasonal,True,,6,2025-08-26T02:00:00|2025-08-26T03:00:00|2025-08-26T04:00:00|2025-08-26T05:00:00|2025-08-26T06:00:00|2025-08-26T07:00:00,0,,,,,,,,,,3.0,
VILLA_MARIA_DEL_TRIUNFO,PM2_5,2025-08-31 16:00:00,2025-08-31 16:00:00,1,1,short_linear,True,,1,2025-08-31T16:00:00,0,,,,,,,,,,,
VILLA_MARIA_DEL_TRIUNFO,PM2_5,2025-09-07 09:00:00,2025-09-07 09:00:00,1,1,short_linear,True,,1,2025-09-07T09:00:00,0,,,,,,,,,,,
VILLA_MARIA_DEL_TRIUNFO,PM2_5,2025-09-10 10:00:00,2025-10-09 20:00:00,707,707,interstation_regression,False,r2_below_threshold,0,,707,0.10664597783804006,SAN_BORJA,11.497865872896345,0.9688826025459689,10202.0,8.348321002248056,0.3276255828000229,0.5,TimeSeriesSplit(5),,
VILLA_MARIA_DEL_TRIUNFO,PM2_5,2025-09-10 10:00:00,2025-10-09 20:00:00,707,707,interstation_regression,False,r2_below_threshold,0,,707,-0.6192848275815621,SANTA_ANITA,14.815818116383996,0.9632248939179632,9952.0,10.241571454323207,0.21025277052627622,0.5,TimeSeriesSplit(5),,
VILLA_MARIA_DEL_TRIUNFO,PM2_5,2025-09-10 10:00:00,2025-10-09 20:00:00,707,707,interstation_regression,False,insufficient_gap_coverage,0,,707,,CERES,15.33190186702177,0.0,,,,0.5,TimeSeriesSplit(5),,
VILLA_MARIA_DEL_TRIUNFO,PM2_5,2025-09-10 10:00:00,2025-10-09 20:00:00,707,707,interstation_regression,False,r2_below_threshold,0,,707,-1.1101001431468787,CAMPO_DE_MARTE,17.12047144495633,0.9674681753889675,9995.0,13.337964106333253,0.14459857645031016,0.5,TimeSeriesSplit(5),,
VILLA_MARIA_DEL_TRIUNFO,PM2_5,2025-09-10 10:00:00,2025-10-09 20:00:00,707,707,interstation_regression,False,r2_below_threshold,0,,707,-0.5088437537718378,PARIACHI,20.294070269909962,0.9603960396039604,9840.0,10.953617307697868,0.14047383621950463,0.5,TimeSeriesSplit(5),,
VILLA_MARIA_DEL_TRIUNFO,PM2_5,2025-09-10 10:00:00,2025-10-09 20:00:00,707,707,interstation_regression,False,r2_below_threshold,0,,707,0.02953284651156478,SAN_JUAN_DE_LURIGANCHO,22.364626981640622,0.9674681753889675,9739.0,8.086830079114055,0.3381065764781606,0.5,TimeSeriesSplit(5),,
VILLA_MARIA_DEL_TRIUNFO,PM2_5,2025-09-10 10:00:00,2025-10-09 20:00:00,707,707,interstation_regression,False,r2_below_threshold,0,,707,0.01462033469027182,SAN_MARTIN_DE_PORRES,25.032441524209236,0.9646393210749646,10312.0,10.150012059733275,0.2718902389289699,0.5,TimeSeriesSplit(5),,
VILLA_MARIA_DEL_TRIUNFO,PM2_5,2025-09-10 10:00:00,2025-10-09 20:00:00,707,707,interstation_regression,False,insufficient_gap_coverage,0,,707,,CARABAYLLO,31.86967823670068,0.0,,,,0.5,TimeSeriesSplit(5),,
VILLA_MARIA_DEL_TRIUNFO,PM2_5,2025-09-10 10:00:00,2025-10-09 20:00:00,707,707,unimputable,False,no_method_available,0,,707,,,,,,,,,,,
VILLA_MARIA_DEL_TRIUNFO,PM2_5,2025-11-04 11:00:00,2025-11-04 11:00:00,1,1,short_linear,True,,1,2025-11-04T11:00:00,0,,,,,,,,,,,
VILLA_MARIA_DEL_TRIUNFO,PM2_5,2025-11-07 08:00:00,2025-11-07 12:00:00,5,5,weekly_seasonal,True,,4,2025-11-07T08:00:00|2025-11-07T09:00:00|2025-11-07T10:00:00|2025-11-07T11:00:00,1,,,,,,,,,,3.0,
VILLA_MARIA_DEL_TRIUNFO,PM2_5,2025-11-07 08:00:00,2025-11-07 12:00:00,5,5,interstation_regression,False,r2_below_threshold,0,,1,0.10664597783804006,SAN_BORJA,11.497865872896345,1.0,10202.0,8.348321002248056,0.3276255828000229,0.5,TimeSeriesSplit(5),,
VILLA_MARIA_DEL_TRIUNFO,PM2_5,2025-11-07 08:00:00,2025-11-07 12:00:00,5,5,interstation_regression,False,r2_below_threshold,0,,1,-0.6192848275815621,SANTA_ANITA,14.815818116383996,1.0,9952.0,10.241571454323207,0.21025277052627622,0.5,TimeSeriesSplit(5),,
VILLA_MARIA_DEL_TRIUNFO,PM2_5,2025-11-07 08:00:00,2025-11-07 12:00:00,5,5,interstation_regression,False,insufficient_gap_coverage,0,,1,,CERES,15.33190186702177,0.0,,,,0.5,TimeSeriesSplit(5),,
VILLA_MARIA_DEL_TRIUNFO,PM2_5,2025-11-07 08:00:00,2025-11-07 12:00:00,5,5,interstation_regression,False,r2_below_threshold,0,,1,-1.1101001431468787,CAMPO_DE_MARTE,17.12047144495633,1.0,9995.0,13.337964106333253,0.14459857645031016,0.5,TimeSeriesSplit(5),,
VILLA_MARIA_DEL_TRIUNFO,PM2_5,2025-11-07 08:00:00,2025-11-07 12:00:00,5,5,interstation_regression,False,r2_below_threshold,0,,1,-0.5088437537718378,PARIACHI,20.294070269909962,1.0,9840.0,10.953617307697868,0.14047383621950463,0.5,TimeSeriesSplit(5),,
VILLA_MARIA_DEL_TRIUNFO,PM2_5,2025-11-07 08:00:00,2025-11-07 12:00:00,5,5,interstation_regression,False,r2_below_threshold,0,,1,0.02953284651156478,SAN_JUAN_DE_LURIGANCHO,22.364626981640622,1.0,9739.0,8.086830079114055,0.3381065764781606,0.5,TimeSeriesSplit(5),,
VILLA_MARIA_DEL_TRIUNFO,PM2_5,2025-11-07 08:00:00,2025-11-07 12:00:00,5,5,interstation_regression,False,r2_below_threshold,0,,1,0.01462033469027182,SAN_MARTIN_DE_PORRES,25.032441524209236,1.0,10312.0,10.150012059733275,0.2718902389289699,0.5,TimeSeriesSplit(5),,
VILLA_MARIA_DEL_TRIUNFO,PM2_5,2025-11-07 08:00:00,2025-11-07 12:00:00,5,5,interstation_regression,False,insufficient_gap_coverage,0,,1,,CARABAYLLO,31.86967823670068,0.0,,,,0.5,TimeSeriesSplit(5),,
VILLA_MARIA_DEL_TRIUNFO,PM2_5,2025-11-07 08:00:00,2025-11-07 12:00:00,5,5,unimputable,False,no_method_available,0,,1,,,,,,,,,,,
VILLA_MARIA_DEL_TRIUNFO,PM2_5,2025-11-14 12:00:00,2025-11-27 16:00:00,317,317,weekly_seasonal,True,,314,2025-11-14T13:00:00|2025-11-14T14:00:00|2025-11-14T15:00:00|2025-11-14T16:00:00|2025-11-14T17:00:00|2025-11-14T18:00:00|2025-11-14T19:00:00|2025-11-14T20:00:00|2025-11-14T21:00:00|2025-11-14T22:00:00|2025-11-14T23:00:00|2025-11-15T00:00:00|2025-11-15T01:00:00|2025-11-15T02:00:00|2025-11-15T03:00:00|2025-11-15T04:00:00|2025-11-15T05:00:00|2025-11-15T06:00:00|2025-11-15T07:00:00|2025-11-15T08:00:00|2025-11-15T09:00:00|2025-11-15T10:00:00|2025-11-15T11:00:00|2025-11-15T12:00:00|2025-11-15T13:00:00|2025-11-15T14:00:00|2025-11-15T15:00:00|2025-11-15T16:00:00|2025-11-15T17:00:00|2025-11-15T18:00:00|2025-11-15T19:00:00|2025-11-15T20:00:00|2025-11-15T21:00:00|2025-11-15T22:00:00|2025-11-15T23:00:00|2025-11-16T00:00:00|2025-11-16T01:00:00|2025-11-16T02:00:00|2025-11-16T03:00:00|2025-11-16T04:00:00|2025-11-16T05:00:00|2025-11-16T06:00:00|2025-11-16T07:00:00|2025-11-16T08:00:00|2025-11-16T09:00:00|2025-11-16T10:00:00|2025-11-16T11:00:00|2025-11-16T12:00:00|2025-11-16T13:00:00|2025-11-16T14:00:00|2025-11-16T15:00:00|2025-11-16T16:00:00|2025-11-16T17:00:00|2025-11-16T18:00:00|2025-11-16T19:00:00|2025-11-16T20:00:00|2025-11-16T21:00:00|2025-11-16T22:00:00|2025-11-16T23:00:00|2025-11-17T00:00:00|2025-11-17T01:00:00|2025-11-17T02:00:00|2025-11-17T03:00:00|2025-11-17T04:00:00|2025-11-17T05:00:00|2025-11-17T06:00:00|2025-11-17T07:00:00|2025-11-17T08:00:00|2025-11-17T09:00:00|2025-11-17T10:00:00|2025-11-17T11:00:00|2025-11-17T12:00:00|2025-11-17T13:00:00|2025-11-17T14:00:00|2025-11-17T15:00:00|2025-11-17T16:00:00|2025-11-17T17:00:00|2025-11-17T18:00:00|2025-11-17T19:00:00|2025-11-17T20:00:00|2025-11-17T21:00:00|2025-11-17T22:00:00|2025-11-17T23:00:00|2025-11-18T00:00:00|2025-11-18T01:00:00|2025-11-18T02:00:00|2025-11-18T03:00:00|2025-11-18T04:00:00|2025-11-18T05:00:00|2025-11-18T06:00:00|2025-11-18T07:00:00|2025-11-18T08:00:00|2025-11-18T09:00:00|2025-11-18T10:00:00|2025-11-18T12:00:00|2025-11-18T13:00:00|2025-11-18T14:00:00|2025-11-18T15:00:00|2025-11-18T16:00:00|2025-11-18T17:00:00|2025-11-18T18:00:00|2025-11-18T19:00:00|2025-11-18T20:00:00|2025-11-18T21:00:00|2025-11-18T22:00:00|2025-11-18T23:00:00|2025-11-19T00:00:00|2025-11-19T01:00:00|2025-11-19T02:00:00|2025-11-19T03:00:00|2025-11-19T04:00:00|2025-11-19T05:00:00|2025-11-19T06:00:00|2025-11-19T07:00:00|2025-11-19T08:00:00|2025-11-19T09:00:00|2025-11-19T10:00:00|2025-11-19T11:00:00|2025-11-19T12:00:00|2025-11-19T13:00:00|2025-11-19T14:00:00|2025-11-19T15:00:00|2025-11-19T16:00:00|2025-11-19T17:00:00|2025-11-19T18:00:00|2025-11-19T19:00:00|2025-11-19T20:00:00|2025-11-19T21:00:00|2025-11-19T22:00:00|2025-11-19T23:00:00|2025-11-20T00:00:00|2025-11-20T01:00:00|2025-11-20T02:00:00|2025-11-20T03:00:00|2025-11-20T04:00:00|2025-11-20T05:00:00|2025-11-20T06:00:00|2025-11-20T07:00:00|2025-11-20T08:00:00|2025-11-20T09:00:00|2025-11-20T10:00:00|2025-11-20T11:00:00|2025-11-20T12:00:00|2025-11-20T13:00:00|2025-11-20T14:00:00|2025-11-20T15:00:00|2025-11-20T16:00:00|2025-11-20T17:00:00|2025-11-20T18:00:00|2025-11-20T19:00:00|2025-11-20T20:00:00|2025-11-20T21:00:00|2025-11-20T22:00:00|2025-11-20T23:00:00|2025-11-21T00:00:00|2025-11-21T01:00:00|2025-11-21T02:00:00|2025-11-21T03:00:00|2025-11-21T04:00:00|2025-11-21T05:00:00|2025-11-21T06:00:00|2025-11-21T07:00:00|2025-11-21T08:00:00|2025-11-21T09:00:00|2025-11-21T10:00:00|2025-11-21T11:00:00|2025-11-21T13:00:00|2025-11-21T14:00:00|2025-11-21T15:00:00|2025-11-21T16:00:00|2025-11-21T17:00:00|2025-11-21T18:00:00|2025-11-21T19:00:00|2025-11-21T20:00:00|2025-11-21T21:00:00|2025-11-21T22:00:00|2025-11-21T23:00:00|2025-11-22T00:00:00|2025-11-22T01:00:00|2025-11-22T02:00:00|2025-11-22T03:00:00|2025-11-22T04:00:00|2025-11-22T05:00:00|2025-11-22T06:00:00|2025-11-22T07:00:00|2025-11-22T08:00:00|2025-11-22T09:00:00|2025-11-22T10:00:00|2025-11-22T11:00:00|2025-11-22T12:00:00|2025-11-22T13:00:00|2025-11-22T14:00:00|2025-11-22T15:00:00|2025-11-22T16:00:00|2025-11-22T17:00:00|2025-11-22T18:00:00|2025-11-22T19:00:00|2025-11-22T20:00:00|2025-11-22T21:00:00|2025-11-22T22:00:00|2025-11-22T23:00:00|2025-11-23T00:00:00|2025-11-23T01:00:00|2025-11-23T02:00:00|2025-11-23T03:00:00|2025-11-23T04:00:00|2025-11-23T05:00:00|2025-11-23T06:00:00|2025-11-23T07:00:00|2025-11-23T08:00:00|2025-11-23T09:00:00|2025-11-23T10:00:00|2025-11-23T11:00:00|2025-11-23T12:00:00|2025-11-23T13:00:00|2025-11-23T14:00:00|2025-11-23T15:00:00|2025-11-23T16:00:00|2025-11-23T17:00:00|2025-11-23T18:00:00|2025-11-23T19:00:00|2025-11-23T20:00:00|2025-11-23T21:00:00|2025-11-23T22:00:00|2025-11-23T23:00:00|2025-11-24T00:00:00|2025-11-24T01:00:00|2025-11-24T02:00:00|2025-11-24T03:00:00|2025-11-24T04:00:00|2025-11-24T05:00:00|2025-11-24T06:00:00|2025-11-24T07:00:00|2025-11-24T08:00:00|2025-11-24T09:00:00|2025-11-24T10:00:00|2025-11-24T11:00:00|2025-11-24T12:00:00|2025-11-24T13:00:00|2025-11-24T14:00:00|2025-11-24T15:00:00|2025-11-24T16:00:00|2025-11-24T17:00:00|2025-11-24T18:00:00|2025-11-24T19:00:00|2025-11-24T20:00:00|2025-11-24T21:00:00|2025-11-24T22:00:00|2025-11-24T23:00:00|2025-11-25T00:00:00|2025-11-25T01:00:00|2025-11-25T02:00:00|2025-11-25T03:00:00|2025-11-25T04:00:00|2025-11-25T05:00:00|2025-11-25T06:00:00|2025-11-25T07:00:00|2025-11-25T08:00:00|2025-11-25T09:00:00|2025-11-25T10:00:00|2025-11-25T11:00:00|2025-11-25T12:00:00|2025-11-25T13:00:00|2025-11-25T14:00:00|2025-11-25T15:00:00|2025-11-25T16:00:00|2025-11-25T17:00:00|2025-11-25T18:00:00|2025-11-25T19:00:00|2025-11-25T20:00:00|2025-11-25T21:00:00|2025-11-25T22:00:00|2025-11-25T23:00:00|2025-11-26T00:00:00|2025-11-26T01:00:00|2025-11-26T02:00:00|2025-11-26T03:00:00|2025-11-26T04:00:00|2025-11-26T05:00:00|2025-11-26T06:00:00|2025-11-26T07:00:00|2025-11-26T08:00:00|2025-11-26T09:00:00|2025-11-26T10:00:00|2025-11-26T11:00:00|2025-11-26T12:00:00|2025-11-26T13:00:00|2025-11-26T14:00:00|2025-11-26T15:00:00|2025-11-26T16:00:00|2025-11-26T17:00:00|2025-11-26T18:00:00|2025-11-26T19:00:00|2025-11-26T20:00:00|2025-11-26T21:00:00|2025-11-26T22:00:00|2025-11-26T23:00:00|2025-11-27T00:00:00|2025-11-27T01:00:00|2025-11-27T02:00:00|2025-11-27T03:00:00|2025-11-27T04:00:00|2025-11-27T05:00:00|2025-11-27T06:00:00|2025-11-27T07:00:00|2025-11-27T08:00:00|2025-11-27T09:00:00|2025-11-27T10:00:00|2025-11-27T11:00:00|2025-11-27T12:00:00|2025-11-27T13:00:00|2025-11-27T14:00:00|2025-11-27T15:00:00|2025-11-27T16:00:00,3,,,,,,,,,,3.0,
VILLA_MARIA_DEL_TRIUNFO,PM2_5,2025-11-14 12:00:00,2025-11-27 16:00:00,317,317,interstation_regression,False,insufficient_gap_coverage,0,,3,,SAN_BORJA,11.497865872896345,0.6666666666666666,,,,0.5,TimeSeriesSplit(5),,
VILLA_MARIA_DEL_TRIUNFO,PM2_5,2025-11-14 12:00:00,2025-11-27 16:00:00,317,317,interstation_regression,False,insufficient_gap_coverage,0,,3,,SANTA_ANITA,14.815818116383996,0.6666666666666666,,,,0.5,TimeSeriesSplit(5),,
VILLA_MARIA_DEL_TRIUNFO,PM2_5,2025-11-14 12:00:00,2025-11-27 16:00:00,317,317,interstation_regression,False,insufficient_gap_coverage,0,,3,,CERES,15.33190186702177,0.0,,,,0.5,TimeSeriesSplit(5),,
VILLA_MARIA_DEL_TRIUNFO,PM2_5,2025-11-14 12:00:00,2025-11-27 16:00:00,317,317,interstation_regression,False,r2_below_threshold,0,,3,-1.1101001431468787,CAMPO_DE_MARTE,17.12047144495633,1.0,9995.0,13.337964106333253,0.14459857645031016,0.5,TimeSeriesSplit(5),,
VILLA_MARIA_DEL_TRIUNFO,PM2_5,2025-11-14 12:00:00,2025-11-27 16:00:00,317,317,interstation_regression,False,insufficient_gap_coverage,0,,3,,PARIACHI,20.294070269909962,0.6666666666666666,,,,0.5,TimeSeriesSplit(5),,
VILLA_MARIA_DEL_TRIUNFO,PM2_5,2025-11-14 12:00:00,2025-11-27 16:00:00,317,317,interstation_regression,False,r2_below_threshold,0,,3,0.02953284651156478,SAN_JUAN_DE_LURIGANCHO,22.364626981640622,1.0,9739.0,8.086830079114055,0.3381065764781606,0.5,TimeSeriesSplit(5),,
VILLA_MARIA_DEL_TRIUNFO,PM2_5,2025-11-14 12:00:00,2025-11-27 16:00:00,317,317,interstation_regression,False,r2_below_threshold,0,,3,0.01462033469027182,SAN_MARTIN_DE_PORRES,25.032441524209236,1.0,10312.0,10.150012059733275,0.2718902389289699,0.5,TimeSeriesSplit(5),,
VILLA_MARIA_DEL_TRIUNFO,PM2_5,2025-11-14 12:00:00,2025-11-27 16:00:00,317,317,interstation_regression,False,insufficient_gap_coverage,0,,3,,CARABAYLLO,31.86967823670068,0.0,,,,0.5,TimeSeriesSplit(5),,
VILLA_MARIA_DEL_TRIUNFO,PM2_5,2025-11-14 12:00:00,2025-11-27 16:00:00,317,317,unimputable,False,no_method_available,0,,3,,,,,,,,,,,
VILLA_MARIA_DEL_TRIUNFO,PM2_5,2026-01-07 12:00:00,2026-01-07 12:00:00,1,1,short_linear,True,,1,2026-01-07T12:00:00,0,,,,,,,,,,,
VILLA_MARIA_DEL_TRIUNFO,PM2_5,2026-01-07 22:00:00,2026-01-07 22:00:00,1,1,short_linear,True,,1,2026-01-07T22:00:00,0,,,,,,,,,,,
VILLA_MARIA_DEL_TRIUNFO,PM2_5,2026-01-15 12:00:00,2026-01-16 09:00:00,22,22,weekly_seasonal,True,,22,2026-01-15T12:00:00|2026-01-15T13:00:00|2026-01-15T14:00:00|2026-01-15T15:00:00|2026-01-15T16:00:00|2026-01-15T17:00:00|2026-01-15T18:00:00|2026-01-15T19:00:00|2026-01-15T20:00:00|2026-01-15T21:00:00|2026-01-15T22:00:00|2026-01-15T23:00:00|2026-01-16T00:00:00|2026-01-16T01:00:00|2026-01-16T02:00:00|2026-01-16T03:00:00|2026-01-16T04:00:00|2026-01-16T05:00:00|2026-01-16T06:00:00|2026-01-16T07:00:00|2026-01-16T08:00:00|2026-01-16T09:00:00,0,,,,,,,,,,4.0,
VILLA_MARIA_DEL_TRIUNFO,PM2_5,2026-02-02 10:00:00,2026-02-03 13:00:00,28,28,weekly_seasonal,True,,28,2026-02-02T10:00:00|2026-02-02T11:00:00|2026-02-02T12:00:00|2026-02-02T13:00:00|2026-02-02T14:00:00|2026-02-02T15:00:00|2026-02-02T16:00:00|2026-02-02T17:00:00|2026-02-02T18:00:00|2026-02-02T19:00:00|2026-02-02T20:00:00|2026-02-02T21:00:00|2026-02-02T22:00:00|2026-02-02T23:00:00|2026-02-03T00:00:00|2026-02-03T01:00:00|2026-02-03T02:00:00|2026-02-03T03:00:00|2026-02-03T04:00:00|2026-02-03T05:00:00|2026-02-03T06:00:00|2026-02-03T07:00:00|2026-02-03T08:00:00|2026-02-03T09:00:00|2026-02-03T10:00:00|2026-02-03T11:00:00|2026-02-03T12:00:00|2026-02-03T13:00:00,0,,,,,,,,,,4.0,
VILLA_MARIA_DEL_TRIUNFO,PM2_5,2026-02-11 03:00:00,2026-02-11 04:00:00,2,2,short_linear,True,,2,2026-02-11T03:00:00|2026-02-11T04:00:00,0,,,,,,,,,,,
VILLA_MARIA_DEL_TRIUNFO,PM2_5,2026-02-12 20:00:00,2026-02-12 20:00:00,1,1,short_linear,True,,1,2026-02-12T20:00:00,0,,,,,,,,,,,
VILLA_MARIA_DEL_TRIUNFO,PM2_5,2026-02-27 16:00:00,2026-02-27 16:00:00,1,1,short_linear,True,,1,2026-02-27T16:00:00,0,,,,,,,,,,,
VILLA_MARIA_DEL_TRIUNFO,PM2_5,2026-03-13 11:00:00,2026-03-13 14:00:00,4,4,short_linear,True,,4,2026-03-13T11:00:00|2026-03-13T12:00:00|2026-03-13T13:00:00|2026-03-13T14:00:00,0,,,,,,,,,,,
VILLA_MARIA_DEL_TRIUNFO,PM2_5,2026-03-13 18:00:00,2026-03-16 16:00:00,71,71,weekly_seasonal,True,,71,2026-03-13T18:00:00|2026-03-13T19:00:00|2026-03-13T20:00:00|2026-03-13T21:00:00|2026-03-13T22:00:00|2026-03-13T23:00:00|2026-03-14T00:00:00|2026-03-14T01:00:00|2026-03-14T02:00:00|2026-03-14T03:00:00|2026-03-14T04:00:00|2026-03-14T05:00:00|2026-03-14T06:00:00|2026-03-14T07:00:00|2026-03-14T08:00:00|2026-03-14T09:00:00|2026-03-14T10:00:00|2026-03-14T11:00:00|2026-03-14T12:00:00|2026-03-14T13:00:00|2026-03-14T14:00:00|2026-03-14T15:00:00|2026-03-14T16:00:00|2026-03-14T17:00:00|2026-03-14T18:00:00|2026-03-14T19:00:00|2026-03-14T20:00:00|2026-03-14T21:00:00|2026-03-14T22:00:00|2026-03-14T23:00:00|2026-03-15T00:00:00|2026-03-15T01:00:00|2026-03-15T02:00:00|2026-03-15T03:00:00|2026-03-15T04:00:00|2026-03-15T05:00:00|2026-03-15T06:00:00|2026-03-15T07:00:00|2026-03-15T08:00:00|2026-03-15T09:00:00|2026-03-15T10:00:00|2026-03-15T11:00:00|2026-03-15T12:00:00|2026-03-15T13:00:00|2026-03-15T14:00:00|2026-03-15T15:00:00|2026-03-15T16:00:00|2026-03-15T17:00:00|2026-03-15T18:00:00|2026-03-15T19:00:00|2026-03-15T20:00:00|2026-03-15T21:00:00|2026-03-15T22:00:00|2026-03-15T23:00:00|2026-03-16T00:00:00|2026-03-16T01:00:00|2026-03-16T02:00:00|2026-03-16T03:00:00|2026-03-16T04:00:00|2026-03-16T05:00:00|2026-03-16T06:00:00|2026-03-16T07:00:00|2026-03-16T08:00:00|2026-03-16T09:00:00|2026-03-16T10:00:00|2026-03-16T11:00:00|2026-03-16T12:00:00|2026-03-16T13:00:00|2026-03-16T14:00:00|2026-03-16T15:00:00|2026-03-16T16:00:00,0,,,,,,,,,,3.0,
VILLA_MARIA_DEL_TRIUNFO,PM2_5,2026-03-23 12:00:00,2026-03-23 12:00:00,1,1,short_linear,True,,1,2026-03-23T12:00:00,0,,,,,,,,,,,
VILLA_MARIA_DEL_TRIUNFO,PM2_5,2026-04-01 14:00:00,2026-04-01 19:00:00,6,6,weekly_seasonal,True,,6,2026-04-01T14:00:00|2026-04-01T15:00:00|2026-04-01T16:00:00|2026-04-01T17:00:00|2026-04-01T18:00:00|2026-04-01T19:00:00,0,,,,,,,,,,4.0,
VILLA_MARIA_DEL_TRIUNFO,PM2_5,2026-04-02 02:00:00,2026-04-02 02:00:00,1,1,short_linear,True,,1,2026-04-02T02:00:00,0,,,,,,,,,,,
VILLA_MARIA_DEL_TRIUNFO,PM2_5,2026-05-01 11:00:00,2026-05-01 13:00:00,3,3,short_linear,True,,3,2026-05-01T11:00:00|2026-05-01T12:00:00|2026-05-01T13:00:00,0,,,,,,,,,,,
VILLA_MARIA_DEL_TRIUNFO,PM2_5,2026-05-13 10:00:00,2026-05-13 13:00:00,4,4,short_linear,True,,4,2026-05-13T10:00:00|2026-05-13T11:00:00|2026-05-13T12:00:00|2026-05-13T13:00:00,0,,,,,,,,,,,
VILLA_MARIA_DEL_TRIUNFO,PM2_5,2026-06-02 11:00:00,2026-06-02 13:00:00,3,3,short_linear,True,,3,2026-06-02T11:00:00|2026-06-02T12:00:00|2026-06-02T13:00:00,0,,,,,,,,,,,
VILLA_MARIA_DEL_TRIUNFO,PM2_5,2026-06-04 22:00:00,2026-06-04 22:00:00,1,1,short_linear,True,,1,2026-06-04T22:00:00,0,,,,,,,,,,,
VILLA_MARIA_DEL_TRIUNFO,PM2_5,2026-06-19 16:00:00,2026-06-19 16:00:00,1,1,short_linear,True,,1,2026-06-19T16:00:00,0,,,,,,,,,,,
VILLA_MARIA_DEL_TRIUNFO,PM2_5,2026-06-26 11:00:00,2026-06-26 14:00:00,4,4,short_linear,True,,4,2026-06-26T11:00:00|2026-06-26T12:00:00|2026-06-26T13:00:00|2026-06-26T14:00:00,0,,,,,,,,,,,
